ISO-10303-21;
HEADER;
FILE_DESCRIPTION(('KiCad electronic assembly'),'2;1');
FILE_NAME('.step','2026-05-24T12:06:33',('Pcbnew'),('Kicad'),
  'Open CASCADE STEP processor 7.9','KiCad to STEP converter','Unknown'
  );
FILE_SCHEMA(('AUTOMOTIVE_DESIGN { 1 0 10303 214 1 1 1 1 }'));
ENDSEC;
DATA;
#1 = APPLICATION_PROTOCOL_DEFINITION('international standard',
  'automotive_design',2000,#2);
#2 = APPLICATION_CONTEXT(
  'core data for automotive mechanical design processes');
#3 = SHAPE_DEFINITION_REPRESENTATION(#4,#10);
#4 = PRODUCT_DEFINITION_SHAPE('','',#5);
#5 = PRODUCT_DEFINITION('design','',#6,#9);
#6 = PRODUCT_DEFINITION_FORMATION('','',#7);
#7 = PRODUCT('.step 1','.step 1','',(#8));
#8 = PRODUCT_CONTEXT('',#2,'mechanical');
#9 = PRODUCT_DEFINITION_CONTEXT('part definition',#2,'design');
#10 = SHAPE_REPRESENTATION('',(#11,#15,#19,#23,#27,#31,#35,#39),#43);
#11 = AXIS2_PLACEMENT_3D('',#12,#13,#14);
#12 = CARTESIAN_POINT('',(0.,0.,0.));
#13 = DIRECTION('',(0.,0.,1.));
#14 = DIRECTION('',(1.,0.,-0.));
#15 = AXIS2_PLACEMENT_3D('',#16,#17,#18);
#16 = CARTESIAN_POINT('',(102.35,-89.56,1.595));
#17 = DIRECTION('',(-0.,0.,1.));
#18 = DIRECTION('',(1.110223024625E-16,-1.,0.));
#19 = AXIS2_PLACEMENT_3D('',#20,#21,#22);
#20 = CARTESIAN_POINT('',(113.7,-89.56,1.595));
#21 = DIRECTION('',(-0.,0.,1.));
#22 = DIRECTION('',(1.110223024625E-16,-1.,0.));
#23 = AXIS2_PLACEMENT_3D('',#24,#25,#26);
#24 = CARTESIAN_POINT('',(108.,-82.3,1.595));
#25 = DIRECTION('',(0.,0.,1.));
#26 = DIRECTION('',(-1.,1.224646799147E-16,0.));
#27 = AXIS2_PLACEMENT_3D('',#28,#29,#30);
#28 = CARTESIAN_POINT('',(107.96,-94.15,1.595));
#29 = DIRECTION('',(0.,0.,1.));
#30 = DIRECTION('',(1.,0.,0.));
#31 = AXIS2_PLACEMENT_3D('',#32,#33,#34);
#32 = CARTESIAN_POINT('',(108.,-91.7,1.595));
#33 = DIRECTION('',(0.,0.,1.));
#34 = DIRECTION('',(1.,0.,0.));
#35 = AXIS2_PLACEMENT_3D('',#36,#37,#38);
#36 = CARTESIAN_POINT('',(107.96,-97.35,-8.5E-02));
#37 = DIRECTION('',(0.,-1.224646799147E-16,-1.));
#38 = DIRECTION('',(1.,0.,0.));
#39 = AXIS2_PLACEMENT_3D('',#40,#41,#42);
#40 = CARTESIAN_POINT('',(0.,0.,0.));
#41 = DIRECTION('',(0.,0.,1.));
#42 = DIRECTION('',(1.,0.,-0.));
#43 = ( GEOMETRIC_REPRESENTATION_CONTEXT(3) 
GLOBAL_UNCERTAINTY_ASSIGNED_CONTEXT((#47)) GLOBAL_UNIT_ASSIGNED_CONTEXT(
(#44,#45,#46)) REPRESENTATION_CONTEXT('Context #1',
  '3D Context with UNIT and UNCERTAINTY') );
#44 = ( LENGTH_UNIT() NAMED_UNIT(*) SI_UNIT(.MILLI.,.METRE.) );
#45 = ( NAMED_UNIT(*) PLANE_ANGLE_UNIT() SI_UNIT($,.RADIAN.) );
#46 = ( NAMED_UNIT(*) SI_UNIT($,.STERADIAN.) SOLID_ANGLE_UNIT() );
#47 = UNCERTAINTY_MEASURE_WITH_UNIT(LENGTH_MEASURE(5.E-07),#44,
  'distance_accuracy_value','confusion accuracy');
#48 = PRODUCT_RELATED_PRODUCT_CATEGORY('part',$,(#7));
#49 = SHAPE_DEFINITION_REPRESENTATION(#50,#56);
#50 = PRODUCT_DEFINITION_SHAPE('','',#51);
#51 = PRODUCT_DEFINITION('design','',#52,#55);
#52 = PRODUCT_DEFINITION_FORMATION('','',#53);
#53 = PRODUCT('PinSocket_1x01_P2.54mm_Horizontal',
  'PinSocket_1x01_P2.54mm_Horizontal','',(#54));
#54 = PRODUCT_CONTEXT('',#2,'mechanical');
#55 = PRODUCT_DEFINITION_CONTEXT('part definition',#2,'design');
#56 = SHAPE_REPRESENTATION('',(#11,#57),#61);
#57 = AXIS2_PLACEMENT_3D('',#58,#59,#60);
#58 = CARTESIAN_POINT('',(0.,0.,0.));
#59 = DIRECTION('',(0.,0.,1.));
#60 = DIRECTION('',(1.,0.,-0.));
#61 = ( GEOMETRIC_REPRESENTATION_CONTEXT(3) 
GLOBAL_UNCERTAINTY_ASSIGNED_CONTEXT((#65)) GLOBAL_UNIT_ASSIGNED_CONTEXT(
(#62,#63,#64)) REPRESENTATION_CONTEXT('Context #1',
  '3D Context with UNIT and UNCERTAINTY') );
#62 = ( LENGTH_UNIT() NAMED_UNIT(*) SI_UNIT(.MILLI.,.METRE.) );
#63 = ( NAMED_UNIT(*) PLANE_ANGLE_UNIT() SI_UNIT($,.RADIAN.) );
#64 = ( NAMED_UNIT(*) SI_UNIT($,.STERADIAN.) SOLID_ANGLE_UNIT() );
#65 = UNCERTAINTY_MEASURE_WITH_UNIT(LENGTH_MEASURE(1.E-07),#62,
  'distance_accuracy_value','confusion accuracy');
#66 = CONTEXT_DEPENDENT_SHAPE_REPRESENTATION(#67,#69);
#67 = ( REPRESENTATION_RELATIONSHIP('','',#56,#10) 
REPRESENTATION_RELATIONSHIP_WITH_TRANSFORMATION(#68) 
SHAPE_REPRESENTATION_RELATIONSHIP() );
#68 = ITEM_DEFINED_TRANSFORMATION('','',#11,#15);
#69 = PRODUCT_DEFINITION_SHAPE('Placement','Placement of an item',#70);
#70 = NEXT_ASSEMBLY_USAGE_OCCURRENCE('2','J2','',#5,#51,$);
#71 = PRODUCT_RELATED_PRODUCT_CATEGORY('part',$,(#53));
#72 = SHAPE_DEFINITION_REPRESENTATION(#73,#79);
#73 = PRODUCT_DEFINITION_SHAPE('','',#74);
#74 = PRODUCT_DEFINITION('design','',#75,#78);
#75 = PRODUCT_DEFINITION_FORMATION('','',#76);
#76 = PRODUCT('PinSocket_1x01_P2.54mm_Horizontal',
  'PinSocket_1x01_P2.54mm_Horizontal','',(#77));
#77 = PRODUCT_CONTEXT('',#2,'mechanical');
#78 = PRODUCT_DEFINITION_CONTEXT('part definition',#2,'design');
#79 = ADVANCED_BREP_SHAPE_REPRESENTATION('',(#11,#80),#1274);
#80 = MANIFOLD_SOLID_BREP('',#81);
#81 = CLOSED_SHELL('',(#82,#122,#205,#270,#301,#357,#413,#430,#454,#471,
    #495,#520,#560,#584,#624,#642,#659,#676,#693,#744,#756,#777,#794,
    #806,#837,#861,#885,#902,#933,#989,#1013,#1062,#1079,#1096,#1145,
    #1169,#1211,#1228,#1245,#1262));
#82 = ADVANCED_FACE('',(#83),#117,.T.);
#83 = FACE_BOUND('',#84,.T.);
#84 = EDGE_LOOP('',(#85,#95,#103,#111));
#85 = ORIENTED_EDGE('',*,*,#86,.F.);
#86 = EDGE_CURVE('',#87,#89,#91,.T.);
#87 = VERTEX_POINT('',#88);
#88 = CARTESIAN_POINT('',(-1.72,-0.45,1.17));
#89 = VERTEX_POINT('',#90);
#90 = CARTESIAN_POINT('',(-1.72,-0.45,1.37));
#91 = LINE('',#92,#93);
#92 = CARTESIAN_POINT('',(-1.72,-0.45,1.17));
#93 = VECTOR('',#94,1.);
#94 = DIRECTION('',(1.110223024625E-16,-1.232595164408E-32,1.));
#95 = ORIENTED_EDGE('',*,*,#96,.T.);
#96 = EDGE_CURVE('',#87,#97,#99,.T.);
#97 = VERTEX_POINT('',#98);
#98 = CARTESIAN_POINT('',(-1.72,-0.3,1.17));
#99 = LINE('',#100,#101);
#100 = CARTESIAN_POINT('',(-1.72,-0.45,1.17));
#101 = VECTOR('',#102,1.);
#102 = DIRECTION('',(1.110223024625E-16,1.,0.));
#103 = ORIENTED_EDGE('',*,*,#104,.T.);
#104 = EDGE_CURVE('',#97,#105,#107,.T.);
#105 = VERTEX_POINT('',#106);
#106 = CARTESIAN_POINT('',(-1.72,-0.3,1.37));
#107 = LINE('',#108,#109);
#108 = CARTESIAN_POINT('',(-1.72,-0.3,1.17));
#109 = VECTOR('',#110,1.);
#110 = DIRECTION('',(1.110223024625E-16,-1.232595164408E-32,1.));
#111 = ORIENTED_EDGE('',*,*,#112,.T.);
#112 = EDGE_CURVE('',#105,#89,#113,.T.);
#113 = LINE('',#114,#115);
#114 = CARTESIAN_POINT('',(-1.72,0.45,1.37));
#115 = VECTOR('',#116,1.);
#116 = DIRECTION('',(-1.110223024625E-16,-1.,0.));
#117 = PLANE('',#118);
#118 = AXIS2_PLACEMENT_3D('',#119,#120,#121);
#119 = CARTESIAN_POINT('',(-1.72,-0.3,1.17));
#120 = DIRECTION('',(1.,-1.110223024625E-16,-1.110223024625E-16));
#121 = DIRECTION('',(-1.110223024625E-16,-1.,0.));
#122 = ADVANCED_FACE('',(#123,#157),#200,.F.);
#123 = FACE_BOUND('',#124,.F.);
#124 = EDGE_LOOP('',(#125,#135,#143,#151));
#125 = ORIENTED_EDGE('',*,*,#126,.T.);
#126 = EDGE_CURVE('',#127,#129,#131,.T.);
#127 = VERTEX_POINT('',#128);
#128 = CARTESIAN_POINT('',(-1.72,-1.27,2.116666666667));
#129 = VERTEX_POINT('',#130);
#130 = CARTESIAN_POINT('',(-1.72,1.27,2.116666666667));
#131 = LINE('',#132,#133);
#132 = CARTESIAN_POINT('',(-1.72,-1.27,2.116666666667));
#133 = VECTOR('',#134,1.);
#134 = DIRECTION('',(1.110223024625E-16,1.,0.));
#135 = ORIENTED_EDGE('',*,*,#136,.T.);
#136 = EDGE_CURVE('',#129,#137,#139,.T.);
#137 = VERTEX_POINT('',#138);
#138 = CARTESIAN_POINT('',(-1.72,1.27,0.423333333333));
#139 = LINE('',#140,#141);
#140 = CARTESIAN_POINT('',(-1.72,1.27,2.116666666667));
#141 = VECTOR('',#142,1.);
#142 = DIRECTION('',(-1.110223024625E-16,1.232595164408E-32,-1.));
#143 = ORIENTED_EDGE('',*,*,#144,.T.);
#144 = EDGE_CURVE('',#137,#145,#147,.T.);
#145 = VERTEX_POINT('',#146);
#146 = CARTESIAN_POINT('',(-1.72,-1.27,0.423333333333));
#147 = LINE('',#148,#149);
#148 = CARTESIAN_POINT('',(-1.72,1.27,0.423333333333));
#149 = VECTOR('',#150,1.);
#150 = DIRECTION('',(-1.110223024625E-16,-1.,0.));
#151 = ORIENTED_EDGE('',*,*,#152,.T.);
#152 = EDGE_CURVE('',#145,#127,#153,.T.);
#153 = LINE('',#154,#155);
#154 = CARTESIAN_POINT('',(-1.72,-1.27,0.423333333333));
#155 = VECTOR('',#156,1.);
#156 = DIRECTION('',(1.110223024625E-16,-1.232595164408E-32,1.));
#157 = FACE_BOUND('',#158,.F.);
#158 = EDGE_LOOP('',(#159,#160,#161,#169,#177,#185,#193,#199));
#159 = ORIENTED_EDGE('',*,*,#86,.F.);
#160 = ORIENTED_EDGE('',*,*,#96,.T.);
#161 = ORIENTED_EDGE('',*,*,#162,.F.);
#162 = EDGE_CURVE('',#163,#97,#165,.T.);
#163 = VERTEX_POINT('',#164);
#164 = CARTESIAN_POINT('',(-1.72,0.3,1.17));
#165 = LINE('',#166,#167);
#166 = CARTESIAN_POINT('',(-1.72,2.427651227502E-16,1.17));
#167 = VECTOR('',#168,1.);
#168 = DIRECTION('',(-1.110223024625E-16,-1.,0.));
#169 = ORIENTED_EDGE('',*,*,#170,.T.);
#170 = EDGE_CURVE('',#163,#171,#173,.T.);
#171 = VERTEX_POINT('',#172);
#172 = CARTESIAN_POINT('',(-1.72,0.45,1.17));
#173 = LINE('',#174,#175);
#174 = CARTESIAN_POINT('',(-1.72,-0.45,1.17));
#175 = VECTOR('',#176,1.);
#176 = DIRECTION('',(1.110223024625E-16,1.,0.));
#177 = ORIENTED_EDGE('',*,*,#178,.T.);
#178 = EDGE_CURVE('',#171,#179,#181,.T.);
#179 = VERTEX_POINT('',#180);
#180 = CARTESIAN_POINT('',(-1.72,0.45,1.37));
#181 = LINE('',#182,#183);
#182 = CARTESIAN_POINT('',(-1.72,0.45,1.17));
#183 = VECTOR('',#184,1.);
#184 = DIRECTION('',(1.110223024625E-16,-1.232595164408E-32,1.));
#185 = ORIENTED_EDGE('',*,*,#186,.T.);
#186 = EDGE_CURVE('',#179,#187,#189,.T.);
#187 = VERTEX_POINT('',#188);
#188 = CARTESIAN_POINT('',(-1.72,0.3,1.37));
#189 = LINE('',#190,#191);
#190 = CARTESIAN_POINT('',(-1.72,0.45,1.37));
#191 = VECTOR('',#192,1.);
#192 = DIRECTION('',(-1.110223024625E-16,-1.,0.));
#193 = ORIENTED_EDGE('',*,*,#194,.T.);
#194 = EDGE_CURVE('',#187,#105,#195,.T.);
#195 = LINE('',#196,#197);
#196 = CARTESIAN_POINT('',(-1.72,2.427651227502E-16,1.37));
#197 = VECTOR('',#198,1.);
#198 = DIRECTION('',(-1.110223024625E-16,-1.,0.));
#199 = ORIENTED_EDGE('',*,*,#112,.T.);
#200 = PLANE('',#201);
#201 = AXIS2_PLACEMENT_3D('',#202,#203,#204);
#202 = CARTESIAN_POINT('',(-1.72,2.434098417139E-16,1.27));
#203 = DIRECTION('',(-1.,1.110223024625E-16,1.110223024625E-16));
#204 = DIRECTION('',(1.110223024625E-16,1.,0.));
#205 = ADVANCED_FACE('',(#206),#265,.F.);
#206 = FACE_BOUND('',#207,.F.);
#207 = EDGE_LOOP('',(#208,#209,#217,#226,#234,#242,#250,#259));
#208 = ORIENTED_EDGE('',*,*,#104,.T.);
#209 = ORIENTED_EDGE('',*,*,#210,.T.);
#210 = EDGE_CURVE('',#105,#211,#213,.T.);
#211 = VERTEX_POINT('',#212);
#212 = CARTESIAN_POINT('',(-0.2,-0.3,1.37));
#213 = LINE('',#214,#215);
#214 = CARTESIAN_POINT('',(-1.72,-0.3,1.37));
#215 = VECTOR('',#216,1.);
#216 = DIRECTION('',(1.,-1.110223024625E-16,-1.110223024625E-16));
#217 = ORIENTED_EDGE('',*,*,#218,.T.);
#218 = EDGE_CURVE('',#211,#219,#221,.T.);
#219 = VERTEX_POINT('',#220);
#220 = CARTESIAN_POINT('',(0.1,-0.3,1.07));
#221 = CIRCLE('',#222,0.3);
#222 = AXIS2_PLACEMENT_3D('',#223,#224,#225);
#223 = CARTESIAN_POINT('',(-0.2,-0.3,1.07));
#224 = DIRECTION('',(1.110223024625E-16,1.,0.));
#225 = DIRECTION('',(4.163336342344E-17,-4.622231866528E-33,1.));
#226 = ORIENTED_EDGE('',*,*,#227,.F.);
#227 = EDGE_CURVE('',#228,#219,#230,.T.);
#228 = VERTEX_POINT('',#229);
#229 = CARTESIAN_POINT('',(0.1,-0.3,-2.7));
#230 = LINE('',#231,#232);
#231 = CARTESIAN_POINT('',(0.1,-0.3,-2.7));
#232 = VECTOR('',#233,1.);
#233 = DIRECTION('',(0.,0.,1.));
#234 = ORIENTED_EDGE('',*,*,#235,.F.);
#235 = EDGE_CURVE('',#236,#228,#238,.T.);
#236 = VERTEX_POINT('',#237);
#237 = CARTESIAN_POINT('',(-0.1,-0.3,-2.7));
#238 = LINE('',#239,#240);
#239 = CARTESIAN_POINT('',(-0.1,-0.3,-2.7));
#240 = VECTOR('',#241,1.);
#241 = DIRECTION('',(1.,-1.110223024625E-16,0.));
#242 = ORIENTED_EDGE('',*,*,#243,.T.);
#243 = EDGE_CURVE('',#236,#244,#246,.T.);
#244 = VERTEX_POINT('',#245);
#245 = CARTESIAN_POINT('',(-0.1,-0.3,1.07));
#246 = LINE('',#247,#248);
#247 = CARTESIAN_POINT('',(-0.1,-0.3,-2.7));
#248 = VECTOR('',#249,1.);
#249 = DIRECTION('',(0.,0.,1.));
#250 = ORIENTED_EDGE('',*,*,#251,.T.);
#251 = EDGE_CURVE('',#244,#252,#254,.T.);
#252 = VERTEX_POINT('',#253);
#253 = CARTESIAN_POINT('',(-0.2,-0.3,1.17));
#254 = CIRCLE('',#255,0.1);
#255 = AXIS2_PLACEMENT_3D('',#256,#257,#258);
#256 = CARTESIAN_POINT('',(-0.2,-0.3,1.07));
#257 = DIRECTION('',(-1.110223024625E-16,-1.,0.));
#258 = DIRECTION('',(1.,-1.110223024625E-16,-6.661338147751E-16));
#259 = ORIENTED_EDGE('',*,*,#260,.F.);
#260 = EDGE_CURVE('',#97,#252,#261,.T.);
#261 = LINE('',#262,#263);
#262 = CARTESIAN_POINT('',(-1.72,-0.3,1.17));
#263 = VECTOR('',#264,1.);
#264 = DIRECTION('',(1.,-1.110223024625E-16,-1.110223024625E-16));
#265 = PLANE('',#266);
#266 = AXIS2_PLACEMENT_3D('',#267,#268,#269);
#267 = CARTESIAN_POINT('',(-1.72,-0.3,1.17));
#268 = DIRECTION('',(1.110223024625E-16,1.,0.));
#269 = DIRECTION('',(1.,-1.110223024625E-16,-1.110223024625E-16));
#270 = ADVANCED_FACE('',(#271),#296,.T.);
#271 = FACE_BOUND('',#272,.T.);
#272 = EDGE_LOOP('',(#273,#281,#282,#290));
#273 = ORIENTED_EDGE('',*,*,#274,.T.);
#274 = EDGE_CURVE('',#275,#127,#277,.T.);
#275 = VERTEX_POINT('',#276);
#276 = CARTESIAN_POINT('',(-1.52,-1.27,2.116666666667));
#277 = LINE('',#278,#279);
#278 = CARTESIAN_POINT('',(-1.52,-1.27,2.116666666667));
#279 = VECTOR('',#280,1.);
#280 = DIRECTION('',(-1.,1.110223024625E-16,1.110223024625E-16));
#281 = ORIENTED_EDGE('',*,*,#126,.T.);
#282 = ORIENTED_EDGE('',*,*,#283,.F.);
#283 = EDGE_CURVE('',#284,#129,#286,.T.);
#284 = VERTEX_POINT('',#285);
#285 = CARTESIAN_POINT('',(-1.52,1.27,2.116666666667));
#286 = LINE('',#287,#288);
#287 = CARTESIAN_POINT('',(-1.52,1.27,2.116666666667));
#288 = VECTOR('',#289,1.);
#289 = DIRECTION('',(-1.,1.110223024625E-16,1.110223024625E-16));
#290 = ORIENTED_EDGE('',*,*,#291,.F.);
#291 = EDGE_CURVE('',#275,#284,#292,.T.);
#292 = LINE('',#293,#294);
#293 = CARTESIAN_POINT('',(-1.52,-1.27,2.116666666667));
#294 = VECTOR('',#295,1.);
#295 = DIRECTION('',(1.110223024625E-16,1.,0.));
#296 = PLANE('',#297);
#297 = AXIS2_PLACEMENT_3D('',#298,#299,#300);
#298 = CARTESIAN_POINT('',(-1.52,-1.27,2.116666666667));
#299 = DIRECTION('',(-1.110223024625E-16,1.232595164408E-32,-1.));
#300 = DIRECTION('',(1.110223024625E-16,1.,5.167288087198E-45));
#301 = ADVANCED_FACE('',(#302),#352,.F.);
#302 = FACE_BOUND('',#303,.F.);
#303 = EDGE_LOOP('',(#304,#314,#322,#330,#338,#344,#345,#346));
#304 = ORIENTED_EDGE('',*,*,#305,.F.);
#305 = EDGE_CURVE('',#306,#308,#310,.T.);
#306 = VERTEX_POINT('',#307);
#307 = CARTESIAN_POINT('',(-1.52,-1.27,0.));
#308 = VERTEX_POINT('',#309);
#309 = CARTESIAN_POINT('',(-1.52,-1.27,0.423333333333));
#310 = LINE('',#311,#312);
#311 = CARTESIAN_POINT('',(-1.52,-1.27,0.));
#312 = VECTOR('',#313,1.);
#313 = DIRECTION('',(1.110223024625E-16,-1.232595164408E-32,1.));
#314 = ORIENTED_EDGE('',*,*,#315,.T.);
#315 = EDGE_CURVE('',#306,#316,#318,.T.);
#316 = VERTEX_POINT('',#317);
#317 = CARTESIAN_POINT('',(-10.03,-1.27,8.881784197001E-16));
#318 = LINE('',#319,#320);
#319 = CARTESIAN_POINT('',(-1.52,-1.27,0.));
#320 = VECTOR('',#321,1.);
#321 = DIRECTION('',(-1.,1.110223024625E-16,1.110223024625E-16));
#322 = ORIENTED_EDGE('',*,*,#323,.T.);
#323 = EDGE_CURVE('',#316,#324,#326,.T.);
#324 = VERTEX_POINT('',#325);
#325 = CARTESIAN_POINT('',(-10.03,-1.27,2.54));
#326 = LINE('',#327,#328);
#327 = CARTESIAN_POINT('',(-10.03,-1.27,8.881784197001E-16));
#328 = VECTOR('',#329,1.);
#329 = DIRECTION('',(1.110223024625E-16,-1.232595164408E-32,1.));
#330 = ORIENTED_EDGE('',*,*,#331,.F.);
#331 = EDGE_CURVE('',#332,#324,#334,.T.);
#332 = VERTEX_POINT('',#333);
#333 = CARTESIAN_POINT('',(-1.52,-1.27,2.54));
#334 = LINE('',#335,#336);
#335 = CARTESIAN_POINT('',(-1.52,-1.27,2.54));
#336 = VECTOR('',#337,1.);
#337 = DIRECTION('',(-1.,1.110223024625E-16,1.110223024625E-16));
#338 = ORIENTED_EDGE('',*,*,#339,.F.);
#339 = EDGE_CURVE('',#275,#332,#340,.T.);
#340 = LINE('',#341,#342);
#341 = CARTESIAN_POINT('',(-1.52,-1.27,0.));
#342 = VECTOR('',#343,1.);
#343 = DIRECTION('',(1.110223024625E-16,-1.232595164408E-32,1.));
#344 = ORIENTED_EDGE('',*,*,#274,.T.);
#345 = ORIENTED_EDGE('',*,*,#152,.F.);
#346 = ORIENTED_EDGE('',*,*,#347,.F.);
#347 = EDGE_CURVE('',#308,#145,#348,.T.);
#348 = LINE('',#349,#350);
#349 = CARTESIAN_POINT('',(-1.52,-1.27,0.423333333333));
#350 = VECTOR('',#351,1.);
#351 = DIRECTION('',(-1.,1.110223024625E-16,1.110223024625E-16));
#352 = PLANE('',#353);
#353 = AXIS2_PLACEMENT_3D('',#354,#355,#356);
#354 = CARTESIAN_POINT('',(-1.52,-1.27,0.));
#355 = DIRECTION('',(1.110223024625E-16,1.,0.));
#356 = DIRECTION('',(1.110223024625E-16,-1.232595164407E-32,1.));
#357 = ADVANCED_FACE('',(#358),#408,.F.);
#358 = FACE_BOUND('',#359,.F.);
#359 = EDGE_LOOP('',(#360,#368,#376,#384,#392,#400,#406,#407));
#360 = ORIENTED_EDGE('',*,*,#361,.F.);
#361 = EDGE_CURVE('',#362,#284,#364,.T.);
#362 = VERTEX_POINT('',#363);
#363 = CARTESIAN_POINT('',(-1.52,1.27,2.54));
#364 = LINE('',#365,#366);
#365 = CARTESIAN_POINT('',(-1.52,1.27,2.54));
#366 = VECTOR('',#367,1.);
#367 = DIRECTION('',(-1.110223024625E-16,1.232595164408E-32,-1.));
#368 = ORIENTED_EDGE('',*,*,#369,.T.);
#369 = EDGE_CURVE('',#362,#370,#372,.T.);
#370 = VERTEX_POINT('',#371);
#371 = CARTESIAN_POINT('',(-10.03,1.27,2.54));
#372 = LINE('',#373,#374);
#373 = CARTESIAN_POINT('',(-1.52,1.27,2.54));
#374 = VECTOR('',#375,1.);
#375 = DIRECTION('',(-1.,1.110223024625E-16,1.110223024625E-16));
#376 = ORIENTED_EDGE('',*,*,#377,.T.);
#377 = EDGE_CURVE('',#370,#378,#380,.T.);
#378 = VERTEX_POINT('',#379);
#379 = CARTESIAN_POINT('',(-10.03,1.27,8.881784197001E-16));
#380 = LINE('',#381,#382);
#381 = CARTESIAN_POINT('',(-10.03,1.27,2.54));
#382 = VECTOR('',#383,1.);
#383 = DIRECTION('',(-1.110223024625E-16,1.232595164408E-32,-1.));
#384 = ORIENTED_EDGE('',*,*,#385,.F.);
#385 = EDGE_CURVE('',#386,#378,#388,.T.);
#386 = VERTEX_POINT('',#387);
#387 = CARTESIAN_POINT('',(-1.52,1.27,0.));
#388 = LINE('',#389,#390);
#389 = CARTESIAN_POINT('',(-1.52,1.27,0.));
#390 = VECTOR('',#391,1.);
#391 = DIRECTION('',(-1.,1.110223024625E-16,1.110223024625E-16));
#392 = ORIENTED_EDGE('',*,*,#393,.F.);
#393 = EDGE_CURVE('',#394,#386,#396,.T.);
#394 = VERTEX_POINT('',#395);
#395 = CARTESIAN_POINT('',(-1.52,1.27,0.423333333333));
#396 = LINE('',#397,#398);
#397 = CARTESIAN_POINT('',(-1.52,1.27,2.54));
#398 = VECTOR('',#399,1.);
#399 = DIRECTION('',(-1.110223024625E-16,1.232595164408E-32,-1.));
#400 = ORIENTED_EDGE('',*,*,#401,.T.);
#401 = EDGE_CURVE('',#394,#137,#402,.T.);
#402 = LINE('',#403,#404);
#403 = CARTESIAN_POINT('',(-1.52,1.27,0.423333333333));
#404 = VECTOR('',#405,1.);
#405 = DIRECTION('',(-1.,1.110223024625E-16,1.110223024625E-16));
#406 = ORIENTED_EDGE('',*,*,#136,.F.);
#407 = ORIENTED_EDGE('',*,*,#283,.F.);
#408 = PLANE('',#409);
#409 = AXIS2_PLACEMENT_3D('',#410,#411,#412);
#410 = CARTESIAN_POINT('',(-1.52,1.27,2.54));
#411 = DIRECTION('',(-1.110223024625E-16,-1.,0.));
#412 = DIRECTION('',(-1.110223024625E-16,1.232595164407E-32,-1.));
#413 = ADVANCED_FACE('',(#414),#425,.T.);
#414 = FACE_BOUND('',#415,.T.);
#415 = EDGE_LOOP('',(#416,#417,#418,#419));
#416 = ORIENTED_EDGE('',*,*,#401,.T.);
#417 = ORIENTED_EDGE('',*,*,#144,.T.);
#418 = ORIENTED_EDGE('',*,*,#347,.F.);
#419 = ORIENTED_EDGE('',*,*,#420,.F.);
#420 = EDGE_CURVE('',#394,#308,#421,.T.);
#421 = LINE('',#422,#423);
#422 = CARTESIAN_POINT('',(-1.52,1.27,0.423333333333));
#423 = VECTOR('',#424,1.);
#424 = DIRECTION('',(-1.110223024625E-16,-1.,0.));
#425 = PLANE('',#426);
#426 = AXIS2_PLACEMENT_3D('',#427,#428,#429);
#427 = CARTESIAN_POINT('',(-1.52,1.27,0.423333333333));
#428 = DIRECTION('',(1.110223024625E-16,-1.232595164408E-32,1.));
#429 = DIRECTION('',(-1.110223024625E-16,-1.,-5.167288087198E-45));
#430 = ADVANCED_FACE('',(#431),#449,.F.);
#431 = FACE_BOUND('',#432,.F.);
#432 = EDGE_LOOP('',(#433,#434,#435,#443));
#433 = ORIENTED_EDGE('',*,*,#210,.F.);
#434 = ORIENTED_EDGE('',*,*,#194,.F.);
#435 = ORIENTED_EDGE('',*,*,#436,.F.);
#436 = EDGE_CURVE('',#437,#187,#439,.T.);
#437 = VERTEX_POINT('',#438);
#438 = CARTESIAN_POINT('',(-0.2,0.3,1.37));
#439 = LINE('',#440,#441);
#440 = CARTESIAN_POINT('',(-0.2,0.3,1.37));
#441 = VECTOR('',#442,1.);
#442 = DIRECTION('',(-1.,1.110223024625E-16,1.110223024625E-16));
#443 = ORIENTED_EDGE('',*,*,#444,.F.);
#444 = EDGE_CURVE('',#211,#437,#445,.T.);
#445 = LINE('',#446,#447);
#446 = CARTESIAN_POINT('',(-0.2,-0.3,1.37));
#447 = VECTOR('',#448,1.);
#448 = DIRECTION('',(1.110223024625E-16,1.,0.));
#449 = PLANE('',#450);
#450 = AXIS2_PLACEMENT_3D('',#451,#452,#453);
#451 = CARTESIAN_POINT('',(-5.436503861258,6.547352195741E-16,1.37));
#452 = DIRECTION('',(-1.110223024625E-16,1.232595164408E-32,-1.));
#453 = DIRECTION('',(-1.,1.110223024625E-16,1.110223024625E-16));
#454 = ADVANCED_FACE('',(#455),#466,.T.);
#455 = FACE_BOUND('',#456,.T.);
#456 = EDGE_LOOP('',(#457,#463,#464,#465));
#457 = ORIENTED_EDGE('',*,*,#458,.F.);
#458 = EDGE_CURVE('',#163,#187,#459,.T.);
#459 = LINE('',#460,#461);
#460 = CARTESIAN_POINT('',(-1.72,0.3,1.17));
#461 = VECTOR('',#462,1.);
#462 = DIRECTION('',(1.110223024625E-16,-1.232595164408E-32,1.));
#463 = ORIENTED_EDGE('',*,*,#170,.T.);
#464 = ORIENTED_EDGE('',*,*,#178,.T.);
#465 = ORIENTED_EDGE('',*,*,#186,.T.);
#466 = PLANE('',#467);
#467 = AXIS2_PLACEMENT_3D('',#468,#469,#470);
#468 = CARTESIAN_POINT('',(-1.72,-0.3,1.17));
#469 = DIRECTION('',(1.,-1.110223024625E-16,-1.110223024625E-16));
#470 = DIRECTION('',(-1.110223024625E-16,-1.,0.));
#471 = ADVANCED_FACE('',(#472),#490,.T.);
#472 = FACE_BOUND('',#473,.T.);
#473 = EDGE_LOOP('',(#474,#475,#476,#484));
#474 = ORIENTED_EDGE('',*,*,#260,.F.);
#475 = ORIENTED_EDGE('',*,*,#162,.F.);
#476 = ORIENTED_EDGE('',*,*,#477,.F.);
#477 = EDGE_CURVE('',#478,#163,#480,.T.);
#478 = VERTEX_POINT('',#479);
#479 = CARTESIAN_POINT('',(-0.2,0.3,1.17));
#480 = LINE('',#481,#482);
#481 = CARTESIAN_POINT('',(-0.2,0.3,1.17));
#482 = VECTOR('',#483,1.);
#483 = DIRECTION('',(-1.,1.110223024625E-16,1.110223024625E-16));
#484 = ORIENTED_EDGE('',*,*,#485,.F.);
#485 = EDGE_CURVE('',#252,#478,#486,.T.);
#486 = LINE('',#487,#488);
#487 = CARTESIAN_POINT('',(-0.2,-0.3,1.17));
#488 = VECTOR('',#489,1.);
#489 = DIRECTION('',(1.110223024625E-16,1.,0.));
#490 = PLANE('',#491);
#491 = AXIS2_PLACEMENT_3D('',#492,#493,#494);
#492 = CARTESIAN_POINT('',(-5.436503861258,6.547352195741E-16,1.17));
#493 = DIRECTION('',(-1.110223024625E-16,1.232595164408E-32,-1.));
#494 = DIRECTION('',(-1.,1.110223024625E-16,1.110223024625E-16));
#495 = ADVANCED_FACE('',(#496),#515,.T.);
#496 = FACE_BOUND('',#497,.T.);
#497 = EDGE_LOOP('',(#498,#499,#507,#514));
#498 = ORIENTED_EDGE('',*,*,#218,.T.);
#499 = ORIENTED_EDGE('',*,*,#500,.T.);
#500 = EDGE_CURVE('',#219,#501,#503,.T.);
#501 = VERTEX_POINT('',#502);
#502 = CARTESIAN_POINT('',(0.1,0.3,1.07));
#503 = LINE('',#504,#505);
#504 = CARTESIAN_POINT('',(0.1,-0.3,1.07));
#505 = VECTOR('',#506,1.);
#506 = DIRECTION('',(1.110223024625E-16,1.,0.));
#507 = ORIENTED_EDGE('',*,*,#508,.F.);
#508 = EDGE_CURVE('',#437,#501,#509,.T.);
#509 = CIRCLE('',#510,0.3);
#510 = AXIS2_PLACEMENT_3D('',#511,#512,#513);
#511 = CARTESIAN_POINT('',(-0.2,0.3,1.07));
#512 = DIRECTION('',(1.110223024625E-16,1.,0.));
#513 = DIRECTION('',(4.163336342344E-17,-4.622231866528E-33,1.));
#514 = ORIENTED_EDGE('',*,*,#444,.F.);
#515 = CYLINDRICAL_SURFACE('',#516,0.3);
#516 = AXIS2_PLACEMENT_3D('',#517,#518,#519);
#517 = CARTESIAN_POINT('',(-0.2,-0.3,1.07));
#518 = DIRECTION('',(-1.110223024625E-16,-1.,0.));
#519 = DIRECTION('',(4.163336342344E-17,-4.622231866528E-33,1.));
#520 = ADVANCED_FACE('',(#521),#555,.F.);
#521 = FACE_BOUND('',#522,.F.);
#522 = EDGE_LOOP('',(#523,#531,#539,#547,#553,#554));
#523 = ORIENTED_EDGE('',*,*,#524,.T.);
#524 = EDGE_CURVE('',#501,#525,#527,.T.);
#525 = VERTEX_POINT('',#526);
#526 = CARTESIAN_POINT('',(0.1,0.3,-2.7));
#527 = LINE('',#528,#529);
#528 = CARTESIAN_POINT('',(0.1,0.3,1.07));
#529 = VECTOR('',#530,1.);
#530 = DIRECTION('',(0.,0.,-1.));
#531 = ORIENTED_EDGE('',*,*,#532,.T.);
#532 = EDGE_CURVE('',#525,#533,#535,.T.);
#533 = VERTEX_POINT('',#534);
#534 = CARTESIAN_POINT('',(0.1,0.15,-3.3));
#535 = LINE('',#536,#537);
#536 = CARTESIAN_POINT('',(0.1,0.3,-2.7));
#537 = VECTOR('',#538,1.);
#538 = DIRECTION('',(-2.692686352073E-17,-0.242535625036,-0.970142500145
    ));
#539 = ORIENTED_EDGE('',*,*,#540,.T.);
#540 = EDGE_CURVE('',#533,#541,#543,.T.);
#541 = VERTEX_POINT('',#542);
#542 = CARTESIAN_POINT('',(0.1,-0.15,-3.3));
#543 = LINE('',#544,#545);
#544 = CARTESIAN_POINT('',(0.1,0.15,-3.3));
#545 = VECTOR('',#546,1.);
#546 = DIRECTION('',(-1.110223024625E-16,-1.,0.));
#547 = ORIENTED_EDGE('',*,*,#548,.T.);
#548 = EDGE_CURVE('',#541,#228,#549,.T.);
#549 = LINE('',#550,#551);
#550 = CARTESIAN_POINT('',(0.1,-0.15,-3.3));
#551 = VECTOR('',#552,1.);
#552 = DIRECTION('',(-2.692686352073E-17,-0.242535625036,0.970142500145)
  );
#553 = ORIENTED_EDGE('',*,*,#227,.T.);
#554 = ORIENTED_EDGE('',*,*,#500,.T.);
#555 = PLANE('',#556);
#556 = AXIS2_PLACEMENT_3D('',#557,#558,#559);
#557 = CARTESIAN_POINT('',(0.1,4.672983510835E-18,-1.054455626264));
#558 = DIRECTION('',(-1.,1.110223024625E-16,0.));
#559 = DIRECTION('',(0.,0.,1.));
#560 = ADVANCED_FACE('',(#561),#579,.T.);
#561 = FACE_BOUND('',#562,.T.);
#562 = EDGE_LOOP('',(#563,#571,#572,#573));
#563 = ORIENTED_EDGE('',*,*,#564,.T.);
#564 = EDGE_CURVE('',#565,#541,#567,.T.);
#565 = VERTEX_POINT('',#566);
#566 = CARTESIAN_POINT('',(-0.1,-0.15,-3.3));
#567 = LINE('',#568,#569);
#568 = CARTESIAN_POINT('',(-0.1,-0.15,-3.3));
#569 = VECTOR('',#570,1.);
#570 = DIRECTION('',(1.,-1.110223024625E-16,0.));
#571 = ORIENTED_EDGE('',*,*,#548,.T.);
#572 = ORIENTED_EDGE('',*,*,#235,.F.);
#573 = ORIENTED_EDGE('',*,*,#574,.F.);
#574 = EDGE_CURVE('',#565,#236,#575,.T.);
#575 = LINE('',#576,#577);
#576 = CARTESIAN_POINT('',(-0.1,-0.15,-3.3));
#577 = VECTOR('',#578,1.);
#578 = DIRECTION('',(-2.692686352073E-17,-0.242535625036,0.970142500145)
  );
#579 = PLANE('',#580);
#580 = AXIS2_PLACEMENT_3D('',#581,#582,#583);
#581 = CARTESIAN_POINT('',(-0.1,-0.15,-3.3));
#582 = DIRECTION('',(-1.077074540829E-16,-0.970142500145,-0.242535625036
    ));
#583 = DIRECTION('',(-2.692686352073E-17,-0.242535625036,0.970142500145)
  );
#584 = ADVANCED_FACE('',(#585),#619,.T.);
#585 = FACE_BOUND('',#586,.T.);
#586 = EDGE_LOOP('',(#587,#595,#603,#611,#617,#618));
#587 = ORIENTED_EDGE('',*,*,#588,.F.);
#588 = EDGE_CURVE('',#589,#244,#591,.T.);
#589 = VERTEX_POINT('',#590);
#590 = CARTESIAN_POINT('',(-0.1,0.3,1.07));
#591 = LINE('',#592,#593);
#592 = CARTESIAN_POINT('',(-0.1,0.3,1.07));
#593 = VECTOR('',#594,1.);
#594 = DIRECTION('',(-1.110223024625E-16,-1.,0.));
#595 = ORIENTED_EDGE('',*,*,#596,.T.);
#596 = EDGE_CURVE('',#589,#597,#599,.T.);
#597 = VERTEX_POINT('',#598);
#598 = CARTESIAN_POINT('',(-0.1,0.3,-2.7));
#599 = LINE('',#600,#601);
#600 = CARTESIAN_POINT('',(-0.1,0.3,1.07));
#601 = VECTOR('',#602,1.);
#602 = DIRECTION('',(0.,0.,-1.));
#603 = ORIENTED_EDGE('',*,*,#604,.T.);
#604 = EDGE_CURVE('',#597,#605,#607,.T.);
#605 = VERTEX_POINT('',#606);
#606 = CARTESIAN_POINT('',(-0.1,0.15,-3.3));
#607 = LINE('',#608,#609);
#608 = CARTESIAN_POINT('',(-0.1,0.3,-2.7));
#609 = VECTOR('',#610,1.);
#610 = DIRECTION('',(-2.692686352073E-17,-0.242535625036,-0.970142500145
    ));
#611 = ORIENTED_EDGE('',*,*,#612,.F.);
#612 = EDGE_CURVE('',#565,#605,#613,.T.);
#613 = LINE('',#614,#615);
#614 = CARTESIAN_POINT('',(-0.1,-0.15,-3.3));
#615 = VECTOR('',#616,1.);
#616 = DIRECTION('',(1.110223024625E-16,1.,0.));
#617 = ORIENTED_EDGE('',*,*,#574,.T.);
#618 = ORIENTED_EDGE('',*,*,#243,.T.);
#619 = PLANE('',#620);
#620 = AXIS2_PLACEMENT_3D('',#621,#622,#623);
#621 = CARTESIAN_POINT('',(-0.1,2.687744400334E-17,-1.054455626264));
#622 = DIRECTION('',(-1.,1.110223024625E-16,0.));
#623 = DIRECTION('',(0.,0.,1.));
#624 = ADVANCED_FACE('',(#625),#637,.F.);
#625 = FACE_BOUND('',#626,.F.);
#626 = EDGE_LOOP('',(#627,#628,#635,#636));
#627 = ORIENTED_EDGE('',*,*,#588,.F.);
#628 = ORIENTED_EDGE('',*,*,#629,.T.);
#629 = EDGE_CURVE('',#589,#478,#630,.T.);
#630 = CIRCLE('',#631,0.1);
#631 = AXIS2_PLACEMENT_3D('',#632,#633,#634);
#632 = CARTESIAN_POINT('',(-0.2,0.3,1.07));
#633 = DIRECTION('',(-1.110223024625E-16,-1.,0.));
#634 = DIRECTION('',(1.,-1.110223024625E-16,-6.661338147751E-16));
#635 = ORIENTED_EDGE('',*,*,#485,.F.);
#636 = ORIENTED_EDGE('',*,*,#251,.F.);
#637 = CYLINDRICAL_SURFACE('',#638,0.1);
#638 = AXIS2_PLACEMENT_3D('',#639,#640,#641);
#639 = CARTESIAN_POINT('',(-0.2,-0.3,1.07));
#640 = DIRECTION('',(-1.110223024625E-16,-1.,0.));
#641 = DIRECTION('',(1.,-1.110223024625E-16,-6.661338147751E-16));
#642 = ADVANCED_FACE('',(#643),#654,.F.);
#643 = FACE_BOUND('',#644,.F.);
#644 = EDGE_LOOP('',(#645,#646,#652,#653));
#645 = ORIENTED_EDGE('',*,*,#339,.T.);
#646 = ORIENTED_EDGE('',*,*,#647,.T.);
#647 = EDGE_CURVE('',#332,#362,#648,.T.);
#648 = LINE('',#649,#650);
#649 = CARTESIAN_POINT('',(-1.52,-1.27,2.54));
#650 = VECTOR('',#651,1.);
#651 = DIRECTION('',(1.110223024625E-16,1.,0.));
#652 = ORIENTED_EDGE('',*,*,#361,.T.);
#653 = ORIENTED_EDGE('',*,*,#291,.F.);
#654 = PLANE('',#655);
#655 = AXIS2_PLACEMENT_3D('',#656,#657,#658);
#656 = CARTESIAN_POINT('',(-1.52,2.124634676417E-16,1.27));
#657 = DIRECTION('',(-1.,1.110223024625E-16,1.110223024625E-16));
#658 = DIRECTION('',(1.110223024625E-16,1.,0.));
#659 = ADVANCED_FACE('',(#660),#671,.F.);
#660 = FACE_BOUND('',#661,.F.);
#661 = EDGE_LOOP('',(#662,#663,#664,#665));
#662 = ORIENTED_EDGE('',*,*,#305,.T.);
#663 = ORIENTED_EDGE('',*,*,#420,.F.);
#664 = ORIENTED_EDGE('',*,*,#393,.T.);
#665 = ORIENTED_EDGE('',*,*,#666,.T.);
#666 = EDGE_CURVE('',#386,#306,#667,.T.);
#667 = LINE('',#668,#669);
#668 = CARTESIAN_POINT('',(-1.52,1.27,0.));
#669 = VECTOR('',#670,1.);
#670 = DIRECTION('',(-1.110223024625E-16,-1.,0.));
#671 = PLANE('',#672);
#672 = AXIS2_PLACEMENT_3D('',#673,#674,#675);
#673 = CARTESIAN_POINT('',(-1.52,2.124634676417E-16,1.27));
#674 = DIRECTION('',(-1.,1.110223024625E-16,1.110223024625E-16));
#675 = DIRECTION('',(1.110223024625E-16,1.,0.));
#676 = ADVANCED_FACE('',(#677),#688,.F.);
#677 = FACE_BOUND('',#678,.F.);
#678 = EDGE_LOOP('',(#679,#680,#686,#687));
#679 = ORIENTED_EDGE('',*,*,#331,.T.);
#680 = ORIENTED_EDGE('',*,*,#681,.T.);
#681 = EDGE_CURVE('',#324,#370,#682,.T.);
#682 = LINE('',#683,#684);
#683 = CARTESIAN_POINT('',(-10.03,-1.27,2.54));
#684 = VECTOR('',#685,1.);
#685 = DIRECTION('',(1.110223024625E-16,1.,0.));
#686 = ORIENTED_EDGE('',*,*,#369,.F.);
#687 = ORIENTED_EDGE('',*,*,#647,.F.);
#688 = PLANE('',#689);
#689 = AXIS2_PLACEMENT_3D('',#690,#691,#692);
#690 = CARTESIAN_POINT('',(-1.52,-1.27,2.54));
#691 = DIRECTION('',(-1.110223024625E-16,1.232595164408E-32,-1.));
#692 = DIRECTION('',(1.110223024625E-16,1.,5.167288087198E-45));
#693 = ADVANCED_FACE('',(#694,#705),#739,.T.);
#694 = FACE_BOUND('',#695,.T.);
#695 = EDGE_LOOP('',(#696,#697,#698,#704));
#696 = ORIENTED_EDGE('',*,*,#681,.T.);
#697 = ORIENTED_EDGE('',*,*,#377,.T.);
#698 = ORIENTED_EDGE('',*,*,#699,.T.);
#699 = EDGE_CURVE('',#378,#316,#700,.T.);
#700 = LINE('',#701,#702);
#701 = CARTESIAN_POINT('',(-10.03,1.27,8.881784197001E-16));
#702 = VECTOR('',#703,1.);
#703 = DIRECTION('',(-1.110223024625E-16,-1.,0.));
#704 = ORIENTED_EDGE('',*,*,#323,.T.);
#705 = FACE_BOUND('',#706,.T.);
#706 = EDGE_LOOP('',(#707,#717,#725,#733));
#707 = ORIENTED_EDGE('',*,*,#708,.F.);
#708 = EDGE_CURVE('',#709,#711,#713,.T.);
#709 = VERTEX_POINT('',#710);
#710 = CARTESIAN_POINT('',(-10.03,-0.6,1.87));
#711 = VERTEX_POINT('',#712);
#712 = CARTESIAN_POINT('',(-10.03,0.6,1.87));
#713 = LINE('',#714,#715);
#714 = CARTESIAN_POINT('',(-10.03,-0.6,1.87));
#715 = VECTOR('',#716,1.);
#716 = DIRECTION('',(1.110223024625E-16,1.,0.));
#717 = ORIENTED_EDGE('',*,*,#718,.F.);
#718 = EDGE_CURVE('',#719,#709,#721,.T.);
#719 = VERTEX_POINT('',#720);
#720 = CARTESIAN_POINT('',(-10.03,-0.6,0.67));
#721 = LINE('',#722,#723);
#722 = CARTESIAN_POINT('',(-10.03,-0.6,0.67));
#723 = VECTOR('',#724,1.);
#724 = DIRECTION('',(1.110223024625E-16,-1.232595164408E-32,1.));
#725 = ORIENTED_EDGE('',*,*,#726,.F.);
#726 = EDGE_CURVE('',#727,#719,#729,.T.);
#727 = VERTEX_POINT('',#728);
#728 = CARTESIAN_POINT('',(-10.03,0.6,0.67));
#729 = LINE('',#730,#731);
#730 = CARTESIAN_POINT('',(-10.03,0.6,0.67));
#731 = VECTOR('',#732,1.);
#732 = DIRECTION('',(-1.110223024625E-16,-1.,0.));
#733 = ORIENTED_EDGE('',*,*,#734,.F.);
#734 = EDGE_CURVE('',#711,#727,#735,.T.);
#735 = LINE('',#736,#737);
#736 = CARTESIAN_POINT('',(-10.03,0.6,1.87));
#737 = VECTOR('',#738,1.);
#738 = DIRECTION('',(-1.110223024625E-16,1.232595164408E-32,-1.));
#739 = PLANE('',#740);
#740 = AXIS2_PLACEMENT_3D('',#741,#742,#743);
#741 = CARTESIAN_POINT('',(-10.03,1.157263261598E-15,1.27));
#742 = DIRECTION('',(-1.,1.110223024625E-16,1.110223024625E-16));
#743 = DIRECTION('',(1.110223024625E-16,1.,0.));
#744 = ADVANCED_FACE('',(#745),#751,.F.);
#745 = FACE_BOUND('',#746,.F.);
#746 = EDGE_LOOP('',(#747,#748,#749,#750));
#747 = ORIENTED_EDGE('',*,*,#385,.T.);
#748 = ORIENTED_EDGE('',*,*,#699,.T.);
#749 = ORIENTED_EDGE('',*,*,#315,.F.);
#750 = ORIENTED_EDGE('',*,*,#666,.F.);
#751 = PLANE('',#752);
#752 = AXIS2_PLACEMENT_3D('',#753,#754,#755);
#753 = CARTESIAN_POINT('',(-1.52,1.27,0.));
#754 = DIRECTION('',(1.110223024625E-16,-1.232595164408E-32,1.));
#755 = DIRECTION('',(-1.110223024625E-16,-1.,-5.167288087198E-45));
#756 = ADVANCED_FACE('',(#757),#772,.F.);
#757 = FACE_BOUND('',#758,.F.);
#758 = EDGE_LOOP('',(#759,#760,#761,#762,#763,#769,#770,#771));
#759 = ORIENTED_EDGE('',*,*,#458,.F.);
#760 = ORIENTED_EDGE('',*,*,#477,.F.);
#761 = ORIENTED_EDGE('',*,*,#629,.F.);
#762 = ORIENTED_EDGE('',*,*,#596,.T.);
#763 = ORIENTED_EDGE('',*,*,#764,.T.);
#764 = EDGE_CURVE('',#597,#525,#765,.T.);
#765 = LINE('',#766,#767);
#766 = CARTESIAN_POINT('',(-0.1,0.3,-2.7));
#767 = VECTOR('',#768,1.);
#768 = DIRECTION('',(1.,-1.110223024625E-16,0.));
#769 = ORIENTED_EDGE('',*,*,#524,.F.);
#770 = ORIENTED_EDGE('',*,*,#508,.F.);
#771 = ORIENTED_EDGE('',*,*,#436,.T.);
#772 = PLANE('',#773);
#773 = AXIS2_PLACEMENT_3D('',#774,#775,#776);
#774 = CARTESIAN_POINT('',(-0.2,0.3,1.17));
#775 = DIRECTION('',(-1.110223024625E-16,-1.,0.));
#776 = DIRECTION('',(-1.,1.110223024625E-16,1.110223024625E-16));
#777 = ADVANCED_FACE('',(#778),#789,.T.);
#778 = FACE_BOUND('',#779,.T.);
#779 = EDGE_LOOP('',(#780,#781,#782,#788));
#780 = ORIENTED_EDGE('',*,*,#764,.T.);
#781 = ORIENTED_EDGE('',*,*,#532,.T.);
#782 = ORIENTED_EDGE('',*,*,#783,.F.);
#783 = EDGE_CURVE('',#605,#533,#784,.T.);
#784 = LINE('',#785,#786);
#785 = CARTESIAN_POINT('',(-0.1,0.15,-3.3));
#786 = VECTOR('',#787,1.);
#787 = DIRECTION('',(1.,-1.110223024625E-16,0.));
#788 = ORIENTED_EDGE('',*,*,#604,.F.);
#789 = PLANE('',#790);
#790 = AXIS2_PLACEMENT_3D('',#791,#792,#793);
#791 = CARTESIAN_POINT('',(-0.1,0.3,-2.7));
#792 = DIRECTION('',(1.077074540829E-16,0.970142500145,-0.242535625036)
  );
#793 = DIRECTION('',(-2.692686352073E-17,-0.242535625036,-0.970142500145
    ));
#794 = ADVANCED_FACE('',(#795),#801,.T.);
#795 = FACE_BOUND('',#796,.T.);
#796 = EDGE_LOOP('',(#797,#798,#799,#800));
#797 = ORIENTED_EDGE('',*,*,#783,.T.);
#798 = ORIENTED_EDGE('',*,*,#540,.T.);
#799 = ORIENTED_EDGE('',*,*,#564,.F.);
#800 = ORIENTED_EDGE('',*,*,#612,.T.);
#801 = PLANE('',#802);
#802 = AXIS2_PLACEMENT_3D('',#803,#804,#805);
#803 = CARTESIAN_POINT('',(-0.1,0.15,-3.3));
#804 = DIRECTION('',(0.,0.,-1.));
#805 = DIRECTION('',(-1.110223024625E-16,-1.,-0.));
#806 = ADVANCED_FACE('',(#807),#832,.T.);
#807 = FACE_BOUND('',#808,.T.);
#808 = EDGE_LOOP('',(#809,#817,#818,#826));
#809 = ORIENTED_EDGE('',*,*,#810,.F.);
#810 = EDGE_CURVE('',#709,#811,#813,.T.);
#811 = VERTEX_POINT('',#812);
#812 = CARTESIAN_POINT('',(-9.73,-0.3,1.57));
#813 = LINE('',#814,#815);
#814 = CARTESIAN_POINT('',(-9.73,-0.3,1.57));
#815 = VECTOR('',#816,1.);
#816 = DIRECTION('',(0.57735026919,0.57735026919,-0.57735026919));
#817 = ORIENTED_EDGE('',*,*,#708,.T.);
#818 = ORIENTED_EDGE('',*,*,#819,.T.);
#819 = EDGE_CURVE('',#711,#820,#822,.T.);
#820 = VERTEX_POINT('',#821);
#821 = CARTESIAN_POINT('',(-9.73,0.3,1.57));
#822 = LINE('',#823,#824);
#823 = CARTESIAN_POINT('',(-9.73,0.3,1.57));
#824 = VECTOR('',#825,1.);
#825 = DIRECTION('',(0.57735026919,-0.57735026919,-0.57735026919));
#826 = ORIENTED_EDGE('',*,*,#827,.F.);
#827 = EDGE_CURVE('',#811,#820,#828,.T.);
#828 = LINE('',#829,#830);
#829 = CARTESIAN_POINT('',(-9.73,-0.6,1.57));
#830 = VECTOR('',#831,1.);
#831 = DIRECTION('',(1.110223024625E-16,1.,0.));
#832 = PLANE('',#833);
#833 = AXIS2_PLACEMENT_3D('',#834,#835,#836);
#834 = CARTESIAN_POINT('',(-9.88,-0.6,1.72));
#835 = DIRECTION('',(-0.707106781187,7.850462293414E-17,-0.707106781187)
  );
#836 = DIRECTION('',(1.110223024625E-16,1.,-2.680278185005E-29));
#837 = ADVANCED_FACE('',(#838),#856,.T.);
#838 = FACE_BOUND('',#839,.T.);
#839 = EDGE_LOOP('',(#840,#841,#842,#850));
#840 = ORIENTED_EDGE('',*,*,#819,.F.);
#841 = ORIENTED_EDGE('',*,*,#734,.T.);
#842 = ORIENTED_EDGE('',*,*,#843,.T.);
#843 = EDGE_CURVE('',#727,#844,#846,.T.);
#844 = VERTEX_POINT('',#845);
#845 = CARTESIAN_POINT('',(-9.73,0.3,0.97));
#846 = LINE('',#847,#848);
#847 = CARTESIAN_POINT('',(-9.73,0.3,0.97));
#848 = VECTOR('',#849,1.);
#849 = DIRECTION('',(0.57735026919,-0.57735026919,0.57735026919));
#850 = ORIENTED_EDGE('',*,*,#851,.F.);
#851 = EDGE_CURVE('',#820,#844,#852,.T.);
#852 = LINE('',#853,#854);
#853 = CARTESIAN_POINT('',(-9.73,0.3,1.87));
#854 = VECTOR('',#855,1.);
#855 = DIRECTION('',(-1.110223024625E-16,1.232595164408E-32,-1.));
#856 = PLANE('',#857);
#857 = AXIS2_PLACEMENT_3D('',#858,#859,#860);
#858 = CARTESIAN_POINT('',(-9.88,0.45,1.87));
#859 = DIRECTION('',(-0.707106781187,-0.707106781187,7.850462293414E-17)
  );
#860 = DIRECTION('',(-1.110223024625E-16,2.682127077751E-29,-1.));
#861 = ADVANCED_FACE('',(#862),#880,.T.);
#862 = FACE_BOUND('',#863,.T.);
#863 = EDGE_LOOP('',(#864,#865,#866,#874));
#864 = ORIENTED_EDGE('',*,*,#843,.F.);
#865 = ORIENTED_EDGE('',*,*,#726,.T.);
#866 = ORIENTED_EDGE('',*,*,#867,.T.);
#867 = EDGE_CURVE('',#719,#868,#870,.T.);
#868 = VERTEX_POINT('',#869);
#869 = CARTESIAN_POINT('',(-9.73,-0.3,0.97));
#870 = LINE('',#871,#872);
#871 = CARTESIAN_POINT('',(-9.73,-0.3,0.97));
#872 = VECTOR('',#873,1.);
#873 = DIRECTION('',(0.57735026919,0.57735026919,0.57735026919));
#874 = ORIENTED_EDGE('',*,*,#875,.F.);
#875 = EDGE_CURVE('',#844,#868,#876,.T.);
#876 = LINE('',#877,#878);
#877 = CARTESIAN_POINT('',(-9.73,0.6,0.97));
#878 = VECTOR('',#879,1.);
#879 = DIRECTION('',(-1.110223024625E-16,-1.,0.));
#880 = PLANE('',#881);
#881 = AXIS2_PLACEMENT_3D('',#882,#883,#884);
#882 = CARTESIAN_POINT('',(-9.88,0.6,0.82));
#883 = DIRECTION('',(-0.707106781187,7.850462293414E-17,0.707106781187)
  );
#884 = DIRECTION('',(-1.110223024625E-16,-1.,-2.680278185005E-29));
#885 = ADVANCED_FACE('',(#886),#897,.T.);
#886 = FACE_BOUND('',#887,.T.);
#887 = EDGE_LOOP('',(#888,#889,#890,#891));
#888 = ORIENTED_EDGE('',*,*,#867,.F.);
#889 = ORIENTED_EDGE('',*,*,#718,.T.);
#890 = ORIENTED_EDGE('',*,*,#810,.T.);
#891 = ORIENTED_EDGE('',*,*,#892,.F.);
#892 = EDGE_CURVE('',#868,#811,#893,.T.);
#893 = LINE('',#894,#895);
#894 = CARTESIAN_POINT('',(-9.73,-0.3,0.67));
#895 = VECTOR('',#896,1.);
#896 = DIRECTION('',(1.110223024625E-16,-1.232595164408E-32,1.));
#897 = PLANE('',#898);
#898 = AXIS2_PLACEMENT_3D('',#899,#900,#901);
#899 = CARTESIAN_POINT('',(-9.88,-0.45,0.67));
#900 = DIRECTION('',(-0.707106781187,0.707106781187,7.850462293414E-17)
  );
#901 = DIRECTION('',(1.110223024625E-16,2.680278185005E-29,1.));
#902 = ADVANCED_FACE('',(#903),#928,.F.);
#903 = FACE_BOUND('',#904,.F.);
#904 = EDGE_LOOP('',(#905,#913,#921,#927));
#905 = ORIENTED_EDGE('',*,*,#906,.T.);
#906 = EDGE_CURVE('',#811,#907,#909,.T.);
#907 = VERTEX_POINT('',#908);
#908 = CARTESIAN_POINT('',(-2.42,-0.3,1.57));
#909 = LINE('',#910,#911);
#910 = CARTESIAN_POINT('',(-9.73,-0.3,1.57));
#911 = VECTOR('',#912,1.);
#912 = DIRECTION('',(1.,-1.110223024625E-16,-1.110223024625E-16));
#913 = ORIENTED_EDGE('',*,*,#914,.T.);
#914 = EDGE_CURVE('',#907,#915,#917,.T.);
#915 = VERTEX_POINT('',#916);
#916 = CARTESIAN_POINT('',(-2.42,0.3,1.57));
#917 = LINE('',#918,#919);
#918 = CARTESIAN_POINT('',(-2.42,-0.3,1.57));
#919 = VECTOR('',#920,1.);
#920 = DIRECTION('',(1.110223024625E-16,1.,0.));
#921 = ORIENTED_EDGE('',*,*,#922,.F.);
#922 = EDGE_CURVE('',#820,#915,#923,.T.);
#923 = LINE('',#924,#925);
#924 = CARTESIAN_POINT('',(-9.73,0.3,1.57));
#925 = VECTOR('',#926,1.);
#926 = DIRECTION('',(1.,-1.110223024625E-16,-1.110223024625E-16));
#927 = ORIENTED_EDGE('',*,*,#827,.F.);
#928 = PLANE('',#929);
#929 = AXIS2_PLACEMENT_3D('',#930,#931,#932);
#930 = CARTESIAN_POINT('',(-9.73,-0.3,1.57));
#931 = DIRECTION('',(1.110223024625E-16,-1.232595164408E-32,1.));
#932 = DIRECTION('',(1.110223024625E-16,1.,5.167288087198E-45));
#933 = ADVANCED_FACE('',(#934),#984,.F.);
#934 = FACE_BOUND('',#935,.F.);
#935 = EDGE_LOOP('',(#936,#937,#938,#946,#954,#962,#970,#978));
#936 = ORIENTED_EDGE('',*,*,#851,.F.);
#937 = ORIENTED_EDGE('',*,*,#922,.T.);
#938 = ORIENTED_EDGE('',*,*,#939,.T.);
#939 = EDGE_CURVE('',#915,#940,#942,.T.);
#940 = VERTEX_POINT('',#941);
#941 = CARTESIAN_POINT('',(-2.42,0.3,1.37));
#942 = LINE('',#943,#944);
#943 = CARTESIAN_POINT('',(-2.42,0.3,1.57));
#944 = VECTOR('',#945,1.);
#945 = DIRECTION('',(-1.110223024625E-16,1.232595164408E-32,-1.));
#946 = ORIENTED_EDGE('',*,*,#947,.T.);
#947 = EDGE_CURVE('',#940,#948,#950,.T.);
#948 = VERTEX_POINT('',#949);
#949 = CARTESIAN_POINT('',(-8.93,0.3,1.37));
#950 = LINE('',#951,#952);
#951 = CARTESIAN_POINT('',(-7.583251930629,0.3,1.37));
#952 = VECTOR('',#953,1.);
#953 = DIRECTION('',(-1.,1.110223024625E-16,1.110223024625E-16));
#954 = ORIENTED_EDGE('',*,*,#955,.F.);
#955 = EDGE_CURVE('',#956,#948,#958,.T.);
#956 = VERTEX_POINT('',#957);
#957 = CARTESIAN_POINT('',(-8.93,0.3,1.17));
#958 = LINE('',#959,#960);
#959 = CARTESIAN_POINT('',(-8.93,0.3,1.17));
#960 = VECTOR('',#961,1.);
#961 = DIRECTION('',(1.110223024625E-16,-1.232595164408E-32,1.));
#962 = ORIENTED_EDGE('',*,*,#963,.F.);
#963 = EDGE_CURVE('',#964,#956,#966,.T.);
#964 = VERTEX_POINT('',#965);
#965 = CARTESIAN_POINT('',(-2.42,0.3,1.17));
#966 = LINE('',#967,#968);
#967 = CARTESIAN_POINT('',(-7.583251930629,0.3,1.17));
#968 = VECTOR('',#969,1.);
#969 = DIRECTION('',(-1.,1.110223024625E-16,1.110223024625E-16));
#970 = ORIENTED_EDGE('',*,*,#971,.T.);
#971 = EDGE_CURVE('',#964,#972,#974,.T.);
#972 = VERTEX_POINT('',#973);
#973 = CARTESIAN_POINT('',(-2.42,0.3,0.97));
#974 = LINE('',#975,#976);
#975 = CARTESIAN_POINT('',(-2.42,0.3,1.57));
#976 = VECTOR('',#977,1.);
#977 = DIRECTION('',(-1.110223024625E-16,1.232595164408E-32,-1.));
#978 = ORIENTED_EDGE('',*,*,#979,.F.);
#979 = EDGE_CURVE('',#844,#972,#980,.T.);
#980 = LINE('',#981,#982);
#981 = CARTESIAN_POINT('',(-9.73,0.3,0.97));
#982 = VECTOR('',#983,1.);
#983 = DIRECTION('',(1.,-1.110223024625E-16,-1.110223024625E-16));
#984 = PLANE('',#985);
#985 = AXIS2_PLACEMENT_3D('',#986,#987,#988);
#986 = CARTESIAN_POINT('',(-9.73,0.3,1.57));
#987 = DIRECTION('',(1.110223024625E-16,1.,0.));
#988 = DIRECTION('',(-1.110223024625E-16,1.232595164407E-32,-1.));
#989 = ADVANCED_FACE('',(#990),#1008,.F.);
#990 = FACE_BOUND('',#991,.F.);
#991 = EDGE_LOOP('',(#992,#993,#1001,#1007));
#992 = ORIENTED_EDGE('',*,*,#979,.T.);
#993 = ORIENTED_EDGE('',*,*,#994,.T.);
#994 = EDGE_CURVE('',#972,#995,#997,.T.);
#995 = VERTEX_POINT('',#996);
#996 = CARTESIAN_POINT('',(-2.42,-0.3,0.97));
#997 = LINE('',#998,#999);
#998 = CARTESIAN_POINT('',(-2.42,0.3,0.97));
#999 = VECTOR('',#1000,1.);
#1000 = DIRECTION('',(-1.110223024625E-16,-1.,0.));
#1001 = ORIENTED_EDGE('',*,*,#1002,.F.);
#1002 = EDGE_CURVE('',#868,#995,#1003,.T.);
#1003 = LINE('',#1004,#1005);
#1004 = CARTESIAN_POINT('',(-9.73,-0.3,0.97));
#1005 = VECTOR('',#1006,1.);
#1006 = DIRECTION('',(1.,-1.110223024625E-16,-1.110223024625E-16));
#1007 = ORIENTED_EDGE('',*,*,#875,.F.);
#1008 = PLANE('',#1009);
#1009 = AXIS2_PLACEMENT_3D('',#1010,#1011,#1012);
#1010 = CARTESIAN_POINT('',(-9.73,0.3,0.97));
#1011 = DIRECTION('',(-1.110223024625E-16,1.232595164408E-32,-1.));
#1012 = DIRECTION('',(-1.110223024625E-16,-1.,-5.167288087198E-45));
#1013 = ADVANCED_FACE('',(#1014),#1057,.F.);
#1014 = FACE_BOUND('',#1015,.F.);
#1015 = EDGE_LOOP('',(#1016,#1017,#1018,#1026,#1034,#1042,#1050,#1056));
#1016 = ORIENTED_EDGE('',*,*,#892,.F.);
#1017 = ORIENTED_EDGE('',*,*,#1002,.T.);
#1018 = ORIENTED_EDGE('',*,*,#1019,.T.);
#1019 = EDGE_CURVE('',#995,#1020,#1022,.T.);
#1020 = VERTEX_POINT('',#1021);
#1021 = CARTESIAN_POINT('',(-2.42,-0.3,1.17));
#1022 = LINE('',#1023,#1024);
#1023 = CARTESIAN_POINT('',(-2.42,-0.3,0.97));
#1024 = VECTOR('',#1025,1.);
#1025 = DIRECTION('',(1.110223024625E-16,-1.232595164408E-32,1.));
#1026 = ORIENTED_EDGE('',*,*,#1027,.F.);
#1027 = EDGE_CURVE('',#1028,#1020,#1030,.T.);
#1028 = VERTEX_POINT('',#1029);
#1029 = CARTESIAN_POINT('',(-8.93,-0.3,1.17));
#1030 = LINE('',#1031,#1032);
#1031 = CARTESIAN_POINT('',(-7.583251930629,-0.3,1.17));
#1032 = VECTOR('',#1033,1.);
#1033 = DIRECTION('',(1.,-1.110223024625E-16,-1.110223024625E-16));
#1034 = ORIENTED_EDGE('',*,*,#1035,.T.);
#1035 = EDGE_CURVE('',#1028,#1036,#1038,.T.);
#1036 = VERTEX_POINT('',#1037);
#1037 = CARTESIAN_POINT('',(-8.93,-0.3,1.37));
#1038 = LINE('',#1039,#1040);
#1039 = CARTESIAN_POINT('',(-8.93,-0.3,1.17));
#1040 = VECTOR('',#1041,1.);
#1041 = DIRECTION('',(1.110223024625E-16,-1.232595164408E-32,1.));
#1042 = ORIENTED_EDGE('',*,*,#1043,.T.);
#1043 = EDGE_CURVE('',#1036,#1044,#1046,.T.);
#1044 = VERTEX_POINT('',#1045);
#1045 = CARTESIAN_POINT('',(-2.42,-0.3,1.37));
#1046 = LINE('',#1047,#1048);
#1047 = CARTESIAN_POINT('',(-7.583251930629,-0.3,1.37));
#1048 = VECTOR('',#1049,1.);
#1049 = DIRECTION('',(1.,-1.110223024625E-16,-1.110223024625E-16));
#1050 = ORIENTED_EDGE('',*,*,#1051,.T.);
#1051 = EDGE_CURVE('',#1044,#907,#1052,.T.);
#1052 = LINE('',#1053,#1054);
#1053 = CARTESIAN_POINT('',(-2.42,-0.3,0.97));
#1054 = VECTOR('',#1055,1.);
#1055 = DIRECTION('',(1.110223024625E-16,-1.232595164408E-32,1.));
#1056 = ORIENTED_EDGE('',*,*,#906,.F.);
#1057 = PLANE('',#1058);
#1058 = AXIS2_PLACEMENT_3D('',#1059,#1060,#1061);
#1059 = CARTESIAN_POINT('',(-9.73,-0.3,0.97));
#1060 = DIRECTION('',(-1.110223024625E-16,-1.,0.));
#1061 = DIRECTION('',(1.110223024625E-16,-1.232595164407E-32,1.));
#1062 = ADVANCED_FACE('',(#1063),#1074,.T.);
#1063 = FACE_BOUND('',#1064,.T.);
#1064 = EDGE_LOOP('',(#1065,#1066,#1067,#1068));
#1065 = ORIENTED_EDGE('',*,*,#1051,.T.);
#1066 = ORIENTED_EDGE('',*,*,#914,.T.);
#1067 = ORIENTED_EDGE('',*,*,#939,.T.);
#1068 = ORIENTED_EDGE('',*,*,#1069,.T.);
#1069 = EDGE_CURVE('',#940,#1044,#1070,.T.);
#1070 = LINE('',#1071,#1072);
#1071 = CARTESIAN_POINT('',(-2.42,3.000374053213E-16,1.37));
#1072 = VECTOR('',#1073,1.);
#1073 = DIRECTION('',(-1.110223024625E-16,-1.,0.));
#1074 = PLANE('',#1075);
#1075 = AXIS2_PLACEMENT_3D('',#1076,#1077,#1078);
#1076 = CARTESIAN_POINT('',(-2.42,2.802387951325E-16,1.27));
#1077 = DIRECTION('',(-1.,1.110223024625E-16,1.110223024625E-16));
#1078 = DIRECTION('',(1.110223024625E-16,1.,0.));
#1079 = ADVANCED_FACE('',(#1080),#1091,.T.);
#1080 = FACE_BOUND('',#1081,.T.);
#1081 = EDGE_LOOP('',(#1082,#1083,#1089,#1090));
#1082 = ORIENTED_EDGE('',*,*,#1019,.T.);
#1083 = ORIENTED_EDGE('',*,*,#1084,.F.);
#1084 = EDGE_CURVE('',#964,#1020,#1085,.T.);
#1085 = LINE('',#1086,#1087);
#1086 = CARTESIAN_POINT('',(-2.42,3.000374053213E-16,1.17));
#1087 = VECTOR('',#1088,1.);
#1088 = DIRECTION('',(-1.110223024625E-16,-1.,0.));
#1089 = ORIENTED_EDGE('',*,*,#971,.T.);
#1090 = ORIENTED_EDGE('',*,*,#994,.T.);
#1091 = PLANE('',#1092);
#1092 = AXIS2_PLACEMENT_3D('',#1093,#1094,#1095);
#1093 = CARTESIAN_POINT('',(-2.42,2.802387951325E-16,1.27));
#1094 = DIRECTION('',(-1.,1.110223024625E-16,1.110223024625E-16));
#1095 = DIRECTION('',(1.110223024625E-16,1.,0.));
#1096 = ADVANCED_FACE('',(#1097),#1140,.T.);
#1097 = FACE_BOUND('',#1098,.T.);
#1098 = EDGE_LOOP('',(#1099,#1100,#1108,#1116,#1124,#1132,#1138,#1139));
#1099 = ORIENTED_EDGE('',*,*,#1027,.F.);
#1100 = ORIENTED_EDGE('',*,*,#1101,.T.);
#1101 = EDGE_CURVE('',#1028,#1102,#1104,.T.);
#1102 = VERTEX_POINT('',#1103);
#1103 = CARTESIAN_POINT('',(-8.88,-0.25,1.17));
#1104 = LINE('',#1105,#1106);
#1105 = CARTESIAN_POINT('',(-8.93,-0.3,1.17));
#1106 = VECTOR('',#1107,1.);
#1107 = DIRECTION('',(0.707106781187,0.707106781187,-7.850462293414E-17)
  );
#1108 = ORIENTED_EDGE('',*,*,#1109,.T.);
#1109 = EDGE_CURVE('',#1102,#1110,#1112,.T.);
#1110 = VERTEX_POINT('',#1111);
#1111 = CARTESIAN_POINT('',(-2.77,-0.25,1.17));
#1112 = LINE('',#1113,#1114);
#1113 = CARTESIAN_POINT('',(-8.88,-0.25,1.17));
#1114 = VECTOR('',#1115,1.);
#1115 = DIRECTION('',(1.,-1.110223024625E-16,-1.110223024625E-16));
#1116 = ORIENTED_EDGE('',*,*,#1117,.T.);
#1117 = EDGE_CURVE('',#1110,#1118,#1120,.T.);
#1118 = VERTEX_POINT('',#1119);
#1119 = CARTESIAN_POINT('',(-2.77,0.25,1.17));
#1120 = LINE('',#1121,#1122);
#1121 = CARTESIAN_POINT('',(-2.77,-0.25,1.17));
#1122 = VECTOR('',#1123,1.);
#1123 = DIRECTION('',(1.110223024625E-16,1.,0.));
#1124 = ORIENTED_EDGE('',*,*,#1125,.T.);
#1125 = EDGE_CURVE('',#1118,#1126,#1128,.T.);
#1126 = VERTEX_POINT('',#1127);
#1127 = CARTESIAN_POINT('',(-8.88,0.25,1.17));
#1128 = LINE('',#1129,#1130);
#1129 = CARTESIAN_POINT('',(-2.77,0.25,1.17));
#1130 = VECTOR('',#1131,1.);
#1131 = DIRECTION('',(-1.,1.110223024625E-16,1.110223024625E-16));
#1132 = ORIENTED_EDGE('',*,*,#1133,.T.);
#1133 = EDGE_CURVE('',#1126,#956,#1134,.T.);
#1134 = LINE('',#1135,#1136);
#1135 = CARTESIAN_POINT('',(-8.88,0.25,1.17));
#1136 = VECTOR('',#1137,1.);
#1137 = DIRECTION('',(-0.707106781187,0.707106781187,7.850462293414E-17)
  );
#1138 = ORIENTED_EDGE('',*,*,#963,.F.);
#1139 = ORIENTED_EDGE('',*,*,#1084,.T.);
#1140 = PLANE('',#1141);
#1141 = AXIS2_PLACEMENT_3D('',#1142,#1143,#1144);
#1142 = CARTESIAN_POINT('',(-5.436503861258,6.547352195741E-16,1.17));
#1143 = DIRECTION('',(-1.110223024625E-16,1.232595164408E-32,-1.));
#1144 = DIRECTION('',(-1.,1.110223024625E-16,1.110223024625E-16));
#1145 = ADVANCED_FACE('',(#1146),#1164,.T.);
#1146 = FACE_BOUND('',#1147,.T.);
#1147 = EDGE_LOOP('',(#1148,#1156,#1162,#1163));
#1148 = ORIENTED_EDGE('',*,*,#1149,.T.);
#1149 = EDGE_CURVE('',#1126,#1150,#1152,.T.);
#1150 = VERTEX_POINT('',#1151);
#1151 = CARTESIAN_POINT('',(-8.88,0.25,1.37));
#1152 = LINE('',#1153,#1154);
#1153 = CARTESIAN_POINT('',(-8.88,0.25,1.17));
#1154 = VECTOR('',#1155,1.);
#1155 = DIRECTION('',(1.110223024625E-16,-1.232595164408E-32,1.));
#1156 = ORIENTED_EDGE('',*,*,#1157,.T.);
#1157 = EDGE_CURVE('',#1150,#948,#1158,.T.);
#1158 = LINE('',#1159,#1160);
#1159 = CARTESIAN_POINT('',(-8.88,0.25,1.37));
#1160 = VECTOR('',#1161,1.);
#1161 = DIRECTION('',(-0.707106781187,0.707106781187,7.850462293414E-17)
  );
#1162 = ORIENTED_EDGE('',*,*,#955,.F.);
#1163 = ORIENTED_EDGE('',*,*,#1133,.F.);
#1164 = PLANE('',#1165);
#1165 = AXIS2_PLACEMENT_3D('',#1166,#1167,#1168);
#1166 = CARTESIAN_POINT('',(-8.88,0.25,1.17));
#1167 = DIRECTION('',(-0.707106781187,-0.707106781187,7.850462293414E-17
    ));
#1168 = DIRECTION('',(-0.707106781187,0.707106781187,7.850462293414E-17)
  );
#1169 = ADVANCED_FACE('',(#1170),#1206,.F.);
#1170 = FACE_BOUND('',#1171,.F.);
#1171 = EDGE_LOOP('',(#1172,#1173,#1181,#1189,#1197,#1203,#1204,#1205));
#1172 = ORIENTED_EDGE('',*,*,#1043,.F.);
#1173 = ORIENTED_EDGE('',*,*,#1174,.T.);
#1174 = EDGE_CURVE('',#1036,#1175,#1177,.T.);
#1175 = VERTEX_POINT('',#1176);
#1176 = CARTESIAN_POINT('',(-8.88,-0.25,1.37));
#1177 = LINE('',#1178,#1179);
#1178 = CARTESIAN_POINT('',(-8.93,-0.3,1.37));
#1179 = VECTOR('',#1180,1.);
#1180 = DIRECTION('',(0.707106781187,0.707106781187,-7.850462293414E-17)
  );
#1181 = ORIENTED_EDGE('',*,*,#1182,.T.);
#1182 = EDGE_CURVE('',#1175,#1183,#1185,.T.);
#1183 = VERTEX_POINT('',#1184);
#1184 = CARTESIAN_POINT('',(-2.77,-0.25,1.37));
#1185 = LINE('',#1186,#1187);
#1186 = CARTESIAN_POINT('',(-8.88,-0.25,1.37));
#1187 = VECTOR('',#1188,1.);
#1188 = DIRECTION('',(1.,-1.110223024625E-16,-1.110223024625E-16));
#1189 = ORIENTED_EDGE('',*,*,#1190,.T.);
#1190 = EDGE_CURVE('',#1183,#1191,#1193,.T.);
#1191 = VERTEX_POINT('',#1192);
#1192 = CARTESIAN_POINT('',(-2.77,0.25,1.37));
#1193 = LINE('',#1194,#1195);
#1194 = CARTESIAN_POINT('',(-2.77,-0.25,1.37));
#1195 = VECTOR('',#1196,1.);
#1196 = DIRECTION('',(1.110223024625E-16,1.,0.));
#1197 = ORIENTED_EDGE('',*,*,#1198,.T.);
#1198 = EDGE_CURVE('',#1191,#1150,#1199,.T.);
#1199 = LINE('',#1200,#1201);
#1200 = CARTESIAN_POINT('',(-2.77,0.25,1.37));
#1201 = VECTOR('',#1202,1.);
#1202 = DIRECTION('',(-1.,1.110223024625E-16,1.110223024625E-16));
#1203 = ORIENTED_EDGE('',*,*,#1157,.T.);
#1204 = ORIENTED_EDGE('',*,*,#947,.F.);
#1205 = ORIENTED_EDGE('',*,*,#1069,.T.);
#1206 = PLANE('',#1207);
#1207 = AXIS2_PLACEMENT_3D('',#1208,#1209,#1210);
#1208 = CARTESIAN_POINT('',(-5.436503861258,6.547352195741E-16,1.37));
#1209 = DIRECTION('',(-1.110223024625E-16,1.232595164408E-32,-1.));
#1210 = DIRECTION('',(-1.,1.110223024625E-16,1.110223024625E-16));
#1211 = ADVANCED_FACE('',(#1212),#1223,.T.);
#1212 = FACE_BOUND('',#1213,.T.);
#1213 = EDGE_LOOP('',(#1214,#1215,#1216,#1222));
#1214 = ORIENTED_EDGE('',*,*,#1035,.T.);
#1215 = ORIENTED_EDGE('',*,*,#1174,.T.);
#1216 = ORIENTED_EDGE('',*,*,#1217,.F.);
#1217 = EDGE_CURVE('',#1102,#1175,#1218,.T.);
#1218 = LINE('',#1219,#1220);
#1219 = CARTESIAN_POINT('',(-8.88,-0.25,1.17));
#1220 = VECTOR('',#1221,1.);
#1221 = DIRECTION('',(1.110223024625E-16,-1.232595164408E-32,1.));
#1222 = ORIENTED_EDGE('',*,*,#1101,.F.);
#1223 = PLANE('',#1224);
#1224 = AXIS2_PLACEMENT_3D('',#1225,#1226,#1227);
#1225 = CARTESIAN_POINT('',(-8.93,-0.3,1.17));
#1226 = DIRECTION('',(-0.707106781187,0.707106781187,7.850462293414E-17)
  );
#1227 = DIRECTION('',(0.707106781187,0.707106781187,-7.850462293414E-17)
  );
#1228 = ADVANCED_FACE('',(#1229),#1240,.T.);
#1229 = FACE_BOUND('',#1230,.T.);
#1230 = EDGE_LOOP('',(#1231,#1237,#1238,#1239));
#1231 = ORIENTED_EDGE('',*,*,#1232,.T.);
#1232 = EDGE_CURVE('',#1118,#1191,#1233,.T.);
#1233 = LINE('',#1234,#1235);
#1234 = CARTESIAN_POINT('',(-2.77,0.25,1.17));
#1235 = VECTOR('',#1236,1.);
#1236 = DIRECTION('',(1.110223024625E-16,-1.232595164408E-32,1.));
#1237 = ORIENTED_EDGE('',*,*,#1198,.T.);
#1238 = ORIENTED_EDGE('',*,*,#1149,.F.);
#1239 = ORIENTED_EDGE('',*,*,#1125,.F.);
#1240 = PLANE('',#1241);
#1241 = AXIS2_PLACEMENT_3D('',#1242,#1243,#1244);
#1242 = CARTESIAN_POINT('',(-2.77,0.25,1.17));
#1243 = DIRECTION('',(-1.110223024625E-16,-1.,0.));
#1244 = DIRECTION('',(-1.,1.110223024625E-16,1.110223024625E-16));
#1245 = ADVANCED_FACE('',(#1246),#1257,.T.);
#1246 = FACE_BOUND('',#1247,.T.);
#1247 = EDGE_LOOP('',(#1248,#1254,#1255,#1256));
#1248 = ORIENTED_EDGE('',*,*,#1249,.T.);
#1249 = EDGE_CURVE('',#1110,#1183,#1250,.T.);
#1250 = LINE('',#1251,#1252);
#1251 = CARTESIAN_POINT('',(-2.77,-0.25,1.17));
#1252 = VECTOR('',#1253,1.);
#1253 = DIRECTION('',(1.110223024625E-16,-1.232595164408E-32,1.));
#1254 = ORIENTED_EDGE('',*,*,#1190,.T.);
#1255 = ORIENTED_EDGE('',*,*,#1232,.F.);
#1256 = ORIENTED_EDGE('',*,*,#1117,.F.);
#1257 = PLANE('',#1258);
#1258 = AXIS2_PLACEMENT_3D('',#1259,#1260,#1261);
#1259 = CARTESIAN_POINT('',(-2.77,-0.25,1.17));
#1260 = DIRECTION('',(-1.,1.110223024625E-16,1.110223024625E-16));
#1261 = DIRECTION('',(1.110223024625E-16,1.,0.));
#1262 = ADVANCED_FACE('',(#1263),#1269,.T.);
#1263 = FACE_BOUND('',#1264,.T.);
#1264 = EDGE_LOOP('',(#1265,#1266,#1267,#1268));
#1265 = ORIENTED_EDGE('',*,*,#1217,.T.);
#1266 = ORIENTED_EDGE('',*,*,#1182,.T.);
#1267 = ORIENTED_EDGE('',*,*,#1249,.F.);
#1268 = ORIENTED_EDGE('',*,*,#1109,.F.);
#1269 = PLANE('',#1270);
#1270 = AXIS2_PLACEMENT_3D('',#1271,#1272,#1273);
#1271 = CARTESIAN_POINT('',(-8.88,-0.25,1.17));
#1272 = DIRECTION('',(1.110223024625E-16,1.,0.));
#1273 = DIRECTION('',(1.,-1.110223024625E-16,-1.110223024625E-16));
#1274 = ( GEOMETRIC_REPRESENTATION_CONTEXT(3) 
GLOBAL_UNCERTAINTY_ASSIGNED_CONTEXT((#1278)) 
GLOBAL_UNIT_ASSIGNED_CONTEXT((#1275,#1276,#1277)) REPRESENTATION_CONTEXT
('Context #1','3D Context with UNIT and UNCERTAINTY') );
#1275 = ( LENGTH_UNIT() NAMED_UNIT(*) SI_UNIT(.MILLI.,.METRE.) );
#1276 = ( NAMED_UNIT(*) PLANE_ANGLE_UNIT() SI_UNIT($,.RADIAN.) );
#1277 = ( NAMED_UNIT(*) SI_UNIT($,.STERADIAN.) SOLID_ANGLE_UNIT() );
#1278 = UNCERTAINTY_MEASURE_WITH_UNIT(LENGTH_MEASURE(1.E-07),#1275,
  'distance_accuracy_value','confusion accuracy');
#1279 = CONTEXT_DEPENDENT_SHAPE_REPRESENTATION(#1280,#1282);
#1280 = ( REPRESENTATION_RELATIONSHIP('','',#79,#56) 
REPRESENTATION_RELATIONSHIP_WITH_TRANSFORMATION(#1281) 
SHAPE_REPRESENTATION_RELATIONSHIP() );
#1281 = ITEM_DEFINED_TRANSFORMATION('','',#11,#57);
#1282 = PRODUCT_DEFINITION_SHAPE('Placement','Placement of an item',
  #1283);
#1283 = NEXT_ASSEMBLY_USAGE_OCCURRENCE('1','=>[0:1:1:3]','',#51,#74,$);
#1284 = PRODUCT_RELATED_PRODUCT_CATEGORY('part',$,(#76));
#1285 = CONTEXT_DEPENDENT_SHAPE_REPRESENTATION(#1286,#1288);
#1286 = ( REPRESENTATION_RELATIONSHIP('','',#56,#10) 
REPRESENTATION_RELATIONSHIP_WITH_TRANSFORMATION(#1287) 
SHAPE_REPRESENTATION_RELATIONSHIP() );
#1287 = ITEM_DEFINED_TRANSFORMATION('','',#11,#19);
#1288 = PRODUCT_DEFINITION_SHAPE('Placement','Placement of an item',
  #1289);
#1289 = NEXT_ASSEMBLY_USAGE_OCCURRENCE('3','J3','',#5,#51,$);
#1290 = SHAPE_DEFINITION_REPRESENTATION(#1291,#1297);
#1291 = PRODUCT_DEFINITION_SHAPE('','',#1292);
#1292 = PRODUCT_DEFINITION('design','',#1293,#1296);
#1293 = PRODUCT_DEFINITION_FORMATION('','',#1294);
#1294 = PRODUCT('JST_SH_SM04B-SRSS-TB_1x04-1MP_P1.00mm_Horizontal',
  'JST_SH_SM04B-SRSS-TB_1x04-1MP_P1.00mm_Horizontal','',(#1295));
#1295 = PRODUCT_CONTEXT('',#2,'mechanical');
#1296 = PRODUCT_DEFINITION_CONTEXT('part definition',#2,'design');
#1297 = SHAPE_REPRESENTATION('',(#11,#1298),#1302);
#1298 = AXIS2_PLACEMENT_3D('',#1299,#1300,#1301);
#1299 = CARTESIAN_POINT('',(0.,0.,0.));
#1300 = DIRECTION('',(0.,0.,1.));
#1301 = DIRECTION('',(1.,0.,-0.));
#1302 = ( GEOMETRIC_REPRESENTATION_CONTEXT(3) 
GLOBAL_UNCERTAINTY_ASSIGNED_CONTEXT((#1306)) 
GLOBAL_UNIT_ASSIGNED_CONTEXT((#1303,#1304,#1305)) REPRESENTATION_CONTEXT
('Context #1','3D Context with UNIT and UNCERTAINTY') );
#1303 = ( LENGTH_UNIT() NAMED_UNIT(*) SI_UNIT(.MILLI.,.METRE.) );
#1304 = ( NAMED_UNIT(*) PLANE_ANGLE_UNIT() SI_UNIT($,.RADIAN.) );
#1305 = ( NAMED_UNIT(*) SI_UNIT($,.STERADIAN.) SOLID_ANGLE_UNIT() );
#1306 = UNCERTAINTY_MEASURE_WITH_UNIT(LENGTH_MEASURE(1.E-07),#1303,
  'distance_accuracy_value','confusion accuracy');
#1307 = CONTEXT_DEPENDENT_SHAPE_REPRESENTATION(#1308,#1310);
#1308 = ( REPRESENTATION_RELATIONSHIP('','',#1297,#10) 
REPRESENTATION_RELATIONSHIP_WITH_TRANSFORMATION(#1309) 
SHAPE_REPRESENTATION_RELATIONSHIP() );
#1309 = ITEM_DEFINED_TRANSFORMATION('','',#11,#23);
#1310 = PRODUCT_DEFINITION_SHAPE('Placement','Placement of an item',
  #1311);
#1311 = NEXT_ASSEMBLY_USAGE_OCCURRENCE('5','J1','',#5,#1292,$);
#1312 = PRODUCT_RELATED_PRODUCT_CATEGORY('part',$,(#1294));
#1313 = SHAPE_DEFINITION_REPRESENTATION(#1314,#1320);
#1314 = PRODUCT_DEFINITION_SHAPE('','',#1315);
#1315 = PRODUCT_DEFINITION('design','',#1316,#1319);
#1316 = PRODUCT_DEFINITION_FORMATION('','',#1317);
#1317 = PRODUCT('JST_SH_SM04B-SRSS-TB_1x04-1MP_P1.00mm_Horizontal',
  'JST_SH_SM04B-SRSS-TB_1x04-1MP_P1.00mm_Horizontal','',(#1318));
#1318 = PRODUCT_CONTEXT('',#2,'mechanical');
#1319 = PRODUCT_DEFINITION_CONTEXT('part definition',#2,'design');
#1320 = ADVANCED_BREP_SHAPE_REPRESENTATION('',(#11,#1321),#4125);
#1321 = MANIFOLD_SOLID_BREP('',#1322);
#1322 = CLOSED_SHELL('',(#1323,#1427,#1634,#1658,#1682,#1706,#1730,#1891
    ,#1947,#1971,#1995,#2019,#2043,#2175,#2247,#2271,#2302,#2326,#2357,
    #2381,#2421,#2445,#2478,#2518,#2542,#2575,#2615,#2639,#2672,#2712,
    #2736,#2769,#2796,#2814,#2839,#2863,#2917,#2941,#2965,#2982,#3006,
    #3053,#3077,#3101,#3118,#3135,#3175,#3192,#3206,#3223,#3240,#3257,
    #3274,#3291,#3315,#3332,#3349,#3361,#3381,#3393,#3405,#3422,#3434,
    #3451,#3463,#3480,#3492,#3509,#3521,#3533,#3681,#3693,#3724,#3748,
    #3772,#3789,#3820,#3844,#3868,#3885,#3916,#3940,#3964,#3981,#4012,
    #4036,#4060,#4077,#4089,#4101,#4113));
#1323 = ADVANCED_FACE('',(#1324),#1422,.F.);
#1324 = FACE_BOUND('',#1325,.F.);
#1325 = EDGE_LOOP('',(#1326,#1336,#1344,#1352,#1360,#1368,#1376,#1384,
    #1392,#1400,#1408,#1416));
#1326 = ORIENTED_EDGE('',*,*,#1327,.F.);
#1327 = EDGE_CURVE('',#1328,#1330,#1332,.T.);
#1328 = VERTEX_POINT('',#1329);
#1329 = CARTESIAN_POINT('',(-3.,1.775,6.E-02));
#1330 = VERTEX_POINT('',#1331);
#1331 = CARTESIAN_POINT('',(-3.,-0.975,6.E-02));
#1332 = LINE('',#1333,#1334);
#1333 = CARTESIAN_POINT('',(-3.,1.775,6.E-02));
#1334 = VECTOR('',#1335,1.);
#1335 = DIRECTION('',(0.,-1.,1.110223024625E-16));
#1336 = ORIENTED_EDGE('',*,*,#1337,.T.);
#1337 = EDGE_CURVE('',#1328,#1338,#1340,.T.);
#1338 = VERTEX_POINT('',#1339);
#1339 = CARTESIAN_POINT('',(-3.,1.775,1.46));
#1340 = LINE('',#1341,#1342);
#1341 = CARTESIAN_POINT('',(-3.,1.775,6.E-02));
#1342 = VECTOR('',#1343,1.);
#1343 = DIRECTION('',(0.,1.110223024625E-16,1.));
#1344 = ORIENTED_EDGE('',*,*,#1345,.T.);
#1345 = EDGE_CURVE('',#1338,#1346,#1348,.T.);
#1346 = VERTEX_POINT('',#1347);
#1347 = CARTESIAN_POINT('',(-3.,1.225,1.46));
#1348 = LINE('',#1349,#1350);
#1349 = CARTESIAN_POINT('',(-3.,1.775,1.46));
#1350 = VECTOR('',#1351,1.);
#1351 = DIRECTION('',(0.,-1.,1.110223024625E-16));
#1352 = ORIENTED_EDGE('',*,*,#1353,.T.);
#1353 = EDGE_CURVE('',#1346,#1354,#1356,.T.);
#1354 = VERTEX_POINT('',#1355);
#1355 = CARTESIAN_POINT('',(-3.,1.225,2.46));
#1356 = LINE('',#1357,#1358);
#1357 = CARTESIAN_POINT('',(-3.,1.225,1.46));
#1358 = VECTOR('',#1359,1.);
#1359 = DIRECTION('',(0.,1.110223024625E-16,1.));
#1360 = ORIENTED_EDGE('',*,*,#1361,.T.);
#1361 = EDGE_CURVE('',#1354,#1362,#1364,.T.);
#1362 = VERTEX_POINT('',#1363);
#1363 = CARTESIAN_POINT('',(-3.,0.575,2.46));
#1364 = LINE('',#1365,#1366);
#1365 = CARTESIAN_POINT('',(-3.,1.225,2.46));
#1366 = VECTOR('',#1367,1.);
#1367 = DIRECTION('',(0.,-1.,1.110223024625E-16));
#1368 = ORIENTED_EDGE('',*,*,#1369,.T.);
#1369 = EDGE_CURVE('',#1362,#1370,#1372,.T.);
#1370 = VERTEX_POINT('',#1371);
#1371 = CARTESIAN_POINT('',(-3.,0.286,2.96));
#1372 = LINE('',#1373,#1374);
#1373 = CARTESIAN_POINT('',(-3.,0.575,2.46));
#1374 = VECTOR('',#1375,1.);
#1375 = DIRECTION('',(0.,-0.500421834463,0.865781720524));
#1376 = ORIENTED_EDGE('',*,*,#1377,.T.);
#1377 = EDGE_CURVE('',#1370,#1378,#1380,.T.);
#1378 = VERTEX_POINT('',#1379);
#1379 = CARTESIAN_POINT('',(-3.,-2.475,2.96));
#1380 = LINE('',#1381,#1382);
#1381 = CARTESIAN_POINT('',(-3.,1.775,2.96));
#1382 = VECTOR('',#1383,1.);
#1383 = DIRECTION('',(0.,-1.,1.110223024625E-16));
#1384 = ORIENTED_EDGE('',*,*,#1385,.F.);
#1385 = EDGE_CURVE('',#1386,#1378,#1388,.T.);
#1386 = VERTEX_POINT('',#1387);
#1387 = CARTESIAN_POINT('',(-3.,-2.475,1.26));
#1388 = LINE('',#1389,#1390);
#1389 = CARTESIAN_POINT('',(-3.,-2.475,6.E-02));
#1390 = VECTOR('',#1391,1.);
#1391 = DIRECTION('',(0.,1.110223024625E-16,1.));
#1392 = ORIENTED_EDGE('',*,*,#1393,.T.);
#1393 = EDGE_CURVE('',#1386,#1394,#1396,.T.);
#1394 = VERTEX_POINT('',#1395);
#1395 = CARTESIAN_POINT('',(-3.,-1.975,1.26));
#1396 = LINE('',#1397,#1398);
#1397 = CARTESIAN_POINT('',(-3.,-2.475,1.26));
#1398 = VECTOR('',#1399,1.);
#1399 = DIRECTION('',(0.,1.,-1.110223024625E-16));
#1400 = ORIENTED_EDGE('',*,*,#1401,.T.);
#1401 = EDGE_CURVE('',#1394,#1402,#1404,.T.);
#1402 = VERTEX_POINT('',#1403);
#1403 = CARTESIAN_POINT('',(-3.,-1.975,0.61));
#1404 = LINE('',#1405,#1406);
#1405 = CARTESIAN_POINT('',(-3.,-1.975,1.26));
#1406 = VECTOR('',#1407,1.);
#1407 = DIRECTION('',(0.,-1.110223024625E-16,-1.));
#1408 = ORIENTED_EDGE('',*,*,#1409,.T.);
#1409 = EDGE_CURVE('',#1402,#1410,#1412,.T.);
#1410 = VERTEX_POINT('',#1411);
#1411 = CARTESIAN_POINT('',(-3.,-0.975,0.61));
#1412 = LINE('',#1413,#1414);
#1413 = CARTESIAN_POINT('',(-3.,-1.975,0.61));
#1414 = VECTOR('',#1415,1.);
#1415 = DIRECTION('',(0.,1.,-1.110223024625E-16));
#1416 = ORIENTED_EDGE('',*,*,#1417,.T.);
#1417 = EDGE_CURVE('',#1410,#1330,#1418,.T.);
#1418 = LINE('',#1419,#1420);
#1419 = CARTESIAN_POINT('',(-3.,-0.975,0.61));
#1420 = VECTOR('',#1421,1.);
#1421 = DIRECTION('',(0.,-1.110223024625E-16,-1.));
#1422 = PLANE('',#1423);
#1423 = AXIS2_PLACEMENT_3D('',#1424,#1425,#1426);
#1424 = CARTESIAN_POINT('',(-3.,1.775,6.E-02));
#1425 = DIRECTION('',(1.,0.,0.));
#1426 = DIRECTION('',(0.,-1.,1.110223024625E-16));
#1427 = ADVANCED_FACE('',(#1428),#1629,.F.);
#1428 = FACE_BOUND('',#1429,.F.);
#1429 = EDGE_LOOP('',(#1430,#1440,#1448,#1456,#1464,#1472,#1480,#1488,
    #1496,#1504,#1512,#1520,#1528,#1536,#1544,#1552,#1560,#1568,#1574,
    #1575,#1583,#1591,#1599,#1607,#1615,#1623));
#1430 = ORIENTED_EDGE('',*,*,#1431,.F.);
#1431 = EDGE_CURVE('',#1432,#1434,#1436,.T.);
#1432 = VERTEX_POINT('',#1433);
#1433 = CARTESIAN_POINT('',(3.,1.775,6.E-02));
#1434 = VERTEX_POINT('',#1435);
#1435 = CARTESIAN_POINT('',(3.,-0.975,6.E-02));
#1436 = LINE('',#1437,#1438);
#1437 = CARTESIAN_POINT('',(3.,1.775,6.E-02));
#1438 = VECTOR('',#1439,1.);
#1439 = DIRECTION('',(0.,-1.,1.110223024625E-16));
#1440 = ORIENTED_EDGE('',*,*,#1441,.F.);
#1441 = EDGE_CURVE('',#1442,#1432,#1444,.T.);
#1442 = VERTEX_POINT('',#1443);
#1443 = CARTESIAN_POINT('',(1.6,1.775,6.E-02));
#1444 = LINE('',#1445,#1446);
#1445 = CARTESIAN_POINT('',(-3.,1.775,6.E-02));
#1446 = VECTOR('',#1447,1.);
#1447 = DIRECTION('',(1.,0.,0.));
#1448 = ORIENTED_EDGE('',*,*,#1449,.F.);
#1449 = EDGE_CURVE('',#1450,#1442,#1452,.T.);
#1450 = VERTEX_POINT('',#1451);
#1451 = CARTESIAN_POINT('',(1.6,1.675,6.E-02));
#1452 = LINE('',#1453,#1454);
#1453 = CARTESIAN_POINT('',(1.6,1.675,6.E-02));
#1454 = VECTOR('',#1455,1.);
#1455 = DIRECTION('',(0.,1.,0.));
#1456 = ORIENTED_EDGE('',*,*,#1457,.F.);
#1457 = EDGE_CURVE('',#1458,#1450,#1460,.T.);
#1458 = VERTEX_POINT('',#1459);
#1459 = CARTESIAN_POINT('',(1.4,1.675,6.E-02));
#1460 = LINE('',#1461,#1462);
#1461 = CARTESIAN_POINT('',(1.4,1.675,6.E-02));
#1462 = VECTOR('',#1463,1.);
#1463 = DIRECTION('',(1.,0.,0.));
#1464 = ORIENTED_EDGE('',*,*,#1465,.T.);
#1465 = EDGE_CURVE('',#1458,#1466,#1468,.T.);
#1466 = VERTEX_POINT('',#1467);
#1467 = CARTESIAN_POINT('',(1.4,1.775,6.E-02));
#1468 = LINE('',#1469,#1470);
#1469 = CARTESIAN_POINT('',(1.4,1.675,6.E-02));
#1470 = VECTOR('',#1471,1.);
#1471 = DIRECTION('',(0.,1.,0.));
#1472 = ORIENTED_EDGE('',*,*,#1473,.F.);
#1473 = EDGE_CURVE('',#1474,#1466,#1476,.T.);
#1474 = VERTEX_POINT('',#1475);
#1475 = CARTESIAN_POINT('',(0.6,1.775,6.E-02));
#1476 = LINE('',#1477,#1478);
#1477 = CARTESIAN_POINT('',(-3.,1.775,6.E-02));
#1478 = VECTOR('',#1479,1.);
#1479 = DIRECTION('',(1.,0.,0.));
#1480 = ORIENTED_EDGE('',*,*,#1481,.F.);
#1481 = EDGE_CURVE('',#1482,#1474,#1484,.T.);
#1482 = VERTEX_POINT('',#1483);
#1483 = CARTESIAN_POINT('',(0.6,1.675,6.E-02));
#1484 = LINE('',#1485,#1486);
#1485 = CARTESIAN_POINT('',(0.6,1.675,6.E-02));
#1486 = VECTOR('',#1487,1.);
#1487 = DIRECTION('',(0.,1.,0.));
#1488 = ORIENTED_EDGE('',*,*,#1489,.F.);
#1489 = EDGE_CURVE('',#1490,#1482,#1492,.T.);
#1490 = VERTEX_POINT('',#1491);
#1491 = CARTESIAN_POINT('',(0.4,1.675,6.E-02));
#1492 = LINE('',#1493,#1494);
#1493 = CARTESIAN_POINT('',(0.4,1.675,6.E-02));
#1494 = VECTOR('',#1495,1.);
#1495 = DIRECTION('',(1.,0.,0.));
#1496 = ORIENTED_EDGE('',*,*,#1497,.T.);
#1497 = EDGE_CURVE('',#1490,#1498,#1500,.T.);
#1498 = VERTEX_POINT('',#1499);
#1499 = CARTESIAN_POINT('',(0.4,1.775,6.E-02));
#1500 = LINE('',#1501,#1502);
#1501 = CARTESIAN_POINT('',(0.4,1.675,6.E-02));
#1502 = VECTOR('',#1503,1.);
#1503 = DIRECTION('',(0.,1.,0.));
#1504 = ORIENTED_EDGE('',*,*,#1505,.F.);
#1505 = EDGE_CURVE('',#1506,#1498,#1508,.T.);
#1506 = VERTEX_POINT('',#1507);
#1507 = CARTESIAN_POINT('',(-0.4,1.775,6.E-02));
#1508 = LINE('',#1509,#1510);
#1509 = CARTESIAN_POINT('',(-3.,1.775,6.E-02));
#1510 = VECTOR('',#1511,1.);
#1511 = DIRECTION('',(1.,0.,0.));
#1512 = ORIENTED_EDGE('',*,*,#1513,.F.);
#1513 = EDGE_CURVE('',#1514,#1506,#1516,.T.);
#1514 = VERTEX_POINT('',#1515);
#1515 = CARTESIAN_POINT('',(-0.4,1.675,6.E-02));
#1516 = LINE('',#1517,#1518);
#1517 = CARTESIAN_POINT('',(-0.4,1.675,6.E-02));
#1518 = VECTOR('',#1519,1.);
#1519 = DIRECTION('',(0.,1.,0.));
#1520 = ORIENTED_EDGE('',*,*,#1521,.F.);
#1521 = EDGE_CURVE('',#1522,#1514,#1524,.T.);
#1522 = VERTEX_POINT('',#1523);
#1523 = CARTESIAN_POINT('',(-0.6,1.675,6.E-02));
#1524 = LINE('',#1525,#1526);
#1525 = CARTESIAN_POINT('',(-0.6,1.675,6.E-02));
#1526 = VECTOR('',#1527,1.);
#1527 = DIRECTION('',(1.,0.,0.));
#1528 = ORIENTED_EDGE('',*,*,#1529,.T.);
#1529 = EDGE_CURVE('',#1522,#1530,#1532,.T.);
#1530 = VERTEX_POINT('',#1531);
#1531 = CARTESIAN_POINT('',(-0.6,1.775,6.E-02));
#1532 = LINE('',#1533,#1534);
#1533 = CARTESIAN_POINT('',(-0.6,1.675,6.E-02));
#1534 = VECTOR('',#1535,1.);
#1535 = DIRECTION('',(0.,1.,0.));
#1536 = ORIENTED_EDGE('',*,*,#1537,.F.);
#1537 = EDGE_CURVE('',#1538,#1530,#1540,.T.);
#1538 = VERTEX_POINT('',#1539);
#1539 = CARTESIAN_POINT('',(-1.4,1.775,6.E-02));
#1540 = LINE('',#1541,#1542);
#1541 = CARTESIAN_POINT('',(-3.,1.775,6.E-02));
#1542 = VECTOR('',#1543,1.);
#1543 = DIRECTION('',(1.,0.,0.));
#1544 = ORIENTED_EDGE('',*,*,#1545,.F.);
#1545 = EDGE_CURVE('',#1546,#1538,#1548,.T.);
#1546 = VERTEX_POINT('',#1547);
#1547 = CARTESIAN_POINT('',(-1.4,1.675,6.E-02));
#1548 = LINE('',#1549,#1550);
#1549 = CARTESIAN_POINT('',(-1.4,1.675,6.E-02));
#1550 = VECTOR('',#1551,1.);
#1551 = DIRECTION('',(0.,1.,0.));
#1552 = ORIENTED_EDGE('',*,*,#1553,.F.);
#1553 = EDGE_CURVE('',#1554,#1546,#1556,.T.);
#1554 = VERTEX_POINT('',#1555);
#1555 = CARTESIAN_POINT('',(-1.6,1.675,6.E-02));
#1556 = LINE('',#1557,#1558);
#1557 = CARTESIAN_POINT('',(-1.6,1.675,6.E-02));
#1558 = VECTOR('',#1559,1.);
#1559 = DIRECTION('',(1.,0.,0.));
#1560 = ORIENTED_EDGE('',*,*,#1561,.T.);
#1561 = EDGE_CURVE('',#1554,#1562,#1564,.T.);
#1562 = VERTEX_POINT('',#1563);
#1563 = CARTESIAN_POINT('',(-1.6,1.775,6.E-02));
#1564 = LINE('',#1565,#1566);
#1565 = CARTESIAN_POINT('',(-1.6,1.675,6.E-02));
#1566 = VECTOR('',#1567,1.);
#1567 = DIRECTION('',(0.,1.,0.));
#1568 = ORIENTED_EDGE('',*,*,#1569,.F.);
#1569 = EDGE_CURVE('',#1328,#1562,#1570,.T.);
#1570 = LINE('',#1571,#1572);
#1571 = CARTESIAN_POINT('',(-3.,1.775,6.E-02));
#1572 = VECTOR('',#1573,1.);
#1573 = DIRECTION('',(1.,0.,0.));
#1574 = ORIENTED_EDGE('',*,*,#1327,.T.);
#1575 = ORIENTED_EDGE('',*,*,#1576,.T.);
#1576 = EDGE_CURVE('',#1330,#1577,#1579,.T.);
#1577 = VERTEX_POINT('',#1578);
#1578 = CARTESIAN_POINT('',(-2.7,-0.975,6.E-02));
#1579 = LINE('',#1580,#1581);
#1580 = CARTESIAN_POINT('',(-3.,-0.975,6.E-02));
#1581 = VECTOR('',#1582,1.);
#1582 = DIRECTION('',(1.,0.,0.));
#1583 = ORIENTED_EDGE('',*,*,#1584,.T.);
#1584 = EDGE_CURVE('',#1577,#1585,#1587,.T.);
#1585 = VERTEX_POINT('',#1586);
#1586 = CARTESIAN_POINT('',(-2.5,-0.975,6.E-02));
#1587 = LINE('',#1588,#1589);
#1588 = CARTESIAN_POINT('',(-3.,-0.975,6.E-02));
#1589 = VECTOR('',#1590,1.);
#1590 = DIRECTION('',(1.,0.,0.));
#1591 = ORIENTED_EDGE('',*,*,#1592,.T.);
#1592 = EDGE_CURVE('',#1585,#1593,#1595,.T.);
#1593 = VERTEX_POINT('',#1594);
#1594 = CARTESIAN_POINT('',(-2.5,-2.475,6.E-02));
#1595 = LINE('',#1596,#1597);
#1596 = CARTESIAN_POINT('',(-2.5,-0.975,6.E-02));
#1597 = VECTOR('',#1598,1.);
#1598 = DIRECTION('',(0.,-1.,2.590520390792E-16));
#1599 = ORIENTED_EDGE('',*,*,#1600,.T.);
#1600 = EDGE_CURVE('',#1593,#1601,#1603,.T.);
#1601 = VERTEX_POINT('',#1602);
#1602 = CARTESIAN_POINT('',(2.5,-2.475,6.E-02));
#1603 = LINE('',#1604,#1605);
#1604 = CARTESIAN_POINT('',(-3.,-2.475,6.E-02));
#1605 = VECTOR('',#1606,1.);
#1606 = DIRECTION('',(1.,0.,0.));
#1607 = ORIENTED_EDGE('',*,*,#1608,.F.);
#1608 = EDGE_CURVE('',#1609,#1601,#1611,.T.);
#1609 = VERTEX_POINT('',#1610);
#1610 = CARTESIAN_POINT('',(2.5,-0.975,6.E-02));
#1611 = LINE('',#1612,#1613);
#1612 = CARTESIAN_POINT('',(2.5,-0.975,6.E-02));
#1613 = VECTOR('',#1614,1.);
#1614 = DIRECTION('',(0.,-1.,2.590520390792E-16));
#1615 = ORIENTED_EDGE('',*,*,#1616,.T.);
#1616 = EDGE_CURVE('',#1609,#1617,#1619,.T.);
#1617 = VERTEX_POINT('',#1618);
#1618 = CARTESIAN_POINT('',(2.7,-0.975,6.E-02));
#1619 = LINE('',#1620,#1621);
#1620 = CARTESIAN_POINT('',(2.5,-0.975,6.E-02));
#1621 = VECTOR('',#1622,1.);
#1622 = DIRECTION('',(1.,0.,0.));
#1623 = ORIENTED_EDGE('',*,*,#1624,.T.);
#1624 = EDGE_CURVE('',#1617,#1434,#1625,.T.);
#1625 = LINE('',#1626,#1627);
#1626 = CARTESIAN_POINT('',(2.5,-0.975,6.E-02));
#1627 = VECTOR('',#1628,1.);
#1628 = DIRECTION('',(1.,0.,0.));
#1629 = PLANE('',#1630);
#1630 = AXIS2_PLACEMENT_3D('',#1631,#1632,#1633);
#1631 = CARTESIAN_POINT('',(-3.,1.775,6.E-02));
#1632 = DIRECTION('',(0.,1.110223024625E-16,1.));
#1633 = DIRECTION('',(0.,-1.,1.110223024625E-16));
#1634 = ADVANCED_FACE('',(#1635),#1653,.F.);
#1635 = FACE_BOUND('',#1636,.F.);
#1636 = EDGE_LOOP('',(#1637,#1638,#1646,#1652));
#1637 = ORIENTED_EDGE('',*,*,#1417,.F.);
#1638 = ORIENTED_EDGE('',*,*,#1639,.T.);
#1639 = EDGE_CURVE('',#1410,#1640,#1642,.T.);
#1640 = VERTEX_POINT('',#1641);
#1641 = CARTESIAN_POINT('',(-2.7,-0.975,0.61));
#1642 = LINE('',#1643,#1644);
#1643 = CARTESIAN_POINT('',(-3.,-0.975,0.61));
#1644 = VECTOR('',#1645,1.);
#1645 = DIRECTION('',(1.,0.,0.));
#1646 = ORIENTED_EDGE('',*,*,#1647,.T.);
#1647 = EDGE_CURVE('',#1640,#1577,#1648,.T.);
#1648 = LINE('',#1649,#1650);
#1649 = CARTESIAN_POINT('',(-2.7,-0.975,0.61));
#1650 = VECTOR('',#1651,1.);
#1651 = DIRECTION('',(0.,0.,-1.));
#1652 = ORIENTED_EDGE('',*,*,#1576,.F.);
#1653 = PLANE('',#1654);
#1654 = AXIS2_PLACEMENT_3D('',#1655,#1656,#1657);
#1655 = CARTESIAN_POINT('',(-3.,-0.975,0.61));
#1656 = DIRECTION('',(0.,1.,-1.110223024625E-16));
#1657 = DIRECTION('',(0.,-1.110223024625E-16,-1.));
#1658 = ADVANCED_FACE('',(#1659),#1677,.F.);
#1659 = FACE_BOUND('',#1660,.F.);
#1660 = EDGE_LOOP('',(#1661,#1662,#1670,#1676));
#1661 = ORIENTED_EDGE('',*,*,#1409,.F.);
#1662 = ORIENTED_EDGE('',*,*,#1663,.T.);
#1663 = EDGE_CURVE('',#1402,#1664,#1666,.T.);
#1664 = VERTEX_POINT('',#1665);
#1665 = CARTESIAN_POINT('',(-2.7,-1.975,0.61));
#1666 = LINE('',#1667,#1668);
#1667 = CARTESIAN_POINT('',(-3.,-1.975,0.61));
#1668 = VECTOR('',#1669,1.);
#1669 = DIRECTION('',(1.,0.,0.));
#1670 = ORIENTED_EDGE('',*,*,#1671,.T.);
#1671 = EDGE_CURVE('',#1664,#1640,#1672,.T.);
#1672 = LINE('',#1673,#1674);
#1673 = CARTESIAN_POINT('',(-2.7,-1.975,0.61));
#1674 = VECTOR('',#1675,1.);
#1675 = DIRECTION('',(0.,1.,0.));
#1676 = ORIENTED_EDGE('',*,*,#1639,.F.);
#1677 = PLANE('',#1678);
#1678 = AXIS2_PLACEMENT_3D('',#1679,#1680,#1681);
#1679 = CARTESIAN_POINT('',(-3.,-1.975,0.61));
#1680 = DIRECTION('',(0.,1.110223024625E-16,1.));
#1681 = DIRECTION('',(0.,1.,-1.110223024625E-16));
#1682 = ADVANCED_FACE('',(#1683),#1701,.F.);
#1683 = FACE_BOUND('',#1684,.F.);
#1684 = EDGE_LOOP('',(#1685,#1686,#1694,#1700));
#1685 = ORIENTED_EDGE('',*,*,#1401,.F.);
#1686 = ORIENTED_EDGE('',*,*,#1687,.T.);
#1687 = EDGE_CURVE('',#1394,#1688,#1690,.T.);
#1688 = VERTEX_POINT('',#1689);
#1689 = CARTESIAN_POINT('',(-2.7,-1.975,1.26));
#1690 = LINE('',#1691,#1692);
#1691 = CARTESIAN_POINT('',(-3.,-1.975,1.26));
#1692 = VECTOR('',#1693,1.);
#1693 = DIRECTION('',(1.,0.,0.));
#1694 = ORIENTED_EDGE('',*,*,#1695,.T.);
#1695 = EDGE_CURVE('',#1688,#1664,#1696,.T.);
#1696 = LINE('',#1697,#1698);
#1697 = CARTESIAN_POINT('',(-2.7,-1.975,1.26));
#1698 = VECTOR('',#1699,1.);
#1699 = DIRECTION('',(0.,0.,-1.));
#1700 = ORIENTED_EDGE('',*,*,#1663,.F.);
#1701 = PLANE('',#1702);
#1702 = AXIS2_PLACEMENT_3D('',#1703,#1704,#1705);
#1703 = CARTESIAN_POINT('',(-3.,-1.975,1.26));
#1704 = DIRECTION('',(0.,1.,-1.110223024625E-16));
#1705 = DIRECTION('',(0.,-1.110223024625E-16,-1.));
#1706 = ADVANCED_FACE('',(#1707),#1725,.F.);
#1707 = FACE_BOUND('',#1708,.F.);
#1708 = EDGE_LOOP('',(#1709,#1710,#1718,#1724));
#1709 = ORIENTED_EDGE('',*,*,#1393,.F.);
#1710 = ORIENTED_EDGE('',*,*,#1711,.T.);
#1711 = EDGE_CURVE('',#1386,#1712,#1714,.T.);
#1712 = VERTEX_POINT('',#1713);
#1713 = CARTESIAN_POINT('',(-2.7,-2.475,1.26));
#1714 = LINE('',#1715,#1716);
#1715 = CARTESIAN_POINT('',(-3.,-2.475,1.26));
#1716 = VECTOR('',#1717,1.);
#1717 = DIRECTION('',(1.,0.,0.));
#1718 = ORIENTED_EDGE('',*,*,#1719,.T.);
#1719 = EDGE_CURVE('',#1712,#1688,#1720,.T.);
#1720 = LINE('',#1721,#1722);
#1721 = CARTESIAN_POINT('',(-2.7,-2.475,1.26));
#1722 = VECTOR('',#1723,1.);
#1723 = DIRECTION('',(0.,1.,0.));
#1724 = ORIENTED_EDGE('',*,*,#1687,.F.);
#1725 = PLANE('',#1726);
#1726 = AXIS2_PLACEMENT_3D('',#1727,#1728,#1729);
#1727 = CARTESIAN_POINT('',(-3.,-2.475,1.26));
#1728 = DIRECTION('',(0.,1.110223024625E-16,1.));
#1729 = DIRECTION('',(0.,1.,-1.110223024625E-16));
#1730 = ADVANCED_FACE('',(#1731,#1788),#1886,.T.);
#1731 = FACE_BOUND('',#1732,.T.);
#1732 = EDGE_LOOP('',(#1733,#1734,#1735,#1743,#1749,#1750,#1758,#1766,
    #1774,#1782));
#1733 = ORIENTED_EDGE('',*,*,#1385,.F.);
#1734 = ORIENTED_EDGE('',*,*,#1711,.T.);
#1735 = ORIENTED_EDGE('',*,*,#1736,.T.);
#1736 = EDGE_CURVE('',#1712,#1737,#1739,.T.);
#1737 = VERTEX_POINT('',#1738);
#1738 = CARTESIAN_POINT('',(-2.5,-2.475,1.26));
#1739 = LINE('',#1740,#1741);
#1740 = CARTESIAN_POINT('',(-3.,-2.475,1.26));
#1741 = VECTOR('',#1742,1.);
#1742 = DIRECTION('',(1.,0.,0.));
#1743 = ORIENTED_EDGE('',*,*,#1744,.F.);
#1744 = EDGE_CURVE('',#1593,#1737,#1745,.T.);
#1745 = LINE('',#1746,#1747);
#1746 = CARTESIAN_POINT('',(-2.5,-2.475,6.E-02));
#1747 = VECTOR('',#1748,1.);
#1748 = DIRECTION('',(0.,1.110223024625E-16,1.));
#1749 = ORIENTED_EDGE('',*,*,#1600,.T.);
#1750 = ORIENTED_EDGE('',*,*,#1751,.T.);
#1751 = EDGE_CURVE('',#1601,#1752,#1754,.T.);
#1752 = VERTEX_POINT('',#1753);
#1753 = CARTESIAN_POINT('',(2.5,-2.475,1.26));
#1754 = LINE('',#1755,#1756);
#1755 = CARTESIAN_POINT('',(2.5,-2.475,6.E-02));
#1756 = VECTOR('',#1757,1.);
#1757 = DIRECTION('',(0.,1.110223024625E-16,1.));
#1758 = ORIENTED_EDGE('',*,*,#1759,.T.);
#1759 = EDGE_CURVE('',#1752,#1760,#1762,.T.);
#1760 = VERTEX_POINT('',#1761);
#1761 = CARTESIAN_POINT('',(2.7,-2.475,1.26));
#1762 = LINE('',#1763,#1764);
#1763 = CARTESIAN_POINT('',(2.5,-2.475,1.26));
#1764 = VECTOR('',#1765,1.);
#1765 = DIRECTION('',(1.,0.,0.));
#1766 = ORIENTED_EDGE('',*,*,#1767,.T.);
#1767 = EDGE_CURVE('',#1760,#1768,#1770,.T.);
#1768 = VERTEX_POINT('',#1769);
#1769 = CARTESIAN_POINT('',(3.,-2.475,1.26));
#1770 = LINE('',#1771,#1772);
#1771 = CARTESIAN_POINT('',(2.5,-2.475,1.26));
#1772 = VECTOR('',#1773,1.);
#1773 = DIRECTION('',(1.,0.,0.));
#1774 = ORIENTED_EDGE('',*,*,#1775,.T.);
#1775 = EDGE_CURVE('',#1768,#1776,#1778,.T.);
#1776 = VERTEX_POINT('',#1777);
#1777 = CARTESIAN_POINT('',(3.,-2.475,2.96));
#1778 = LINE('',#1779,#1780);
#1779 = CARTESIAN_POINT('',(3.,-2.475,6.E-02));
#1780 = VECTOR('',#1781,1.);
#1781 = DIRECTION('',(0.,1.110223024625E-16,1.));
#1782 = ORIENTED_EDGE('',*,*,#1783,.F.);
#1783 = EDGE_CURVE('',#1378,#1776,#1784,.T.);
#1784 = LINE('',#1785,#1786);
#1785 = CARTESIAN_POINT('',(-3.,-2.475,2.96));
#1786 = VECTOR('',#1787,1.);
#1787 = DIRECTION('',(1.,0.,0.));
#1788 = FACE_BOUND('',#1789,.T.);
#1789 = EDGE_LOOP('',(#1790,#1800,#1808,#1816,#1824,#1832,#1840,#1848,
    #1856,#1864,#1872,#1880));
#1790 = ORIENTED_EDGE('',*,*,#1791,.F.);
#1791 = EDGE_CURVE('',#1792,#1794,#1796,.T.);
#1792 = VERTEX_POINT('',#1793);
#1793 = CARTESIAN_POINT('',(2.2,-2.475,0.46));
#1794 = VERTEX_POINT('',#1795);
#1795 = CARTESIAN_POINT('',(2.2,-2.475,1.46));
#1796 = LINE('',#1797,#1798);
#1797 = CARTESIAN_POINT('',(2.2,-2.475,0.46));
#1798 = VECTOR('',#1799,1.);
#1799 = DIRECTION('',(0.,1.110223024625E-16,1.));
#1800 = ORIENTED_EDGE('',*,*,#1801,.F.);
#1801 = EDGE_CURVE('',#1802,#1792,#1804,.T.);
#1802 = VERTEX_POINT('',#1803);
#1803 = CARTESIAN_POINT('',(-2.2,-2.475,0.46));
#1804 = LINE('',#1805,#1806);
#1805 = CARTESIAN_POINT('',(-2.2,-2.475,0.46));
#1806 = VECTOR('',#1807,1.);
#1807 = DIRECTION('',(1.,0.,0.));
#1808 = ORIENTED_EDGE('',*,*,#1809,.F.);
#1809 = EDGE_CURVE('',#1810,#1802,#1812,.T.);
#1810 = VERTEX_POINT('',#1811);
#1811 = CARTESIAN_POINT('',(-2.2,-2.475,1.46));
#1812 = LINE('',#1813,#1814);
#1813 = CARTESIAN_POINT('',(-2.2,-2.475,2.56));
#1814 = VECTOR('',#1815,1.);
#1815 = DIRECTION('',(0.,-1.110223024625E-16,-1.));
#1816 = ORIENTED_EDGE('',*,*,#1817,.F.);
#1817 = EDGE_CURVE('',#1818,#1810,#1820,.T.);
#1818 = VERTEX_POINT('',#1819);
#1819 = CARTESIAN_POINT('',(-2.55,-2.475,1.46));
#1820 = LINE('',#1821,#1822);
#1821 = CARTESIAN_POINT('',(-2.55,-2.475,1.46));
#1822 = VECTOR('',#1823,1.);
#1823 = DIRECTION('',(1.,0.,0.));
#1824 = ORIENTED_EDGE('',*,*,#1825,.F.);
#1825 = EDGE_CURVE('',#1826,#1818,#1828,.T.);
#1826 = VERTEX_POINT('',#1827);
#1827 = CARTESIAN_POINT('',(-2.55,-2.475,2.06));
#1828 = LINE('',#1829,#1830);
#1829 = CARTESIAN_POINT('',(-2.55,-2.475,2.06));
#1830 = VECTOR('',#1831,1.);
#1831 = DIRECTION('',(0.,-1.110223024625E-16,-1.));
#1832 = ORIENTED_EDGE('',*,*,#1833,.F.);
#1833 = EDGE_CURVE('',#1834,#1826,#1836,.T.);
#1834 = VERTEX_POINT('',#1835);
#1835 = CARTESIAN_POINT('',(-2.2,-2.475,2.06));
#1836 = LINE('',#1837,#1838);
#1837 = CARTESIAN_POINT('',(2.55,-2.475,2.06));
#1838 = VECTOR('',#1839,1.);
#1839 = DIRECTION('',(-1.,0.,0.));
#1840 = ORIENTED_EDGE('',*,*,#1841,.F.);
#1841 = EDGE_CURVE('',#1842,#1834,#1844,.T.);
#1842 = VERTEX_POINT('',#1843);
#1843 = CARTESIAN_POINT('',(-2.2,-2.475,2.56));
#1844 = LINE('',#1845,#1846);
#1845 = CARTESIAN_POINT('',(-2.2,-2.475,2.56));
#1846 = VECTOR('',#1847,1.);
#1847 = DIRECTION('',(0.,-1.110223024625E-16,-1.));
#1848 = ORIENTED_EDGE('',*,*,#1849,.F.);
#1849 = EDGE_CURVE('',#1850,#1842,#1852,.T.);
#1850 = VERTEX_POINT('',#1851);
#1851 = CARTESIAN_POINT('',(2.2,-2.475,2.56));
#1852 = LINE('',#1853,#1854);
#1853 = CARTESIAN_POINT('',(2.2,-2.475,2.56));
#1854 = VECTOR('',#1855,1.);
#1855 = DIRECTION('',(-1.,0.,0.));
#1856 = ORIENTED_EDGE('',*,*,#1857,.F.);
#1857 = EDGE_CURVE('',#1858,#1850,#1860,.T.);
#1858 = VERTEX_POINT('',#1859);
#1859 = CARTESIAN_POINT('',(2.2,-2.475,2.06));
#1860 = LINE('',#1861,#1862);
#1861 = CARTESIAN_POINT('',(2.2,-2.475,0.46));
#1862 = VECTOR('',#1863,1.);
#1863 = DIRECTION('',(0.,1.110223024625E-16,1.));
#1864 = ORIENTED_EDGE('',*,*,#1865,.F.);
#1865 = EDGE_CURVE('',#1866,#1858,#1868,.T.);
#1866 = VERTEX_POINT('',#1867);
#1867 = CARTESIAN_POINT('',(2.55,-2.475,2.06));
#1868 = LINE('',#1869,#1870);
#1869 = CARTESIAN_POINT('',(2.55,-2.475,2.06));
#1870 = VECTOR('',#1871,1.);
#1871 = DIRECTION('',(-1.,0.,0.));
#1872 = ORIENTED_EDGE('',*,*,#1873,.F.);
#1873 = EDGE_CURVE('',#1874,#1866,#1876,.T.);
#1874 = VERTEX_POINT('',#1875);
#1875 = CARTESIAN_POINT('',(2.55,-2.475,1.46));
#1876 = LINE('',#1877,#1878);
#1877 = CARTESIAN_POINT('',(2.55,-2.475,1.46));
#1878 = VECTOR('',#1879,1.);
#1879 = DIRECTION('',(0.,1.110223024625E-16,1.));
#1880 = ORIENTED_EDGE('',*,*,#1881,.F.);
#1881 = EDGE_CURVE('',#1794,#1874,#1882,.T.);
#1882 = LINE('',#1883,#1884);
#1883 = CARTESIAN_POINT('',(-2.55,-2.475,1.46));
#1884 = VECTOR('',#1885,1.);
#1885 = DIRECTION('',(1.,0.,0.));
#1886 = PLANE('',#1887);
#1887 = AXIS2_PLACEMENT_3D('',#1888,#1889,#1890);
#1888 = CARTESIAN_POINT('',(-3.,-2.475,6.E-02));
#1889 = DIRECTION('',(0.,-1.,1.110223024625E-16));
#1890 = DIRECTION('',(1.,0.,0.));
#1891 = ADVANCED_FACE('',(#1892),#1942,.T.);
#1892 = FACE_BOUND('',#1893,.T.);
#1893 = EDGE_LOOP('',(#1894,#1904,#1912,#1918,#1919,#1920,#1928,#1936));
#1894 = ORIENTED_EDGE('',*,*,#1895,.F.);
#1895 = EDGE_CURVE('',#1896,#1898,#1900,.T.);
#1896 = VERTEX_POINT('',#1897);
#1897 = CARTESIAN_POINT('',(-2.5,1.775,2.96));
#1898 = VERTEX_POINT('',#1899);
#1899 = CARTESIAN_POINT('',(2.5,1.775,2.96));
#1900 = LINE('',#1901,#1902);
#1901 = CARTESIAN_POINT('',(-3.,1.775,2.96));
#1902 = VECTOR('',#1903,1.);
#1903 = DIRECTION('',(1.,0.,0.));
#1904 = ORIENTED_EDGE('',*,*,#1905,.F.);
#1905 = EDGE_CURVE('',#1906,#1896,#1908,.T.);
#1906 = VERTEX_POINT('',#1907);
#1907 = CARTESIAN_POINT('',(-2.5,0.286,2.96));
#1908 = LINE('',#1909,#1910);
#1909 = CARTESIAN_POINT('',(-2.5,0.286,2.96));
#1910 = VECTOR('',#1911,1.);
#1911 = DIRECTION('',(0.,1.,-1.110223024625E-16));
#1912 = ORIENTED_EDGE('',*,*,#1913,.F.);
#1913 = EDGE_CURVE('',#1370,#1906,#1914,.T.);
#1914 = LINE('',#1915,#1916);
#1915 = CARTESIAN_POINT('',(-3.,0.286,2.96));
#1916 = VECTOR('',#1917,1.);
#1917 = DIRECTION('',(1.,0.,0.));
#1918 = ORIENTED_EDGE('',*,*,#1377,.T.);
#1919 = ORIENTED_EDGE('',*,*,#1783,.T.);
#1920 = ORIENTED_EDGE('',*,*,#1921,.F.);
#1921 = EDGE_CURVE('',#1922,#1776,#1924,.T.);
#1922 = VERTEX_POINT('',#1923);
#1923 = CARTESIAN_POINT('',(3.,0.286,2.96));
#1924 = LINE('',#1925,#1926);
#1925 = CARTESIAN_POINT('',(3.,1.775,2.96));
#1926 = VECTOR('',#1927,1.);
#1927 = DIRECTION('',(0.,-1.,1.110223024625E-16));
#1928 = ORIENTED_EDGE('',*,*,#1929,.F.);
#1929 = EDGE_CURVE('',#1930,#1922,#1932,.T.);
#1930 = VERTEX_POINT('',#1931);
#1931 = CARTESIAN_POINT('',(2.5,0.286,2.96));
#1932 = LINE('',#1933,#1934);
#1933 = CARTESIAN_POINT('',(2.5,0.286,2.96));
#1934 = VECTOR('',#1935,1.);
#1935 = DIRECTION('',(1.,0.,0.));
#1936 = ORIENTED_EDGE('',*,*,#1937,.T.);
#1937 = EDGE_CURVE('',#1930,#1898,#1938,.T.);
#1938 = LINE('',#1939,#1940);
#1939 = CARTESIAN_POINT('',(2.5,0.286,2.96));
#1940 = VECTOR('',#1941,1.);
#1941 = DIRECTION('',(0.,1.,-1.110223024625E-16));
#1942 = PLANE('',#1943);
#1943 = AXIS2_PLACEMENT_3D('',#1944,#1945,#1946);
#1944 = CARTESIAN_POINT('',(-3.,1.775,2.96));
#1945 = DIRECTION('',(0.,1.110223024625E-16,1.));
#1946 = DIRECTION('',(0.,-1.,1.110223024625E-16));
#1947 = ADVANCED_FACE('',(#1948),#1966,.F.);
#1948 = FACE_BOUND('',#1949,.F.);
#1949 = EDGE_LOOP('',(#1950,#1958,#1964,#1965));
#1950 = ORIENTED_EDGE('',*,*,#1951,.T.);
#1951 = EDGE_CURVE('',#1362,#1952,#1954,.T.);
#1952 = VERTEX_POINT('',#1953);
#1953 = CARTESIAN_POINT('',(-2.5,0.575,2.46));
#1954 = LINE('',#1955,#1956);
#1955 = CARTESIAN_POINT('',(-3.,0.575,2.46));
#1956 = VECTOR('',#1957,1.);
#1957 = DIRECTION('',(1.,0.,0.));
#1958 = ORIENTED_EDGE('',*,*,#1959,.T.);
#1959 = EDGE_CURVE('',#1952,#1906,#1960,.T.);
#1960 = LINE('',#1961,#1962);
#1961 = CARTESIAN_POINT('',(-2.5,0.575,2.46));
#1962 = VECTOR('',#1963,1.);
#1963 = DIRECTION('',(0.,-0.500421834463,0.865781720524));
#1964 = ORIENTED_EDGE('',*,*,#1913,.F.);
#1965 = ORIENTED_EDGE('',*,*,#1369,.F.);
#1966 = PLANE('',#1967);
#1967 = AXIS2_PLACEMENT_3D('',#1968,#1969,#1970);
#1968 = CARTESIAN_POINT('',(-3.,0.575,2.46));
#1969 = DIRECTION('',(0.,-0.865781720524,-0.500421834463));
#1970 = DIRECTION('',(0.,-0.500421834463,0.865781720524));
#1971 = ADVANCED_FACE('',(#1972),#1990,.F.);
#1972 = FACE_BOUND('',#1973,.F.);
#1973 = EDGE_LOOP('',(#1974,#1982,#1988,#1989));
#1974 = ORIENTED_EDGE('',*,*,#1975,.T.);
#1975 = EDGE_CURVE('',#1354,#1976,#1978,.T.);
#1976 = VERTEX_POINT('',#1977);
#1977 = CARTESIAN_POINT('',(-2.5,1.225,2.46));
#1978 = LINE('',#1979,#1980);
#1979 = CARTESIAN_POINT('',(-3.,1.225,2.46));
#1980 = VECTOR('',#1981,1.);
#1981 = DIRECTION('',(1.,0.,0.));
#1982 = ORIENTED_EDGE('',*,*,#1983,.T.);
#1983 = EDGE_CURVE('',#1976,#1952,#1984,.T.);
#1984 = LINE('',#1985,#1986);
#1985 = CARTESIAN_POINT('',(-2.5,1.225,2.46));
#1986 = VECTOR('',#1987,1.);
#1987 = DIRECTION('',(0.,-1.,1.110223024625E-16));
#1988 = ORIENTED_EDGE('',*,*,#1951,.F.);
#1989 = ORIENTED_EDGE('',*,*,#1361,.F.);
#1990 = PLANE('',#1991);
#1991 = AXIS2_PLACEMENT_3D('',#1992,#1993,#1994);
#1992 = CARTESIAN_POINT('',(-3.,1.225,2.46));
#1993 = DIRECTION('',(0.,-1.110223024625E-16,-1.));
#1994 = DIRECTION('',(0.,-1.,1.110223024625E-16));
#1995 = ADVANCED_FACE('',(#1996),#2014,.F.);
#1996 = FACE_BOUND('',#1997,.F.);
#1997 = EDGE_LOOP('',(#1998,#2006,#2012,#2013));
#1998 = ORIENTED_EDGE('',*,*,#1999,.T.);
#1999 = EDGE_CURVE('',#1346,#2000,#2002,.T.);
#2000 = VERTEX_POINT('',#2001);
#2001 = CARTESIAN_POINT('',(-2.5,1.225,1.46));
#2002 = LINE('',#2003,#2004);
#2003 = CARTESIAN_POINT('',(-3.,1.225,1.46));
#2004 = VECTOR('',#2005,1.);
#2005 = DIRECTION('',(1.,0.,0.));
#2006 = ORIENTED_EDGE('',*,*,#2007,.T.);
#2007 = EDGE_CURVE('',#2000,#1976,#2008,.T.);
#2008 = LINE('',#2009,#2010);
#2009 = CARTESIAN_POINT('',(-2.5,1.225,1.46));
#2010 = VECTOR('',#2011,1.);
#2011 = DIRECTION('',(0.,1.110223024625E-16,1.));
#2012 = ORIENTED_EDGE('',*,*,#1975,.F.);
#2013 = ORIENTED_EDGE('',*,*,#1353,.F.);
#2014 = PLANE('',#2015);
#2015 = AXIS2_PLACEMENT_3D('',#2016,#2017,#2018);
#2016 = CARTESIAN_POINT('',(-3.,1.225,1.46));
#2017 = DIRECTION('',(0.,-1.,1.110223024625E-16));
#2018 = DIRECTION('',(0.,1.110223024625E-16,1.));
#2019 = ADVANCED_FACE('',(#2020),#2038,.F.);
#2020 = FACE_BOUND('',#2021,.F.);
#2021 = EDGE_LOOP('',(#2022,#2030,#2036,#2037));
#2022 = ORIENTED_EDGE('',*,*,#2023,.T.);
#2023 = EDGE_CURVE('',#1338,#2024,#2026,.T.);
#2024 = VERTEX_POINT('',#2025);
#2025 = CARTESIAN_POINT('',(-2.5,1.775,1.46));
#2026 = LINE('',#2027,#2028);
#2027 = CARTESIAN_POINT('',(-3.,1.775,1.46));
#2028 = VECTOR('',#2029,1.);
#2029 = DIRECTION('',(1.,0.,0.));
#2030 = ORIENTED_EDGE('',*,*,#2031,.T.);
#2031 = EDGE_CURVE('',#2024,#2000,#2032,.T.);
#2032 = LINE('',#2033,#2034);
#2033 = CARTESIAN_POINT('',(-2.5,1.775,1.46));
#2034 = VECTOR('',#2035,1.);
#2035 = DIRECTION('',(0.,-1.,1.110223024625E-16));
#2036 = ORIENTED_EDGE('',*,*,#1999,.F.);
#2037 = ORIENTED_EDGE('',*,*,#1345,.F.);
#2038 = PLANE('',#2039);
#2039 = AXIS2_PLACEMENT_3D('',#2040,#2041,#2042);
#2040 = CARTESIAN_POINT('',(-3.,1.775,1.46));
#2041 = DIRECTION('',(0.,-1.110223024625E-16,-1.));
#2042 = DIRECTION('',(0.,-1.,1.110223024625E-16));
#2043 = ADVANCED_FACE('',(#2044),#2170,.F.);
#2044 = FACE_BOUND('',#2045,.F.);
#2045 = EDGE_LOOP('',(#2046,#2047,#2048,#2056,#2064,#2070,#2071,#2079,
    #2087,#2093,#2094,#2102,#2110,#2116,#2117,#2125,#2133,#2139,#2140,
    #2148,#2156,#2162,#2163,#2169));
#2046 = ORIENTED_EDGE('',*,*,#1337,.F.);
#2047 = ORIENTED_EDGE('',*,*,#1569,.T.);
#2048 = ORIENTED_EDGE('',*,*,#2049,.T.);
#2049 = EDGE_CURVE('',#1562,#2050,#2052,.T.);
#2050 = VERTEX_POINT('',#2051);
#2051 = CARTESIAN_POINT('',(-1.6,1.775,0.2));
#2052 = LINE('',#2053,#2054);
#2053 = CARTESIAN_POINT('',(-1.6,1.775,6.E-02));
#2054 = VECTOR('',#2055,1.);
#2055 = DIRECTION('',(0.,0.,1.));
#2056 = ORIENTED_EDGE('',*,*,#2057,.T.);
#2057 = EDGE_CURVE('',#2050,#2058,#2060,.T.);
#2058 = VERTEX_POINT('',#2059);
#2059 = CARTESIAN_POINT('',(-1.4,1.775,0.2));
#2060 = LINE('',#2061,#2062);
#2061 = CARTESIAN_POINT('',(-1.6,1.775,0.2));
#2062 = VECTOR('',#2063,1.);
#2063 = DIRECTION('',(1.,0.,0.));
#2064 = ORIENTED_EDGE('',*,*,#2065,.F.);
#2065 = EDGE_CURVE('',#1538,#2058,#2066,.T.);
#2066 = LINE('',#2067,#2068);
#2067 = CARTESIAN_POINT('',(-1.4,1.775,6.E-02));
#2068 = VECTOR('',#2069,1.);
#2069 = DIRECTION('',(0.,0.,1.));
#2070 = ORIENTED_EDGE('',*,*,#1537,.T.);
#2071 = ORIENTED_EDGE('',*,*,#2072,.T.);
#2072 = EDGE_CURVE('',#1530,#2073,#2075,.T.);
#2073 = VERTEX_POINT('',#2074);
#2074 = CARTESIAN_POINT('',(-0.6,1.775,0.2));
#2075 = LINE('',#2076,#2077);
#2076 = CARTESIAN_POINT('',(-0.6,1.775,6.E-02));
#2077 = VECTOR('',#2078,1.);
#2078 = DIRECTION('',(0.,0.,1.));
#2079 = ORIENTED_EDGE('',*,*,#2080,.T.);
#2080 = EDGE_CURVE('',#2073,#2081,#2083,.T.);
#2081 = VERTEX_POINT('',#2082);
#2082 = CARTESIAN_POINT('',(-0.4,1.775,0.2));
#2083 = LINE('',#2084,#2085);
#2084 = CARTESIAN_POINT('',(-0.6,1.775,0.2));
#2085 = VECTOR('',#2086,1.);
#2086 = DIRECTION('',(1.,0.,0.));
#2087 = ORIENTED_EDGE('',*,*,#2088,.F.);
#2088 = EDGE_CURVE('',#1506,#2081,#2089,.T.);
#2089 = LINE('',#2090,#2091);
#2090 = CARTESIAN_POINT('',(-0.4,1.775,6.E-02));
#2091 = VECTOR('',#2092,1.);
#2092 = DIRECTION('',(0.,0.,1.));
#2093 = ORIENTED_EDGE('',*,*,#1505,.T.);
#2094 = ORIENTED_EDGE('',*,*,#2095,.T.);
#2095 = EDGE_CURVE('',#1498,#2096,#2098,.T.);
#2096 = VERTEX_POINT('',#2097);
#2097 = CARTESIAN_POINT('',(0.4,1.775,0.2));
#2098 = LINE('',#2099,#2100);
#2099 = CARTESIAN_POINT('',(0.4,1.775,6.E-02));
#2100 = VECTOR('',#2101,1.);
#2101 = DIRECTION('',(0.,0.,1.));
#2102 = ORIENTED_EDGE('',*,*,#2103,.T.);
#2103 = EDGE_CURVE('',#2096,#2104,#2106,.T.);
#2104 = VERTEX_POINT('',#2105);
#2105 = CARTESIAN_POINT('',(0.6,1.775,0.2));
#2106 = LINE('',#2107,#2108);
#2107 = CARTESIAN_POINT('',(0.4,1.775,0.2));
#2108 = VECTOR('',#2109,1.);
#2109 = DIRECTION('',(1.,0.,0.));
#2110 = ORIENTED_EDGE('',*,*,#2111,.F.);
#2111 = EDGE_CURVE('',#1474,#2104,#2112,.T.);
#2112 = LINE('',#2113,#2114);
#2113 = CARTESIAN_POINT('',(0.6,1.775,6.E-02));
#2114 = VECTOR('',#2115,1.);
#2115 = DIRECTION('',(0.,0.,1.));
#2116 = ORIENTED_EDGE('',*,*,#1473,.T.);
#2117 = ORIENTED_EDGE('',*,*,#2118,.T.);
#2118 = EDGE_CURVE('',#1466,#2119,#2121,.T.);
#2119 = VERTEX_POINT('',#2120);
#2120 = CARTESIAN_POINT('',(1.4,1.775,0.2));
#2121 = LINE('',#2122,#2123);
#2122 = CARTESIAN_POINT('',(1.4,1.775,6.E-02));
#2123 = VECTOR('',#2124,1.);
#2124 = DIRECTION('',(0.,0.,1.));
#2125 = ORIENTED_EDGE('',*,*,#2126,.T.);
#2126 = EDGE_CURVE('',#2119,#2127,#2129,.T.);
#2127 = VERTEX_POINT('',#2128);
#2128 = CARTESIAN_POINT('',(1.6,1.775,0.2));
#2129 = LINE('',#2130,#2131);
#2130 = CARTESIAN_POINT('',(1.4,1.775,0.2));
#2131 = VECTOR('',#2132,1.);
#2132 = DIRECTION('',(1.,0.,0.));
#2133 = ORIENTED_EDGE('',*,*,#2134,.F.);
#2134 = EDGE_CURVE('',#1442,#2127,#2135,.T.);
#2135 = LINE('',#2136,#2137);
#2136 = CARTESIAN_POINT('',(1.6,1.775,6.E-02));
#2137 = VECTOR('',#2138,1.);
#2138 = DIRECTION('',(0.,0.,1.));
#2139 = ORIENTED_EDGE('',*,*,#1441,.T.);
#2140 = ORIENTED_EDGE('',*,*,#2141,.T.);
#2141 = EDGE_CURVE('',#1432,#2142,#2144,.T.);
#2142 = VERTEX_POINT('',#2143);
#2143 = CARTESIAN_POINT('',(3.,1.775,1.46));
#2144 = LINE('',#2145,#2146);
#2145 = CARTESIAN_POINT('',(3.,1.775,6.E-02));
#2146 = VECTOR('',#2147,1.);
#2147 = DIRECTION('',(0.,1.110223024625E-16,1.));
#2148 = ORIENTED_EDGE('',*,*,#2149,.F.);
#2149 = EDGE_CURVE('',#2150,#2142,#2152,.T.);
#2150 = VERTEX_POINT('',#2151);
#2151 = CARTESIAN_POINT('',(2.5,1.775,1.46));
#2152 = LINE('',#2153,#2154);
#2153 = CARTESIAN_POINT('',(2.5,1.775,1.46));
#2154 = VECTOR('',#2155,1.);
#2155 = DIRECTION('',(1.,0.,0.));
#2156 = ORIENTED_EDGE('',*,*,#2157,.F.);
#2157 = EDGE_CURVE('',#1898,#2150,#2158,.T.);
#2158 = LINE('',#2159,#2160);
#2159 = CARTESIAN_POINT('',(2.5,1.775,2.96));
#2160 = VECTOR('',#2161,1.);
#2161 = DIRECTION('',(0.,-1.110223024625E-16,-1.));
#2162 = ORIENTED_EDGE('',*,*,#1895,.F.);
#2163 = ORIENTED_EDGE('',*,*,#2164,.T.);
#2164 = EDGE_CURVE('',#1896,#2024,#2165,.T.);
#2165 = LINE('',#2166,#2167);
#2166 = CARTESIAN_POINT('',(-2.5,1.775,2.96));
#2167 = VECTOR('',#2168,1.);
#2168 = DIRECTION('',(0.,-1.110223024625E-16,-1.));
#2169 = ORIENTED_EDGE('',*,*,#2023,.F.);
#2170 = PLANE('',#2171);
#2171 = AXIS2_PLACEMENT_3D('',#2172,#2173,#2174);
#2172 = CARTESIAN_POINT('',(-3.,1.775,6.E-02));
#2173 = DIRECTION('',(0.,-1.,1.110223024625E-16));
#2174 = DIRECTION('',(1.,0.,0.));
#2175 = ADVANCED_FACE('',(#2176),#2242,.T.);
#2176 = FACE_BOUND('',#2177,.T.);
#2177 = EDGE_LOOP('',(#2178,#2179,#2180,#2188,#2196,#2204,#2210,#2211,
    #2212,#2220,#2228,#2236));
#2178 = ORIENTED_EDGE('',*,*,#1431,.F.);
#2179 = ORIENTED_EDGE('',*,*,#2141,.T.);
#2180 = ORIENTED_EDGE('',*,*,#2181,.T.);
#2181 = EDGE_CURVE('',#2142,#2182,#2184,.T.);
#2182 = VERTEX_POINT('',#2183);
#2183 = CARTESIAN_POINT('',(3.,1.225,1.46));
#2184 = LINE('',#2185,#2186);
#2185 = CARTESIAN_POINT('',(3.,1.775,1.46));
#2186 = VECTOR('',#2187,1.);
#2187 = DIRECTION('',(0.,-1.,1.110223024625E-16));
#2188 = ORIENTED_EDGE('',*,*,#2189,.T.);
#2189 = EDGE_CURVE('',#2182,#2190,#2192,.T.);
#2190 = VERTEX_POINT('',#2191);
#2191 = CARTESIAN_POINT('',(3.,1.225,2.46));
#2192 = LINE('',#2193,#2194);
#2193 = CARTESIAN_POINT('',(3.,1.225,1.46));
#2194 = VECTOR('',#2195,1.);
#2195 = DIRECTION('',(0.,1.110223024625E-16,1.));
#2196 = ORIENTED_EDGE('',*,*,#2197,.T.);
#2197 = EDGE_CURVE('',#2190,#2198,#2200,.T.);
#2198 = VERTEX_POINT('',#2199);
#2199 = CARTESIAN_POINT('',(3.,0.575,2.46));
#2200 = LINE('',#2201,#2202);
#2201 = CARTESIAN_POINT('',(3.,1.225,2.46));
#2202 = VECTOR('',#2203,1.);
#2203 = DIRECTION('',(0.,-1.,1.110223024625E-16));
#2204 = ORIENTED_EDGE('',*,*,#2205,.T.);
#2205 = EDGE_CURVE('',#2198,#1922,#2206,.T.);
#2206 = LINE('',#2207,#2208);
#2207 = CARTESIAN_POINT('',(3.,0.575,2.46));
#2208 = VECTOR('',#2209,1.);
#2209 = DIRECTION('',(0.,-0.500421834463,0.865781720524));
#2210 = ORIENTED_EDGE('',*,*,#1921,.T.);
#2211 = ORIENTED_EDGE('',*,*,#1775,.F.);
#2212 = ORIENTED_EDGE('',*,*,#2213,.T.);
#2213 = EDGE_CURVE('',#1768,#2214,#2216,.T.);
#2214 = VERTEX_POINT('',#2215);
#2215 = CARTESIAN_POINT('',(3.,-1.975,1.26));
#2216 = LINE('',#2217,#2218);
#2217 = CARTESIAN_POINT('',(3.,-2.475,1.26));
#2218 = VECTOR('',#2219,1.);
#2219 = DIRECTION('',(0.,1.,-1.110223024625E-16));
#2220 = ORIENTED_EDGE('',*,*,#2221,.T.);
#2221 = EDGE_CURVE('',#2214,#2222,#2224,.T.);
#2222 = VERTEX_POINT('',#2223);
#2223 = CARTESIAN_POINT('',(3.,-1.975,0.61));
#2224 = LINE('',#2225,#2226);
#2225 = CARTESIAN_POINT('',(3.,-1.975,1.26));
#2226 = VECTOR('',#2227,1.);
#2227 = DIRECTION('',(0.,-1.110223024625E-16,-1.));
#2228 = ORIENTED_EDGE('',*,*,#2229,.T.);
#2229 = EDGE_CURVE('',#2222,#2230,#2232,.T.);
#2230 = VERTEX_POINT('',#2231);
#2231 = CARTESIAN_POINT('',(3.,-0.975,0.61));
#2232 = LINE('',#2233,#2234);
#2233 = CARTESIAN_POINT('',(3.,-1.975,0.61));
#2234 = VECTOR('',#2235,1.);
#2235 = DIRECTION('',(0.,1.,-1.110223024625E-16));
#2236 = ORIENTED_EDGE('',*,*,#2237,.T.);
#2237 = EDGE_CURVE('',#2230,#1434,#2238,.T.);
#2238 = LINE('',#2239,#2240);
#2239 = CARTESIAN_POINT('',(3.,-0.975,0.61));
#2240 = VECTOR('',#2241,1.);
#2241 = DIRECTION('',(0.,-1.110223024625E-16,-1.));
#2242 = PLANE('',#2243);
#2243 = AXIS2_PLACEMENT_3D('',#2244,#2245,#2246);
#2244 = CARTESIAN_POINT('',(3.,1.775,6.E-02));
#2245 = DIRECTION('',(1.,0.,0.));
#2246 = DIRECTION('',(0.,-1.,1.110223024625E-16));
#2247 = ADVANCED_FACE('',(#2248),#2266,.F.);
#2248 = FACE_BOUND('',#2249,.F.);
#2249 = EDGE_LOOP('',(#2250,#2258,#2264,#2265));
#2250 = ORIENTED_EDGE('',*,*,#2251,.F.);
#2251 = EDGE_CURVE('',#2252,#1617,#2254,.T.);
#2252 = VERTEX_POINT('',#2253);
#2253 = CARTESIAN_POINT('',(2.7,-0.975,0.61));
#2254 = LINE('',#2255,#2256);
#2255 = CARTESIAN_POINT('',(2.7,-0.975,0.61));
#2256 = VECTOR('',#2257,1.);
#2257 = DIRECTION('',(0.,0.,-1.));
#2258 = ORIENTED_EDGE('',*,*,#2259,.T.);
#2259 = EDGE_CURVE('',#2252,#2230,#2260,.T.);
#2260 = LINE('',#2261,#2262);
#2261 = CARTESIAN_POINT('',(2.5,-0.975,0.61));
#2262 = VECTOR('',#2263,1.);
#2263 = DIRECTION('',(1.,0.,0.));
#2264 = ORIENTED_EDGE('',*,*,#2237,.T.);
#2265 = ORIENTED_EDGE('',*,*,#1624,.F.);
#2266 = PLANE('',#2267);
#2267 = AXIS2_PLACEMENT_3D('',#2268,#2269,#2270);
#2268 = CARTESIAN_POINT('',(2.5,-0.975,0.61));
#2269 = DIRECTION('',(0.,1.,-1.110223024625E-16));
#2270 = DIRECTION('',(0.,-1.110223024625E-16,-1.));
#2271 = ADVANCED_FACE('',(#2272),#2297,.T.);
#2272 = FACE_BOUND('',#2273,.T.);
#2273 = EDGE_LOOP('',(#2274,#2282,#2283,#2291));
#2274 = ORIENTED_EDGE('',*,*,#2275,.F.);
#2275 = EDGE_CURVE('',#1609,#2276,#2278,.T.);
#2276 = VERTEX_POINT('',#2277);
#2277 = CARTESIAN_POINT('',(2.5,-0.975,1.E-02));
#2278 = LINE('',#2279,#2280);
#2279 = CARTESIAN_POINT('',(2.5,-0.975,0.61));
#2280 = VECTOR('',#2281,1.);
#2281 = DIRECTION('',(0.,0.,-1.));
#2282 = ORIENTED_EDGE('',*,*,#1616,.T.);
#2283 = ORIENTED_EDGE('',*,*,#2284,.T.);
#2284 = EDGE_CURVE('',#1617,#2285,#2287,.T.);
#2285 = VERTEX_POINT('',#2286);
#2286 = CARTESIAN_POINT('',(2.7,-0.975,1.E-02));
#2287 = LINE('',#2288,#2289);
#2288 = CARTESIAN_POINT('',(2.7,-0.975,0.61));
#2289 = VECTOR('',#2290,1.);
#2290 = DIRECTION('',(0.,0.,-1.));
#2291 = ORIENTED_EDGE('',*,*,#2292,.F.);
#2292 = EDGE_CURVE('',#2276,#2285,#2293,.T.);
#2293 = LINE('',#2294,#2295);
#2294 = CARTESIAN_POINT('',(2.5,-0.975,1.E-02));
#2295 = VECTOR('',#2296,1.);
#2296 = DIRECTION('',(1.,0.,0.));
#2297 = PLANE('',#2298);
#2298 = AXIS2_PLACEMENT_3D('',#2299,#2300,#2301);
#2299 = CARTESIAN_POINT('',(2.5,-0.975,0.61));
#2300 = DIRECTION('',(0.,1.,0.));
#2301 = DIRECTION('',(0.,0.,-1.));
#2302 = ADVANCED_FACE('',(#2303),#2321,.T.);
#2303 = FACE_BOUND('',#2304,.T.);
#2304 = EDGE_LOOP('',(#2305,#2313,#2319,#2320));
#2305 = ORIENTED_EDGE('',*,*,#2306,.T.);
#2306 = EDGE_CURVE('',#2276,#2307,#2309,.T.);
#2307 = VERTEX_POINT('',#2308);
#2308 = CARTESIAN_POINT('',(2.5,-2.475,1.E-02));
#2309 = LINE('',#2310,#2311);
#2310 = CARTESIAN_POINT('',(2.5,-0.975,1.E-02));
#2311 = VECTOR('',#2312,1.);
#2312 = DIRECTION('',(0.,-1.,-5.782411586589E-18));
#2313 = ORIENTED_EDGE('',*,*,#2314,.T.);
#2314 = EDGE_CURVE('',#2307,#1601,#2315,.T.);
#2315 = LINE('',#2316,#2317);
#2316 = CARTESIAN_POINT('',(2.5,-2.475,1.E-02));
#2317 = VECTOR('',#2318,1.);
#2318 = DIRECTION('',(0.,0.,1.));
#2319 = ORIENTED_EDGE('',*,*,#1608,.F.);
#2320 = ORIENTED_EDGE('',*,*,#2275,.T.);
#2321 = PLANE('',#2322);
#2322 = AXIS2_PLACEMENT_3D('',#2323,#2324,#2325);
#2323 = CARTESIAN_POINT('',(2.5,-1.843181818182,0.516818181818));
#2324 = DIRECTION('',(-1.,-0.,-0.));
#2325 = DIRECTION('',(0.,0.,-1.));
#2326 = ADVANCED_FACE('',(#2327),#2352,.F.);
#2327 = FACE_BOUND('',#2328,.F.);
#2328 = EDGE_LOOP('',(#2329,#2339,#2345,#2346));
#2329 = ORIENTED_EDGE('',*,*,#2330,.T.);
#2330 = EDGE_CURVE('',#2331,#2333,#2335,.T.);
#2331 = VERTEX_POINT('',#2332);
#2332 = CARTESIAN_POINT('',(-2.5,-0.975,1.E-02));
#2333 = VERTEX_POINT('',#2334);
#2334 = CARTESIAN_POINT('',(-2.5,-2.475,1.E-02));
#2335 = LINE('',#2336,#2337);
#2336 = CARTESIAN_POINT('',(-2.5,-0.975,1.E-02));
#2337 = VECTOR('',#2338,1.);
#2338 = DIRECTION('',(0.,-1.,-5.782411586589E-18));
#2339 = ORIENTED_EDGE('',*,*,#2340,.T.);
#2340 = EDGE_CURVE('',#2333,#1593,#2341,.T.);
#2341 = LINE('',#2342,#2343);
#2342 = CARTESIAN_POINT('',(-2.5,-2.475,1.E-02));
#2343 = VECTOR('',#2344,1.);
#2344 = DIRECTION('',(0.,0.,1.));
#2345 = ORIENTED_EDGE('',*,*,#1592,.F.);
#2346 = ORIENTED_EDGE('',*,*,#2347,.T.);
#2347 = EDGE_CURVE('',#1585,#2331,#2348,.T.);
#2348 = LINE('',#2349,#2350);
#2349 = CARTESIAN_POINT('',(-2.5,-0.975,0.61));
#2350 = VECTOR('',#2351,1.);
#2351 = DIRECTION('',(0.,0.,-1.));
#2352 = PLANE('',#2353);
#2353 = AXIS2_PLACEMENT_3D('',#2354,#2355,#2356);
#2354 = CARTESIAN_POINT('',(-2.5,-1.843181818182,0.516818181818));
#2355 = DIRECTION('',(-1.,-0.,-0.));
#2356 = DIRECTION('',(0.,0.,-1.));
#2357 = ADVANCED_FACE('',(#2358),#2376,.T.);
#2358 = FACE_BOUND('',#2359,.T.);
#2359 = EDGE_LOOP('',(#2360,#2368,#2369,#2370));
#2360 = ORIENTED_EDGE('',*,*,#2361,.F.);
#2361 = EDGE_CURVE('',#1577,#2362,#2364,.T.);
#2362 = VERTEX_POINT('',#2363);
#2363 = CARTESIAN_POINT('',(-2.7,-0.975,1.E-02));
#2364 = LINE('',#2365,#2366);
#2365 = CARTESIAN_POINT('',(-2.7,-0.975,0.61));
#2366 = VECTOR('',#2367,1.);
#2367 = DIRECTION('',(0.,0.,-1.));
#2368 = ORIENTED_EDGE('',*,*,#1584,.T.);
#2369 = ORIENTED_EDGE('',*,*,#2347,.T.);
#2370 = ORIENTED_EDGE('',*,*,#2371,.F.);
#2371 = EDGE_CURVE('',#2362,#2331,#2372,.T.);
#2372 = LINE('',#2373,#2374);
#2373 = CARTESIAN_POINT('',(-2.7,-0.975,1.E-02));
#2374 = VECTOR('',#2375,1.);
#2375 = DIRECTION('',(1.,0.,0.));
#2376 = PLANE('',#2377);
#2377 = AXIS2_PLACEMENT_3D('',#2378,#2379,#2380);
#2378 = CARTESIAN_POINT('',(-2.7,-0.975,0.61));
#2379 = DIRECTION('',(0.,1.,0.));
#2380 = DIRECTION('',(0.,0.,-1.));
#2381 = ADVANCED_FACE('',(#2382),#2416,.T.);
#2382 = FACE_BOUND('',#2383,.T.);
#2383 = EDGE_LOOP('',(#2384,#2392,#2393,#2394,#2402,#2410));
#2384 = ORIENTED_EDGE('',*,*,#2385,.T.);
#2385 = EDGE_CURVE('',#2386,#1554,#2388,.T.);
#2386 = VERTEX_POINT('',#2387);
#2387 = CARTESIAN_POINT('',(-1.6,1.675,0.));
#2388 = LINE('',#2389,#2390);
#2389 = CARTESIAN_POINT('',(-1.6,1.675,0.));
#2390 = VECTOR('',#2391,1.);
#2391 = DIRECTION('',(0.,0.,1.));
#2392 = ORIENTED_EDGE('',*,*,#1561,.T.);
#2393 = ORIENTED_EDGE('',*,*,#2049,.T.);
#2394 = ORIENTED_EDGE('',*,*,#2395,.T.);
#2395 = EDGE_CURVE('',#2050,#2396,#2398,.T.);
#2396 = VERTEX_POINT('',#2397);
#2397 = CARTESIAN_POINT('',(-1.6,2.475,0.2));
#2398 = LINE('',#2399,#2400);
#2399 = CARTESIAN_POINT('',(-1.6,1.775,0.2));
#2400 = VECTOR('',#2401,1.);
#2401 = DIRECTION('',(0.,1.,0.));
#2402 = ORIENTED_EDGE('',*,*,#2403,.T.);
#2403 = EDGE_CURVE('',#2396,#2404,#2406,.T.);
#2404 = VERTEX_POINT('',#2405);
#2405 = CARTESIAN_POINT('',(-1.6,2.475,0.));
#2406 = LINE('',#2407,#2408);
#2407 = CARTESIAN_POINT('',(-1.6,2.475,0.2));
#2408 = VECTOR('',#2409,1.);
#2409 = DIRECTION('',(0.,0.,-1.));
#2410 = ORIENTED_EDGE('',*,*,#2411,.T.);
#2411 = EDGE_CURVE('',#2404,#2386,#2412,.T.);
#2412 = LINE('',#2413,#2414);
#2413 = CARTESIAN_POINT('',(-1.6,2.475,0.));
#2414 = VECTOR('',#2415,1.);
#2415 = DIRECTION('',(0.,-1.,0.));
#2416 = PLANE('',#2417);
#2417 = AXIS2_PLACEMENT_3D('',#2418,#2419,#2420);
#2418 = CARTESIAN_POINT('',(-1.6,2.082,9.3E-02));
#2419 = DIRECTION('',(-1.,-0.,-0.));
#2420 = DIRECTION('',(0.,0.,-1.));
#2421 = ADVANCED_FACE('',(#2422),#2440,.T.);
#2422 = FACE_BOUND('',#2423,.T.);
#2423 = EDGE_LOOP('',(#2424,#2432,#2438,#2439));
#2424 = ORIENTED_EDGE('',*,*,#2425,.T.);
#2425 = EDGE_CURVE('',#2386,#2426,#2428,.T.);
#2426 = VERTEX_POINT('',#2427);
#2427 = CARTESIAN_POINT('',(-1.4,1.675,0.));
#2428 = LINE('',#2429,#2430);
#2429 = CARTESIAN_POINT('',(-1.6,1.675,0.));
#2430 = VECTOR('',#2431,1.);
#2431 = DIRECTION('',(1.,0.,0.));
#2432 = ORIENTED_EDGE('',*,*,#2433,.T.);
#2433 = EDGE_CURVE('',#2426,#1546,#2434,.T.);
#2434 = LINE('',#2435,#2436);
#2435 = CARTESIAN_POINT('',(-1.4,1.675,0.));
#2436 = VECTOR('',#2437,1.);
#2437 = DIRECTION('',(0.,0.,1.));
#2438 = ORIENTED_EDGE('',*,*,#1553,.F.);
#2439 = ORIENTED_EDGE('',*,*,#2385,.F.);
#2440 = PLANE('',#2441);
#2441 = AXIS2_PLACEMENT_3D('',#2442,#2443,#2444);
#2442 = CARTESIAN_POINT('',(-1.6,1.675,0.));
#2443 = DIRECTION('',(0.,-1.,0.));
#2444 = DIRECTION('',(0.,0.,1.));
#2445 = ADVANCED_FACE('',(#2446),#2473,.F.);
#2446 = FACE_BOUND('',#2447,.F.);
#2447 = EDGE_LOOP('',(#2448,#2449,#2450,#2451,#2459,#2467));
#2448 = ORIENTED_EDGE('',*,*,#2433,.T.);
#2449 = ORIENTED_EDGE('',*,*,#1545,.T.);
#2450 = ORIENTED_EDGE('',*,*,#2065,.T.);
#2451 = ORIENTED_EDGE('',*,*,#2452,.T.);
#2452 = EDGE_CURVE('',#2058,#2453,#2455,.T.);
#2453 = VERTEX_POINT('',#2454);
#2454 = CARTESIAN_POINT('',(-1.4,2.475,0.2));
#2455 = LINE('',#2456,#2457);
#2456 = CARTESIAN_POINT('',(-1.4,1.775,0.2));
#2457 = VECTOR('',#2458,1.);
#2458 = DIRECTION('',(0.,1.,0.));
#2459 = ORIENTED_EDGE('',*,*,#2460,.T.);
#2460 = EDGE_CURVE('',#2453,#2461,#2463,.T.);
#2461 = VERTEX_POINT('',#2462);
#2462 = CARTESIAN_POINT('',(-1.4,2.475,0.));
#2463 = LINE('',#2464,#2465);
#2464 = CARTESIAN_POINT('',(-1.4,2.475,0.2));
#2465 = VECTOR('',#2466,1.);
#2466 = DIRECTION('',(0.,0.,-1.));
#2467 = ORIENTED_EDGE('',*,*,#2468,.T.);
#2468 = EDGE_CURVE('',#2461,#2426,#2469,.T.);
#2469 = LINE('',#2470,#2471);
#2470 = CARTESIAN_POINT('',(-1.4,2.475,0.));
#2471 = VECTOR('',#2472,1.);
#2472 = DIRECTION('',(0.,-1.,0.));
#2473 = PLANE('',#2474);
#2474 = AXIS2_PLACEMENT_3D('',#2475,#2476,#2477);
#2475 = CARTESIAN_POINT('',(-1.4,2.082,9.3E-02));
#2476 = DIRECTION('',(-1.,-0.,-0.));
#2477 = DIRECTION('',(0.,0.,-1.));
#2478 = ADVANCED_FACE('',(#2479),#2513,.T.);
#2479 = FACE_BOUND('',#2480,.T.);
#2480 = EDGE_LOOP('',(#2481,#2489,#2490,#2491,#2499,#2507));
#2481 = ORIENTED_EDGE('',*,*,#2482,.T.);
#2482 = EDGE_CURVE('',#2483,#1522,#2485,.T.);
#2483 = VERTEX_POINT('',#2484);
#2484 = CARTESIAN_POINT('',(-0.6,1.675,0.));
#2485 = LINE('',#2486,#2487);
#2486 = CARTESIAN_POINT('',(-0.6,1.675,0.));
#2487 = VECTOR('',#2488,1.);
#2488 = DIRECTION('',(0.,0.,1.));
#2489 = ORIENTED_EDGE('',*,*,#1529,.T.);
#2490 = ORIENTED_EDGE('',*,*,#2072,.T.);
#2491 = ORIENTED_EDGE('',*,*,#2492,.T.);
#2492 = EDGE_CURVE('',#2073,#2493,#2495,.T.);
#2493 = VERTEX_POINT('',#2494);
#2494 = CARTESIAN_POINT('',(-0.6,2.475,0.2));
#2495 = LINE('',#2496,#2497);
#2496 = CARTESIAN_POINT('',(-0.6,1.775,0.2));
#2497 = VECTOR('',#2498,1.);
#2498 = DIRECTION('',(0.,1.,0.));
#2499 = ORIENTED_EDGE('',*,*,#2500,.T.);
#2500 = EDGE_CURVE('',#2493,#2501,#2503,.T.);
#2501 = VERTEX_POINT('',#2502);
#2502 = CARTESIAN_POINT('',(-0.6,2.475,0.));
#2503 = LINE('',#2504,#2505);
#2504 = CARTESIAN_POINT('',(-0.6,2.475,0.2));
#2505 = VECTOR('',#2506,1.);
#2506 = DIRECTION('',(0.,0.,-1.));
#2507 = ORIENTED_EDGE('',*,*,#2508,.T.);
#2508 = EDGE_CURVE('',#2501,#2483,#2509,.T.);
#2509 = LINE('',#2510,#2511);
#2510 = CARTESIAN_POINT('',(-0.6,2.475,0.));
#2511 = VECTOR('',#2512,1.);
#2512 = DIRECTION('',(0.,-1.,0.));
#2513 = PLANE('',#2514);
#2514 = AXIS2_PLACEMENT_3D('',#2515,#2516,#2517);
#2515 = CARTESIAN_POINT('',(-0.6,2.082,9.3E-02));
#2516 = DIRECTION('',(-1.,-0.,-0.));
#2517 = DIRECTION('',(0.,0.,-1.));
#2518 = ADVANCED_FACE('',(#2519),#2537,.T.);
#2519 = FACE_BOUND('',#2520,.T.);
#2520 = EDGE_LOOP('',(#2521,#2529,#2535,#2536));
#2521 = ORIENTED_EDGE('',*,*,#2522,.T.);
#2522 = EDGE_CURVE('',#2483,#2523,#2525,.T.);
#2523 = VERTEX_POINT('',#2524);
#2524 = CARTESIAN_POINT('',(-0.4,1.675,0.));
#2525 = LINE('',#2526,#2527);
#2526 = CARTESIAN_POINT('',(-0.6,1.675,0.));
#2527 = VECTOR('',#2528,1.);
#2528 = DIRECTION('',(1.,0.,0.));
#2529 = ORIENTED_EDGE('',*,*,#2530,.T.);
#2530 = EDGE_CURVE('',#2523,#1514,#2531,.T.);
#2531 = LINE('',#2532,#2533);
#2532 = CARTESIAN_POINT('',(-0.4,1.675,0.));
#2533 = VECTOR('',#2534,1.);
#2534 = DIRECTION('',(0.,0.,1.));
#2535 = ORIENTED_EDGE('',*,*,#1521,.F.);
#2536 = ORIENTED_EDGE('',*,*,#2482,.F.);
#2537 = PLANE('',#2538);
#2538 = AXIS2_PLACEMENT_3D('',#2539,#2540,#2541);
#2539 = CARTESIAN_POINT('',(-0.6,1.675,0.));
#2540 = DIRECTION('',(0.,-1.,0.));
#2541 = DIRECTION('',(0.,0.,1.));
#2542 = ADVANCED_FACE('',(#2543),#2570,.F.);
#2543 = FACE_BOUND('',#2544,.F.);
#2544 = EDGE_LOOP('',(#2545,#2546,#2547,#2548,#2556,#2564));
#2545 = ORIENTED_EDGE('',*,*,#2530,.T.);
#2546 = ORIENTED_EDGE('',*,*,#1513,.T.);
#2547 = ORIENTED_EDGE('',*,*,#2088,.T.);
#2548 = ORIENTED_EDGE('',*,*,#2549,.T.);
#2549 = EDGE_CURVE('',#2081,#2550,#2552,.T.);
#2550 = VERTEX_POINT('',#2551);
#2551 = CARTESIAN_POINT('',(-0.4,2.475,0.2));
#2552 = LINE('',#2553,#2554);
#2553 = CARTESIAN_POINT('',(-0.4,1.775,0.2));
#2554 = VECTOR('',#2555,1.);
#2555 = DIRECTION('',(0.,1.,0.));
#2556 = ORIENTED_EDGE('',*,*,#2557,.T.);
#2557 = EDGE_CURVE('',#2550,#2558,#2560,.T.);
#2558 = VERTEX_POINT('',#2559);
#2559 = CARTESIAN_POINT('',(-0.4,2.475,0.));
#2560 = LINE('',#2561,#2562);
#2561 = CARTESIAN_POINT('',(-0.4,2.475,0.2));
#2562 = VECTOR('',#2563,1.);
#2563 = DIRECTION('',(0.,0.,-1.));
#2564 = ORIENTED_EDGE('',*,*,#2565,.T.);
#2565 = EDGE_CURVE('',#2558,#2523,#2566,.T.);
#2566 = LINE('',#2567,#2568);
#2567 = CARTESIAN_POINT('',(-0.4,2.475,0.));
#2568 = VECTOR('',#2569,1.);
#2569 = DIRECTION('',(0.,-1.,0.));
#2570 = PLANE('',#2571);
#2571 = AXIS2_PLACEMENT_3D('',#2572,#2573,#2574);
#2572 = CARTESIAN_POINT('',(-0.4,2.082,9.3E-02));
#2573 = DIRECTION('',(-1.,-0.,-0.));
#2574 = DIRECTION('',(0.,0.,-1.));
#2575 = ADVANCED_FACE('',(#2576),#2610,.T.);
#2576 = FACE_BOUND('',#2577,.T.);
#2577 = EDGE_LOOP('',(#2578,#2586,#2587,#2588,#2596,#2604));
#2578 = ORIENTED_EDGE('',*,*,#2579,.T.);
#2579 = EDGE_CURVE('',#2580,#1490,#2582,.T.);
#2580 = VERTEX_POINT('',#2581);
#2581 = CARTESIAN_POINT('',(0.4,1.675,0.));
#2582 = LINE('',#2583,#2584);
#2583 = CARTESIAN_POINT('',(0.4,1.675,0.));
#2584 = VECTOR('',#2585,1.);
#2585 = DIRECTION('',(0.,0.,1.));
#2586 = ORIENTED_EDGE('',*,*,#1497,.T.);
#2587 = ORIENTED_EDGE('',*,*,#2095,.T.);
#2588 = ORIENTED_EDGE('',*,*,#2589,.T.);
#2589 = EDGE_CURVE('',#2096,#2590,#2592,.T.);
#2590 = VERTEX_POINT('',#2591);
#2591 = CARTESIAN_POINT('',(0.4,2.475,0.2));
#2592 = LINE('',#2593,#2594);
#2593 = CARTESIAN_POINT('',(0.4,1.775,0.2));
#2594 = VECTOR('',#2595,1.);
#2595 = DIRECTION('',(0.,1.,0.));
#2596 = ORIENTED_EDGE('',*,*,#2597,.T.);
#2597 = EDGE_CURVE('',#2590,#2598,#2600,.T.);
#2598 = VERTEX_POINT('',#2599);
#2599 = CARTESIAN_POINT('',(0.4,2.475,0.));
#2600 = LINE('',#2601,#2602);
#2601 = CARTESIAN_POINT('',(0.4,2.475,0.2));
#2602 = VECTOR('',#2603,1.);
#2603 = DIRECTION('',(0.,0.,-1.));
#2604 = ORIENTED_EDGE('',*,*,#2605,.T.);
#2605 = EDGE_CURVE('',#2598,#2580,#2606,.T.);
#2606 = LINE('',#2607,#2608);
#2607 = CARTESIAN_POINT('',(0.4,2.475,0.));
#2608 = VECTOR('',#2609,1.);
#2609 = DIRECTION('',(0.,-1.,0.));
#2610 = PLANE('',#2611);
#2611 = AXIS2_PLACEMENT_3D('',#2612,#2613,#2614);
#2612 = CARTESIAN_POINT('',(0.4,2.082,9.3E-02));
#2613 = DIRECTION('',(-1.,-0.,-0.));
#2614 = DIRECTION('',(0.,0.,-1.));
#2615 = ADVANCED_FACE('',(#2616),#2634,.T.);
#2616 = FACE_BOUND('',#2617,.T.);
#2617 = EDGE_LOOP('',(#2618,#2626,#2632,#2633));
#2618 = ORIENTED_EDGE('',*,*,#2619,.T.);
#2619 = EDGE_CURVE('',#2580,#2620,#2622,.T.);
#2620 = VERTEX_POINT('',#2621);
#2621 = CARTESIAN_POINT('',(0.6,1.675,0.));
#2622 = LINE('',#2623,#2624);
#2623 = CARTESIAN_POINT('',(0.4,1.675,0.));
#2624 = VECTOR('',#2625,1.);
#2625 = DIRECTION('',(1.,0.,0.));
#2626 = ORIENTED_EDGE('',*,*,#2627,.T.);
#2627 = EDGE_CURVE('',#2620,#1482,#2628,.T.);
#2628 = LINE('',#2629,#2630);
#2629 = CARTESIAN_POINT('',(0.6,1.675,0.));
#2630 = VECTOR('',#2631,1.);
#2631 = DIRECTION('',(0.,0.,1.));
#2632 = ORIENTED_EDGE('',*,*,#1489,.F.);
#2633 = ORIENTED_EDGE('',*,*,#2579,.F.);
#2634 = PLANE('',#2635);
#2635 = AXIS2_PLACEMENT_3D('',#2636,#2637,#2638);
#2636 = CARTESIAN_POINT('',(0.4,1.675,0.));
#2637 = DIRECTION('',(0.,-1.,0.));
#2638 = DIRECTION('',(0.,0.,1.));
#2639 = ADVANCED_FACE('',(#2640),#2667,.F.);
#2640 = FACE_BOUND('',#2641,.F.);
#2641 = EDGE_LOOP('',(#2642,#2643,#2644,#2645,#2653,#2661));
#2642 = ORIENTED_EDGE('',*,*,#2627,.T.);
#2643 = ORIENTED_EDGE('',*,*,#1481,.T.);
#2644 = ORIENTED_EDGE('',*,*,#2111,.T.);
#2645 = ORIENTED_EDGE('',*,*,#2646,.T.);
#2646 = EDGE_CURVE('',#2104,#2647,#2649,.T.);
#2647 = VERTEX_POINT('',#2648);
#2648 = CARTESIAN_POINT('',(0.6,2.475,0.2));
#2649 = LINE('',#2650,#2651);
#2650 = CARTESIAN_POINT('',(0.6,1.775,0.2));
#2651 = VECTOR('',#2652,1.);
#2652 = DIRECTION('',(0.,1.,0.));
#2653 = ORIENTED_EDGE('',*,*,#2654,.T.);
#2654 = EDGE_CURVE('',#2647,#2655,#2657,.T.);
#2655 = VERTEX_POINT('',#2656);
#2656 = CARTESIAN_POINT('',(0.6,2.475,0.));
#2657 = LINE('',#2658,#2659);
#2658 = CARTESIAN_POINT('',(0.6,2.475,0.2));
#2659 = VECTOR('',#2660,1.);
#2660 = DIRECTION('',(0.,0.,-1.));
#2661 = ORIENTED_EDGE('',*,*,#2662,.T.);
#2662 = EDGE_CURVE('',#2655,#2620,#2663,.T.);
#2663 = LINE('',#2664,#2665);
#2664 = CARTESIAN_POINT('',(0.6,2.475,0.));
#2665 = VECTOR('',#2666,1.);
#2666 = DIRECTION('',(0.,-1.,0.));
#2667 = PLANE('',#2668);
#2668 = AXIS2_PLACEMENT_3D('',#2669,#2670,#2671);
#2669 = CARTESIAN_POINT('',(0.6,2.082,9.3E-02));
#2670 = DIRECTION('',(-1.,-0.,-0.));
#2671 = DIRECTION('',(0.,0.,-1.));
#2672 = ADVANCED_FACE('',(#2673),#2707,.T.);
#2673 = FACE_BOUND('',#2674,.T.);
#2674 = EDGE_LOOP('',(#2675,#2683,#2684,#2685,#2693,#2701));
#2675 = ORIENTED_EDGE('',*,*,#2676,.T.);
#2676 = EDGE_CURVE('',#2677,#1458,#2679,.T.);
#2677 = VERTEX_POINT('',#2678);
#2678 = CARTESIAN_POINT('',(1.4,1.675,0.));
#2679 = LINE('',#2680,#2681);
#2680 = CARTESIAN_POINT('',(1.4,1.675,0.));
#2681 = VECTOR('',#2682,1.);
#2682 = DIRECTION('',(0.,0.,1.));
#2683 = ORIENTED_EDGE('',*,*,#1465,.T.);
#2684 = ORIENTED_EDGE('',*,*,#2118,.T.);
#2685 = ORIENTED_EDGE('',*,*,#2686,.T.);
#2686 = EDGE_CURVE('',#2119,#2687,#2689,.T.);
#2687 = VERTEX_POINT('',#2688);
#2688 = CARTESIAN_POINT('',(1.4,2.475,0.2));
#2689 = LINE('',#2690,#2691);
#2690 = CARTESIAN_POINT('',(1.4,1.775,0.2));
#2691 = VECTOR('',#2692,1.);
#2692 = DIRECTION('',(0.,1.,0.));
#2693 = ORIENTED_EDGE('',*,*,#2694,.T.);
#2694 = EDGE_CURVE('',#2687,#2695,#2697,.T.);
#2695 = VERTEX_POINT('',#2696);
#2696 = CARTESIAN_POINT('',(1.4,2.475,0.));
#2697 = LINE('',#2698,#2699);
#2698 = CARTESIAN_POINT('',(1.4,2.475,0.2));
#2699 = VECTOR('',#2700,1.);
#2700 = DIRECTION('',(0.,0.,-1.));
#2701 = ORIENTED_EDGE('',*,*,#2702,.T.);
#2702 = EDGE_CURVE('',#2695,#2677,#2703,.T.);
#2703 = LINE('',#2704,#2705);
#2704 = CARTESIAN_POINT('',(1.4,2.475,0.));
#2705 = VECTOR('',#2706,1.);
#2706 = DIRECTION('',(0.,-1.,0.));
#2707 = PLANE('',#2708);
#2708 = AXIS2_PLACEMENT_3D('',#2709,#2710,#2711);
#2709 = CARTESIAN_POINT('',(1.4,2.082,9.3E-02));
#2710 = DIRECTION('',(-1.,-0.,-0.));
#2711 = DIRECTION('',(0.,0.,-1.));
#2712 = ADVANCED_FACE('',(#2713),#2731,.T.);
#2713 = FACE_BOUND('',#2714,.T.);
#2714 = EDGE_LOOP('',(#2715,#2723,#2729,#2730));
#2715 = ORIENTED_EDGE('',*,*,#2716,.T.);
#2716 = EDGE_CURVE('',#2677,#2717,#2719,.T.);
#2717 = VERTEX_POINT('',#2718);
#2718 = CARTESIAN_POINT('',(1.6,1.675,0.));
#2719 = LINE('',#2720,#2721);
#2720 = CARTESIAN_POINT('',(1.4,1.675,0.));
#2721 = VECTOR('',#2722,1.);
#2722 = DIRECTION('',(1.,0.,0.));
#2723 = ORIENTED_EDGE('',*,*,#2724,.T.);
#2724 = EDGE_CURVE('',#2717,#1450,#2725,.T.);
#2725 = LINE('',#2726,#2727);
#2726 = CARTESIAN_POINT('',(1.6,1.675,0.));
#2727 = VECTOR('',#2728,1.);
#2728 = DIRECTION('',(0.,0.,1.));
#2729 = ORIENTED_EDGE('',*,*,#1457,.F.);
#2730 = ORIENTED_EDGE('',*,*,#2676,.F.);
#2731 = PLANE('',#2732);
#2732 = AXIS2_PLACEMENT_3D('',#2733,#2734,#2735);
#2733 = CARTESIAN_POINT('',(1.4,1.675,0.));
#2734 = DIRECTION('',(0.,-1.,0.));
#2735 = DIRECTION('',(0.,0.,1.));
#2736 = ADVANCED_FACE('',(#2737),#2764,.F.);
#2737 = FACE_BOUND('',#2738,.F.);
#2738 = EDGE_LOOP('',(#2739,#2740,#2741,#2742,#2750,#2758));
#2739 = ORIENTED_EDGE('',*,*,#2724,.T.);
#2740 = ORIENTED_EDGE('',*,*,#1449,.T.);
#2741 = ORIENTED_EDGE('',*,*,#2134,.T.);
#2742 = ORIENTED_EDGE('',*,*,#2743,.T.);
#2743 = EDGE_CURVE('',#2127,#2744,#2746,.T.);
#2744 = VERTEX_POINT('',#2745);
#2745 = CARTESIAN_POINT('',(1.6,2.475,0.2));
#2746 = LINE('',#2747,#2748);
#2747 = CARTESIAN_POINT('',(1.6,1.775,0.2));
#2748 = VECTOR('',#2749,1.);
#2749 = DIRECTION('',(0.,1.,0.));
#2750 = ORIENTED_EDGE('',*,*,#2751,.T.);
#2751 = EDGE_CURVE('',#2744,#2752,#2754,.T.);
#2752 = VERTEX_POINT('',#2753);
#2753 = CARTESIAN_POINT('',(1.6,2.475,0.));
#2754 = LINE('',#2755,#2756);
#2755 = CARTESIAN_POINT('',(1.6,2.475,0.2));
#2756 = VECTOR('',#2757,1.);
#2757 = DIRECTION('',(0.,0.,-1.));
#2758 = ORIENTED_EDGE('',*,*,#2759,.T.);
#2759 = EDGE_CURVE('',#2752,#2717,#2760,.T.);
#2760 = LINE('',#2761,#2762);
#2761 = CARTESIAN_POINT('',(1.6,2.475,0.));
#2762 = VECTOR('',#2763,1.);
#2763 = DIRECTION('',(0.,-1.,0.));
#2764 = PLANE('',#2765);
#2765 = AXIS2_PLACEMENT_3D('',#2766,#2767,#2768);
#2766 = CARTESIAN_POINT('',(1.6,2.082,9.3E-02));
#2767 = DIRECTION('',(-1.,-0.,-0.));
#2768 = DIRECTION('',(0.,0.,-1.));
#2769 = ADVANCED_FACE('',(#2770),#2791,.T.);
#2770 = FACE_BOUND('',#2771,.T.);
#2771 = EDGE_LOOP('',(#2772,#2780,#2781,#2782,#2783,#2784,#2785));
#2772 = ORIENTED_EDGE('',*,*,#2773,.T.);
#2773 = EDGE_CURVE('',#2774,#1712,#2776,.T.);
#2774 = VERTEX_POINT('',#2775);
#2775 = CARTESIAN_POINT('',(-2.7,-2.475,1.E-02));
#2776 = LINE('',#2777,#2778);
#2777 = CARTESIAN_POINT('',(-2.7,-2.475,1.E-02));
#2778 = VECTOR('',#2779,1.);
#2779 = DIRECTION('',(0.,0.,1.));
#2780 = ORIENTED_EDGE('',*,*,#1719,.T.);
#2781 = ORIENTED_EDGE('',*,*,#1695,.T.);
#2782 = ORIENTED_EDGE('',*,*,#1671,.T.);
#2783 = ORIENTED_EDGE('',*,*,#1647,.T.);
#2784 = ORIENTED_EDGE('',*,*,#2361,.T.);
#2785 = ORIENTED_EDGE('',*,*,#2786,.T.);
#2786 = EDGE_CURVE('',#2362,#2774,#2787,.T.);
#2787 = LINE('',#2788,#2789);
#2788 = CARTESIAN_POINT('',(-2.7,-0.975,1.E-02));
#2789 = VECTOR('',#2790,1.);
#2790 = DIRECTION('',(0.,-1.,-5.782411586589E-18));
#2791 = PLANE('',#2792);
#2792 = AXIS2_PLACEMENT_3D('',#2793,#2794,#2795);
#2793 = CARTESIAN_POINT('',(-2.7,-1.843181818182,0.516818181818));
#2794 = DIRECTION('',(-1.,-0.,-0.));
#2795 = DIRECTION('',(0.,0.,-1.));
#2796 = ADVANCED_FACE('',(#2797),#2809,.T.);
#2797 = FACE_BOUND('',#2798,.T.);
#2798 = EDGE_LOOP('',(#2799,#2805,#2806,#2807,#2808));
#2799 = ORIENTED_EDGE('',*,*,#2800,.T.);
#2800 = EDGE_CURVE('',#2774,#2333,#2801,.T.);
#2801 = LINE('',#2802,#2803);
#2802 = CARTESIAN_POINT('',(-2.7,-2.475,1.E-02));
#2803 = VECTOR('',#2804,1.);
#2804 = DIRECTION('',(1.,0.,0.));
#2805 = ORIENTED_EDGE('',*,*,#2340,.T.);
#2806 = ORIENTED_EDGE('',*,*,#1744,.T.);
#2807 = ORIENTED_EDGE('',*,*,#1736,.F.);
#2808 = ORIENTED_EDGE('',*,*,#2773,.F.);
#2809 = PLANE('',#2810);
#2810 = AXIS2_PLACEMENT_3D('',#2811,#2812,#2813);
#2811 = CARTESIAN_POINT('',(-2.7,-2.475,1.E-02));
#2812 = DIRECTION('',(0.,-1.,0.));
#2813 = DIRECTION('',(0.,0.,1.));
#2814 = ADVANCED_FACE('',(#2815),#2834,.T.);
#2815 = FACE_BOUND('',#2816,.T.);
#2816 = EDGE_LOOP('',(#2817,#2825,#2831,#2832,#2833));
#2817 = ORIENTED_EDGE('',*,*,#2818,.T.);
#2818 = EDGE_CURVE('',#2307,#2819,#2821,.T.);
#2819 = VERTEX_POINT('',#2820);
#2820 = CARTESIAN_POINT('',(2.7,-2.475,1.E-02));
#2821 = LINE('',#2822,#2823);
#2822 = CARTESIAN_POINT('',(2.5,-2.475,1.E-02));
#2823 = VECTOR('',#2824,1.);
#2824 = DIRECTION('',(1.,0.,0.));
#2825 = ORIENTED_EDGE('',*,*,#2826,.T.);
#2826 = EDGE_CURVE('',#2819,#1760,#2827,.T.);
#2827 = LINE('',#2828,#2829);
#2828 = CARTESIAN_POINT('',(2.7,-2.475,1.E-02));
#2829 = VECTOR('',#2830,1.);
#2830 = DIRECTION('',(0.,0.,1.));
#2831 = ORIENTED_EDGE('',*,*,#1759,.F.);
#2832 = ORIENTED_EDGE('',*,*,#1751,.F.);
#2833 = ORIENTED_EDGE('',*,*,#2314,.F.);
#2834 = PLANE('',#2835);
#2835 = AXIS2_PLACEMENT_3D('',#2836,#2837,#2838);
#2836 = CARTESIAN_POINT('',(2.5,-2.475,1.E-02));
#2837 = DIRECTION('',(0.,-1.,0.));
#2838 = DIRECTION('',(0.,0.,1.));
#2839 = ADVANCED_FACE('',(#2840),#2858,.F.);
#2840 = FACE_BOUND('',#2841,.F.);
#2841 = EDGE_LOOP('',(#2842,#2850,#2851,#2852));
#2842 = ORIENTED_EDGE('',*,*,#2843,.F.);
#2843 = EDGE_CURVE('',#1760,#2844,#2846,.T.);
#2844 = VERTEX_POINT('',#2845);
#2845 = CARTESIAN_POINT('',(2.7,-1.975,1.26));
#2846 = LINE('',#2847,#2848);
#2847 = CARTESIAN_POINT('',(2.7,-2.475,1.26));
#2848 = VECTOR('',#2849,1.);
#2849 = DIRECTION('',(0.,1.,0.));
#2850 = ORIENTED_EDGE('',*,*,#1767,.T.);
#2851 = ORIENTED_EDGE('',*,*,#2213,.T.);
#2852 = ORIENTED_EDGE('',*,*,#2853,.F.);
#2853 = EDGE_CURVE('',#2844,#2214,#2854,.T.);
#2854 = LINE('',#2855,#2856);
#2855 = CARTESIAN_POINT('',(2.5,-1.975,1.26));
#2856 = VECTOR('',#2857,1.);
#2857 = DIRECTION('',(1.,0.,0.));
#2858 = PLANE('',#2859);
#2859 = AXIS2_PLACEMENT_3D('',#2860,#2861,#2862);
#2860 = CARTESIAN_POINT('',(2.5,-2.475,1.26));
#2861 = DIRECTION('',(0.,1.110223024625E-16,1.));
#2862 = DIRECTION('',(0.,1.,-1.110223024625E-16));
#2863 = ADVANCED_FACE('',(#2864),#2912,.F.);
#2864 = FACE_BOUND('',#2865,.F.);
#2865 = EDGE_LOOP('',(#2866,#2867,#2875,#2883,#2889,#2890,#2898,#2906));
#2866 = ORIENTED_EDGE('',*,*,#1791,.F.);
#2867 = ORIENTED_EDGE('',*,*,#2868,.T.);
#2868 = EDGE_CURVE('',#1792,#2869,#2871,.T.);
#2869 = VERTEX_POINT('',#2870);
#2870 = CARTESIAN_POINT('',(2.2,0.525,0.46));
#2871 = LINE('',#2872,#2873);
#2872 = CARTESIAN_POINT('',(2.2,-2.475,0.46));
#2873 = VECTOR('',#2874,1.);
#2874 = DIRECTION('',(0.,1.,-1.110223024625E-16));
#2875 = ORIENTED_EDGE('',*,*,#2876,.T.);
#2876 = EDGE_CURVE('',#2869,#2877,#2879,.T.);
#2877 = VERTEX_POINT('',#2878);
#2878 = CARTESIAN_POINT('',(2.2,0.525,2.56));
#2879 = LINE('',#2880,#2881);
#2880 = CARTESIAN_POINT('',(2.2,0.525,0.46));
#2881 = VECTOR('',#2882,1.);
#2882 = DIRECTION('',(0.,1.110223024625E-16,1.));
#2883 = ORIENTED_EDGE('',*,*,#2884,.F.);
#2884 = EDGE_CURVE('',#1850,#2877,#2885,.T.);
#2885 = LINE('',#2886,#2887);
#2886 = CARTESIAN_POINT('',(2.2,-2.475,2.56));
#2887 = VECTOR('',#2888,1.);
#2888 = DIRECTION('',(0.,1.,-1.110223024625E-16));
#2889 = ORIENTED_EDGE('',*,*,#1857,.F.);
#2890 = ORIENTED_EDGE('',*,*,#2891,.F.);
#2891 = EDGE_CURVE('',#2892,#1858,#2894,.T.);
#2892 = VERTEX_POINT('',#2893);
#2893 = CARTESIAN_POINT('',(2.2,-7.5E-02,2.06));
#2894 = LINE('',#2895,#2896);
#2895 = CARTESIAN_POINT('',(2.2,-2.475,2.06));
#2896 = VECTOR('',#2897,1.);
#2897 = DIRECTION('',(0.,-1.,1.110223024625E-16));
#2898 = ORIENTED_EDGE('',*,*,#2899,.T.);
#2899 = EDGE_CURVE('',#2892,#2900,#2902,.T.);
#2900 = VERTEX_POINT('',#2901);
#2901 = CARTESIAN_POINT('',(2.2,-7.5E-02,1.46));
#2902 = LINE('',#2903,#2904);
#2903 = CARTESIAN_POINT('',(2.2,-7.5E-02,1.11));
#2904 = VECTOR('',#2905,1.);
#2905 = DIRECTION('',(0.,-1.110223024625E-16,-1.));
#2906 = ORIENTED_EDGE('',*,*,#2907,.F.);
#2907 = EDGE_CURVE('',#1794,#2900,#2908,.T.);
#2908 = LINE('',#2909,#2910);
#2909 = CARTESIAN_POINT('',(2.2,-2.475,1.46));
#2910 = VECTOR('',#2911,1.);
#2911 = DIRECTION('',(0.,1.,-1.110223024625E-16));
#2912 = PLANE('',#2913);
#2913 = AXIS2_PLACEMENT_3D('',#2914,#2915,#2916);
#2914 = CARTESIAN_POINT('',(2.2,-2.475,0.46));
#2915 = DIRECTION('',(1.,0.,0.));
#2916 = DIRECTION('',(-0.,1.110223024625E-16,1.));
#2917 = ADVANCED_FACE('',(#2918),#2936,.F.);
#2918 = FACE_BOUND('',#2919,.F.);
#2919 = EDGE_LOOP('',(#2920,#2921,#2922,#2930));
#2920 = ORIENTED_EDGE('',*,*,#1881,.F.);
#2921 = ORIENTED_EDGE('',*,*,#2907,.T.);
#2922 = ORIENTED_EDGE('',*,*,#2923,.T.);
#2923 = EDGE_CURVE('',#2900,#2924,#2926,.T.);
#2924 = VERTEX_POINT('',#2925);
#2925 = CARTESIAN_POINT('',(2.55,-7.5E-02,1.46));
#2926 = LINE('',#2927,#2928);
#2927 = CARTESIAN_POINT('',(-2.55,-7.5E-02,1.46));
#2928 = VECTOR('',#2929,1.);
#2929 = DIRECTION('',(1.,0.,0.));
#2930 = ORIENTED_EDGE('',*,*,#2931,.F.);
#2931 = EDGE_CURVE('',#1874,#2924,#2932,.T.);
#2932 = LINE('',#2933,#2934);
#2933 = CARTESIAN_POINT('',(2.55,-2.475,1.46));
#2934 = VECTOR('',#2935,1.);
#2935 = DIRECTION('',(0.,1.,-1.110223024625E-16));
#2936 = PLANE('',#2937);
#2937 = AXIS2_PLACEMENT_3D('',#2938,#2939,#2940);
#2938 = CARTESIAN_POINT('',(-2.55,-2.475,1.46));
#2939 = DIRECTION('',(0.,-1.110223024625E-16,-1.));
#2940 = DIRECTION('',(1.,0.,0.));
#2941 = ADVANCED_FACE('',(#2942),#2960,.F.);
#2942 = FACE_BOUND('',#2943,.F.);
#2943 = EDGE_LOOP('',(#2944,#2945,#2953,#2959));
#2944 = ORIENTED_EDGE('',*,*,#2931,.T.);
#2945 = ORIENTED_EDGE('',*,*,#2946,.T.);
#2946 = EDGE_CURVE('',#2924,#2947,#2949,.T.);
#2947 = VERTEX_POINT('',#2948);
#2948 = CARTESIAN_POINT('',(2.55,-7.5E-02,2.06));
#2949 = LINE('',#2950,#2951);
#2950 = CARTESIAN_POINT('',(2.55,-7.5E-02,1.46));
#2951 = VECTOR('',#2952,1.);
#2952 = DIRECTION('',(0.,1.110223024625E-16,1.));
#2953 = ORIENTED_EDGE('',*,*,#2954,.F.);
#2954 = EDGE_CURVE('',#1866,#2947,#2955,.T.);
#2955 = LINE('',#2956,#2957);
#2956 = CARTESIAN_POINT('',(2.55,-2.475,2.06));
#2957 = VECTOR('',#2958,1.);
#2958 = DIRECTION('',(0.,1.,-1.110223024625E-16));
#2959 = ORIENTED_EDGE('',*,*,#1873,.F.);
#2960 = PLANE('',#2961);
#2961 = AXIS2_PLACEMENT_3D('',#2962,#2963,#2964);
#2962 = CARTESIAN_POINT('',(2.55,-2.475,1.46));
#2963 = DIRECTION('',(1.,0.,0.));
#2964 = DIRECTION('',(-0.,1.110223024625E-16,1.));
#2965 = ADVANCED_FACE('',(#2966),#2977,.F.);
#2966 = FACE_BOUND('',#2967,.F.);
#2967 = EDGE_LOOP('',(#2968,#2969,#2970,#2976));
#2968 = ORIENTED_EDGE('',*,*,#1865,.F.);
#2969 = ORIENTED_EDGE('',*,*,#2954,.T.);
#2970 = ORIENTED_EDGE('',*,*,#2971,.T.);
#2971 = EDGE_CURVE('',#2947,#2892,#2972,.T.);
#2972 = LINE('',#2973,#2974);
#2973 = CARTESIAN_POINT('',(2.55,-7.5E-02,2.06));
#2974 = VECTOR('',#2975,1.);
#2975 = DIRECTION('',(-1.,0.,0.));
#2976 = ORIENTED_EDGE('',*,*,#2891,.T.);
#2977 = PLANE('',#2978);
#2978 = AXIS2_PLACEMENT_3D('',#2979,#2980,#2981);
#2979 = CARTESIAN_POINT('',(2.55,-2.475,2.06));
#2980 = DIRECTION('',(0.,1.110223024625E-16,1.));
#2981 = DIRECTION('',(-1.,0.,0.));
#2982 = ADVANCED_FACE('',(#2983),#3001,.F.);
#2983 = FACE_BOUND('',#2984,.F.);
#2984 = EDGE_LOOP('',(#2985,#2986,#2994,#3000));
#2985 = ORIENTED_EDGE('',*,*,#2884,.T.);
#2986 = ORIENTED_EDGE('',*,*,#2987,.T.);
#2987 = EDGE_CURVE('',#2877,#2988,#2990,.T.);
#2988 = VERTEX_POINT('',#2989);
#2989 = CARTESIAN_POINT('',(-2.2,0.525,2.56));
#2990 = LINE('',#2991,#2992);
#2991 = CARTESIAN_POINT('',(2.2,0.525,2.56));
#2992 = VECTOR('',#2993,1.);
#2993 = DIRECTION('',(-1.,0.,0.));
#2994 = ORIENTED_EDGE('',*,*,#2995,.F.);
#2995 = EDGE_CURVE('',#1842,#2988,#2996,.T.);
#2996 = LINE('',#2997,#2998);
#2997 = CARTESIAN_POINT('',(-2.2,-2.475,2.56));
#2998 = VECTOR('',#2999,1.);
#2999 = DIRECTION('',(0.,1.,-1.110223024625E-16));
#3000 = ORIENTED_EDGE('',*,*,#1849,.F.);
#3001 = PLANE('',#3002);
#3002 = AXIS2_PLACEMENT_3D('',#3003,#3004,#3005);
#3003 = CARTESIAN_POINT('',(2.2,-2.475,2.56));
#3004 = DIRECTION('',(0.,1.110223024625E-16,1.));
#3005 = DIRECTION('',(-1.,0.,0.));
#3006 = ADVANCED_FACE('',(#3007),#3048,.F.);
#3007 = FACE_BOUND('',#3008,.F.);
#3008 = EDGE_LOOP('',(#3009,#3010,#3011,#3019,#3025,#3026,#3034,#3042));
#3009 = ORIENTED_EDGE('',*,*,#1841,.F.);
#3010 = ORIENTED_EDGE('',*,*,#2995,.T.);
#3011 = ORIENTED_EDGE('',*,*,#3012,.T.);
#3012 = EDGE_CURVE('',#2988,#3013,#3015,.T.);
#3013 = VERTEX_POINT('',#3014);
#3014 = CARTESIAN_POINT('',(-2.2,0.525,0.46));
#3015 = LINE('',#3016,#3017);
#3016 = CARTESIAN_POINT('',(-2.2,0.525,2.56));
#3017 = VECTOR('',#3018,1.);
#3018 = DIRECTION('',(0.,-1.110223024625E-16,-1.));
#3019 = ORIENTED_EDGE('',*,*,#3020,.F.);
#3020 = EDGE_CURVE('',#1802,#3013,#3021,.T.);
#3021 = LINE('',#3022,#3023);
#3022 = CARTESIAN_POINT('',(-2.2,-2.475,0.46));
#3023 = VECTOR('',#3024,1.);
#3024 = DIRECTION('',(0.,1.,-1.110223024625E-16));
#3025 = ORIENTED_EDGE('',*,*,#1809,.F.);
#3026 = ORIENTED_EDGE('',*,*,#3027,.F.);
#3027 = EDGE_CURVE('',#3028,#1810,#3030,.T.);
#3028 = VERTEX_POINT('',#3029);
#3029 = CARTESIAN_POINT('',(-2.2,-7.5E-02,1.46));
#3030 = LINE('',#3031,#3032);
#3031 = CARTESIAN_POINT('',(-2.2,-2.475,1.46));
#3032 = VECTOR('',#3033,1.);
#3033 = DIRECTION('',(0.,-1.,1.110223024625E-16));
#3034 = ORIENTED_EDGE('',*,*,#3035,.T.);
#3035 = EDGE_CURVE('',#3028,#3036,#3038,.T.);
#3036 = VERTEX_POINT('',#3037);
#3037 = CARTESIAN_POINT('',(-2.2,-7.5E-02,2.06));
#3038 = LINE('',#3039,#3040);
#3039 = CARTESIAN_POINT('',(-2.2,-7.5E-02,2.16));
#3040 = VECTOR('',#3041,1.);
#3041 = DIRECTION('',(0.,1.110223024625E-16,1.));
#3042 = ORIENTED_EDGE('',*,*,#3043,.F.);
#3043 = EDGE_CURVE('',#1834,#3036,#3044,.T.);
#3044 = LINE('',#3045,#3046);
#3045 = CARTESIAN_POINT('',(-2.2,-2.475,2.06));
#3046 = VECTOR('',#3047,1.);
#3047 = DIRECTION('',(0.,1.,-1.110223024625E-16));
#3048 = PLANE('',#3049);
#3049 = AXIS2_PLACEMENT_3D('',#3050,#3051,#3052);
#3050 = CARTESIAN_POINT('',(-2.2,-2.475,2.56));
#3051 = DIRECTION('',(-1.,0.,0.));
#3052 = DIRECTION('',(-0.,-1.110223024625E-16,-1.));
#3053 = ADVANCED_FACE('',(#3054),#3072,.F.);
#3054 = FACE_BOUND('',#3055,.F.);
#3055 = EDGE_LOOP('',(#3056,#3057,#3058,#3066));
#3056 = ORIENTED_EDGE('',*,*,#1833,.F.);
#3057 = ORIENTED_EDGE('',*,*,#3043,.T.);
#3058 = ORIENTED_EDGE('',*,*,#3059,.T.);
#3059 = EDGE_CURVE('',#3036,#3060,#3062,.T.);
#3060 = VERTEX_POINT('',#3061);
#3061 = CARTESIAN_POINT('',(-2.55,-7.5E-02,2.06));
#3062 = LINE('',#3063,#3064);
#3063 = CARTESIAN_POINT('',(2.55,-7.5E-02,2.06));
#3064 = VECTOR('',#3065,1.);
#3065 = DIRECTION('',(-1.,0.,0.));
#3066 = ORIENTED_EDGE('',*,*,#3067,.F.);
#3067 = EDGE_CURVE('',#1826,#3060,#3068,.T.);
#3068 = LINE('',#3069,#3070);
#3069 = CARTESIAN_POINT('',(-2.55,-2.475,2.06));
#3070 = VECTOR('',#3071,1.);
#3071 = DIRECTION('',(0.,1.,-1.110223024625E-16));
#3072 = PLANE('',#3073);
#3073 = AXIS2_PLACEMENT_3D('',#3074,#3075,#3076);
#3074 = CARTESIAN_POINT('',(2.55,-2.475,2.06));
#3075 = DIRECTION('',(0.,1.110223024625E-16,1.));
#3076 = DIRECTION('',(-1.,0.,0.));
#3077 = ADVANCED_FACE('',(#3078),#3096,.F.);
#3078 = FACE_BOUND('',#3079,.F.);
#3079 = EDGE_LOOP('',(#3080,#3081,#3089,#3095));
#3080 = ORIENTED_EDGE('',*,*,#3067,.T.);
#3081 = ORIENTED_EDGE('',*,*,#3082,.T.);
#3082 = EDGE_CURVE('',#3060,#3083,#3085,.T.);
#3083 = VERTEX_POINT('',#3084);
#3084 = CARTESIAN_POINT('',(-2.55,-7.5E-02,1.46));
#3085 = LINE('',#3086,#3087);
#3086 = CARTESIAN_POINT('',(-2.55,-7.5E-02,2.06));
#3087 = VECTOR('',#3088,1.);
#3088 = DIRECTION('',(0.,-1.110223024625E-16,-1.));
#3089 = ORIENTED_EDGE('',*,*,#3090,.F.);
#3090 = EDGE_CURVE('',#1818,#3083,#3091,.T.);
#3091 = LINE('',#3092,#3093);
#3092 = CARTESIAN_POINT('',(-2.55,-2.475,1.46));
#3093 = VECTOR('',#3094,1.);
#3094 = DIRECTION('',(0.,1.,-1.110223024625E-16));
#3095 = ORIENTED_EDGE('',*,*,#1825,.F.);
#3096 = PLANE('',#3097);
#3097 = AXIS2_PLACEMENT_3D('',#3098,#3099,#3100);
#3098 = CARTESIAN_POINT('',(-2.55,-2.475,2.06));
#3099 = DIRECTION('',(-1.,0.,0.));
#3100 = DIRECTION('',(-0.,-1.110223024625E-16,-1.));
#3101 = ADVANCED_FACE('',(#3102),#3113,.F.);
#3102 = FACE_BOUND('',#3103,.F.);
#3103 = EDGE_LOOP('',(#3104,#3105,#3106,#3112));
#3104 = ORIENTED_EDGE('',*,*,#1817,.F.);
#3105 = ORIENTED_EDGE('',*,*,#3090,.T.);
#3106 = ORIENTED_EDGE('',*,*,#3107,.T.);
#3107 = EDGE_CURVE('',#3083,#3028,#3108,.T.);
#3108 = LINE('',#3109,#3110);
#3109 = CARTESIAN_POINT('',(-2.55,-7.5E-02,1.46));
#3110 = VECTOR('',#3111,1.);
#3111 = DIRECTION('',(1.,0.,0.));
#3112 = ORIENTED_EDGE('',*,*,#3027,.T.);
#3113 = PLANE('',#3114);
#3114 = AXIS2_PLACEMENT_3D('',#3115,#3116,#3117);
#3115 = CARTESIAN_POINT('',(-2.55,-2.475,1.46));
#3116 = DIRECTION('',(0.,-1.110223024625E-16,-1.));
#3117 = DIRECTION('',(1.,0.,0.));
#3118 = ADVANCED_FACE('',(#3119),#3130,.F.);
#3119 = FACE_BOUND('',#3120,.F.);
#3120 = EDGE_LOOP('',(#3121,#3122,#3128,#3129));
#3121 = ORIENTED_EDGE('',*,*,#3020,.T.);
#3122 = ORIENTED_EDGE('',*,*,#3123,.T.);
#3123 = EDGE_CURVE('',#3013,#2869,#3124,.T.);
#3124 = LINE('',#3125,#3126);
#3125 = CARTESIAN_POINT('',(-2.2,0.525,0.46));
#3126 = VECTOR('',#3127,1.);
#3127 = DIRECTION('',(1.,0.,0.));
#3128 = ORIENTED_EDGE('',*,*,#2868,.F.);
#3129 = ORIENTED_EDGE('',*,*,#1801,.F.);
#3130 = PLANE('',#3131);
#3131 = AXIS2_PLACEMENT_3D('',#3132,#3133,#3134);
#3132 = CARTESIAN_POINT('',(-2.2,-2.475,0.46));
#3133 = DIRECTION('',(0.,-1.110223024625E-16,-1.));
#3134 = DIRECTION('',(1.,0.,0.));
#3135 = ADVANCED_FACE('',(#3136),#3170,.F.);
#3136 = FACE_BOUND('',#3137,.F.);
#3137 = EDGE_LOOP('',(#3138,#3139,#3147,#3155,#3163,#3169));
#3138 = ORIENTED_EDGE('',*,*,#2157,.T.);
#3139 = ORIENTED_EDGE('',*,*,#3140,.T.);
#3140 = EDGE_CURVE('',#2150,#3141,#3143,.T.);
#3141 = VERTEX_POINT('',#3142);
#3142 = CARTESIAN_POINT('',(2.5,1.225,1.46));
#3143 = LINE('',#3144,#3145);
#3144 = CARTESIAN_POINT('',(2.5,1.775,1.46));
#3145 = VECTOR('',#3146,1.);
#3146 = DIRECTION('',(0.,-1.,1.110223024625E-16));
#3147 = ORIENTED_EDGE('',*,*,#3148,.T.);
#3148 = EDGE_CURVE('',#3141,#3149,#3151,.T.);
#3149 = VERTEX_POINT('',#3150);
#3150 = CARTESIAN_POINT('',(2.5,1.225,2.46));
#3151 = LINE('',#3152,#3153);
#3152 = CARTESIAN_POINT('',(2.5,1.225,1.46));
#3153 = VECTOR('',#3154,1.);
#3154 = DIRECTION('',(0.,1.110223024625E-16,1.));
#3155 = ORIENTED_EDGE('',*,*,#3156,.T.);
#3156 = EDGE_CURVE('',#3149,#3157,#3159,.T.);
#3157 = VERTEX_POINT('',#3158);
#3158 = CARTESIAN_POINT('',(2.5,0.575,2.46));
#3159 = LINE('',#3160,#3161);
#3160 = CARTESIAN_POINT('',(2.5,1.225,2.46));
#3161 = VECTOR('',#3162,1.);
#3162 = DIRECTION('',(0.,-1.,1.110223024625E-16));
#3163 = ORIENTED_EDGE('',*,*,#3164,.T.);
#3164 = EDGE_CURVE('',#3157,#1930,#3165,.T.);
#3165 = LINE('',#3166,#3167);
#3166 = CARTESIAN_POINT('',(2.5,0.575,2.46));
#3167 = VECTOR('',#3168,1.);
#3168 = DIRECTION('',(0.,-0.500421834463,0.865781720524));
#3169 = ORIENTED_EDGE('',*,*,#1937,.T.);
#3170 = PLANE('',#3171);
#3171 = AXIS2_PLACEMENT_3D('',#3172,#3173,#3174);
#3172 = CARTESIAN_POINT('',(2.5,1.22787099059,2.3670284193));
#3173 = DIRECTION('',(-1.,0.,0.));
#3174 = DIRECTION('',(0.,1.,-1.110223024625E-16));
#3175 = ADVANCED_FACE('',(#3176),#3187,.F.);
#3176 = FACE_BOUND('',#3177,.F.);
#3177 = EDGE_LOOP('',(#3178,#3184,#3185,#3186));
#3178 = ORIENTED_EDGE('',*,*,#3179,.T.);
#3179 = EDGE_CURVE('',#3157,#2198,#3180,.T.);
#3180 = LINE('',#3181,#3182);
#3181 = CARTESIAN_POINT('',(2.5,0.575,2.46));
#3182 = VECTOR('',#3183,1.);
#3183 = DIRECTION('',(1.,0.,0.));
#3184 = ORIENTED_EDGE('',*,*,#2205,.T.);
#3185 = ORIENTED_EDGE('',*,*,#1929,.F.);
#3186 = ORIENTED_EDGE('',*,*,#3164,.F.);
#3187 = PLANE('',#3188);
#3188 = AXIS2_PLACEMENT_3D('',#3189,#3190,#3191);
#3189 = CARTESIAN_POINT('',(2.5,0.575,2.46));
#3190 = DIRECTION('',(0.,-0.865781720524,-0.500421834463));
#3191 = DIRECTION('',(0.,-0.500421834463,0.865781720524));
#3192 = ADVANCED_FACE('',(#3193),#3201,.T.);
#3193 = FACE_BOUND('',#3194,.T.);
#3194 = EDGE_LOOP('',(#3195,#3196,#3197,#3198,#3199,#3200));
#3195 = ORIENTED_EDGE('',*,*,#2164,.T.);
#3196 = ORIENTED_EDGE('',*,*,#2031,.T.);
#3197 = ORIENTED_EDGE('',*,*,#2007,.T.);
#3198 = ORIENTED_EDGE('',*,*,#1983,.T.);
#3199 = ORIENTED_EDGE('',*,*,#1959,.T.);
#3200 = ORIENTED_EDGE('',*,*,#1905,.T.);
#3201 = PLANE('',#3202);
#3202 = AXIS2_PLACEMENT_3D('',#3203,#3204,#3205);
#3203 = CARTESIAN_POINT('',(-2.5,1.22787099059,2.3670284193));
#3204 = DIRECTION('',(-1.,0.,0.));
#3205 = DIRECTION('',(0.,1.,-1.110223024625E-16));
#3206 = ADVANCED_FACE('',(#3207),#3218,.F.);
#3207 = FACE_BOUND('',#3208,.F.);
#3208 = EDGE_LOOP('',(#3209,#3210,#3211,#3217));
#3209 = ORIENTED_EDGE('',*,*,#2149,.T.);
#3210 = ORIENTED_EDGE('',*,*,#2181,.T.);
#3211 = ORIENTED_EDGE('',*,*,#3212,.F.);
#3212 = EDGE_CURVE('',#3141,#2182,#3213,.T.);
#3213 = LINE('',#3214,#3215);
#3214 = CARTESIAN_POINT('',(2.5,1.225,1.46));
#3215 = VECTOR('',#3216,1.);
#3216 = DIRECTION('',(1.,0.,0.));
#3217 = ORIENTED_EDGE('',*,*,#3140,.F.);
#3218 = PLANE('',#3219);
#3219 = AXIS2_PLACEMENT_3D('',#3220,#3221,#3222);
#3220 = CARTESIAN_POINT('',(2.5,1.775,1.46));
#3221 = DIRECTION('',(0.,-1.110223024625E-16,-1.));
#3222 = DIRECTION('',(0.,-1.,1.110223024625E-16));
#3223 = ADVANCED_FACE('',(#3224),#3235,.T.);
#3224 = FACE_BOUND('',#3225,.T.);
#3225 = EDGE_LOOP('',(#3226,#3227,#3228,#3234));
#3226 = ORIENTED_EDGE('',*,*,#2126,.T.);
#3227 = ORIENTED_EDGE('',*,*,#2743,.T.);
#3228 = ORIENTED_EDGE('',*,*,#3229,.F.);
#3229 = EDGE_CURVE('',#2687,#2744,#3230,.T.);
#3230 = LINE('',#3231,#3232);
#3231 = CARTESIAN_POINT('',(1.4,2.475,0.2));
#3232 = VECTOR('',#3233,1.);
#3233 = DIRECTION('',(1.,0.,0.));
#3234 = ORIENTED_EDGE('',*,*,#2686,.F.);
#3235 = PLANE('',#3236);
#3236 = AXIS2_PLACEMENT_3D('',#3237,#3238,#3239);
#3237 = CARTESIAN_POINT('',(1.4,1.775,0.2));
#3238 = DIRECTION('',(0.,0.,1.));
#3239 = DIRECTION('',(0.,1.,0.));
#3240 = ADVANCED_FACE('',(#3241),#3252,.T.);
#3241 = FACE_BOUND('',#3242,.T.);
#3242 = EDGE_LOOP('',(#3243,#3244,#3245,#3251));
#3243 = ORIENTED_EDGE('',*,*,#2103,.T.);
#3244 = ORIENTED_EDGE('',*,*,#2646,.T.);
#3245 = ORIENTED_EDGE('',*,*,#3246,.F.);
#3246 = EDGE_CURVE('',#2590,#2647,#3247,.T.);
#3247 = LINE('',#3248,#3249);
#3248 = CARTESIAN_POINT('',(0.4,2.475,0.2));
#3249 = VECTOR('',#3250,1.);
#3250 = DIRECTION('',(1.,0.,0.));
#3251 = ORIENTED_EDGE('',*,*,#2589,.F.);
#3252 = PLANE('',#3253);
#3253 = AXIS2_PLACEMENT_3D('',#3254,#3255,#3256);
#3254 = CARTESIAN_POINT('',(0.4,1.775,0.2));
#3255 = DIRECTION('',(0.,0.,1.));
#3256 = DIRECTION('',(0.,1.,0.));
#3257 = ADVANCED_FACE('',(#3258),#3269,.T.);
#3258 = FACE_BOUND('',#3259,.T.);
#3259 = EDGE_LOOP('',(#3260,#3261,#3262,#3268));
#3260 = ORIENTED_EDGE('',*,*,#2080,.T.);
#3261 = ORIENTED_EDGE('',*,*,#2549,.T.);
#3262 = ORIENTED_EDGE('',*,*,#3263,.F.);
#3263 = EDGE_CURVE('',#2493,#2550,#3264,.T.);
#3264 = LINE('',#3265,#3266);
#3265 = CARTESIAN_POINT('',(-0.6,2.475,0.2));
#3266 = VECTOR('',#3267,1.);
#3267 = DIRECTION('',(1.,0.,0.));
#3268 = ORIENTED_EDGE('',*,*,#2492,.F.);
#3269 = PLANE('',#3270);
#3270 = AXIS2_PLACEMENT_3D('',#3271,#3272,#3273);
#3271 = CARTESIAN_POINT('',(-0.6,1.775,0.2));
#3272 = DIRECTION('',(0.,0.,1.));
#3273 = DIRECTION('',(0.,1.,0.));
#3274 = ADVANCED_FACE('',(#3275),#3286,.T.);
#3275 = FACE_BOUND('',#3276,.T.);
#3276 = EDGE_LOOP('',(#3277,#3278,#3279,#3285));
#3277 = ORIENTED_EDGE('',*,*,#2057,.T.);
#3278 = ORIENTED_EDGE('',*,*,#2452,.T.);
#3279 = ORIENTED_EDGE('',*,*,#3280,.F.);
#3280 = EDGE_CURVE('',#2396,#2453,#3281,.T.);
#3281 = LINE('',#3282,#3283);
#3282 = CARTESIAN_POINT('',(-1.6,2.475,0.2));
#3283 = VECTOR('',#3284,1.);
#3284 = DIRECTION('',(1.,0.,0.));
#3285 = ORIENTED_EDGE('',*,*,#2395,.F.);
#3286 = PLANE('',#3287);
#3287 = AXIS2_PLACEMENT_3D('',#3288,#3289,#3290);
#3288 = CARTESIAN_POINT('',(-1.6,1.775,0.2));
#3289 = DIRECTION('',(0.,0.,1.));
#3290 = DIRECTION('',(0.,1.,0.));
#3291 = ADVANCED_FACE('',(#3292),#3310,.F.);
#3292 = FACE_BOUND('',#3293,.F.);
#3293 = EDGE_LOOP('',(#3294,#3302,#3308,#3309));
#3294 = ORIENTED_EDGE('',*,*,#3295,.F.);
#3295 = EDGE_CURVE('',#3296,#2252,#3298,.T.);
#3296 = VERTEX_POINT('',#3297);
#3297 = CARTESIAN_POINT('',(2.7,-1.975,0.61));
#3298 = LINE('',#3299,#3300);
#3299 = CARTESIAN_POINT('',(2.7,-1.975,0.61));
#3300 = VECTOR('',#3301,1.);
#3301 = DIRECTION('',(0.,1.,0.));
#3302 = ORIENTED_EDGE('',*,*,#3303,.T.);
#3303 = EDGE_CURVE('',#3296,#2222,#3304,.T.);
#3304 = LINE('',#3305,#3306);
#3305 = CARTESIAN_POINT('',(2.5,-1.975,0.61));
#3306 = VECTOR('',#3307,1.);
#3307 = DIRECTION('',(1.,0.,0.));
#3308 = ORIENTED_EDGE('',*,*,#2229,.T.);
#3309 = ORIENTED_EDGE('',*,*,#2259,.F.);
#3310 = PLANE('',#3311);
#3311 = AXIS2_PLACEMENT_3D('',#3312,#3313,#3314);
#3312 = CARTESIAN_POINT('',(2.5,-1.975,0.61));
#3313 = DIRECTION('',(0.,1.110223024625E-16,1.));
#3314 = DIRECTION('',(0.,1.,-1.110223024625E-16));
#3315 = ADVANCED_FACE('',(#3316),#3327,.F.);
#3316 = FACE_BOUND('',#3317,.F.);
#3317 = EDGE_LOOP('',(#3318,#3324,#3325,#3326));
#3318 = ORIENTED_EDGE('',*,*,#3319,.F.);
#3319 = EDGE_CURVE('',#2844,#3296,#3320,.T.);
#3320 = LINE('',#3321,#3322);
#3321 = CARTESIAN_POINT('',(2.7,-1.975,1.26));
#3322 = VECTOR('',#3323,1.);
#3323 = DIRECTION('',(0.,0.,-1.));
#3324 = ORIENTED_EDGE('',*,*,#2853,.T.);
#3325 = ORIENTED_EDGE('',*,*,#2221,.T.);
#3326 = ORIENTED_EDGE('',*,*,#3303,.F.);
#3327 = PLANE('',#3328);
#3328 = AXIS2_PLACEMENT_3D('',#3329,#3330,#3331);
#3329 = CARTESIAN_POINT('',(2.5,-1.975,1.26));
#3330 = DIRECTION('',(0.,1.,-1.110223024625E-16));
#3331 = DIRECTION('',(0.,-1.110223024625E-16,-1.));
#3332 = ADVANCED_FACE('',(#3333),#3344,.F.);
#3333 = FACE_BOUND('',#3334,.F.);
#3334 = EDGE_LOOP('',(#3335,#3341,#3342,#3343));
#3335 = ORIENTED_EDGE('',*,*,#3336,.T.);
#3336 = EDGE_CURVE('',#3149,#2190,#3337,.T.);
#3337 = LINE('',#3338,#3339);
#3338 = CARTESIAN_POINT('',(2.5,1.225,2.46));
#3339 = VECTOR('',#3340,1.);
#3340 = DIRECTION('',(1.,0.,0.));
#3341 = ORIENTED_EDGE('',*,*,#2197,.T.);
#3342 = ORIENTED_EDGE('',*,*,#3179,.F.);
#3343 = ORIENTED_EDGE('',*,*,#3156,.F.);
#3344 = PLANE('',#3345);
#3345 = AXIS2_PLACEMENT_3D('',#3346,#3347,#3348);
#3346 = CARTESIAN_POINT('',(2.5,1.225,2.46));
#3347 = DIRECTION('',(0.,-1.110223024625E-16,-1.));
#3348 = DIRECTION('',(0.,-1.,1.110223024625E-16));
#3349 = ADVANCED_FACE('',(#3350),#3356,.F.);
#3350 = FACE_BOUND('',#3351,.F.);
#3351 = EDGE_LOOP('',(#3352,#3353,#3354,#3355));
#3352 = ORIENTED_EDGE('',*,*,#3212,.T.);
#3353 = ORIENTED_EDGE('',*,*,#2189,.T.);
#3354 = ORIENTED_EDGE('',*,*,#3336,.F.);
#3355 = ORIENTED_EDGE('',*,*,#3148,.F.);
#3356 = PLANE('',#3357);
#3357 = AXIS2_PLACEMENT_3D('',#3358,#3359,#3360);
#3358 = CARTESIAN_POINT('',(2.5,1.225,1.46));
#3359 = DIRECTION('',(0.,-1.,1.110223024625E-16));
#3360 = DIRECTION('',(0.,1.110223024625E-16,1.));
#3361 = ADVANCED_FACE('',(#3362),#3376,.F.);
#3362 = FACE_BOUND('',#3363,.F.);
#3363 = EDGE_LOOP('',(#3364,#3365,#3366,#3367,#3368,#3369,#3370));
#3364 = ORIENTED_EDGE('',*,*,#2826,.T.);
#3365 = ORIENTED_EDGE('',*,*,#2843,.T.);
#3366 = ORIENTED_EDGE('',*,*,#3319,.T.);
#3367 = ORIENTED_EDGE('',*,*,#3295,.T.);
#3368 = ORIENTED_EDGE('',*,*,#2251,.T.);
#3369 = ORIENTED_EDGE('',*,*,#2284,.T.);
#3370 = ORIENTED_EDGE('',*,*,#3371,.T.);
#3371 = EDGE_CURVE('',#2285,#2819,#3372,.T.);
#3372 = LINE('',#3373,#3374);
#3373 = CARTESIAN_POINT('',(2.7,-0.975,1.E-02));
#3374 = VECTOR('',#3375,1.);
#3375 = DIRECTION('',(0.,-1.,-5.782411586589E-18));
#3376 = PLANE('',#3377);
#3377 = AXIS2_PLACEMENT_3D('',#3378,#3379,#3380);
#3378 = CARTESIAN_POINT('',(2.7,-1.843181818182,0.516818181818));
#3379 = DIRECTION('',(-1.,-0.,-0.));
#3380 = DIRECTION('',(0.,0.,-1.));
#3381 = ADVANCED_FACE('',(#3382),#3388,.T.);
#3382 = FACE_BOUND('',#3383,.T.);
#3383 = EDGE_LOOP('',(#3384,#3385,#3386,#3387));
#3384 = ORIENTED_EDGE('',*,*,#2292,.T.);
#3385 = ORIENTED_EDGE('',*,*,#3371,.T.);
#3386 = ORIENTED_EDGE('',*,*,#2818,.F.);
#3387 = ORIENTED_EDGE('',*,*,#2306,.F.);
#3388 = PLANE('',#3389);
#3389 = AXIS2_PLACEMENT_3D('',#3390,#3391,#3392);
#3390 = CARTESIAN_POINT('',(2.5,-0.975,1.E-02));
#3391 = DIRECTION('',(0.,5.782411586589E-18,-1.));
#3392 = DIRECTION('',(0.,-1.,-5.782411586589E-18));
#3393 = ADVANCED_FACE('',(#3394),#3400,.T.);
#3394 = FACE_BOUND('',#3395,.T.);
#3395 = EDGE_LOOP('',(#3396,#3397,#3398,#3399));
#3396 = ORIENTED_EDGE('',*,*,#2371,.T.);
#3397 = ORIENTED_EDGE('',*,*,#2330,.T.);
#3398 = ORIENTED_EDGE('',*,*,#2800,.F.);
#3399 = ORIENTED_EDGE('',*,*,#2786,.F.);
#3400 = PLANE('',#3401);
#3401 = AXIS2_PLACEMENT_3D('',#3402,#3403,#3404);
#3402 = CARTESIAN_POINT('',(-2.7,-0.975,1.E-02));
#3403 = DIRECTION('',(0.,5.782411586589E-18,-1.));
#3404 = DIRECTION('',(0.,-1.,-5.782411586589E-18));
#3405 = ADVANCED_FACE('',(#3406),#3417,.T.);
#3406 = FACE_BOUND('',#3407,.T.);
#3407 = EDGE_LOOP('',(#3408,#3409,#3410,#3416));
#3408 = ORIENTED_EDGE('',*,*,#3280,.T.);
#3409 = ORIENTED_EDGE('',*,*,#2460,.T.);
#3410 = ORIENTED_EDGE('',*,*,#3411,.F.);
#3411 = EDGE_CURVE('',#2404,#2461,#3412,.T.);
#3412 = LINE('',#3413,#3414);
#3413 = CARTESIAN_POINT('',(-1.6,2.475,0.));
#3414 = VECTOR('',#3415,1.);
#3415 = DIRECTION('',(1.,0.,0.));
#3416 = ORIENTED_EDGE('',*,*,#2403,.F.);
#3417 = PLANE('',#3418);
#3418 = AXIS2_PLACEMENT_3D('',#3419,#3420,#3421);
#3419 = CARTESIAN_POINT('',(-1.6,2.475,0.2));
#3420 = DIRECTION('',(0.,1.,0.));
#3421 = DIRECTION('',(0.,0.,-1.));
#3422 = ADVANCED_FACE('',(#3423),#3429,.T.);
#3423 = FACE_BOUND('',#3424,.T.);
#3424 = EDGE_LOOP('',(#3425,#3426,#3427,#3428));
#3425 = ORIENTED_EDGE('',*,*,#3411,.T.);
#3426 = ORIENTED_EDGE('',*,*,#2468,.T.);
#3427 = ORIENTED_EDGE('',*,*,#2425,.F.);
#3428 = ORIENTED_EDGE('',*,*,#2411,.F.);
#3429 = PLANE('',#3430);
#3430 = AXIS2_PLACEMENT_3D('',#3431,#3432,#3433);
#3431 = CARTESIAN_POINT('',(-1.6,2.475,0.));
#3432 = DIRECTION('',(0.,0.,-1.));
#3433 = DIRECTION('',(0.,-1.,0.));
#3434 = ADVANCED_FACE('',(#3435),#3446,.T.);
#3435 = FACE_BOUND('',#3436,.T.);
#3436 = EDGE_LOOP('',(#3437,#3438,#3439,#3445));
#3437 = ORIENTED_EDGE('',*,*,#3263,.T.);
#3438 = ORIENTED_EDGE('',*,*,#2557,.T.);
#3439 = ORIENTED_EDGE('',*,*,#3440,.F.);
#3440 = EDGE_CURVE('',#2501,#2558,#3441,.T.);
#3441 = LINE('',#3442,#3443);
#3442 = CARTESIAN_POINT('',(-0.6,2.475,0.));
#3443 = VECTOR('',#3444,1.);
#3444 = DIRECTION('',(1.,0.,0.));
#3445 = ORIENTED_EDGE('',*,*,#2500,.F.);
#3446 = PLANE('',#3447);
#3447 = AXIS2_PLACEMENT_3D('',#3448,#3449,#3450);
#3448 = CARTESIAN_POINT('',(-0.6,2.475,0.2));
#3449 = DIRECTION('',(0.,1.,0.));
#3450 = DIRECTION('',(0.,0.,-1.));
#3451 = ADVANCED_FACE('',(#3452),#3458,.T.);
#3452 = FACE_BOUND('',#3453,.T.);
#3453 = EDGE_LOOP('',(#3454,#3455,#3456,#3457));
#3454 = ORIENTED_EDGE('',*,*,#3440,.T.);
#3455 = ORIENTED_EDGE('',*,*,#2565,.T.);
#3456 = ORIENTED_EDGE('',*,*,#2522,.F.);
#3457 = ORIENTED_EDGE('',*,*,#2508,.F.);
#3458 = PLANE('',#3459);
#3459 = AXIS2_PLACEMENT_3D('',#3460,#3461,#3462);
#3460 = CARTESIAN_POINT('',(-0.6,2.475,0.));
#3461 = DIRECTION('',(0.,0.,-1.));
#3462 = DIRECTION('',(0.,-1.,0.));
#3463 = ADVANCED_FACE('',(#3464),#3475,.T.);
#3464 = FACE_BOUND('',#3465,.T.);
#3465 = EDGE_LOOP('',(#3466,#3467,#3468,#3474));
#3466 = ORIENTED_EDGE('',*,*,#3246,.T.);
#3467 = ORIENTED_EDGE('',*,*,#2654,.T.);
#3468 = ORIENTED_EDGE('',*,*,#3469,.F.);
#3469 = EDGE_CURVE('',#2598,#2655,#3470,.T.);
#3470 = LINE('',#3471,#3472);
#3471 = CARTESIAN_POINT('',(0.4,2.475,0.));
#3472 = VECTOR('',#3473,1.);
#3473 = DIRECTION('',(1.,0.,0.));
#3474 = ORIENTED_EDGE('',*,*,#2597,.F.);
#3475 = PLANE('',#3476);
#3476 = AXIS2_PLACEMENT_3D('',#3477,#3478,#3479);
#3477 = CARTESIAN_POINT('',(0.4,2.475,0.2));
#3478 = DIRECTION('',(0.,1.,0.));
#3479 = DIRECTION('',(0.,0.,-1.));
#3480 = ADVANCED_FACE('',(#3481),#3487,.T.);
#3481 = FACE_BOUND('',#3482,.T.);
#3482 = EDGE_LOOP('',(#3483,#3484,#3485,#3486));
#3483 = ORIENTED_EDGE('',*,*,#3469,.T.);
#3484 = ORIENTED_EDGE('',*,*,#2662,.T.);
#3485 = ORIENTED_EDGE('',*,*,#2619,.F.);
#3486 = ORIENTED_EDGE('',*,*,#2605,.F.);
#3487 = PLANE('',#3488);
#3488 = AXIS2_PLACEMENT_3D('',#3489,#3490,#3491);
#3489 = CARTESIAN_POINT('',(0.4,2.475,0.));
#3490 = DIRECTION('',(0.,0.,-1.));
#3491 = DIRECTION('',(0.,-1.,0.));
#3492 = ADVANCED_FACE('',(#3493),#3504,.T.);
#3493 = FACE_BOUND('',#3494,.T.);
#3494 = EDGE_LOOP('',(#3495,#3496,#3497,#3503));
#3495 = ORIENTED_EDGE('',*,*,#3229,.T.);
#3496 = ORIENTED_EDGE('',*,*,#2751,.T.);
#3497 = ORIENTED_EDGE('',*,*,#3498,.F.);
#3498 = EDGE_CURVE('',#2695,#2752,#3499,.T.);
#3499 = LINE('',#3500,#3501);
#3500 = CARTESIAN_POINT('',(1.4,2.475,0.));
#3501 = VECTOR('',#3502,1.);
#3502 = DIRECTION('',(1.,0.,0.));
#3503 = ORIENTED_EDGE('',*,*,#2694,.F.);
#3504 = PLANE('',#3505);
#3505 = AXIS2_PLACEMENT_3D('',#3506,#3507,#3508);
#3506 = CARTESIAN_POINT('',(1.4,2.475,0.2));
#3507 = DIRECTION('',(0.,1.,0.));
#3508 = DIRECTION('',(0.,0.,-1.));
#3509 = ADVANCED_FACE('',(#3510),#3516,.T.);
#3510 = FACE_BOUND('',#3511,.T.);
#3511 = EDGE_LOOP('',(#3512,#3513,#3514,#3515));
#3512 = ORIENTED_EDGE('',*,*,#3498,.T.);
#3513 = ORIENTED_EDGE('',*,*,#2759,.T.);
#3514 = ORIENTED_EDGE('',*,*,#2716,.F.);
#3515 = ORIENTED_EDGE('',*,*,#2702,.F.);
#3516 = PLANE('',#3517);
#3517 = AXIS2_PLACEMENT_3D('',#3518,#3519,#3520);
#3518 = CARTESIAN_POINT('',(1.4,2.475,0.));
#3519 = DIRECTION('',(0.,0.,-1.));
#3520 = DIRECTION('',(0.,-1.,0.));
#3521 = ADVANCED_FACE('',(#3522),#3528,.T.);
#3522 = FACE_BOUND('',#3523,.T.);
#3523 = EDGE_LOOP('',(#3524,#3525,#3526,#3527));
#3524 = ORIENTED_EDGE('',*,*,#2923,.T.);
#3525 = ORIENTED_EDGE('',*,*,#2946,.T.);
#3526 = ORIENTED_EDGE('',*,*,#2971,.T.);
#3527 = ORIENTED_EDGE('',*,*,#2899,.T.);
#3528 = PLANE('',#3529);
#3529 = AXIS2_PLACEMENT_3D('',#3530,#3531,#3532);
#3530 = CARTESIAN_POINT('',(5.45372713851E-16,-7.5E-02,1.76));
#3531 = DIRECTION('',(0.,-1.,1.110223024625E-16));
#3532 = DIRECTION('',(1.,0.,0.));
#3533 = ADVANCED_FACE('',(#3534,#3540,#3574,#3608,#3642),#3676,.T.);
#3534 = FACE_BOUND('',#3535,.T.);
#3535 = EDGE_LOOP('',(#3536,#3537,#3538,#3539));
#3536 = ORIENTED_EDGE('',*,*,#2876,.T.);
#3537 = ORIENTED_EDGE('',*,*,#2987,.T.);
#3538 = ORIENTED_EDGE('',*,*,#3012,.T.);
#3539 = ORIENTED_EDGE('',*,*,#3123,.T.);
#3540 = FACE_BOUND('',#3541,.T.);
#3541 = EDGE_LOOP('',(#3542,#3552,#3560,#3568));
#3542 = ORIENTED_EDGE('',*,*,#3543,.F.);
#3543 = EDGE_CURVE('',#3544,#3546,#3548,.T.);
#3544 = VERTEX_POINT('',#3545);
#3545 = CARTESIAN_POINT('',(-1.6,0.525,1.66));
#3546 = VERTEX_POINT('',#3547);
#3547 = CARTESIAN_POINT('',(-1.4,0.525,1.66));
#3548 = LINE('',#3549,#3550);
#3549 = CARTESIAN_POINT('',(-1.6,0.525,1.66));
#3550 = VECTOR('',#3551,1.);
#3551 = DIRECTION('',(1.,0.,0.));
#3552 = ORIENTED_EDGE('',*,*,#3553,.F.);
#3553 = EDGE_CURVE('',#3554,#3544,#3556,.T.);
#3554 = VERTEX_POINT('',#3555);
#3555 = CARTESIAN_POINT('',(-1.6,0.525,2.14));
#3556 = LINE('',#3557,#3558);
#3557 = CARTESIAN_POINT('',(-1.6,0.525,2.14));
#3558 = VECTOR('',#3559,1.);
#3559 = DIRECTION('',(0.,0.,-1.));
#3560 = ORIENTED_EDGE('',*,*,#3561,.T.);
#3561 = EDGE_CURVE('',#3554,#3562,#3564,.T.);
#3562 = VERTEX_POINT('',#3563);
#3563 = CARTESIAN_POINT('',(-1.4,0.525,2.14));
#3564 = LINE('',#3565,#3566);
#3565 = CARTESIAN_POINT('',(-1.6,0.525,2.14));
#3566 = VECTOR('',#3567,1.);
#3567 = DIRECTION('',(1.,0.,0.));
#3568 = ORIENTED_EDGE('',*,*,#3569,.T.);
#3569 = EDGE_CURVE('',#3562,#3546,#3570,.T.);
#3570 = LINE('',#3571,#3572);
#3571 = CARTESIAN_POINT('',(-1.4,0.525,2.14));
#3572 = VECTOR('',#3573,1.);
#3573 = DIRECTION('',(0.,0.,-1.));
#3574 = FACE_BOUND('',#3575,.T.);
#3575 = EDGE_LOOP('',(#3576,#3586,#3594,#3602));
#3576 = ORIENTED_EDGE('',*,*,#3577,.F.);
#3577 = EDGE_CURVE('',#3578,#3580,#3582,.T.);
#3578 = VERTEX_POINT('',#3579);
#3579 = CARTESIAN_POINT('',(-0.6,0.525,2.14));
#3580 = VERTEX_POINT('',#3581);
#3581 = CARTESIAN_POINT('',(-0.6,0.525,1.66));
#3582 = LINE('',#3583,#3584);
#3583 = CARTESIAN_POINT('',(-0.6,0.525,2.14));
#3584 = VECTOR('',#3585,1.);
#3585 = DIRECTION('',(0.,0.,-1.));
#3586 = ORIENTED_EDGE('',*,*,#3587,.T.);
#3587 = EDGE_CURVE('',#3578,#3588,#3590,.T.);
#3588 = VERTEX_POINT('',#3589);
#3589 = CARTESIAN_POINT('',(-0.4,0.525,2.14));
#3590 = LINE('',#3591,#3592);
#3591 = CARTESIAN_POINT('',(-0.6,0.525,2.14));
#3592 = VECTOR('',#3593,1.);
#3593 = DIRECTION('',(1.,0.,0.));
#3594 = ORIENTED_EDGE('',*,*,#3595,.T.);
#3595 = EDGE_CURVE('',#3588,#3596,#3598,.T.);
#3596 = VERTEX_POINT('',#3597);
#3597 = CARTESIAN_POINT('',(-0.4,0.525,1.66));
#3598 = LINE('',#3599,#3600);
#3599 = CARTESIAN_POINT('',(-0.4,0.525,2.14));
#3600 = VECTOR('',#3601,1.);
#3601 = DIRECTION('',(0.,0.,-1.));
#3602 = ORIENTED_EDGE('',*,*,#3603,.F.);
#3603 = EDGE_CURVE('',#3580,#3596,#3604,.T.);
#3604 = LINE('',#3605,#3606);
#3605 = CARTESIAN_POINT('',(-0.6,0.525,1.66));
#3606 = VECTOR('',#3607,1.);
#3607 = DIRECTION('',(1.,0.,0.));
#3608 = FACE_BOUND('',#3609,.T.);
#3609 = EDGE_LOOP('',(#3610,#3620,#3628,#3636));
#3610 = ORIENTED_EDGE('',*,*,#3611,.F.);
#3611 = EDGE_CURVE('',#3612,#3614,#3616,.T.);
#3612 = VERTEX_POINT('',#3613);
#3613 = CARTESIAN_POINT('',(0.4,0.525,2.14));
#3614 = VERTEX_POINT('',#3615);
#3615 = CARTESIAN_POINT('',(0.4,0.525,1.66));
#3616 = LINE('',#3617,#3618);
#3617 = CARTESIAN_POINT('',(0.4,0.525,2.14));
#3618 = VECTOR('',#3619,1.);
#3619 = DIRECTION('',(0.,0.,-1.));
#3620 = ORIENTED_EDGE('',*,*,#3621,.T.);
#3621 = EDGE_CURVE('',#3612,#3622,#3624,.T.);
#3622 = VERTEX_POINT('',#3623);
#3623 = CARTESIAN_POINT('',(0.6,0.525,2.14));
#3624 = LINE('',#3625,#3626);
#3625 = CARTESIAN_POINT('',(0.4,0.525,2.14));
#3626 = VECTOR('',#3627,1.);
#3627 = DIRECTION('',(1.,0.,0.));
#3628 = ORIENTED_EDGE('',*,*,#3629,.T.);
#3629 = EDGE_CURVE('',#3622,#3630,#3632,.T.);
#3630 = VERTEX_POINT('',#3631);
#3631 = CARTESIAN_POINT('',(0.6,0.525,1.66));
#3632 = LINE('',#3633,#3634);
#3633 = CARTESIAN_POINT('',(0.6,0.525,2.14));
#3634 = VECTOR('',#3635,1.);
#3635 = DIRECTION('',(0.,0.,-1.));
#3636 = ORIENTED_EDGE('',*,*,#3637,.F.);
#3637 = EDGE_CURVE('',#3614,#3630,#3638,.T.);
#3638 = LINE('',#3639,#3640);
#3639 = CARTESIAN_POINT('',(0.4,0.525,1.66));
#3640 = VECTOR('',#3641,1.);
#3641 = DIRECTION('',(1.,0.,0.));
#3642 = FACE_BOUND('',#3643,.T.);
#3643 = EDGE_LOOP('',(#3644,#3654,#3662,#3670));
#3644 = ORIENTED_EDGE('',*,*,#3645,.F.);
#3645 = EDGE_CURVE('',#3646,#3648,#3650,.T.);
#3646 = VERTEX_POINT('',#3647);
#3647 = CARTESIAN_POINT('',(1.4,0.525,2.14));
#3648 = VERTEX_POINT('',#3649);
#3649 = CARTESIAN_POINT('',(1.4,0.525,1.66));
#3650 = LINE('',#3651,#3652);
#3651 = CARTESIAN_POINT('',(1.4,0.525,2.14));
#3652 = VECTOR('',#3653,1.);
#3653 = DIRECTION('',(0.,0.,-1.));
#3654 = ORIENTED_EDGE('',*,*,#3655,.T.);
#3655 = EDGE_CURVE('',#3646,#3656,#3658,.T.);
#3656 = VERTEX_POINT('',#3657);
#3657 = CARTESIAN_POINT('',(1.6,0.525,2.14));
#3658 = LINE('',#3659,#3660);
#3659 = CARTESIAN_POINT('',(1.4,0.525,2.14));
#3660 = VECTOR('',#3661,1.);
#3661 = DIRECTION('',(1.,0.,0.));
#3662 = ORIENTED_EDGE('',*,*,#3663,.T.);
#3663 = EDGE_CURVE('',#3656,#3664,#3666,.T.);
#3664 = VERTEX_POINT('',#3665);
#3665 = CARTESIAN_POINT('',(1.6,0.525,1.66));
#3666 = LINE('',#3667,#3668);
#3667 = CARTESIAN_POINT('',(1.6,0.525,2.14));
#3668 = VECTOR('',#3669,1.);
#3669 = DIRECTION('',(0.,0.,-1.));
#3670 = ORIENTED_EDGE('',*,*,#3671,.F.);
#3671 = EDGE_CURVE('',#3648,#3664,#3672,.T.);
#3672 = LINE('',#3673,#3674);
#3673 = CARTESIAN_POINT('',(1.4,0.525,1.66));
#3674 = VECTOR('',#3675,1.);
#3675 = DIRECTION('',(1.,0.,0.));
#3676 = PLANE('',#3677);
#3677 = AXIS2_PLACEMENT_3D('',#3678,#3679,#3680);
#3678 = CARTESIAN_POINT('',(-6.832141690001E-17,0.525,1.51));
#3679 = DIRECTION('',(0.,-1.,1.110223024625E-16));
#3680 = DIRECTION('',(1.,0.,0.));
#3681 = ADVANCED_FACE('',(#3682),#3688,.T.);
#3682 = FACE_BOUND('',#3683,.T.);
#3683 = EDGE_LOOP('',(#3684,#3685,#3686,#3687));
#3684 = ORIENTED_EDGE('',*,*,#3107,.T.);
#3685 = ORIENTED_EDGE('',*,*,#3035,.T.);
#3686 = ORIENTED_EDGE('',*,*,#3059,.T.);
#3687 = ORIENTED_EDGE('',*,*,#3082,.T.);
#3688 = PLANE('',#3689);
#3689 = AXIS2_PLACEMENT_3D('',#3690,#3691,#3692);
#3690 = CARTESIAN_POINT('',(5.45372713851E-16,-7.5E-02,1.76));
#3691 = DIRECTION('',(0.,-1.,1.110223024625E-16));
#3692 = DIRECTION('',(1.,0.,0.));
#3693 = ADVANCED_FACE('',(#3694),#3719,.T.);
#3694 = FACE_BOUND('',#3695,.T.);
#3695 = EDGE_LOOP('',(#3696,#3697,#3705,#3713));
#3696 = ORIENTED_EDGE('',*,*,#3543,.T.);
#3697 = ORIENTED_EDGE('',*,*,#3698,.T.);
#3698 = EDGE_CURVE('',#3546,#3699,#3701,.T.);
#3699 = VERTEX_POINT('',#3700);
#3700 = CARTESIAN_POINT('',(-1.4,-1.225,1.79));
#3701 = LINE('',#3702,#3703);
#3702 = CARTESIAN_POINT('',(-1.4,0.525,1.66));
#3703 = VECTOR('',#3704,1.);
#3704 = DIRECTION('',(0.,-0.997252183706,7.408159078957E-02));
#3705 = ORIENTED_EDGE('',*,*,#3706,.F.);
#3706 = EDGE_CURVE('',#3707,#3699,#3709,.T.);
#3707 = VERTEX_POINT('',#3708);
#3708 = CARTESIAN_POINT('',(-1.6,-1.225,1.79));
#3709 = LINE('',#3710,#3711);
#3710 = CARTESIAN_POINT('',(-1.6,-1.225,1.79));
#3711 = VECTOR('',#3712,1.);
#3712 = DIRECTION('',(1.,0.,0.));
#3713 = ORIENTED_EDGE('',*,*,#3714,.F.);
#3714 = EDGE_CURVE('',#3544,#3707,#3715,.T.);
#3715 = LINE('',#3716,#3717);
#3716 = CARTESIAN_POINT('',(-1.6,0.525,1.66));
#3717 = VECTOR('',#3718,1.);
#3718 = DIRECTION('',(0.,-0.997252183706,7.408159078957E-02));
#3719 = PLANE('',#3720);
#3720 = AXIS2_PLACEMENT_3D('',#3721,#3722,#3723);
#3721 = CARTESIAN_POINT('',(-1.6,0.525,1.66));
#3722 = DIRECTION('',(0.,-7.408159078957E-02,-0.997252183706));
#3723 = DIRECTION('',(0.,-0.997252183706,7.408159078957E-02));
#3724 = ADVANCED_FACE('',(#3725),#3743,.F.);
#3725 = FACE_BOUND('',#3726,.F.);
#3726 = EDGE_LOOP('',(#3727,#3735,#3741,#3742));
#3727 = ORIENTED_EDGE('',*,*,#3728,.T.);
#3728 = EDGE_CURVE('',#3699,#3729,#3731,.T.);
#3729 = VERTEX_POINT('',#3730);
#3730 = CARTESIAN_POINT('',(-1.4,-1.225,2.14));
#3731 = LINE('',#3732,#3733);
#3732 = CARTESIAN_POINT('',(-1.4,-1.225,1.79));
#3733 = VECTOR('',#3734,1.);
#3734 = DIRECTION('',(0.,0.,1.));
#3735 = ORIENTED_EDGE('',*,*,#3736,.T.);
#3736 = EDGE_CURVE('',#3729,#3562,#3737,.T.);
#3737 = LINE('',#3738,#3739);
#3738 = CARTESIAN_POINT('',(-1.4,-1.225,2.14));
#3739 = VECTOR('',#3740,1.);
#3740 = DIRECTION('',(0.,1.,0.));
#3741 = ORIENTED_EDGE('',*,*,#3569,.T.);
#3742 = ORIENTED_EDGE('',*,*,#3698,.T.);
#3743 = PLANE('',#3744);
#3744 = AXIS2_PLACEMENT_3D('',#3745,#3746,#3747);
#3745 = CARTESIAN_POINT('',(-1.4,-0.323759014354,1.931294517928));
#3746 = DIRECTION('',(-1.,-0.,-0.));
#3747 = DIRECTION('',(0.,0.,-1.));
#3748 = ADVANCED_FACE('',(#3749),#3767,.T.);
#3749 = FACE_BOUND('',#3750,.T.);
#3750 = EDGE_LOOP('',(#3751,#3759,#3760,#3761));
#3751 = ORIENTED_EDGE('',*,*,#3752,.T.);
#3752 = EDGE_CURVE('',#3753,#3729,#3755,.T.);
#3753 = VERTEX_POINT('',#3754);
#3754 = CARTESIAN_POINT('',(-1.6,-1.225,2.14));
#3755 = LINE('',#3756,#3757);
#3756 = CARTESIAN_POINT('',(-1.6,-1.225,2.14));
#3757 = VECTOR('',#3758,1.);
#3758 = DIRECTION('',(1.,0.,0.));
#3759 = ORIENTED_EDGE('',*,*,#3736,.T.);
#3760 = ORIENTED_EDGE('',*,*,#3561,.F.);
#3761 = ORIENTED_EDGE('',*,*,#3762,.F.);
#3762 = EDGE_CURVE('',#3753,#3554,#3763,.T.);
#3763 = LINE('',#3764,#3765);
#3764 = CARTESIAN_POINT('',(-1.6,-1.225,2.14));
#3765 = VECTOR('',#3766,1.);
#3766 = DIRECTION('',(0.,1.,0.));
#3767 = PLANE('',#3768);
#3768 = AXIS2_PLACEMENT_3D('',#3769,#3770,#3771);
#3769 = CARTESIAN_POINT('',(-1.6,-1.225,2.14));
#3770 = DIRECTION('',(0.,0.,1.));
#3771 = DIRECTION('',(0.,1.,0.));
#3772 = ADVANCED_FACE('',(#3773),#3784,.T.);
#3773 = FACE_BOUND('',#3774,.T.);
#3774 = EDGE_LOOP('',(#3775,#3781,#3782,#3783));
#3775 = ORIENTED_EDGE('',*,*,#3776,.T.);
#3776 = EDGE_CURVE('',#3707,#3753,#3777,.T.);
#3777 = LINE('',#3778,#3779);
#3778 = CARTESIAN_POINT('',(-1.6,-1.225,1.79));
#3779 = VECTOR('',#3780,1.);
#3780 = DIRECTION('',(0.,0.,1.));
#3781 = ORIENTED_EDGE('',*,*,#3762,.T.);
#3782 = ORIENTED_EDGE('',*,*,#3553,.T.);
#3783 = ORIENTED_EDGE('',*,*,#3714,.T.);
#3784 = PLANE('',#3785);
#3785 = AXIS2_PLACEMENT_3D('',#3786,#3787,#3788);
#3786 = CARTESIAN_POINT('',(-1.6,-0.323759014354,1.931294517928));
#3787 = DIRECTION('',(-1.,-0.,-0.));
#3788 = DIRECTION('',(0.,0.,-1.));
#3789 = ADVANCED_FACE('',(#3790),#3815,.T.);
#3790 = FACE_BOUND('',#3791,.T.);
#3791 = EDGE_LOOP('',(#3792,#3802,#3808,#3809));
#3792 = ORIENTED_EDGE('',*,*,#3793,.T.);
#3793 = EDGE_CURVE('',#3794,#3796,#3798,.T.);
#3794 = VERTEX_POINT('',#3795);
#3795 = CARTESIAN_POINT('',(-0.6,-1.225,1.79));
#3796 = VERTEX_POINT('',#3797);
#3797 = CARTESIAN_POINT('',(-0.6,-1.225,2.14));
#3798 = LINE('',#3799,#3800);
#3799 = CARTESIAN_POINT('',(-0.6,-1.225,1.79));
#3800 = VECTOR('',#3801,1.);
#3801 = DIRECTION('',(0.,0.,1.));
#3802 = ORIENTED_EDGE('',*,*,#3803,.T.);
#3803 = EDGE_CURVE('',#3796,#3578,#3804,.T.);
#3804 = LINE('',#3805,#3806);
#3805 = CARTESIAN_POINT('',(-0.6,-1.225,2.14));
#3806 = VECTOR('',#3807,1.);
#3807 = DIRECTION('',(0.,1.,0.));
#3808 = ORIENTED_EDGE('',*,*,#3577,.T.);
#3809 = ORIENTED_EDGE('',*,*,#3810,.T.);
#3810 = EDGE_CURVE('',#3580,#3794,#3811,.T.);
#3811 = LINE('',#3812,#3813);
#3812 = CARTESIAN_POINT('',(-0.6,0.525,1.66));
#3813 = VECTOR('',#3814,1.);
#3814 = DIRECTION('',(0.,-0.997252183706,7.408159078957E-02));
#3815 = PLANE('',#3816);
#3816 = AXIS2_PLACEMENT_3D('',#3817,#3818,#3819);
#3817 = CARTESIAN_POINT('',(-0.6,-0.323759014354,1.931294517928));
#3818 = DIRECTION('',(-1.,-0.,-0.));
#3819 = DIRECTION('',(0.,0.,-1.));
#3820 = ADVANCED_FACE('',(#3821),#3839,.T.);
#3821 = FACE_BOUND('',#3822,.T.);
#3822 = EDGE_LOOP('',(#3823,#3824,#3832,#3838));
#3823 = ORIENTED_EDGE('',*,*,#3603,.T.);
#3824 = ORIENTED_EDGE('',*,*,#3825,.T.);
#3825 = EDGE_CURVE('',#3596,#3826,#3828,.T.);
#3826 = VERTEX_POINT('',#3827);
#3827 = CARTESIAN_POINT('',(-0.4,-1.225,1.79));
#3828 = LINE('',#3829,#3830);
#3829 = CARTESIAN_POINT('',(-0.4,0.525,1.66));
#3830 = VECTOR('',#3831,1.);
#3831 = DIRECTION('',(0.,-0.997252183706,7.408159078957E-02));
#3832 = ORIENTED_EDGE('',*,*,#3833,.F.);
#3833 = EDGE_CURVE('',#3794,#3826,#3834,.T.);
#3834 = LINE('',#3835,#3836);
#3835 = CARTESIAN_POINT('',(-0.6,-1.225,1.79));
#3836 = VECTOR('',#3837,1.);
#3837 = DIRECTION('',(1.,0.,0.));
#3838 = ORIENTED_EDGE('',*,*,#3810,.F.);
#3839 = PLANE('',#3840);
#3840 = AXIS2_PLACEMENT_3D('',#3841,#3842,#3843);
#3841 = CARTESIAN_POINT('',(-0.6,0.525,1.66));
#3842 = DIRECTION('',(0.,-7.408159078957E-02,-0.997252183706));
#3843 = DIRECTION('',(0.,-0.997252183706,7.408159078957E-02));
#3844 = ADVANCED_FACE('',(#3845),#3863,.F.);
#3845 = FACE_BOUND('',#3846,.F.);
#3846 = EDGE_LOOP('',(#3847,#3855,#3861,#3862));
#3847 = ORIENTED_EDGE('',*,*,#3848,.T.);
#3848 = EDGE_CURVE('',#3826,#3849,#3851,.T.);
#3849 = VERTEX_POINT('',#3850);
#3850 = CARTESIAN_POINT('',(-0.4,-1.225,2.14));
#3851 = LINE('',#3852,#3853);
#3852 = CARTESIAN_POINT('',(-0.4,-1.225,1.79));
#3853 = VECTOR('',#3854,1.);
#3854 = DIRECTION('',(0.,0.,1.));
#3855 = ORIENTED_EDGE('',*,*,#3856,.T.);
#3856 = EDGE_CURVE('',#3849,#3588,#3857,.T.);
#3857 = LINE('',#3858,#3859);
#3858 = CARTESIAN_POINT('',(-0.4,-1.225,2.14));
#3859 = VECTOR('',#3860,1.);
#3860 = DIRECTION('',(0.,1.,0.));
#3861 = ORIENTED_EDGE('',*,*,#3595,.T.);
#3862 = ORIENTED_EDGE('',*,*,#3825,.T.);
#3863 = PLANE('',#3864);
#3864 = AXIS2_PLACEMENT_3D('',#3865,#3866,#3867);
#3865 = CARTESIAN_POINT('',(-0.4,-0.323759014354,1.931294517928));
#3866 = DIRECTION('',(-1.,-0.,-0.));
#3867 = DIRECTION('',(0.,0.,-1.));
#3868 = ADVANCED_FACE('',(#3869),#3880,.T.);
#3869 = FACE_BOUND('',#3870,.T.);
#3870 = EDGE_LOOP('',(#3871,#3877,#3878,#3879));
#3871 = ORIENTED_EDGE('',*,*,#3872,.T.);
#3872 = EDGE_CURVE('',#3796,#3849,#3873,.T.);
#3873 = LINE('',#3874,#3875);
#3874 = CARTESIAN_POINT('',(-0.6,-1.225,2.14));
#3875 = VECTOR('',#3876,1.);
#3876 = DIRECTION('',(1.,0.,0.));
#3877 = ORIENTED_EDGE('',*,*,#3856,.T.);
#3878 = ORIENTED_EDGE('',*,*,#3587,.F.);
#3879 = ORIENTED_EDGE('',*,*,#3803,.F.);
#3880 = PLANE('',#3881);
#3881 = AXIS2_PLACEMENT_3D('',#3882,#3883,#3884);
#3882 = CARTESIAN_POINT('',(-0.6,-1.225,2.14));
#3883 = DIRECTION('',(0.,0.,1.));
#3884 = DIRECTION('',(0.,1.,0.));
#3885 = ADVANCED_FACE('',(#3886),#3911,.T.);
#3886 = FACE_BOUND('',#3887,.T.);
#3887 = EDGE_LOOP('',(#3888,#3898,#3904,#3905));
#3888 = ORIENTED_EDGE('',*,*,#3889,.T.);
#3889 = EDGE_CURVE('',#3890,#3892,#3894,.T.);
#3890 = VERTEX_POINT('',#3891);
#3891 = CARTESIAN_POINT('',(0.4,-1.225,1.79));
#3892 = VERTEX_POINT('',#3893);
#3893 = CARTESIAN_POINT('',(0.4,-1.225,2.14));
#3894 = LINE('',#3895,#3896);
#3895 = CARTESIAN_POINT('',(0.4,-1.225,1.79));
#3896 = VECTOR('',#3897,1.);
#3897 = DIRECTION('',(0.,0.,1.));
#3898 = ORIENTED_EDGE('',*,*,#3899,.T.);
#3899 = EDGE_CURVE('',#3892,#3612,#3900,.T.);
#3900 = LINE('',#3901,#3902);
#3901 = CARTESIAN_POINT('',(0.4,-1.225,2.14));
#3902 = VECTOR('',#3903,1.);
#3903 = DIRECTION('',(0.,1.,0.));
#3904 = ORIENTED_EDGE('',*,*,#3611,.T.);
#3905 = ORIENTED_EDGE('',*,*,#3906,.T.);
#3906 = EDGE_CURVE('',#3614,#3890,#3907,.T.);
#3907 = LINE('',#3908,#3909);
#3908 = CARTESIAN_POINT('',(0.4,0.525,1.66));
#3909 = VECTOR('',#3910,1.);
#3910 = DIRECTION('',(0.,-0.997252183706,7.408159078957E-02));
#3911 = PLANE('',#3912);
#3912 = AXIS2_PLACEMENT_3D('',#3913,#3914,#3915);
#3913 = CARTESIAN_POINT('',(0.4,-0.323759014354,1.931294517928));
#3914 = DIRECTION('',(-1.,-0.,-0.));
#3915 = DIRECTION('',(0.,0.,-1.));
#3916 = ADVANCED_FACE('',(#3917),#3935,.T.);
#3917 = FACE_BOUND('',#3918,.T.);
#3918 = EDGE_LOOP('',(#3919,#3920,#3928,#3934));
#3919 = ORIENTED_EDGE('',*,*,#3637,.T.);
#3920 = ORIENTED_EDGE('',*,*,#3921,.T.);
#3921 = EDGE_CURVE('',#3630,#3922,#3924,.T.);
#3922 = VERTEX_POINT('',#3923);
#3923 = CARTESIAN_POINT('',(0.6,-1.225,1.79));
#3924 = LINE('',#3925,#3926);
#3925 = CARTESIAN_POINT('',(0.6,0.525,1.66));
#3926 = VECTOR('',#3927,1.);
#3927 = DIRECTION('',(0.,-0.997252183706,7.408159078957E-02));
#3928 = ORIENTED_EDGE('',*,*,#3929,.F.);
#3929 = EDGE_CURVE('',#3890,#3922,#3930,.T.);
#3930 = LINE('',#3931,#3932);
#3931 = CARTESIAN_POINT('',(0.4,-1.225,1.79));
#3932 = VECTOR('',#3933,1.);
#3933 = DIRECTION('',(1.,0.,0.));
#3934 = ORIENTED_EDGE('',*,*,#3906,.F.);
#3935 = PLANE('',#3936);
#3936 = AXIS2_PLACEMENT_3D('',#3937,#3938,#3939);
#3937 = CARTESIAN_POINT('',(0.4,0.525,1.66));
#3938 = DIRECTION('',(0.,-7.408159078957E-02,-0.997252183706));
#3939 = DIRECTION('',(0.,-0.997252183706,7.408159078957E-02));
#3940 = ADVANCED_FACE('',(#3941),#3959,.F.);
#3941 = FACE_BOUND('',#3942,.F.);
#3942 = EDGE_LOOP('',(#3943,#3951,#3957,#3958));
#3943 = ORIENTED_EDGE('',*,*,#3944,.T.);
#3944 = EDGE_CURVE('',#3922,#3945,#3947,.T.);
#3945 = VERTEX_POINT('',#3946);
#3946 = CARTESIAN_POINT('',(0.6,-1.225,2.14));
#3947 = LINE('',#3948,#3949);
#3948 = CARTESIAN_POINT('',(0.6,-1.225,1.79));
#3949 = VECTOR('',#3950,1.);
#3950 = DIRECTION('',(0.,0.,1.));
#3951 = ORIENTED_EDGE('',*,*,#3952,.T.);
#3952 = EDGE_CURVE('',#3945,#3622,#3953,.T.);
#3953 = LINE('',#3954,#3955);
#3954 = CARTESIAN_POINT('',(0.6,-1.225,2.14));
#3955 = VECTOR('',#3956,1.);
#3956 = DIRECTION('',(0.,1.,0.));
#3957 = ORIENTED_EDGE('',*,*,#3629,.T.);
#3958 = ORIENTED_EDGE('',*,*,#3921,.T.);
#3959 = PLANE('',#3960);
#3960 = AXIS2_PLACEMENT_3D('',#3961,#3962,#3963);
#3961 = CARTESIAN_POINT('',(0.6,-0.323759014354,1.931294517928));
#3962 = DIRECTION('',(-1.,-0.,-0.));
#3963 = DIRECTION('',(0.,0.,-1.));
#3964 = ADVANCED_FACE('',(#3965),#3976,.T.);
#3965 = FACE_BOUND('',#3966,.T.);
#3966 = EDGE_LOOP('',(#3967,#3973,#3974,#3975));
#3967 = ORIENTED_EDGE('',*,*,#3968,.T.);
#3968 = EDGE_CURVE('',#3892,#3945,#3969,.T.);
#3969 = LINE('',#3970,#3971);
#3970 = CARTESIAN_POINT('',(0.4,-1.225,2.14));
#3971 = VECTOR('',#3972,1.);
#3972 = DIRECTION('',(1.,0.,0.));
#3973 = ORIENTED_EDGE('',*,*,#3952,.T.);
#3974 = ORIENTED_EDGE('',*,*,#3621,.F.);
#3975 = ORIENTED_EDGE('',*,*,#3899,.F.);
#3976 = PLANE('',#3977);
#3977 = AXIS2_PLACEMENT_3D('',#3978,#3979,#3980);
#3978 = CARTESIAN_POINT('',(0.4,-1.225,2.14));
#3979 = DIRECTION('',(0.,0.,1.));
#3980 = DIRECTION('',(0.,1.,0.));
#3981 = ADVANCED_FACE('',(#3982),#4007,.T.);
#3982 = FACE_BOUND('',#3983,.T.);
#3983 = EDGE_LOOP('',(#3984,#3994,#4000,#4001));
#3984 = ORIENTED_EDGE('',*,*,#3985,.T.);
#3985 = EDGE_CURVE('',#3986,#3988,#3990,.T.);
#3986 = VERTEX_POINT('',#3987);
#3987 = CARTESIAN_POINT('',(1.4,-1.225,1.79));
#3988 = VERTEX_POINT('',#3989);
#3989 = CARTESIAN_POINT('',(1.4,-1.225,2.14));
#3990 = LINE('',#3991,#3992);
#3991 = CARTESIAN_POINT('',(1.4,-1.225,1.79));
#3992 = VECTOR('',#3993,1.);
#3993 = DIRECTION('',(0.,0.,1.));
#3994 = ORIENTED_EDGE('',*,*,#3995,.T.);
#3995 = EDGE_CURVE('',#3988,#3646,#3996,.T.);
#3996 = LINE('',#3997,#3998);
#3997 = CARTESIAN_POINT('',(1.4,-1.225,2.14));
#3998 = VECTOR('',#3999,1.);
#3999 = DIRECTION('',(0.,1.,0.));
#4000 = ORIENTED_EDGE('',*,*,#3645,.T.);
#4001 = ORIENTED_EDGE('',*,*,#4002,.T.);
#4002 = EDGE_CURVE('',#3648,#3986,#4003,.T.);
#4003 = LINE('',#4004,#4005);
#4004 = CARTESIAN_POINT('',(1.4,0.525,1.66));
#4005 = VECTOR('',#4006,1.);
#4006 = DIRECTION('',(0.,-0.997252183706,7.408159078957E-02));
#4007 = PLANE('',#4008);
#4008 = AXIS2_PLACEMENT_3D('',#4009,#4010,#4011);
#4009 = CARTESIAN_POINT('',(1.4,-0.323759014354,1.931294517928));
#4010 = DIRECTION('',(-1.,-0.,-0.));
#4011 = DIRECTION('',(0.,0.,-1.));
#4012 = ADVANCED_FACE('',(#4013),#4031,.T.);
#4013 = FACE_BOUND('',#4014,.T.);
#4014 = EDGE_LOOP('',(#4015,#4016,#4024,#4030));
#4015 = ORIENTED_EDGE('',*,*,#3671,.T.);
#4016 = ORIENTED_EDGE('',*,*,#4017,.T.);
#4017 = EDGE_CURVE('',#3664,#4018,#4020,.T.);
#4018 = VERTEX_POINT('',#4019);
#4019 = CARTESIAN_POINT('',(1.6,-1.225,1.79));
#4020 = LINE('',#4021,#4022);
#4021 = CARTESIAN_POINT('',(1.6,0.525,1.66));
#4022 = VECTOR('',#4023,1.);
#4023 = DIRECTION('',(0.,-0.997252183706,7.408159078957E-02));
#4024 = ORIENTED_EDGE('',*,*,#4025,.F.);
#4025 = EDGE_CURVE('',#3986,#4018,#4026,.T.);
#4026 = LINE('',#4027,#4028);
#4027 = CARTESIAN_POINT('',(1.4,-1.225,1.79));
#4028 = VECTOR('',#4029,1.);
#4029 = DIRECTION('',(1.,0.,0.));
#4030 = ORIENTED_EDGE('',*,*,#4002,.F.);
#4031 = PLANE('',#4032);
#4032 = AXIS2_PLACEMENT_3D('',#4033,#4034,#4035);
#4033 = CARTESIAN_POINT('',(1.4,0.525,1.66));
#4034 = DIRECTION('',(0.,-7.408159078957E-02,-0.997252183706));
#4035 = DIRECTION('',(0.,-0.997252183706,7.408159078957E-02));
#4036 = ADVANCED_FACE('',(#4037),#4055,.F.);
#4037 = FACE_BOUND('',#4038,.F.);
#4038 = EDGE_LOOP('',(#4039,#4047,#4053,#4054));
#4039 = ORIENTED_EDGE('',*,*,#4040,.T.);
#4040 = EDGE_CURVE('',#4018,#4041,#4043,.T.);
#4041 = VERTEX_POINT('',#4042);
#4042 = CARTESIAN_POINT('',(1.6,-1.225,2.14));
#4043 = LINE('',#4044,#4045);
#4044 = CARTESIAN_POINT('',(1.6,-1.225,1.79));
#4045 = VECTOR('',#4046,1.);
#4046 = DIRECTION('',(0.,0.,1.));
#4047 = ORIENTED_EDGE('',*,*,#4048,.T.);
#4048 = EDGE_CURVE('',#4041,#3656,#4049,.T.);
#4049 = LINE('',#4050,#4051);
#4050 = CARTESIAN_POINT('',(1.6,-1.225,2.14));
#4051 = VECTOR('',#4052,1.);
#4052 = DIRECTION('',(0.,1.,0.));
#4053 = ORIENTED_EDGE('',*,*,#3663,.T.);
#4054 = ORIENTED_EDGE('',*,*,#4017,.T.);
#4055 = PLANE('',#4056);
#4056 = AXIS2_PLACEMENT_3D('',#4057,#4058,#4059);
#4057 = CARTESIAN_POINT('',(1.6,-0.323759014354,1.931294517928));
#4058 = DIRECTION('',(-1.,-0.,-0.));
#4059 = DIRECTION('',(0.,0.,-1.));
#4060 = ADVANCED_FACE('',(#4061),#4072,.T.);
#4061 = FACE_BOUND('',#4062,.T.);
#4062 = EDGE_LOOP('',(#4063,#4069,#4070,#4071));
#4063 = ORIENTED_EDGE('',*,*,#4064,.T.);
#4064 = EDGE_CURVE('',#3988,#4041,#4065,.T.);
#4065 = LINE('',#4066,#4067);
#4066 = CARTESIAN_POINT('',(1.4,-1.225,2.14));
#4067 = VECTOR('',#4068,1.);
#4068 = DIRECTION('',(1.,0.,0.));
#4069 = ORIENTED_EDGE('',*,*,#4048,.T.);
#4070 = ORIENTED_EDGE('',*,*,#3655,.F.);
#4071 = ORIENTED_EDGE('',*,*,#3995,.F.);
#4072 = PLANE('',#4073);
#4073 = AXIS2_PLACEMENT_3D('',#4074,#4075,#4076);
#4074 = CARTESIAN_POINT('',(1.4,-1.225,2.14));
#4075 = DIRECTION('',(0.,0.,1.));
#4076 = DIRECTION('',(0.,1.,0.));
#4077 = ADVANCED_FACE('',(#4078),#4084,.T.);
#4078 = FACE_BOUND('',#4079,.T.);
#4079 = EDGE_LOOP('',(#4080,#4081,#4082,#4083));
#4080 = ORIENTED_EDGE('',*,*,#3706,.T.);
#4081 = ORIENTED_EDGE('',*,*,#3728,.T.);
#4082 = ORIENTED_EDGE('',*,*,#3752,.F.);
#4083 = ORIENTED_EDGE('',*,*,#3776,.F.);
#4084 = PLANE('',#4085);
#4085 = AXIS2_PLACEMENT_3D('',#4086,#4087,#4088);
#4086 = CARTESIAN_POINT('',(-1.6,-1.225,1.79));
#4087 = DIRECTION('',(0.,-1.,0.));
#4088 = DIRECTION('',(0.,0.,1.));
#4089 = ADVANCED_FACE('',(#4090),#4096,.T.);
#4090 = FACE_BOUND('',#4091,.T.);
#4091 = EDGE_LOOP('',(#4092,#4093,#4094,#4095));
#4092 = ORIENTED_EDGE('',*,*,#3833,.T.);
#4093 = ORIENTED_EDGE('',*,*,#3848,.T.);
#4094 = ORIENTED_EDGE('',*,*,#3872,.F.);
#4095 = ORIENTED_EDGE('',*,*,#3793,.F.);
#4096 = PLANE('',#4097);
#4097 = AXIS2_PLACEMENT_3D('',#4098,#4099,#4100);
#4098 = CARTESIAN_POINT('',(-0.6,-1.225,1.79));
#4099 = DIRECTION('',(0.,-1.,0.));
#4100 = DIRECTION('',(0.,0.,1.));
#4101 = ADVANCED_FACE('',(#4102),#4108,.T.);
#4102 = FACE_BOUND('',#4103,.T.);
#4103 = EDGE_LOOP('',(#4104,#4105,#4106,#4107));
#4104 = ORIENTED_EDGE('',*,*,#3929,.T.);
#4105 = ORIENTED_EDGE('',*,*,#3944,.T.);
#4106 = ORIENTED_EDGE('',*,*,#3968,.F.);
#4107 = ORIENTED_EDGE('',*,*,#3889,.F.);
#4108 = PLANE('',#4109);
#4109 = AXIS2_PLACEMENT_3D('',#4110,#4111,#4112);
#4110 = CARTESIAN_POINT('',(0.4,-1.225,1.79));
#4111 = DIRECTION('',(0.,-1.,0.));
#4112 = DIRECTION('',(0.,0.,1.));
#4113 = ADVANCED_FACE('',(#4114),#4120,.T.);
#4114 = FACE_BOUND('',#4115,.T.);
#4115 = EDGE_LOOP('',(#4116,#4117,#4118,#4119));
#4116 = ORIENTED_EDGE('',*,*,#4025,.T.);
#4117 = ORIENTED_EDGE('',*,*,#4040,.T.);
#4118 = ORIENTED_EDGE('',*,*,#4064,.F.);
#4119 = ORIENTED_EDGE('',*,*,#3985,.F.);
#4120 = PLANE('',#4121);
#4121 = AXIS2_PLACEMENT_3D('',#4122,#4123,#4124);
#4122 = CARTESIAN_POINT('',(1.4,-1.225,1.79));
#4123 = DIRECTION('',(0.,-1.,0.));
#4124 = DIRECTION('',(0.,0.,1.));
#4125 = ( GEOMETRIC_REPRESENTATION_CONTEXT(3) 
GLOBAL_UNCERTAINTY_ASSIGNED_CONTEXT((#4129)) 
GLOBAL_UNIT_ASSIGNED_CONTEXT((#4126,#4127,#4128)) REPRESENTATION_CONTEXT
('Context #1','3D Context with UNIT and UNCERTAINTY') );
#4126 = ( LENGTH_UNIT() NAMED_UNIT(*) SI_UNIT(.MILLI.,.METRE.) );
#4127 = ( NAMED_UNIT(*) PLANE_ANGLE_UNIT() SI_UNIT($,.RADIAN.) );
#4128 = ( NAMED_UNIT(*) SI_UNIT($,.STERADIAN.) SOLID_ANGLE_UNIT() );
#4129 = UNCERTAINTY_MEASURE_WITH_UNIT(LENGTH_MEASURE(1.E-07),#4126,
  'distance_accuracy_value','confusion accuracy');
#4130 = CONTEXT_DEPENDENT_SHAPE_REPRESENTATION(#4131,#4133);
#4131 = ( REPRESENTATION_RELATIONSHIP('','',#1320,#1297) 
REPRESENTATION_RELATIONSHIP_WITH_TRANSFORMATION(#4132) 
SHAPE_REPRESENTATION_RELATIONSHIP() );
#4132 = ITEM_DEFINED_TRANSFORMATION('','',#11,#1298);
#4133 = PRODUCT_DEFINITION_SHAPE('Placement','Placement of an item',
  #4134);
#4134 = NEXT_ASSEMBLY_USAGE_OCCURRENCE('4','=>[0:1:1:5]','',#1292,#1315,
  $);
#4135 = PRODUCT_RELATED_PRODUCT_CATEGORY('part',$,(#1317));
#4136 = SHAPE_DEFINITION_REPRESENTATION(#4137,#4143);
#4137 = PRODUCT_DEFINITION_SHAPE('','',#4138);
#4138 = PRODUCT_DEFINITION('design','',#4139,#4142);
#4139 = PRODUCT_DEFINITION_FORMATION('','',#4140);
#4140 = PRODUCT('C_0603_1608Metric','C_0603_1608Metric','',(#4141));
#4141 = PRODUCT_CONTEXT('',#2,'mechanical');
#4142 = PRODUCT_DEFINITION_CONTEXT('part definition',#2,'design');
#4143 = SHAPE_REPRESENTATION('',(#11,#4144),#4148);
#4144 = AXIS2_PLACEMENT_3D('',#4145,#4146,#4147);
#4145 = CARTESIAN_POINT('',(0.,0.,0.));
#4146 = DIRECTION('',(0.,0.,1.));
#4147 = DIRECTION('',(1.,0.,-0.));
#4148 = ( GEOMETRIC_REPRESENTATION_CONTEXT(3) 
GLOBAL_UNCERTAINTY_ASSIGNED_CONTEXT((#4152)) 
GLOBAL_UNIT_ASSIGNED_CONTEXT((#4149,#4150,#4151)) REPRESENTATION_CONTEXT
('Context #1','3D Context with UNIT and UNCERTAINTY') );
#4149 = ( LENGTH_UNIT() NAMED_UNIT(*) SI_UNIT(.MILLI.,.METRE.) );
#4150 = ( NAMED_UNIT(*) PLANE_ANGLE_UNIT() SI_UNIT($,.RADIAN.) );
#4151 = ( NAMED_UNIT(*) SI_UNIT($,.STERADIAN.) SOLID_ANGLE_UNIT() );
#4152 = UNCERTAINTY_MEASURE_WITH_UNIT(LENGTH_MEASURE(1.E-07),#4149,
  'distance_accuracy_value','confusion accuracy');
#4153 = CONTEXT_DEPENDENT_SHAPE_REPRESENTATION(#4154,#4156);
#4154 = ( REPRESENTATION_RELATIONSHIP('','',#4143,#10) 
REPRESENTATION_RELATIONSHIP_WITH_TRANSFORMATION(#4155) 
SHAPE_REPRESENTATION_RELATIONSHIP() );
#4155 = ITEM_DEFINED_TRANSFORMATION('','',#11,#27);
#4156 = PRODUCT_DEFINITION_SHAPE('Placement','Placement of an item',
  #4157);
#4157 = NEXT_ASSEMBLY_USAGE_OCCURRENCE('7','C1','',#5,#4138,$);
#4158 = PRODUCT_RELATED_PRODUCT_CATEGORY('part',$,(#4140));
#4159 = SHAPE_DEFINITION_REPRESENTATION(#4160,#4166);
#4160 = PRODUCT_DEFINITION_SHAPE('','',#4161);
#4161 = PRODUCT_DEFINITION('design','',#4162,#4165);
#4162 = PRODUCT_DEFINITION_FORMATION('','',#4163);
#4163 = PRODUCT('C_0603_1608Metric','C_0603_1608Metric','',(#4164));
#4164 = PRODUCT_CONTEXT('',#2,'mechanical');
#4165 = PRODUCT_DEFINITION_CONTEXT('part definition',#2,'design');
#4166 = ADVANCED_BREP_SHAPE_REPRESENTATION('',(#11,#4167),#5021);
#4167 = MANIFOLD_SOLID_BREP('',#4168);
#4168 = CLOSED_SHELL('',(#4169,#4245,#4276,#4301,#4326,#4350,#4374,#4399
    ,#4424,#4441,#4527,#4559,#4583,#4608,#4632,#4657,#4681,#4706,#4723,
    #4809,#4840,#4865,#4890,#4914,#4938,#4963,#4988,#5005));
#4169 = ADVANCED_FACE('',(#4170),#4240,.F.);
#4170 = FACE_BOUND('',#4171,.F.);
#4171 = EDGE_LOOP('',(#4172,#4182,#4191,#4199,#4208,#4216,#4225,#4233));
#4172 = ORIENTED_EDGE('',*,*,#4173,.F.);
#4173 = EDGE_CURVE('',#4174,#4176,#4178,.T.);
#4174 = VERTEX_POINT('',#4175);
#4175 = CARTESIAN_POINT('',(-0.8,-0.4,3.E-02));
#4176 = VERTEX_POINT('',#4177);
#4177 = CARTESIAN_POINT('',(-0.8,-0.4,0.77));
#4178 = LINE('',#4179,#4180);
#4179 = CARTESIAN_POINT('',(-0.8,-0.4,0.));
#4180 = VECTOR('',#4181,1.);
#4181 = DIRECTION('',(0.,0.,1.));
#4182 = ORIENTED_EDGE('',*,*,#4183,.T.);
#4183 = EDGE_CURVE('',#4174,#4184,#4186,.T.);
#4184 = VERTEX_POINT('',#4185);
#4185 = CARTESIAN_POINT('',(-0.8,-0.37,0.));
#4186 = CIRCLE('',#4187,3.E-02);
#4187 = AXIS2_PLACEMENT_3D('',#4188,#4189,#4190);
#4188 = CARTESIAN_POINT('',(-0.8,-0.37,3.E-02));
#4189 = DIRECTION('',(1.,0.,-0.));
#4190 = DIRECTION('',(0.,0.,1.));
#4191 = ORIENTED_EDGE('',*,*,#4192,.T.);
#4192 = EDGE_CURVE('',#4184,#4193,#4195,.T.);
#4193 = VERTEX_POINT('',#4194);
#4194 = CARTESIAN_POINT('',(-0.8,0.37,0.));
#4195 = LINE('',#4196,#4197);
#4196 = CARTESIAN_POINT('',(-0.8,-0.4,0.));
#4197 = VECTOR('',#4198,1.);
#4198 = DIRECTION('',(0.,1.,0.));
#4199 = ORIENTED_EDGE('',*,*,#4200,.F.);
#4200 = EDGE_CURVE('',#4201,#4193,#4203,.T.);
#4201 = VERTEX_POINT('',#4202);
#4202 = CARTESIAN_POINT('',(-0.8,0.4,3.E-02));
#4203 = CIRCLE('',#4204,3.E-02);
#4204 = AXIS2_PLACEMENT_3D('',#4205,#4206,#4207);
#4205 = CARTESIAN_POINT('',(-0.8,0.37,3.E-02));
#4206 = DIRECTION('',(-1.,0.,0.));
#4207 = DIRECTION('',(0.,0.,1.));
#4208 = ORIENTED_EDGE('',*,*,#4209,.T.);
#4209 = EDGE_CURVE('',#4201,#4210,#4212,.T.);
#4210 = VERTEX_POINT('',#4211);
#4211 = CARTESIAN_POINT('',(-0.8,0.4,0.77));
#4212 = LINE('',#4213,#4214);
#4213 = CARTESIAN_POINT('',(-0.8,0.4,0.));
#4214 = VECTOR('',#4215,1.);
#4215 = DIRECTION('',(0.,0.,1.));
#4216 = ORIENTED_EDGE('',*,*,#4217,.T.);
#4217 = EDGE_CURVE('',#4210,#4218,#4220,.T.);
#4218 = VERTEX_POINT('',#4219);
#4219 = CARTESIAN_POINT('',(-0.8,0.37,0.8));
#4220 = CIRCLE('',#4221,3.E-02);
#4221 = AXIS2_PLACEMENT_3D('',#4222,#4223,#4224);
#4222 = CARTESIAN_POINT('',(-0.8,0.37,0.77));
#4223 = DIRECTION('',(1.,0.,-0.));
#4224 = DIRECTION('',(0.,0.,1.));
#4225 = ORIENTED_EDGE('',*,*,#4226,.F.);
#4226 = EDGE_CURVE('',#4227,#4218,#4229,.T.);
#4227 = VERTEX_POINT('',#4228);
#4228 = CARTESIAN_POINT('',(-0.8,-0.37,0.8));
#4229 = LINE('',#4230,#4231);
#4230 = CARTESIAN_POINT('',(-0.8,-0.4,0.8));
#4231 = VECTOR('',#4232,1.);
#4232 = DIRECTION('',(0.,1.,0.));
#4233 = ORIENTED_EDGE('',*,*,#4234,.F.);
#4234 = EDGE_CURVE('',#4176,#4227,#4235,.T.);
#4235 = CIRCLE('',#4236,3.E-02);
#4236 = AXIS2_PLACEMENT_3D('',#4237,#4238,#4239);
#4237 = CARTESIAN_POINT('',(-0.8,-0.37,0.77));
#4238 = DIRECTION('',(-1.,0.,0.));
#4239 = DIRECTION('',(0.,0.,1.));
#4240 = PLANE('',#4241);
#4241 = AXIS2_PLACEMENT_3D('',#4242,#4243,#4244);
#4242 = CARTESIAN_POINT('',(-0.8,-0.4,0.));
#4243 = DIRECTION('',(1.,0.,0.));
#4244 = DIRECTION('',(0.,0.,1.));
#4245 = ADVANCED_FACE('',(#4246),#4271,.F.);
#4246 = FACE_BOUND('',#4247,.F.);
#4247 = EDGE_LOOP('',(#4248,#4258,#4264,#4265));
#4248 = ORIENTED_EDGE('',*,*,#4249,.F.);
#4249 = EDGE_CURVE('',#4250,#4252,#4254,.T.);
#4250 = VERTEX_POINT('',#4251);
#4251 = CARTESIAN_POINT('',(-0.5,-0.4,3.E-02));
#4252 = VERTEX_POINT('',#4253);
#4253 = CARTESIAN_POINT('',(-0.5,-0.4,0.77));
#4254 = LINE('',#4255,#4256);
#4255 = CARTESIAN_POINT('',(-0.5,-0.4,0.));
#4256 = VECTOR('',#4257,1.);
#4257 = DIRECTION('',(0.,0.,1.));
#4258 = ORIENTED_EDGE('',*,*,#4259,.F.);
#4259 = EDGE_CURVE('',#4174,#4250,#4260,.T.);
#4260 = LINE('',#4261,#4262);
#4261 = CARTESIAN_POINT('',(-0.8,-0.4,3.E-02));
#4262 = VECTOR('',#4263,1.);
#4263 = DIRECTION('',(1.,0.,0.));
#4264 = ORIENTED_EDGE('',*,*,#4173,.T.);
#4265 = ORIENTED_EDGE('',*,*,#4266,.T.);
#4266 = EDGE_CURVE('',#4176,#4252,#4267,.T.);
#4267 = LINE('',#4268,#4269);
#4268 = CARTESIAN_POINT('',(-0.8,-0.4,0.77));
#4269 = VECTOR('',#4270,1.);
#4270 = DIRECTION('',(1.,0.,0.));
#4271 = PLANE('',#4272);
#4272 = AXIS2_PLACEMENT_3D('',#4273,#4274,#4275);
#4273 = CARTESIAN_POINT('',(-0.8,-0.4,0.));
#4274 = DIRECTION('',(0.,1.,0.));
#4275 = DIRECTION('',(0.,-0.,1.));
#4276 = ADVANCED_FACE('',(#4277),#4296,.T.);
#4277 = FACE_BOUND('',#4278,.T.);
#4278 = EDGE_LOOP('',(#4279,#4280,#4288,#4295));
#4279 = ORIENTED_EDGE('',*,*,#4183,.T.);
#4280 = ORIENTED_EDGE('',*,*,#4281,.T.);
#4281 = EDGE_CURVE('',#4184,#4282,#4284,.T.);
#4282 = VERTEX_POINT('',#4283);
#4283 = CARTESIAN_POINT('',(-0.5,-0.37,0.));
#4284 = LINE('',#4285,#4286);
#4285 = CARTESIAN_POINT('',(-0.8,-0.37,0.));
#4286 = VECTOR('',#4287,1.);
#4287 = DIRECTION('',(1.,0.,0.));
#4288 = ORIENTED_EDGE('',*,*,#4289,.F.);
#4289 = EDGE_CURVE('',#4250,#4282,#4290,.T.);
#4290 = CIRCLE('',#4291,3.E-02);
#4291 = AXIS2_PLACEMENT_3D('',#4292,#4293,#4294);
#4292 = CARTESIAN_POINT('',(-0.5,-0.37,3.E-02));
#4293 = DIRECTION('',(1.,0.,-0.));
#4294 = DIRECTION('',(0.,0.,1.));
#4295 = ORIENTED_EDGE('',*,*,#4259,.F.);
#4296 = CYLINDRICAL_SURFACE('',#4297,3.E-02);
#4297 = AXIS2_PLACEMENT_3D('',#4298,#4299,#4300);
#4298 = CARTESIAN_POINT('',(-0.8,-0.37,3.E-02));
#4299 = DIRECTION('',(1.,0.,0.));
#4300 = DIRECTION('',(0.,-1.,0.));
#4301 = ADVANCED_FACE('',(#4302),#4321,.T.);
#4302 = FACE_BOUND('',#4303,.T.);
#4303 = EDGE_LOOP('',(#4304,#4305,#4314,#4320));
#4304 = ORIENTED_EDGE('',*,*,#4266,.T.);
#4305 = ORIENTED_EDGE('',*,*,#4306,.T.);
#4306 = EDGE_CURVE('',#4252,#4307,#4309,.T.);
#4307 = VERTEX_POINT('',#4308);
#4308 = CARTESIAN_POINT('',(-0.5,-0.37,0.8));
#4309 = CIRCLE('',#4310,3.E-02);
#4310 = AXIS2_PLACEMENT_3D('',#4311,#4312,#4313);
#4311 = CARTESIAN_POINT('',(-0.5,-0.37,0.77));
#4312 = DIRECTION('',(-1.,0.,0.));
#4313 = DIRECTION('',(0.,0.,1.));
#4314 = ORIENTED_EDGE('',*,*,#4315,.F.);
#4315 = EDGE_CURVE('',#4227,#4307,#4316,.T.);
#4316 = LINE('',#4317,#4318);
#4317 = CARTESIAN_POINT('',(-0.8,-0.37,0.8));
#4318 = VECTOR('',#4319,1.);
#4319 = DIRECTION('',(1.,0.,0.));
#4320 = ORIENTED_EDGE('',*,*,#4234,.F.);
#4321 = CYLINDRICAL_SURFACE('',#4322,3.E-02);
#4322 = AXIS2_PLACEMENT_3D('',#4323,#4324,#4325);
#4323 = CARTESIAN_POINT('',(-0.8,-0.37,0.77));
#4324 = DIRECTION('',(1.,0.,0.));
#4325 = DIRECTION('',(0.,-1.,0.));
#4326 = ADVANCED_FACE('',(#4327),#4345,.F.);
#4327 = FACE_BOUND('',#4328,.F.);
#4328 = EDGE_LOOP('',(#4329,#4330,#4331,#4339));
#4329 = ORIENTED_EDGE('',*,*,#4192,.F.);
#4330 = ORIENTED_EDGE('',*,*,#4281,.T.);
#4331 = ORIENTED_EDGE('',*,*,#4332,.T.);
#4332 = EDGE_CURVE('',#4282,#4333,#4335,.T.);
#4333 = VERTEX_POINT('',#4334);
#4334 = CARTESIAN_POINT('',(-0.5,0.37,0.));
#4335 = LINE('',#4336,#4337);
#4336 = CARTESIAN_POINT('',(-0.5,-0.4,0.));
#4337 = VECTOR('',#4338,1.);
#4338 = DIRECTION('',(0.,1.,0.));
#4339 = ORIENTED_EDGE('',*,*,#4340,.F.);
#4340 = EDGE_CURVE('',#4193,#4333,#4341,.T.);
#4341 = LINE('',#4342,#4343);
#4342 = CARTESIAN_POINT('',(-0.8,0.37,0.));
#4343 = VECTOR('',#4344,1.);
#4344 = DIRECTION('',(1.,0.,0.));
#4345 = PLANE('',#4346);
#4346 = AXIS2_PLACEMENT_3D('',#4347,#4348,#4349);
#4347 = CARTESIAN_POINT('',(-0.8,-0.4,0.));
#4348 = DIRECTION('',(0.,0.,1.));
#4349 = DIRECTION('',(1.,0.,-0.));
#4350 = ADVANCED_FACE('',(#4351),#4369,.T.);
#4351 = FACE_BOUND('',#4352,.T.);
#4352 = EDGE_LOOP('',(#4353,#4354,#4355,#4363));
#4353 = ORIENTED_EDGE('',*,*,#4226,.F.);
#4354 = ORIENTED_EDGE('',*,*,#4315,.T.);
#4355 = ORIENTED_EDGE('',*,*,#4356,.T.);
#4356 = EDGE_CURVE('',#4307,#4357,#4359,.T.);
#4357 = VERTEX_POINT('',#4358);
#4358 = CARTESIAN_POINT('',(-0.5,0.37,0.8));
#4359 = LINE('',#4360,#4361);
#4360 = CARTESIAN_POINT('',(-0.5,-0.4,0.8));
#4361 = VECTOR('',#4362,1.);
#4362 = DIRECTION('',(0.,1.,0.));
#4363 = ORIENTED_EDGE('',*,*,#4364,.F.);
#4364 = EDGE_CURVE('',#4218,#4357,#4365,.T.);
#4365 = LINE('',#4366,#4367);
#4366 = CARTESIAN_POINT('',(-0.8,0.37,0.8));
#4367 = VECTOR('',#4368,1.);
#4368 = DIRECTION('',(1.,0.,0.));
#4369 = PLANE('',#4370);
#4370 = AXIS2_PLACEMENT_3D('',#4371,#4372,#4373);
#4371 = CARTESIAN_POINT('',(-0.8,-0.4,0.8));
#4372 = DIRECTION('',(0.,0.,1.));
#4373 = DIRECTION('',(1.,0.,-0.));
#4374 = ADVANCED_FACE('',(#4375),#4394,.T.);
#4375 = FACE_BOUND('',#4376,.T.);
#4376 = EDGE_LOOP('',(#4377,#4385,#4392,#4393));
#4377 = ORIENTED_EDGE('',*,*,#4378,.T.);
#4378 = EDGE_CURVE('',#4201,#4379,#4381,.T.);
#4379 = VERTEX_POINT('',#4380);
#4380 = CARTESIAN_POINT('',(-0.5,0.4,3.E-02));
#4381 = LINE('',#4382,#4383);
#4382 = CARTESIAN_POINT('',(-0.8,0.4,3.E-02));
#4383 = VECTOR('',#4384,1.);
#4384 = DIRECTION('',(1.,0.,0.));
#4385 = ORIENTED_EDGE('',*,*,#4386,.T.);
#4386 = EDGE_CURVE('',#4379,#4333,#4387,.T.);
#4387 = CIRCLE('',#4388,3.E-02);
#4388 = AXIS2_PLACEMENT_3D('',#4389,#4390,#4391);
#4389 = CARTESIAN_POINT('',(-0.5,0.37,3.E-02));
#4390 = DIRECTION('',(-1.,0.,0.));
#4391 = DIRECTION('',(0.,0.,1.));
#4392 = ORIENTED_EDGE('',*,*,#4340,.F.);
#4393 = ORIENTED_EDGE('',*,*,#4200,.F.);
#4394 = CYLINDRICAL_SURFACE('',#4395,3.E-02);
#4395 = AXIS2_PLACEMENT_3D('',#4396,#4397,#4398);
#4396 = CARTESIAN_POINT('',(-0.8,0.37,3.E-02));
#4397 = DIRECTION('',(1.,0.,0.));
#4398 = DIRECTION('',(-0.,1.,0.));
#4399 = ADVANCED_FACE('',(#4400),#4419,.T.);
#4400 = FACE_BOUND('',#4401,.T.);
#4401 = EDGE_LOOP('',(#4402,#4403,#4404,#4413));
#4402 = ORIENTED_EDGE('',*,*,#4217,.T.);
#4403 = ORIENTED_EDGE('',*,*,#4364,.T.);
#4404 = ORIENTED_EDGE('',*,*,#4405,.F.);
#4405 = EDGE_CURVE('',#4406,#4357,#4408,.T.);
#4406 = VERTEX_POINT('',#4407);
#4407 = CARTESIAN_POINT('',(-0.5,0.4,0.77));
#4408 = CIRCLE('',#4409,3.E-02);
#4409 = AXIS2_PLACEMENT_3D('',#4410,#4411,#4412);
#4410 = CARTESIAN_POINT('',(-0.5,0.37,0.77));
#4411 = DIRECTION('',(1.,0.,-0.));
#4412 = DIRECTION('',(0.,0.,1.));
#4413 = ORIENTED_EDGE('',*,*,#4414,.F.);
#4414 = EDGE_CURVE('',#4210,#4406,#4415,.T.);
#4415 = LINE('',#4416,#4417);
#4416 = CARTESIAN_POINT('',(-0.8,0.4,0.77));
#4417 = VECTOR('',#4418,1.);
#4418 = DIRECTION('',(1.,0.,0.));
#4419 = CYLINDRICAL_SURFACE('',#4420,3.E-02);
#4420 = AXIS2_PLACEMENT_3D('',#4421,#4422,#4423);
#4421 = CARTESIAN_POINT('',(-0.8,0.37,0.77));
#4422 = DIRECTION('',(1.,0.,0.));
#4423 = DIRECTION('',(-0.,1.,0.));
#4424 = ADVANCED_FACE('',(#4425),#4436,.T.);
#4425 = FACE_BOUND('',#4426,.T.);
#4426 = EDGE_LOOP('',(#4427,#4433,#4434,#4435));
#4427 = ORIENTED_EDGE('',*,*,#4428,.F.);
#4428 = EDGE_CURVE('',#4379,#4406,#4429,.T.);
#4429 = LINE('',#4430,#4431);
#4430 = CARTESIAN_POINT('',(-0.5,0.4,0.));
#4431 = VECTOR('',#4432,1.);
#4432 = DIRECTION('',(0.,0.,1.));
#4433 = ORIENTED_EDGE('',*,*,#4378,.F.);
#4434 = ORIENTED_EDGE('',*,*,#4209,.T.);
#4435 = ORIENTED_EDGE('',*,*,#4414,.T.);
#4436 = PLANE('',#4437);
#4437 = AXIS2_PLACEMENT_3D('',#4438,#4439,#4440);
#4438 = CARTESIAN_POINT('',(-0.8,0.4,0.));
#4439 = DIRECTION('',(0.,1.,0.));
#4440 = DIRECTION('',(0.,-0.,1.));
#4441 = ADVANCED_FACE('',(#4442,#4452),#4522,.T.);
#4442 = FACE_BOUND('',#4443,.T.);
#4443 = EDGE_LOOP('',(#4444,#4445,#4446,#4447,#4448,#4449,#4450,#4451));
#4444 = ORIENTED_EDGE('',*,*,#4249,.F.);
#4445 = ORIENTED_EDGE('',*,*,#4289,.T.);
#4446 = ORIENTED_EDGE('',*,*,#4332,.T.);
#4447 = ORIENTED_EDGE('',*,*,#4386,.F.);
#4448 = ORIENTED_EDGE('',*,*,#4428,.T.);
#4449 = ORIENTED_EDGE('',*,*,#4405,.T.);
#4450 = ORIENTED_EDGE('',*,*,#4356,.F.);
#4451 = ORIENTED_EDGE('',*,*,#4306,.F.);
#4452 = FACE_BOUND('',#4453,.T.);
#4453 = EDGE_LOOP('',(#4454,#4465,#4473,#4482,#4490,#4499,#4507,#4516));
#4454 = ORIENTED_EDGE('',*,*,#4455,.F.);
#4455 = EDGE_CURVE('',#4456,#4458,#4460,.T.);
#4456 = VERTEX_POINT('',#4457);
#4457 = CARTESIAN_POINT('',(-0.5,-0.37,6.E-02));
#4458 = VERTEX_POINT('',#4459);
#4459 = CARTESIAN_POINT('',(-0.5,-0.34,3.E-02));
#4460 = CIRCLE('',#4461,3.E-02);
#4461 = AXIS2_PLACEMENT_3D('',#4462,#4463,#4464);
#4462 = CARTESIAN_POINT('',(-0.5,-0.34,6.E-02));
#4463 = DIRECTION('',(1.,0.,-0.));
#4464 = DIRECTION('',(0.,0.,1.));
#4465 = ORIENTED_EDGE('',*,*,#4466,.T.);
#4466 = EDGE_CURVE('',#4456,#4467,#4469,.T.);
#4467 = VERTEX_POINT('',#4468);
#4468 = CARTESIAN_POINT('',(-0.5,-0.37,0.74));
#4469 = LINE('',#4470,#4471);
#4470 = CARTESIAN_POINT('',(-0.5,-0.37,3.E-02));
#4471 = VECTOR('',#4472,1.);
#4472 = DIRECTION('',(0.,0.,1.));
#4473 = ORIENTED_EDGE('',*,*,#4474,.T.);
#4474 = EDGE_CURVE('',#4467,#4475,#4477,.T.);
#4475 = VERTEX_POINT('',#4476);
#4476 = CARTESIAN_POINT('',(-0.5,-0.34,0.77));
#4477 = CIRCLE('',#4478,3.E-02);
#4478 = AXIS2_PLACEMENT_3D('',#4479,#4480,#4481);
#4479 = CARTESIAN_POINT('',(-0.5,-0.34,0.74));
#4480 = DIRECTION('',(-1.,0.,0.));
#4481 = DIRECTION('',(0.,0.,1.));
#4482 = ORIENTED_EDGE('',*,*,#4483,.T.);
#4483 = EDGE_CURVE('',#4475,#4484,#4486,.T.);
#4484 = VERTEX_POINT('',#4485);
#4485 = CARTESIAN_POINT('',(-0.5,0.34,0.77));
#4486 = LINE('',#4487,#4488);
#4487 = CARTESIAN_POINT('',(-0.5,-0.37,0.77));
#4488 = VECTOR('',#4489,1.);
#4489 = DIRECTION('',(0.,1.,0.));
#4490 = ORIENTED_EDGE('',*,*,#4491,.F.);
#4491 = EDGE_CURVE('',#4492,#4484,#4494,.T.);
#4492 = VERTEX_POINT('',#4493);
#4493 = CARTESIAN_POINT('',(-0.5,0.37,0.74));
#4494 = CIRCLE('',#4495,3.E-02);
#4495 = AXIS2_PLACEMENT_3D('',#4496,#4497,#4498);
#4496 = CARTESIAN_POINT('',(-0.5,0.34,0.74));
#4497 = DIRECTION('',(1.,0.,-0.));
#4498 = DIRECTION('',(0.,0.,1.));
#4499 = ORIENTED_EDGE('',*,*,#4500,.F.);
#4500 = EDGE_CURVE('',#4501,#4492,#4503,.T.);
#4501 = VERTEX_POINT('',#4502);
#4502 = CARTESIAN_POINT('',(-0.5,0.37,6.E-02));
#4503 = LINE('',#4504,#4505);
#4504 = CARTESIAN_POINT('',(-0.5,0.37,3.E-02));
#4505 = VECTOR('',#4506,1.);
#4506 = DIRECTION('',(0.,0.,1.));
#4507 = ORIENTED_EDGE('',*,*,#4508,.T.);
#4508 = EDGE_CURVE('',#4501,#4509,#4511,.T.);
#4509 = VERTEX_POINT('',#4510);
#4510 = CARTESIAN_POINT('',(-0.5,0.34,3.E-02));
#4511 = CIRCLE('',#4512,3.E-02);
#4512 = AXIS2_PLACEMENT_3D('',#4513,#4514,#4515);
#4513 = CARTESIAN_POINT('',(-0.5,0.34,6.E-02));
#4514 = DIRECTION('',(-1.,0.,0.));
#4515 = DIRECTION('',(0.,0.,1.));
#4516 = ORIENTED_EDGE('',*,*,#4517,.F.);
#4517 = EDGE_CURVE('',#4458,#4509,#4518,.T.);
#4518 = LINE('',#4519,#4520);
#4519 = CARTESIAN_POINT('',(-0.5,-0.37,3.E-02));
#4520 = VECTOR('',#4521,1.);
#4521 = DIRECTION('',(0.,1.,0.));
#4522 = PLANE('',#4523);
#4523 = AXIS2_PLACEMENT_3D('',#4524,#4525,#4526);
#4524 = CARTESIAN_POINT('',(-0.5,-0.4,0.));
#4525 = DIRECTION('',(1.,0.,0.));
#4526 = DIRECTION('',(0.,0.,1.));
#4527 = ADVANCED_FACE('',(#4528),#4554,.T.);
#4528 = FACE_BOUND('',#4529,.T.);
#4529 = EDGE_LOOP('',(#4530,#4531,#4539,#4548));
#4530 = ORIENTED_EDGE('',*,*,#4455,.T.);
#4531 = ORIENTED_EDGE('',*,*,#4532,.T.);
#4532 = EDGE_CURVE('',#4458,#4533,#4535,.T.);
#4533 = VERTEX_POINT('',#4534);
#4534 = CARTESIAN_POINT('',(0.5,-0.34,3.E-02));
#4535 = LINE('',#4536,#4537);
#4536 = CARTESIAN_POINT('',(-0.5,-0.34,3.E-02));
#4537 = VECTOR('',#4538,1.);
#4538 = DIRECTION('',(1.,0.,0.));
#4539 = ORIENTED_EDGE('',*,*,#4540,.F.);
#4540 = EDGE_CURVE('',#4541,#4533,#4543,.T.);
#4541 = VERTEX_POINT('',#4542);
#4542 = CARTESIAN_POINT('',(0.5,-0.37,6.E-02));
#4543 = CIRCLE('',#4544,3.E-02);
#4544 = AXIS2_PLACEMENT_3D('',#4545,#4546,#4547);
#4545 = CARTESIAN_POINT('',(0.5,-0.34,6.E-02));
#4546 = DIRECTION('',(1.,0.,-0.));
#4547 = DIRECTION('',(0.,0.,1.));
#4548 = ORIENTED_EDGE('',*,*,#4549,.F.);
#4549 = EDGE_CURVE('',#4456,#4541,#4550,.T.);
#4550 = LINE('',#4551,#4552);
#4551 = CARTESIAN_POINT('',(-0.5,-0.37,6.E-02));
#4552 = VECTOR('',#4553,1.);
#4553 = DIRECTION('',(1.,0.,0.));
#4554 = CYLINDRICAL_SURFACE('',#4555,3.E-02);
#4555 = AXIS2_PLACEMENT_3D('',#4556,#4557,#4558);
#4556 = CARTESIAN_POINT('',(-0.5,-0.34,6.E-02));
#4557 = DIRECTION('',(1.,0.,0.));
#4558 = DIRECTION('',(0.,-1.,0.));
#4559 = ADVANCED_FACE('',(#4560),#4578,.F.);
#4560 = FACE_BOUND('',#4561,.F.);
#4561 = EDGE_LOOP('',(#4562,#4563,#4564,#4572));
#4562 = ORIENTED_EDGE('',*,*,#4517,.F.);
#4563 = ORIENTED_EDGE('',*,*,#4532,.T.);
#4564 = ORIENTED_EDGE('',*,*,#4565,.T.);
#4565 = EDGE_CURVE('',#4533,#4566,#4568,.T.);
#4566 = VERTEX_POINT('',#4567);
#4567 = CARTESIAN_POINT('',(0.5,0.34,3.E-02));
#4568 = LINE('',#4569,#4570);
#4569 = CARTESIAN_POINT('',(0.5,-0.37,3.E-02));
#4570 = VECTOR('',#4571,1.);
#4571 = DIRECTION('',(0.,1.,0.));
#4572 = ORIENTED_EDGE('',*,*,#4573,.F.);
#4573 = EDGE_CURVE('',#4509,#4566,#4574,.T.);
#4574 = LINE('',#4575,#4576);
#4575 = CARTESIAN_POINT('',(-0.5,0.34,3.E-02));
#4576 = VECTOR('',#4577,1.);
#4577 = DIRECTION('',(1.,0.,0.));
#4578 = PLANE('',#4579);
#4579 = AXIS2_PLACEMENT_3D('',#4580,#4581,#4582);
#4580 = CARTESIAN_POINT('',(-0.5,-0.37,3.E-02));
#4581 = DIRECTION('',(0.,0.,1.));
#4582 = DIRECTION('',(1.,0.,-0.));
#4583 = ADVANCED_FACE('',(#4584),#4603,.T.);
#4584 = FACE_BOUND('',#4585,.T.);
#4585 = EDGE_LOOP('',(#4586,#4594,#4601,#4602));
#4586 = ORIENTED_EDGE('',*,*,#4587,.T.);
#4587 = EDGE_CURVE('',#4501,#4588,#4590,.T.);
#4588 = VERTEX_POINT('',#4589);
#4589 = CARTESIAN_POINT('',(0.5,0.37,6.E-02));
#4590 = LINE('',#4591,#4592);
#4591 = CARTESIAN_POINT('',(-0.5,0.37,6.E-02));
#4592 = VECTOR('',#4593,1.);
#4593 = DIRECTION('',(1.,0.,0.));
#4594 = ORIENTED_EDGE('',*,*,#4595,.T.);
#4595 = EDGE_CURVE('',#4588,#4566,#4596,.T.);
#4596 = CIRCLE('',#4597,3.E-02);
#4597 = AXIS2_PLACEMENT_3D('',#4598,#4599,#4600);
#4598 = CARTESIAN_POINT('',(0.5,0.34,6.E-02));
#4599 = DIRECTION('',(-1.,0.,0.));
#4600 = DIRECTION('',(0.,0.,1.));
#4601 = ORIENTED_EDGE('',*,*,#4573,.F.);
#4602 = ORIENTED_EDGE('',*,*,#4508,.F.);
#4603 = CYLINDRICAL_SURFACE('',#4604,3.E-02);
#4604 = AXIS2_PLACEMENT_3D('',#4605,#4606,#4607);
#4605 = CARTESIAN_POINT('',(-0.5,0.34,6.E-02));
#4606 = DIRECTION('',(1.,0.,0.));
#4607 = DIRECTION('',(-0.,1.,0.));
#4608 = ADVANCED_FACE('',(#4609),#4627,.T.);
#4609 = FACE_BOUND('',#4610,.T.);
#4610 = EDGE_LOOP('',(#4611,#4619,#4620,#4621));
#4611 = ORIENTED_EDGE('',*,*,#4612,.F.);
#4612 = EDGE_CURVE('',#4588,#4613,#4615,.T.);
#4613 = VERTEX_POINT('',#4614);
#4614 = CARTESIAN_POINT('',(0.5,0.37,0.74));
#4615 = LINE('',#4616,#4617);
#4616 = CARTESIAN_POINT('',(0.5,0.37,3.E-02));
#4617 = VECTOR('',#4618,1.);
#4618 = DIRECTION('',(0.,0.,1.));
#4619 = ORIENTED_EDGE('',*,*,#4587,.F.);
#4620 = ORIENTED_EDGE('',*,*,#4500,.T.);
#4621 = ORIENTED_EDGE('',*,*,#4622,.T.);
#4622 = EDGE_CURVE('',#4492,#4613,#4623,.T.);
#4623 = LINE('',#4624,#4625);
#4624 = CARTESIAN_POINT('',(-0.5,0.37,0.74));
#4625 = VECTOR('',#4626,1.);
#4626 = DIRECTION('',(1.,0.,0.));
#4627 = PLANE('',#4628);
#4628 = AXIS2_PLACEMENT_3D('',#4629,#4630,#4631);
#4629 = CARTESIAN_POINT('',(-0.5,0.37,3.E-02));
#4630 = DIRECTION('',(0.,1.,0.));
#4631 = DIRECTION('',(0.,-0.,1.));
#4632 = ADVANCED_FACE('',(#4633),#4652,.T.);
#4633 = FACE_BOUND('',#4634,.T.);
#4634 = EDGE_LOOP('',(#4635,#4636,#4644,#4651));
#4635 = ORIENTED_EDGE('',*,*,#4491,.T.);
#4636 = ORIENTED_EDGE('',*,*,#4637,.T.);
#4637 = EDGE_CURVE('',#4484,#4638,#4640,.T.);
#4638 = VERTEX_POINT('',#4639);
#4639 = CARTESIAN_POINT('',(0.5,0.34,0.77));
#4640 = LINE('',#4641,#4642);
#4641 = CARTESIAN_POINT('',(-0.5,0.34,0.77));
#4642 = VECTOR('',#4643,1.);
#4643 = DIRECTION('',(1.,0.,0.));
#4644 = ORIENTED_EDGE('',*,*,#4645,.F.);
#4645 = EDGE_CURVE('',#4613,#4638,#4646,.T.);
#4646 = CIRCLE('',#4647,3.E-02);
#4647 = AXIS2_PLACEMENT_3D('',#4648,#4649,#4650);
#4648 = CARTESIAN_POINT('',(0.5,0.34,0.74));
#4649 = DIRECTION('',(1.,0.,-0.));
#4650 = DIRECTION('',(0.,0.,1.));
#4651 = ORIENTED_EDGE('',*,*,#4622,.F.);
#4652 = CYLINDRICAL_SURFACE('',#4653,3.E-02);
#4653 = AXIS2_PLACEMENT_3D('',#4654,#4655,#4656);
#4654 = CARTESIAN_POINT('',(-0.5,0.34,0.74));
#4655 = DIRECTION('',(1.,0.,0.));
#4656 = DIRECTION('',(-0.,1.,0.));
#4657 = ADVANCED_FACE('',(#4658),#4676,.T.);
#4658 = FACE_BOUND('',#4659,.T.);
#4659 = EDGE_LOOP('',(#4660,#4661,#4669,#4675));
#4660 = ORIENTED_EDGE('',*,*,#4483,.F.);
#4661 = ORIENTED_EDGE('',*,*,#4662,.T.);
#4662 = EDGE_CURVE('',#4475,#4663,#4665,.T.);
#4663 = VERTEX_POINT('',#4664);
#4664 = CARTESIAN_POINT('',(0.5,-0.34,0.77));
#4665 = LINE('',#4666,#4667);
#4666 = CARTESIAN_POINT('',(-0.5,-0.34,0.77));
#4667 = VECTOR('',#4668,1.);
#4668 = DIRECTION('',(1.,0.,0.));
#4669 = ORIENTED_EDGE('',*,*,#4670,.T.);
#4670 = EDGE_CURVE('',#4663,#4638,#4671,.T.);
#4671 = LINE('',#4672,#4673);
#4672 = CARTESIAN_POINT('',(0.5,-0.37,0.77));
#4673 = VECTOR('',#4674,1.);
#4674 = DIRECTION('',(0.,1.,0.));
#4675 = ORIENTED_EDGE('',*,*,#4637,.F.);
#4676 = PLANE('',#4677);
#4677 = AXIS2_PLACEMENT_3D('',#4678,#4679,#4680);
#4678 = CARTESIAN_POINT('',(-0.5,-0.37,0.77));
#4679 = DIRECTION('',(0.,0.,1.));
#4680 = DIRECTION('',(1.,0.,-0.));
#4681 = ADVANCED_FACE('',(#4682),#4701,.T.);
#4682 = FACE_BOUND('',#4683,.T.);
#4683 = EDGE_LOOP('',(#4684,#4692,#4699,#4700));
#4684 = ORIENTED_EDGE('',*,*,#4685,.T.);
#4685 = EDGE_CURVE('',#4467,#4686,#4688,.T.);
#4686 = VERTEX_POINT('',#4687);
#4687 = CARTESIAN_POINT('',(0.5,-0.37,0.74));
#4688 = LINE('',#4689,#4690);
#4689 = CARTESIAN_POINT('',(-0.5,-0.37,0.74));
#4690 = VECTOR('',#4691,1.);
#4691 = DIRECTION('',(1.,0.,0.));
#4692 = ORIENTED_EDGE('',*,*,#4693,.T.);
#4693 = EDGE_CURVE('',#4686,#4663,#4694,.T.);
#4694 = CIRCLE('',#4695,3.E-02);
#4695 = AXIS2_PLACEMENT_3D('',#4696,#4697,#4698);
#4696 = CARTESIAN_POINT('',(0.5,-0.34,0.74));
#4697 = DIRECTION('',(-1.,0.,0.));
#4698 = DIRECTION('',(0.,0.,1.));
#4699 = ORIENTED_EDGE('',*,*,#4662,.F.);
#4700 = ORIENTED_EDGE('',*,*,#4474,.F.);
#4701 = CYLINDRICAL_SURFACE('',#4702,3.E-02);
#4702 = AXIS2_PLACEMENT_3D('',#4703,#4704,#4705);
#4703 = CARTESIAN_POINT('',(-0.5,-0.34,0.74));
#4704 = DIRECTION('',(1.,0.,0.));
#4705 = DIRECTION('',(0.,-1.,0.));
#4706 = ADVANCED_FACE('',(#4707),#4718,.F.);
#4707 = FACE_BOUND('',#4708,.F.);
#4708 = EDGE_LOOP('',(#4709,#4715,#4716,#4717));
#4709 = ORIENTED_EDGE('',*,*,#4710,.F.);
#4710 = EDGE_CURVE('',#4541,#4686,#4711,.T.);
#4711 = LINE('',#4712,#4713);
#4712 = CARTESIAN_POINT('',(0.5,-0.37,3.E-02));
#4713 = VECTOR('',#4714,1.);
#4714 = DIRECTION('',(0.,0.,1.));
#4715 = ORIENTED_EDGE('',*,*,#4549,.F.);
#4716 = ORIENTED_EDGE('',*,*,#4466,.T.);
#4717 = ORIENTED_EDGE('',*,*,#4685,.T.);
#4718 = PLANE('',#4719);
#4719 = AXIS2_PLACEMENT_3D('',#4720,#4721,#4722);
#4720 = CARTESIAN_POINT('',(-0.5,-0.37,3.E-02));
#4721 = DIRECTION('',(0.,1.,0.));
#4722 = DIRECTION('',(0.,-0.,1.));
#4723 = ADVANCED_FACE('',(#4724,#4794),#4804,.F.);
#4724 = FACE_BOUND('',#4725,.F.);
#4725 = EDGE_LOOP('',(#4726,#4736,#4745,#4753,#4762,#4770,#4779,#4787));
#4726 = ORIENTED_EDGE('',*,*,#4727,.F.);
#4727 = EDGE_CURVE('',#4728,#4730,#4732,.T.);
#4728 = VERTEX_POINT('',#4729);
#4729 = CARTESIAN_POINT('',(0.5,-0.4,3.E-02));
#4730 = VERTEX_POINT('',#4731);
#4731 = CARTESIAN_POINT('',(0.5,-0.4,0.77));
#4732 = LINE('',#4733,#4734);
#4733 = CARTESIAN_POINT('',(0.5,-0.4,0.));
#4734 = VECTOR('',#4735,1.);
#4735 = DIRECTION('',(0.,0.,1.));
#4736 = ORIENTED_EDGE('',*,*,#4737,.T.);
#4737 = EDGE_CURVE('',#4728,#4738,#4740,.T.);
#4738 = VERTEX_POINT('',#4739);
#4739 = CARTESIAN_POINT('',(0.5,-0.37,0.));
#4740 = CIRCLE('',#4741,3.E-02);
#4741 = AXIS2_PLACEMENT_3D('',#4742,#4743,#4744);
#4742 = CARTESIAN_POINT('',(0.5,-0.37,3.E-02));
#4743 = DIRECTION('',(1.,0.,-0.));
#4744 = DIRECTION('',(0.,0.,1.));
#4745 = ORIENTED_EDGE('',*,*,#4746,.T.);
#4746 = EDGE_CURVE('',#4738,#4747,#4749,.T.);
#4747 = VERTEX_POINT('',#4748);
#4748 = CARTESIAN_POINT('',(0.5,0.37,0.));
#4749 = LINE('',#4750,#4751);
#4750 = CARTESIAN_POINT('',(0.5,-0.4,0.));
#4751 = VECTOR('',#4752,1.);
#4752 = DIRECTION('',(0.,1.,0.));
#4753 = ORIENTED_EDGE('',*,*,#4754,.F.);
#4754 = EDGE_CURVE('',#4755,#4747,#4757,.T.);
#4755 = VERTEX_POINT('',#4756);
#4756 = CARTESIAN_POINT('',(0.5,0.4,3.E-02));
#4757 = CIRCLE('',#4758,3.E-02);
#4758 = AXIS2_PLACEMENT_3D('',#4759,#4760,#4761);
#4759 = CARTESIAN_POINT('',(0.5,0.37,3.E-02));
#4760 = DIRECTION('',(-1.,0.,0.));
#4761 = DIRECTION('',(0.,0.,1.));
#4762 = ORIENTED_EDGE('',*,*,#4763,.T.);
#4763 = EDGE_CURVE('',#4755,#4764,#4766,.T.);
#4764 = VERTEX_POINT('',#4765);
#4765 = CARTESIAN_POINT('',(0.5,0.4,0.77));
#4766 = LINE('',#4767,#4768);
#4767 = CARTESIAN_POINT('',(0.5,0.4,0.));
#4768 = VECTOR('',#4769,1.);
#4769 = DIRECTION('',(0.,0.,1.));
#4770 = ORIENTED_EDGE('',*,*,#4771,.T.);
#4771 = EDGE_CURVE('',#4764,#4772,#4774,.T.);
#4772 = VERTEX_POINT('',#4773);
#4773 = CARTESIAN_POINT('',(0.5,0.37,0.8));
#4774 = CIRCLE('',#4775,3.E-02);
#4775 = AXIS2_PLACEMENT_3D('',#4776,#4777,#4778);
#4776 = CARTESIAN_POINT('',(0.5,0.37,0.77));
#4777 = DIRECTION('',(1.,0.,-0.));
#4778 = DIRECTION('',(0.,0.,1.));
#4779 = ORIENTED_EDGE('',*,*,#4780,.F.);
#4780 = EDGE_CURVE('',#4781,#4772,#4783,.T.);
#4781 = VERTEX_POINT('',#4782);
#4782 = CARTESIAN_POINT('',(0.5,-0.37,0.8));
#4783 = LINE('',#4784,#4785);
#4784 = CARTESIAN_POINT('',(0.5,-0.4,0.8));
#4785 = VECTOR('',#4786,1.);
#4786 = DIRECTION('',(0.,1.,0.));
#4787 = ORIENTED_EDGE('',*,*,#4788,.F.);
#4788 = EDGE_CURVE('',#4730,#4781,#4789,.T.);
#4789 = CIRCLE('',#4790,3.E-02);
#4790 = AXIS2_PLACEMENT_3D('',#4791,#4792,#4793);
#4791 = CARTESIAN_POINT('',(0.5,-0.37,0.77));
#4792 = DIRECTION('',(-1.,0.,0.));
#4793 = DIRECTION('',(0.,0.,1.));
#4794 = FACE_BOUND('',#4795,.F.);
#4795 = EDGE_LOOP('',(#4796,#4797,#4798,#4799,#4800,#4801,#4802,#4803));
#4796 = ORIENTED_EDGE('',*,*,#4540,.F.);
#4797 = ORIENTED_EDGE('',*,*,#4710,.T.);
#4798 = ORIENTED_EDGE('',*,*,#4693,.T.);
#4799 = ORIENTED_EDGE('',*,*,#4670,.T.);
#4800 = ORIENTED_EDGE('',*,*,#4645,.F.);
#4801 = ORIENTED_EDGE('',*,*,#4612,.F.);
#4802 = ORIENTED_EDGE('',*,*,#4595,.T.);
#4803 = ORIENTED_EDGE('',*,*,#4565,.F.);
#4804 = PLANE('',#4805);
#4805 = AXIS2_PLACEMENT_3D('',#4806,#4807,#4808);
#4806 = CARTESIAN_POINT('',(0.5,-0.4,0.));
#4807 = DIRECTION('',(1.,0.,0.));
#4808 = DIRECTION('',(0.,0.,1.));
#4809 = ADVANCED_FACE('',(#4810),#4835,.F.);
#4810 = FACE_BOUND('',#4811,.F.);
#4811 = EDGE_LOOP('',(#4812,#4822,#4828,#4829));
#4812 = ORIENTED_EDGE('',*,*,#4813,.F.);
#4813 = EDGE_CURVE('',#4814,#4816,#4818,.T.);
#4814 = VERTEX_POINT('',#4815);
#4815 = CARTESIAN_POINT('',(0.8,-0.4,3.E-02));
#4816 = VERTEX_POINT('',#4817);
#4817 = CARTESIAN_POINT('',(0.8,-0.4,0.77));
#4818 = LINE('',#4819,#4820);
#4819 = CARTESIAN_POINT('',(0.8,-0.4,0.));
#4820 = VECTOR('',#4821,1.);
#4821 = DIRECTION('',(0.,0.,1.));
#4822 = ORIENTED_EDGE('',*,*,#4823,.F.);
#4823 = EDGE_CURVE('',#4728,#4814,#4824,.T.);
#4824 = LINE('',#4825,#4826);
#4825 = CARTESIAN_POINT('',(0.5,-0.4,3.E-02));
#4826 = VECTOR('',#4827,1.);
#4827 = DIRECTION('',(1.,0.,0.));
#4828 = ORIENTED_EDGE('',*,*,#4727,.T.);
#4829 = ORIENTED_EDGE('',*,*,#4830,.T.);
#4830 = EDGE_CURVE('',#4730,#4816,#4831,.T.);
#4831 = LINE('',#4832,#4833);
#4832 = CARTESIAN_POINT('',(0.5,-0.4,0.77));
#4833 = VECTOR('',#4834,1.);
#4834 = DIRECTION('',(1.,0.,0.));
#4835 = PLANE('',#4836);
#4836 = AXIS2_PLACEMENT_3D('',#4837,#4838,#4839);
#4837 = CARTESIAN_POINT('',(0.5,-0.4,0.));
#4838 = DIRECTION('',(0.,1.,0.));
#4839 = DIRECTION('',(0.,-0.,1.));
#4840 = ADVANCED_FACE('',(#4841),#4860,.T.);
#4841 = FACE_BOUND('',#4842,.T.);
#4842 = EDGE_LOOP('',(#4843,#4844,#4852,#4859));
#4843 = ORIENTED_EDGE('',*,*,#4737,.T.);
#4844 = ORIENTED_EDGE('',*,*,#4845,.T.);
#4845 = EDGE_CURVE('',#4738,#4846,#4848,.T.);
#4846 = VERTEX_POINT('',#4847);
#4847 = CARTESIAN_POINT('',(0.8,-0.37,0.));
#4848 = LINE('',#4849,#4850);
#4849 = CARTESIAN_POINT('',(0.5,-0.37,0.));
#4850 = VECTOR('',#4851,1.);
#4851 = DIRECTION('',(1.,0.,0.));
#4852 = ORIENTED_EDGE('',*,*,#4853,.F.);
#4853 = EDGE_CURVE('',#4814,#4846,#4854,.T.);
#4854 = CIRCLE('',#4855,3.E-02);
#4855 = AXIS2_PLACEMENT_3D('',#4856,#4857,#4858);
#4856 = CARTESIAN_POINT('',(0.8,-0.37,3.E-02));
#4857 = DIRECTION('',(1.,0.,-0.));
#4858 = DIRECTION('',(0.,0.,1.));
#4859 = ORIENTED_EDGE('',*,*,#4823,.F.);
#4860 = CYLINDRICAL_SURFACE('',#4861,3.E-02);
#4861 = AXIS2_PLACEMENT_3D('',#4862,#4863,#4864);
#4862 = CARTESIAN_POINT('',(0.5,-0.37,3.E-02));
#4863 = DIRECTION('',(1.,0.,0.));
#4864 = DIRECTION('',(0.,-1.,0.));
#4865 = ADVANCED_FACE('',(#4866),#4885,.T.);
#4866 = FACE_BOUND('',#4867,.T.);
#4867 = EDGE_LOOP('',(#4868,#4869,#4878,#4884));
#4868 = ORIENTED_EDGE('',*,*,#4830,.T.);
#4869 = ORIENTED_EDGE('',*,*,#4870,.T.);
#4870 = EDGE_CURVE('',#4816,#4871,#4873,.T.);
#4871 = VERTEX_POINT('',#4872);
#4872 = CARTESIAN_POINT('',(0.8,-0.37,0.8));
#4873 = CIRCLE('',#4874,3.E-02);
#4874 = AXIS2_PLACEMENT_3D('',#4875,#4876,#4877);
#4875 = CARTESIAN_POINT('',(0.8,-0.37,0.77));
#4876 = DIRECTION('',(-1.,0.,0.));
#4877 = DIRECTION('',(0.,0.,1.));
#4878 = ORIENTED_EDGE('',*,*,#4879,.F.);
#4879 = EDGE_CURVE('',#4781,#4871,#4880,.T.);
#4880 = LINE('',#4881,#4882);
#4881 = CARTESIAN_POINT('',(0.5,-0.37,0.8));
#4882 = VECTOR('',#4883,1.);
#4883 = DIRECTION('',(1.,0.,0.));
#4884 = ORIENTED_EDGE('',*,*,#4788,.F.);
#4885 = CYLINDRICAL_SURFACE('',#4886,3.E-02);
#4886 = AXIS2_PLACEMENT_3D('',#4887,#4888,#4889);
#4887 = CARTESIAN_POINT('',(0.5,-0.37,0.77));
#4888 = DIRECTION('',(1.,0.,0.));
#4889 = DIRECTION('',(0.,-1.,0.));
#4890 = ADVANCED_FACE('',(#4891),#4909,.F.);
#4891 = FACE_BOUND('',#4892,.F.);
#4892 = EDGE_LOOP('',(#4893,#4894,#4895,#4903));
#4893 = ORIENTED_EDGE('',*,*,#4746,.F.);
#4894 = ORIENTED_EDGE('',*,*,#4845,.T.);
#4895 = ORIENTED_EDGE('',*,*,#4896,.T.);
#4896 = EDGE_CURVE('',#4846,#4897,#4899,.T.);
#4897 = VERTEX_POINT('',#4898);
#4898 = CARTESIAN_POINT('',(0.8,0.37,0.));
#4899 = LINE('',#4900,#4901);
#4900 = CARTESIAN_POINT('',(0.8,-0.4,0.));
#4901 = VECTOR('',#4902,1.);
#4902 = DIRECTION('',(0.,1.,0.));
#4903 = ORIENTED_EDGE('',*,*,#4904,.F.);
#4904 = EDGE_CURVE('',#4747,#4897,#4905,.T.);
#4905 = LINE('',#4906,#4907);
#4906 = CARTESIAN_POINT('',(0.5,0.37,0.));
#4907 = VECTOR('',#4908,1.);
#4908 = DIRECTION('',(1.,0.,0.));
#4909 = PLANE('',#4910);
#4910 = AXIS2_PLACEMENT_3D('',#4911,#4912,#4913);
#4911 = CARTESIAN_POINT('',(0.5,-0.4,0.));
#4912 = DIRECTION('',(0.,0.,1.));
#4913 = DIRECTION('',(1.,0.,-0.));
#4914 = ADVANCED_FACE('',(#4915),#4933,.T.);
#4915 = FACE_BOUND('',#4916,.T.);
#4916 = EDGE_LOOP('',(#4917,#4918,#4919,#4927));
#4917 = ORIENTED_EDGE('',*,*,#4780,.F.);
#4918 = ORIENTED_EDGE('',*,*,#4879,.T.);
#4919 = ORIENTED_EDGE('',*,*,#4920,.T.);
#4920 = EDGE_CURVE('',#4871,#4921,#4923,.T.);
#4921 = VERTEX_POINT('',#4922);
#4922 = CARTESIAN_POINT('',(0.8,0.37,0.8));
#4923 = LINE('',#4924,#4925);
#4924 = CARTESIAN_POINT('',(0.8,-0.4,0.8));
#4925 = VECTOR('',#4926,1.);
#4926 = DIRECTION('',(0.,1.,0.));
#4927 = ORIENTED_EDGE('',*,*,#4928,.F.);
#4928 = EDGE_CURVE('',#4772,#4921,#4929,.T.);
#4929 = LINE('',#4930,#4931);
#4930 = CARTESIAN_POINT('',(0.5,0.37,0.8));
#4931 = VECTOR('',#4932,1.);
#4932 = DIRECTION('',(1.,0.,0.));
#4933 = PLANE('',#4934);
#4934 = AXIS2_PLACEMENT_3D('',#4935,#4936,#4937);
#4935 = CARTESIAN_POINT('',(0.5,-0.4,0.8));
#4936 = DIRECTION('',(0.,0.,1.));
#4937 = DIRECTION('',(1.,0.,-0.));
#4938 = ADVANCED_FACE('',(#4939),#4958,.T.);
#4939 = FACE_BOUND('',#4940,.T.);
#4940 = EDGE_LOOP('',(#4941,#4949,#4956,#4957));
#4941 = ORIENTED_EDGE('',*,*,#4942,.T.);
#4942 = EDGE_CURVE('',#4755,#4943,#4945,.T.);
#4943 = VERTEX_POINT('',#4944);
#4944 = CARTESIAN_POINT('',(0.8,0.4,3.E-02));
#4945 = LINE('',#4946,#4947);
#4946 = CARTESIAN_POINT('',(0.5,0.4,3.E-02));
#4947 = VECTOR('',#4948,1.);
#4948 = DIRECTION('',(1.,0.,0.));
#4949 = ORIENTED_EDGE('',*,*,#4950,.T.);
#4950 = EDGE_CURVE('',#4943,#4897,#4951,.T.);
#4951 = CIRCLE('',#4952,3.E-02);
#4952 = AXIS2_PLACEMENT_3D('',#4953,#4954,#4955);
#4953 = CARTESIAN_POINT('',(0.8,0.37,3.E-02));
#4954 = DIRECTION('',(-1.,0.,0.));
#4955 = DIRECTION('',(0.,0.,1.));
#4956 = ORIENTED_EDGE('',*,*,#4904,.F.);
#4957 = ORIENTED_EDGE('',*,*,#4754,.F.);
#4958 = CYLINDRICAL_SURFACE('',#4959,3.E-02);
#4959 = AXIS2_PLACEMENT_3D('',#4960,#4961,#4962);
#4960 = CARTESIAN_POINT('',(0.5,0.37,3.E-02));
#4961 = DIRECTION('',(1.,0.,0.));
#4962 = DIRECTION('',(-0.,1.,0.));
#4963 = ADVANCED_FACE('',(#4964),#4983,.T.);
#4964 = FACE_BOUND('',#4965,.T.);
#4965 = EDGE_LOOP('',(#4966,#4967,#4968,#4977));
#4966 = ORIENTED_EDGE('',*,*,#4771,.T.);
#4967 = ORIENTED_EDGE('',*,*,#4928,.T.);
#4968 = ORIENTED_EDGE('',*,*,#4969,.F.);
#4969 = EDGE_CURVE('',#4970,#4921,#4972,.T.);
#4970 = VERTEX_POINT('',#4971);
#4971 = CARTESIAN_POINT('',(0.8,0.4,0.77));
#4972 = CIRCLE('',#4973,3.E-02);
#4973 = AXIS2_PLACEMENT_3D('',#4974,#4975,#4976);
#4974 = CARTESIAN_POINT('',(0.8,0.37,0.77));
#4975 = DIRECTION('',(1.,0.,-0.));
#4976 = DIRECTION('',(0.,0.,1.));
#4977 = ORIENTED_EDGE('',*,*,#4978,.F.);
#4978 = EDGE_CURVE('',#4764,#4970,#4979,.T.);
#4979 = LINE('',#4980,#4981);
#4980 = CARTESIAN_POINT('',(0.5,0.4,0.77));
#4981 = VECTOR('',#4982,1.);
#4982 = DIRECTION('',(1.,0.,0.));
#4983 = CYLINDRICAL_SURFACE('',#4984,3.E-02);
#4984 = AXIS2_PLACEMENT_3D('',#4985,#4986,#4987);
#4985 = CARTESIAN_POINT('',(0.5,0.37,0.77));
#4986 = DIRECTION('',(1.,0.,0.));
#4987 = DIRECTION('',(-0.,1.,0.));
#4988 = ADVANCED_FACE('',(#4989),#5000,.T.);
#4989 = FACE_BOUND('',#4990,.T.);
#4990 = EDGE_LOOP('',(#4991,#4997,#4998,#4999));
#4991 = ORIENTED_EDGE('',*,*,#4992,.F.);
#4992 = EDGE_CURVE('',#4943,#4970,#4993,.T.);
#4993 = LINE('',#4994,#4995);
#4994 = CARTESIAN_POINT('',(0.8,0.4,0.));
#4995 = VECTOR('',#4996,1.);
#4996 = DIRECTION('',(0.,0.,1.));
#4997 = ORIENTED_EDGE('',*,*,#4942,.F.);
#4998 = ORIENTED_EDGE('',*,*,#4763,.T.);
#4999 = ORIENTED_EDGE('',*,*,#4978,.T.);
#5000 = PLANE('',#5001);
#5001 = AXIS2_PLACEMENT_3D('',#5002,#5003,#5004);
#5002 = CARTESIAN_POINT('',(0.5,0.4,0.));
#5003 = DIRECTION('',(0.,1.,0.));
#5004 = DIRECTION('',(0.,-0.,1.));
#5005 = ADVANCED_FACE('',(#5006),#5016,.T.);
#5006 = FACE_BOUND('',#5007,.T.);
#5007 = EDGE_LOOP('',(#5008,#5009,#5010,#5011,#5012,#5013,#5014,#5015));
#5008 = ORIENTED_EDGE('',*,*,#4813,.F.);
#5009 = ORIENTED_EDGE('',*,*,#4853,.T.);
#5010 = ORIENTED_EDGE('',*,*,#4896,.T.);
#5011 = ORIENTED_EDGE('',*,*,#4950,.F.);
#5012 = ORIENTED_EDGE('',*,*,#4992,.T.);
#5013 = ORIENTED_EDGE('',*,*,#4969,.T.);
#5014 = ORIENTED_EDGE('',*,*,#4920,.F.);
#5015 = ORIENTED_EDGE('',*,*,#4870,.F.);
#5016 = PLANE('',#5017);
#5017 = AXIS2_PLACEMENT_3D('',#5018,#5019,#5020);
#5018 = CARTESIAN_POINT('',(0.8,-0.4,0.));
#5019 = DIRECTION('',(1.,0.,0.));
#5020 = DIRECTION('',(0.,0.,1.));
#5021 = ( GEOMETRIC_REPRESENTATION_CONTEXT(3) 
GLOBAL_UNCERTAINTY_ASSIGNED_CONTEXT((#5025)) 
GLOBAL_UNIT_ASSIGNED_CONTEXT((#5022,#5023,#5024)) REPRESENTATION_CONTEXT
('Context #1','3D Context with UNIT and UNCERTAINTY') );
#5022 = ( LENGTH_UNIT() NAMED_UNIT(*) SI_UNIT(.MILLI.,.METRE.) );
#5023 = ( NAMED_UNIT(*) PLANE_ANGLE_UNIT() SI_UNIT($,.RADIAN.) );
#5024 = ( NAMED_UNIT(*) SI_UNIT($,.STERADIAN.) SOLID_ANGLE_UNIT() );
#5025 = UNCERTAINTY_MEASURE_WITH_UNIT(LENGTH_MEASURE(1.E-07),#5022,
  'distance_accuracy_value','confusion accuracy');
#5026 = CONTEXT_DEPENDENT_SHAPE_REPRESENTATION(#5027,#5029);
#5027 = ( REPRESENTATION_RELATIONSHIP('','',#4166,#4143) 
REPRESENTATION_RELATIONSHIP_WITH_TRANSFORMATION(#5028) 
SHAPE_REPRESENTATION_RELATIONSHIP() );
#5028 = ITEM_DEFINED_TRANSFORMATION('','',#11,#4144);
#5029 = PRODUCT_DEFINITION_SHAPE('Placement','Placement of an item',
  #5030);
#5030 = NEXT_ASSEMBLY_USAGE_OCCURRENCE('6','=>[0:1:1:7]','',#4138,#4161,
  $);
#5031 = PRODUCT_RELATED_PRODUCT_CATEGORY('part',$,(#4163));
#5032 = SHAPE_DEFINITION_REPRESENTATION(#5033,#5039);
#5033 = PRODUCT_DEFINITION_SHAPE('','',#5034);
#5034 = PRODUCT_DEFINITION('design','',#5035,#5038);
#5035 = PRODUCT_DEFINITION_FORMATION('','',#5036);
#5036 = PRODUCT('SOT-23-6','SOT-23-6','',(#5037));
#5037 = PRODUCT_CONTEXT('',#2,'mechanical');
#5038 = PRODUCT_DEFINITION_CONTEXT('part definition',#2,'design');
#5039 = SHAPE_REPRESENTATION('',(#11,#5040),#5044);
#5040 = AXIS2_PLACEMENT_3D('',#5041,#5042,#5043);
#5041 = CARTESIAN_POINT('',(0.,0.,0.));
#5042 = DIRECTION('',(0.,0.,1.));
#5043 = DIRECTION('',(1.,0.,-0.));
#5044 = ( GEOMETRIC_REPRESENTATION_CONTEXT(3) 
GLOBAL_UNCERTAINTY_ASSIGNED_CONTEXT((#5048)) 
GLOBAL_UNIT_ASSIGNED_CONTEXT((#5045,#5046,#5047)) REPRESENTATION_CONTEXT
('Context #1','3D Context with UNIT and UNCERTAINTY') );
#5045 = ( LENGTH_UNIT() NAMED_UNIT(*) SI_UNIT(.MILLI.,.METRE.) );
#5046 = ( NAMED_UNIT(*) PLANE_ANGLE_UNIT() SI_UNIT($,.RADIAN.) );
#5047 = ( NAMED_UNIT(*) SI_UNIT($,.STERADIAN.) SOLID_ANGLE_UNIT() );
#5048 = UNCERTAINTY_MEASURE_WITH_UNIT(LENGTH_MEASURE(1.E-07),#5045,
  'distance_accuracy_value','confusion accuracy');
#5049 = CONTEXT_DEPENDENT_SHAPE_REPRESENTATION(#5050,#5052);
#5050 = ( REPRESENTATION_RELATIONSHIP('','',#5039,#10) 
REPRESENTATION_RELATIONSHIP_WITH_TRANSFORMATION(#5051) 
SHAPE_REPRESENTATION_RELATIONSHIP() );
#5051 = ITEM_DEFINED_TRANSFORMATION('','',#11,#31);
#5052 = PRODUCT_DEFINITION_SHAPE('Placement','Placement of an item',
  #5053);
#5053 = NEXT_ASSEMBLY_USAGE_OCCURRENCE('9','U1','',#5,#5034,$);
#5054 = PRODUCT_RELATED_PRODUCT_CATEGORY('part',$,(#5036));
#5055 = SHAPE_DEFINITION_REPRESENTATION(#5056,#5062);
#5056 = PRODUCT_DEFINITION_SHAPE('','',#5057);
#5057 = PRODUCT_DEFINITION('design','',#5058,#5061);
#5058 = PRODUCT_DEFINITION_FORMATION('','',#5059);
#5059 = PRODUCT('SOT-23-6','SOT-23-6','',(#5060));
#5060 = PRODUCT_CONTEXT('',#2,'mechanical');
#5061 = PRODUCT_DEFINITION_CONTEXT('part definition',#2,'design');
#5062 = ADVANCED_BREP_SHAPE_REPRESENTATION('',(#11,#5063),#8599);
#5063 = MANIFOLD_SOLID_BREP('',#5064);
#5064 = CLOSED_SHELL('',(#5065,#5103,#5166,#5189,#5218,#5241,#5312,#5383
    ,#5406,#5429,#5446,#5469,#5557,#5573,#5603,#5634,#5665,#5696,#5727,
    #5758,#5775,#5792,#5823,#5854,#5885,#5916,#5947,#5977,#6000,#6023,
    #6040,#6085,#6155,#6178,#6201,#6224,#6295,#6333,#6382,#6474,#6499,
    #6583,#6605,#6697,#6722,#6806,#6823,#6908,#6933,#7010,#7095,#7120,
    #7197,#7214,#7306,#7331,#7415,#7437,#7529,#7554,#7638,#7655,#7674,
    #7693,#7739,#7755,#7774,#7793,#7809,#7826,#7838,#7855,#7872,#7889,
    #7906,#7923,#7940,#7957,#7969,#7986,#8003,#8020,#8037,#8054,#8071,
    #8088,#8100,#8117,#8134,#8151,#8168,#8185,#8202,#8214,#8231,#8248,
    #8265,#8282,#8299,#8316,#8328,#8345,#8362,#8379,#8396,#8413,#8430,
    #8447,#8459,#8476,#8493,#8510,#8527,#8544,#8561,#8578,#8590));
#5065 = ADVANCED_FACE('',(#5066),#5098,.F.);
#5066 = FACE_BOUND('',#5067,.F.);
#5067 = EDGE_LOOP('',(#5068,#5078,#5085,#5093));
#5068 = ORIENTED_EDGE('',*,*,#5069,.T.);
#5069 = EDGE_CURVE('',#5070,#5072,#5074,.T.);
#5070 = VERTEX_POINT('',#5071);
#5071 = CARTESIAN_POINT('',(-0.659324228722,1.358648457443,0.1));
#5072 = VERTEX_POINT('',#5073);
#5073 = CARTESIAN_POINT('',(0.659324228722,1.358648457443,0.1));
#5074 = LINE('',#5075,#5076);
#5075 = CARTESIAN_POINT('',(-0.659324228722,1.358648457443,0.1));
#5076 = VECTOR('',#5077,1.);
#5077 = DIRECTION('',(1.,1.110223024625E-16,0.));
#5078 = ORIENTED_EDGE('',*,*,#5079,.T.);
#5079 = EDGE_CURVE('',#5072,#5080,#5082,.T.);
#5080 = VERTEX_POINT('',#5081);
#5081 = CARTESIAN_POINT('',(0.705,1.45,0.75));
#5082 = B_SPLINE_CURVE_WITH_KNOTS('',1,(#5083,#5084),.UNSPECIFIED.,.F.,
  .F.,(2,2),(0.,1.),.PIECEWISE_BEZIER_KNOTS.);
#5083 = CARTESIAN_POINT('',(0.659324228722,1.358648457443,0.1));
#5084 = CARTESIAN_POINT('',(0.705,1.45,0.75));
#5085 = ORIENTED_EDGE('',*,*,#5086,.F.);
#5086 = EDGE_CURVE('',#5087,#5080,#5089,.T.);
#5087 = VERTEX_POINT('',#5088);
#5088 = CARTESIAN_POINT('',(-0.705,1.45,0.75));
#5089 = LINE('',#5090,#5091);
#5090 = CARTESIAN_POINT('',(-0.705,1.45,0.75));
#5091 = VECTOR('',#5092,1.);
#5092 = DIRECTION('',(1.,1.110223024625E-16,0.));
#5093 = ORIENTED_EDGE('',*,*,#5094,.F.);
#5094 = EDGE_CURVE('',#5070,#5087,#5095,.T.);
#5095 = B_SPLINE_CURVE_WITH_KNOTS('',1,(#5096,#5097),.UNSPECIFIED.,.F.,
  .F.,(2,2),(0.,1.),.PIECEWISE_BEZIER_KNOTS.);
#5096 = CARTESIAN_POINT('',(-0.659324228722,1.358648457443,0.1));
#5097 = CARTESIAN_POINT('',(-0.705,1.45,0.75));
#5098 = B_SPLINE_SURFACE_WITH_KNOTS('',1,1,(
    (#5099,#5100)
    ,(#5101,#5102
    )),.UNSPECIFIED.,.F.,.F.,.F.,(2,2),(2,2),(0.,1.41),(0.,1.),
  .PIECEWISE_BEZIER_KNOTS.);
#5099 = CARTESIAN_POINT('',(-0.659324228722,1.358648457443,0.1));
#5100 = CARTESIAN_POINT('',(-0.705,1.45,0.75));
#5101 = CARTESIAN_POINT('',(0.659324228722,1.358648457443,0.1));
#5102 = CARTESIAN_POINT('',(0.705,1.45,0.75));
#5103 = ADVANCED_FACE('',(#5104),#5161,.F.);
#5104 = FACE_BOUND('',#5105,.T.);
#5105 = EDGE_LOOP('',(#5106,#5107,#5115,#5123,#5131,#5139,#5147,#5155));
#5106 = ORIENTED_EDGE('',*,*,#5069,.T.);
#5107 = ORIENTED_EDGE('',*,*,#5108,.T.);
#5108 = EDGE_CURVE('',#5072,#5109,#5111,.T.);
#5109 = VERTEX_POINT('',#5110);
#5110 = CARTESIAN_POINT('',(0.708648457443,1.309324228722,0.1));
#5111 = LINE('',#5112,#5113);
#5112 = CARTESIAN_POINT('',(0.659324228722,1.358648457443,0.1));
#5113 = VECTOR('',#5114,1.);
#5114 = DIRECTION('',(0.707106781187,-0.707106781187,0.));
#5115 = ORIENTED_EDGE('',*,*,#5116,.T.);
#5116 = EDGE_CURVE('',#5109,#5117,#5119,.T.);
#5117 = VERTEX_POINT('',#5118);
#5118 = CARTESIAN_POINT('',(0.708648457443,-1.309324228722,0.1));
#5119 = LINE('',#5120,#5121);
#5120 = CARTESIAN_POINT('',(0.708648457443,1.309324228722,0.1));
#5121 = VECTOR('',#5122,1.);
#5122 = DIRECTION('',(1.110223024625E-16,-1.,0.));
#5123 = ORIENTED_EDGE('',*,*,#5124,.T.);
#5124 = EDGE_CURVE('',#5117,#5125,#5127,.T.);
#5125 = VERTEX_POINT('',#5126);
#5126 = CARTESIAN_POINT('',(0.659324228722,-1.358648457443,0.1));
#5127 = LINE('',#5128,#5129);
#5128 = CARTESIAN_POINT('',(0.708648457443,-1.309324228722,0.1));
#5129 = VECTOR('',#5130,1.);
#5130 = DIRECTION('',(-0.707106781187,-0.707106781187,0.));
#5131 = ORIENTED_EDGE('',*,*,#5132,.T.);
#5132 = EDGE_CURVE('',#5125,#5133,#5135,.T.);
#5133 = VERTEX_POINT('',#5134);
#5134 = CARTESIAN_POINT('',(-0.659324228722,-1.358648457443,0.1));
#5135 = LINE('',#5136,#5137);
#5136 = CARTESIAN_POINT('',(0.659324228722,-1.358648457443,0.1));
#5137 = VECTOR('',#5138,1.);
#5138 = DIRECTION('',(-1.,-1.110223024625E-16,0.));
#5139 = ORIENTED_EDGE('',*,*,#5140,.T.);
#5140 = EDGE_CURVE('',#5133,#5141,#5143,.T.);
#5141 = VERTEX_POINT('',#5142);
#5142 = CARTESIAN_POINT('',(-0.708648457443,-1.309324228722,0.1));
#5143 = LINE('',#5144,#5145);
#5144 = CARTESIAN_POINT('',(-0.659324228722,-1.358648457443,0.1));
#5145 = VECTOR('',#5146,1.);
#5146 = DIRECTION('',(-0.707106781187,0.707106781187,0.));
#5147 = ORIENTED_EDGE('',*,*,#5148,.T.);
#5148 = EDGE_CURVE('',#5141,#5149,#5151,.T.);
#5149 = VERTEX_POINT('',#5150);
#5150 = CARTESIAN_POINT('',(-0.708648457443,1.309324228722,0.1));
#5151 = LINE('',#5152,#5153);
#5152 = CARTESIAN_POINT('',(-0.708648457443,-1.309324228722,0.1));
#5153 = VECTOR('',#5154,1.);
#5154 = DIRECTION('',(-1.110223024625E-16,1.,0.));
#5155 = ORIENTED_EDGE('',*,*,#5156,.T.);
#5156 = EDGE_CURVE('',#5149,#5070,#5157,.T.);
#5157 = LINE('',#5158,#5159);
#5158 = CARTESIAN_POINT('',(-0.708648457443,1.309324228722,0.1));
#5159 = VECTOR('',#5160,1.);
#5160 = DIRECTION('',(0.707106781187,0.707106781187,0.));
#5161 = PLANE('',#5162);
#5162 = AXIS2_PLACEMENT_3D('',#5163,#5164,#5165);
#5163 = CARTESIAN_POINT('',(-0.659324228722,1.358648457443,0.1));
#5164 = DIRECTION('',(0.,0.,1.));
#5165 = DIRECTION('',(0.436587433964,-0.899661832304,0.));
#5166 = ADVANCED_FACE('',(#5167),#5184,.F.);
#5167 = FACE_BOUND('',#5168,.F.);
#5168 = EDGE_LOOP('',(#5169,#5170,#5177,#5183));
#5169 = ORIENTED_EDGE('',*,*,#5108,.T.);
#5170 = ORIENTED_EDGE('',*,*,#5171,.T.);
#5171 = EDGE_CURVE('',#5109,#5172,#5174,.T.);
#5172 = VERTEX_POINT('',#5173);
#5173 = CARTESIAN_POINT('',(0.8,1.355,0.75));
#5174 = B_SPLINE_CURVE_WITH_KNOTS('',1,(#5175,#5176),.UNSPECIFIED.,.F.,
  .F.,(2,2),(0.,1.),.PIECEWISE_BEZIER_KNOTS.);
#5175 = CARTESIAN_POINT('',(0.708648457443,1.309324228722,0.1));
#5176 = CARTESIAN_POINT('',(0.8,1.355,0.75));
#5177 = ORIENTED_EDGE('',*,*,#5178,.F.);
#5178 = EDGE_CURVE('',#5080,#5172,#5179,.T.);
#5179 = LINE('',#5180,#5181);
#5180 = CARTESIAN_POINT('',(0.705,1.45,0.75));
#5181 = VECTOR('',#5182,1.);
#5182 = DIRECTION('',(0.707106781187,-0.707106781187,0.));
#5183 = ORIENTED_EDGE('',*,*,#5079,.F.);
#5184 = B_SPLINE_SURFACE_WITH_KNOTS('',1,1,(
    (#5185,#5186)
    ,(#5187,#5188
    )),.UNSPECIFIED.,.F.,.F.,.F.,(2,2),(2,2),(0.,0.134350288425),(0.,1.)
  ,.PIECEWISE_BEZIER_KNOTS.);
#5185 = CARTESIAN_POINT('',(0.659324228722,1.358648457443,0.1));
#5186 = CARTESIAN_POINT('',(0.705,1.45,0.75));
#5187 = CARTESIAN_POINT('',(0.708648457443,1.309324228722,0.1));
#5188 = CARTESIAN_POINT('',(0.8,1.355,0.75));
#5189 = ADVANCED_FACE('',(#5190),#5213,.F.);
#5190 = FACE_BOUND('',#5191,.F.);
#5191 = EDGE_LOOP('',(#5192,#5193,#5200,#5208));
#5192 = ORIENTED_EDGE('',*,*,#5086,.T.);
#5193 = ORIENTED_EDGE('',*,*,#5194,.T.);
#5194 = EDGE_CURVE('',#5080,#5195,#5197,.T.);
#5195 = VERTEX_POINT('',#5196);
#5196 = CARTESIAN_POINT('',(0.705,1.45,0.9));
#5197 = B_SPLINE_CURVE_WITH_KNOTS('',1,(#5198,#5199),.UNSPECIFIED.,.F.,
  .F.,(2,2),(0.,1.),.PIECEWISE_BEZIER_KNOTS.);
#5198 = CARTESIAN_POINT('',(0.705,1.45,0.75));
#5199 = CARTESIAN_POINT('',(0.705,1.45,0.9));
#5200 = ORIENTED_EDGE('',*,*,#5201,.F.);
#5201 = EDGE_CURVE('',#5202,#5195,#5204,.T.);
#5202 = VERTEX_POINT('',#5203);
#5203 = CARTESIAN_POINT('',(-0.705,1.45,0.9));
#5204 = LINE('',#5205,#5206);
#5205 = CARTESIAN_POINT('',(-0.705,1.45,0.9));
#5206 = VECTOR('',#5207,1.);
#5207 = DIRECTION('',(1.,1.110223024625E-16,0.));
#5208 = ORIENTED_EDGE('',*,*,#5209,.F.);
#5209 = EDGE_CURVE('',#5087,#5202,#5210,.T.);
#5210 = B_SPLINE_CURVE_WITH_KNOTS('',1,(#5211,#5212),.UNSPECIFIED.,.F.,
  .F.,(2,2),(0.,1.),.PIECEWISE_BEZIER_KNOTS.);
#5211 = CARTESIAN_POINT('',(-0.705,1.45,0.75));
#5212 = CARTESIAN_POINT('',(-0.705,1.45,0.9));
#5213 = PLANE('',#5214);
#5214 = AXIS2_PLACEMENT_3D('',#5215,#5216,#5217);
#5215 = CARTESIAN_POINT('',(-0.705,1.45,0.9));
#5216 = DIRECTION('',(1.110223024625E-16,-1.,0.));
#5217 = DIRECTION('',(1.,1.110223024625E-16,0.));
#5218 = ADVANCED_FACE('',(#5219),#5236,.F.);
#5219 = FACE_BOUND('',#5220,.F.);
#5220 = EDGE_LOOP('',(#5221,#5222,#5223,#5231));
#5221 = ORIENTED_EDGE('',*,*,#5156,.T.);
#5222 = ORIENTED_EDGE('',*,*,#5094,.T.);
#5223 = ORIENTED_EDGE('',*,*,#5224,.F.);
#5224 = EDGE_CURVE('',#5225,#5087,#5227,.T.);
#5225 = VERTEX_POINT('',#5226);
#5226 = CARTESIAN_POINT('',(-0.8,1.355,0.75));
#5227 = LINE('',#5228,#5229);
#5228 = CARTESIAN_POINT('',(-0.8,1.355,0.75));
#5229 = VECTOR('',#5230,1.);
#5230 = DIRECTION('',(0.707106781187,0.707106781187,0.));
#5231 = ORIENTED_EDGE('',*,*,#5232,.F.);
#5232 = EDGE_CURVE('',#5149,#5225,#5233,.T.);
#5233 = B_SPLINE_CURVE_WITH_KNOTS('',1,(#5234,#5235),.UNSPECIFIED.,.F.,
  .F.,(2,2),(0.,1.),.PIECEWISE_BEZIER_KNOTS.);
#5234 = CARTESIAN_POINT('',(-0.708648457443,1.309324228722,0.1));
#5235 = CARTESIAN_POINT('',(-0.8,1.355,0.75));
#5236 = B_SPLINE_SURFACE_WITH_KNOTS('',1,1,(
    (#5237,#5238)
    ,(#5239,#5240
    )),.UNSPECIFIED.,.F.,.F.,.F.,(2,2),(2,2),(0.,0.134350288425),(0.,1.)
  ,.PIECEWISE_BEZIER_KNOTS.);
#5237 = CARTESIAN_POINT('',(-0.708648457443,1.309324228722,0.1));
#5238 = CARTESIAN_POINT('',(-0.8,1.355,0.75));
#5239 = CARTESIAN_POINT('',(-0.659324228722,1.358648457443,0.1));
#5240 = CARTESIAN_POINT('',(-0.705,1.45,0.75));
#5241 = ADVANCED_FACE('',(#5242),#5307,.F.);
#5242 = FACE_BOUND('',#5243,.F.);
#5243 = EDGE_LOOP('',(#5244,#5245,#5246,#5254,#5262,#5270,#5278,#5286,
    #5294,#5302));
#5244 = ORIENTED_EDGE('',*,*,#5148,.T.);
#5245 = ORIENTED_EDGE('',*,*,#5232,.T.);
#5246 = ORIENTED_EDGE('',*,*,#5247,.F.);
#5247 = EDGE_CURVE('',#5248,#5225,#5250,.T.);
#5248 = VERTEX_POINT('',#5249);
#5249 = CARTESIAN_POINT('',(-0.8,1.2,0.75));
#5250 = LINE('',#5251,#5252);
#5251 = CARTESIAN_POINT('',(-0.8,-1.355,0.75));
#5252 = VECTOR('',#5253,1.);
#5253 = DIRECTION('',(-1.110223024625E-16,1.,0.));
#5254 = ORIENTED_EDGE('',*,*,#5255,.F.);
#5255 = EDGE_CURVE('',#5256,#5248,#5258,.T.);
#5256 = VERTEX_POINT('',#5257);
#5257 = CARTESIAN_POINT('',(-0.8,0.7,0.75));
#5258 = LINE('',#5259,#5260);
#5259 = CARTESIAN_POINT('',(-0.8,-1.355,0.75));
#5260 = VECTOR('',#5261,1.);
#5261 = DIRECTION('',(-1.110223024625E-16,1.,0.));
#5262 = ORIENTED_EDGE('',*,*,#5263,.F.);
#5263 = EDGE_CURVE('',#5264,#5256,#5266,.T.);
#5264 = VERTEX_POINT('',#5265);
#5265 = CARTESIAN_POINT('',(-0.8,0.25,0.75));
#5266 = LINE('',#5267,#5268);
#5267 = CARTESIAN_POINT('',(-0.8,-1.355,0.75));
#5268 = VECTOR('',#5269,1.);
#5269 = DIRECTION('',(-1.110223024625E-16,1.,0.));
#5270 = ORIENTED_EDGE('',*,*,#5271,.F.);
#5271 = EDGE_CURVE('',#5272,#5264,#5274,.T.);
#5272 = VERTEX_POINT('',#5273);
#5273 = CARTESIAN_POINT('',(-0.8,-0.25,0.75));
#5274 = LINE('',#5275,#5276);
#5275 = CARTESIAN_POINT('',(-0.8,-1.355,0.75));
#5276 = VECTOR('',#5277,1.);
#5277 = DIRECTION('',(-1.110223024625E-16,1.,0.));
#5278 = ORIENTED_EDGE('',*,*,#5279,.F.);
#5279 = EDGE_CURVE('',#5280,#5272,#5282,.T.);
#5280 = VERTEX_POINT('',#5281);
#5281 = CARTESIAN_POINT('',(-0.8,-0.7,0.75));
#5282 = LINE('',#5283,#5284);
#5283 = CARTESIAN_POINT('',(-0.8,-1.355,0.75));
#5284 = VECTOR('',#5285,1.);
#5285 = DIRECTION('',(-1.110223024625E-16,1.,0.));
#5286 = ORIENTED_EDGE('',*,*,#5287,.F.);
#5287 = EDGE_CURVE('',#5288,#5280,#5290,.T.);
#5288 = VERTEX_POINT('',#5289);
#5289 = CARTESIAN_POINT('',(-0.8,-1.2,0.75));
#5290 = LINE('',#5291,#5292);
#5291 = CARTESIAN_POINT('',(-0.8,-1.355,0.75));
#5292 = VECTOR('',#5293,1.);
#5293 = DIRECTION('',(-1.110223024625E-16,1.,0.));
#5294 = ORIENTED_EDGE('',*,*,#5295,.F.);
#5295 = EDGE_CURVE('',#5296,#5288,#5298,.T.);
#5296 = VERTEX_POINT('',#5297);
#5297 = CARTESIAN_POINT('',(-0.8,-1.355,0.75));
#5298 = LINE('',#5299,#5300);
#5299 = CARTESIAN_POINT('',(-0.8,-1.355,0.75));
#5300 = VECTOR('',#5301,1.);
#5301 = DIRECTION('',(-1.110223024625E-16,1.,0.));
#5302 = ORIENTED_EDGE('',*,*,#5303,.F.);
#5303 = EDGE_CURVE('',#5141,#5296,#5304,.T.);
#5304 = B_SPLINE_CURVE_WITH_KNOTS('',1,(#5305,#5306),.UNSPECIFIED.,.F.,
  .F.,(2,2),(0.,1.),.PIECEWISE_BEZIER_KNOTS.);
#5305 = CARTESIAN_POINT('',(-0.708648457443,-1.309324228722,0.1));
#5306 = CARTESIAN_POINT('',(-0.8,-1.355,0.75));
#5307 = B_SPLINE_SURFACE_WITH_KNOTS('',1,1,(
    (#5308,#5309)
    ,(#5310,#5311
    )),.UNSPECIFIED.,.F.,.F.,.F.,(2,2),(2,2),(0.,2.71),(0.,1.),
  .PIECEWISE_BEZIER_KNOTS.);
#5308 = CARTESIAN_POINT('',(-0.708648457443,-1.309324228722,0.1));
#5309 = CARTESIAN_POINT('',(-0.8,-1.355,0.75));
#5310 = CARTESIAN_POINT('',(-0.708648457443,1.309324228722,0.1));
#5311 = CARTESIAN_POINT('',(-0.8,1.355,0.75));
#5312 = ADVANCED_FACE('',(#5313),#5378,.F.);
#5313 = FACE_BOUND('',#5314,.F.);
#5314 = EDGE_LOOP('',(#5315,#5316,#5323,#5331,#5339,#5347,#5355,#5363,
    #5371,#5377));
#5315 = ORIENTED_EDGE('',*,*,#5116,.T.);
#5316 = ORIENTED_EDGE('',*,*,#5317,.T.);
#5317 = EDGE_CURVE('',#5117,#5318,#5320,.T.);
#5318 = VERTEX_POINT('',#5319);
#5319 = CARTESIAN_POINT('',(0.8,-1.355,0.75));
#5320 = B_SPLINE_CURVE_WITH_KNOTS('',1,(#5321,#5322),.UNSPECIFIED.,.F.,
  .F.,(2,2),(0.,1.),.PIECEWISE_BEZIER_KNOTS.);
#5321 = CARTESIAN_POINT('',(0.708648457443,-1.309324228722,0.1));
#5322 = CARTESIAN_POINT('',(0.8,-1.355,0.75));
#5323 = ORIENTED_EDGE('',*,*,#5324,.F.);
#5324 = EDGE_CURVE('',#5325,#5318,#5327,.T.);
#5325 = VERTEX_POINT('',#5326);
#5326 = CARTESIAN_POINT('',(0.8,-1.2,0.75));
#5327 = LINE('',#5328,#5329);
#5328 = CARTESIAN_POINT('',(0.8,1.355,0.75));
#5329 = VECTOR('',#5330,1.);
#5330 = DIRECTION('',(1.110223024625E-16,-1.,0.));
#5331 = ORIENTED_EDGE('',*,*,#5332,.F.);
#5332 = EDGE_CURVE('',#5333,#5325,#5335,.T.);
#5333 = VERTEX_POINT('',#5334);
#5334 = CARTESIAN_POINT('',(0.8,-0.7,0.75));
#5335 = LINE('',#5336,#5337);
#5336 = CARTESIAN_POINT('',(0.8,1.355,0.75));
#5337 = VECTOR('',#5338,1.);
#5338 = DIRECTION('',(1.110223024625E-16,-1.,0.));
#5339 = ORIENTED_EDGE('',*,*,#5340,.F.);
#5340 = EDGE_CURVE('',#5341,#5333,#5343,.T.);
#5341 = VERTEX_POINT('',#5342);
#5342 = CARTESIAN_POINT('',(0.8,-0.25,0.75));
#5343 = LINE('',#5344,#5345);
#5344 = CARTESIAN_POINT('',(0.8,1.355,0.75));
#5345 = VECTOR('',#5346,1.);
#5346 = DIRECTION('',(1.110223024625E-16,-1.,0.));
#5347 = ORIENTED_EDGE('',*,*,#5348,.F.);
#5348 = EDGE_CURVE('',#5349,#5341,#5351,.T.);
#5349 = VERTEX_POINT('',#5350);
#5350 = CARTESIAN_POINT('',(0.8,0.25,0.75));
#5351 = LINE('',#5352,#5353);
#5352 = CARTESIAN_POINT('',(0.8,1.355,0.75));
#5353 = VECTOR('',#5354,1.);
#5354 = DIRECTION('',(1.110223024625E-16,-1.,0.));
#5355 = ORIENTED_EDGE('',*,*,#5356,.F.);
#5356 = EDGE_CURVE('',#5357,#5349,#5359,.T.);
#5357 = VERTEX_POINT('',#5358);
#5358 = CARTESIAN_POINT('',(0.8,0.7,0.75));
#5359 = LINE('',#5360,#5361);
#5360 = CARTESIAN_POINT('',(0.8,1.355,0.75));
#5361 = VECTOR('',#5362,1.);
#5362 = DIRECTION('',(1.110223024625E-16,-1.,0.));
#5363 = ORIENTED_EDGE('',*,*,#5364,.F.);
#5364 = EDGE_CURVE('',#5365,#5357,#5367,.T.);
#5365 = VERTEX_POINT('',#5366);
#5366 = CARTESIAN_POINT('',(0.8,1.2,0.75));
#5367 = LINE('',#5368,#5369);
#5368 = CARTESIAN_POINT('',(0.8,1.355,0.75));
#5369 = VECTOR('',#5370,1.);
#5370 = DIRECTION('',(1.110223024625E-16,-1.,0.));
#5371 = ORIENTED_EDGE('',*,*,#5372,.F.);
#5372 = EDGE_CURVE('',#5172,#5365,#5373,.T.);
#5373 = LINE('',#5374,#5375);
#5374 = CARTESIAN_POINT('',(0.8,1.355,0.75));
#5375 = VECTOR('',#5376,1.);
#5376 = DIRECTION('',(1.110223024625E-16,-1.,0.));
#5377 = ORIENTED_EDGE('',*,*,#5171,.F.);
#5378 = B_SPLINE_SURFACE_WITH_KNOTS('',1,1,(
    (#5379,#5380)
    ,(#5381,#5382
    )),.UNSPECIFIED.,.F.,.F.,.F.,(2,2),(2,2),(0.,2.71),(0.,1.),
  .PIECEWISE_BEZIER_KNOTS.);
#5379 = CARTESIAN_POINT('',(0.708648457443,1.309324228722,0.1));
#5380 = CARTESIAN_POINT('',(0.8,1.355,0.75));
#5381 = CARTESIAN_POINT('',(0.708648457443,-1.309324228722,0.1));
#5382 = CARTESIAN_POINT('',(0.8,-1.355,0.75));
#5383 = ADVANCED_FACE('',(#5384),#5401,.F.);
#5384 = FACE_BOUND('',#5385,.F.);
#5385 = EDGE_LOOP('',(#5386,#5387,#5388,#5396));
#5386 = ORIENTED_EDGE('',*,*,#5140,.T.);
#5387 = ORIENTED_EDGE('',*,*,#5303,.T.);
#5388 = ORIENTED_EDGE('',*,*,#5389,.F.);
#5389 = EDGE_CURVE('',#5390,#5296,#5392,.T.);
#5390 = VERTEX_POINT('',#5391);
#5391 = CARTESIAN_POINT('',(-0.705,-1.45,0.75));
#5392 = LINE('',#5393,#5394);
#5393 = CARTESIAN_POINT('',(-0.705,-1.45,0.75));
#5394 = VECTOR('',#5395,1.);
#5395 = DIRECTION('',(-0.707106781187,0.707106781187,0.));
#5396 = ORIENTED_EDGE('',*,*,#5397,.F.);
#5397 = EDGE_CURVE('',#5133,#5390,#5398,.T.);
#5398 = B_SPLINE_CURVE_WITH_KNOTS('',1,(#5399,#5400),.UNSPECIFIED.,.F.,
  .F.,(2,2),(0.,1.),.PIECEWISE_BEZIER_KNOTS.);
#5399 = CARTESIAN_POINT('',(-0.659324228722,-1.358648457443,0.1));
#5400 = CARTESIAN_POINT('',(-0.705,-1.45,0.75));
#5401 = B_SPLINE_SURFACE_WITH_KNOTS('',1,1,(
    (#5402,#5403)
    ,(#5404,#5405
    )),.UNSPECIFIED.,.F.,.F.,.F.,(2,2),(2,2),(0.,0.134350288425),(0.,1.)
  ,.PIECEWISE_BEZIER_KNOTS.);
#5402 = CARTESIAN_POINT('',(-0.659324228722,-1.358648457443,0.1));
#5403 = CARTESIAN_POINT('',(-0.705,-1.45,0.75));
#5404 = CARTESIAN_POINT('',(-0.708648457443,-1.309324228722,0.1));
#5405 = CARTESIAN_POINT('',(-0.8,-1.355,0.75));
#5406 = ADVANCED_FACE('',(#5407),#5424,.F.);
#5407 = FACE_BOUND('',#5408,.F.);
#5408 = EDGE_LOOP('',(#5409,#5410,#5417,#5423));
#5409 = ORIENTED_EDGE('',*,*,#5124,.T.);
#5410 = ORIENTED_EDGE('',*,*,#5411,.T.);
#5411 = EDGE_CURVE('',#5125,#5412,#5414,.T.);
#5412 = VERTEX_POINT('',#5413);
#5413 = CARTESIAN_POINT('',(0.705,-1.45,0.75));
#5414 = B_SPLINE_CURVE_WITH_KNOTS('',1,(#5415,#5416),.UNSPECIFIED.,.F.,
  .F.,(2,2),(0.,1.),.PIECEWISE_BEZIER_KNOTS.);
#5415 = CARTESIAN_POINT('',(0.659324228722,-1.358648457443,0.1));
#5416 = CARTESIAN_POINT('',(0.705,-1.45,0.75));
#5417 = ORIENTED_EDGE('',*,*,#5418,.F.);
#5418 = EDGE_CURVE('',#5318,#5412,#5419,.T.);
#5419 = LINE('',#5420,#5421);
#5420 = CARTESIAN_POINT('',(0.8,-1.355,0.75));
#5421 = VECTOR('',#5422,1.);
#5422 = DIRECTION('',(-0.707106781187,-0.707106781187,0.));
#5423 = ORIENTED_EDGE('',*,*,#5317,.F.);
#5424 = B_SPLINE_SURFACE_WITH_KNOTS('',1,1,(
    (#5425,#5426)
    ,(#5427,#5428
    )),.UNSPECIFIED.,.F.,.F.,.F.,(2,2),(2,2),(0.,0.134350288425),(0.,1.)
  ,.PIECEWISE_BEZIER_KNOTS.);
#5425 = CARTESIAN_POINT('',(0.708648457443,-1.309324228722,0.1));
#5426 = CARTESIAN_POINT('',(0.8,-1.355,0.75));
#5427 = CARTESIAN_POINT('',(0.659324228722,-1.358648457443,0.1));
#5428 = CARTESIAN_POINT('',(0.705,-1.45,0.75));
#5429 = ADVANCED_FACE('',(#5430),#5441,.F.);
#5430 = FACE_BOUND('',#5431,.F.);
#5431 = EDGE_LOOP('',(#5432,#5433,#5434,#5440));
#5432 = ORIENTED_EDGE('',*,*,#5132,.T.);
#5433 = ORIENTED_EDGE('',*,*,#5397,.T.);
#5434 = ORIENTED_EDGE('',*,*,#5435,.F.);
#5435 = EDGE_CURVE('',#5412,#5390,#5436,.T.);
#5436 = LINE('',#5437,#5438);
#5437 = CARTESIAN_POINT('',(0.705,-1.45,0.75));
#5438 = VECTOR('',#5439,1.);
#5439 = DIRECTION('',(-1.,-1.110223024625E-16,0.));
#5440 = ORIENTED_EDGE('',*,*,#5411,.F.);
#5441 = B_SPLINE_SURFACE_WITH_KNOTS('',1,1,(
    (#5442,#5443)
    ,(#5444,#5445
    )),.UNSPECIFIED.,.F.,.F.,.F.,(2,2),(2,2),(0.,1.41),(0.,1.),
  .PIECEWISE_BEZIER_KNOTS.);
#5442 = CARTESIAN_POINT('',(0.659324228722,-1.358648457443,0.1));
#5443 = CARTESIAN_POINT('',(0.705,-1.45,0.75));
#5444 = CARTESIAN_POINT('',(-0.659324228722,-1.358648457443,0.1));
#5445 = CARTESIAN_POINT('',(-0.705,-1.45,0.75));
#5446 = ADVANCED_FACE('',(#5447),#5464,.F.);
#5447 = FACE_BOUND('',#5448,.F.);
#5448 = EDGE_LOOP('',(#5449,#5450,#5457,#5463));
#5449 = ORIENTED_EDGE('',*,*,#5178,.T.);
#5450 = ORIENTED_EDGE('',*,*,#5451,.T.);
#5451 = EDGE_CURVE('',#5172,#5452,#5454,.T.);
#5452 = VERTEX_POINT('',#5453);
#5453 = CARTESIAN_POINT('',(0.8,1.355,0.9));
#5454 = B_SPLINE_CURVE_WITH_KNOTS('',1,(#5455,#5456),.UNSPECIFIED.,.F.,
  .F.,(2,2),(0.,1.),.PIECEWISE_BEZIER_KNOTS.);
#5455 = CARTESIAN_POINT('',(0.8,1.355,0.75));
#5456 = CARTESIAN_POINT('',(0.8,1.355,0.9));
#5457 = ORIENTED_EDGE('',*,*,#5458,.F.);
#5458 = EDGE_CURVE('',#5195,#5452,#5459,.T.);
#5459 = LINE('',#5460,#5461);
#5460 = CARTESIAN_POINT('',(0.705,1.45,0.9));
#5461 = VECTOR('',#5462,1.);
#5462 = DIRECTION('',(0.707106781187,-0.707106781187,0.));
#5463 = ORIENTED_EDGE('',*,*,#5194,.F.);
#5464 = PLANE('',#5465);
#5465 = AXIS2_PLACEMENT_3D('',#5466,#5467,#5468);
#5466 = CARTESIAN_POINT('',(0.705,1.45,0.9));
#5467 = DIRECTION('',(-0.707106781187,-0.707106781187,0.));
#5468 = DIRECTION('',(0.707106781187,-0.707106781187,0.));
#5469 = ADVANCED_FACE('',(#5470),#5552,.F.);
#5470 = FACE_BOUND('',#5471,.F.);
#5471 = EDGE_LOOP('',(#5472,#5480,#5481,#5482,#5490,#5498,#5506,#5514,
    #5522,#5530,#5538,#5546));
#5472 = ORIENTED_EDGE('',*,*,#5473,.T.);
#5473 = EDGE_CURVE('',#5474,#5202,#5476,.T.);
#5474 = VERTEX_POINT('',#5475);
#5475 = CARTESIAN_POINT('',(-0.8,1.355,0.9));
#5476 = LINE('',#5477,#5478);
#5477 = CARTESIAN_POINT('',(-0.8,1.355,0.9));
#5478 = VECTOR('',#5479,1.);
#5479 = DIRECTION('',(0.707106781187,0.707106781187,0.));
#5480 = ORIENTED_EDGE('',*,*,#5201,.T.);
#5481 = ORIENTED_EDGE('',*,*,#5458,.T.);
#5482 = ORIENTED_EDGE('',*,*,#5483,.T.);
#5483 = EDGE_CURVE('',#5452,#5484,#5486,.T.);
#5484 = VERTEX_POINT('',#5485);
#5485 = CARTESIAN_POINT('',(0.8,1.2,0.9));
#5486 = LINE('',#5487,#5488);
#5487 = CARTESIAN_POINT('',(0.8,1.355,0.9));
#5488 = VECTOR('',#5489,1.);
#5489 = DIRECTION('',(1.110223024625E-16,-1.,0.));
#5490 = ORIENTED_EDGE('',*,*,#5491,.T.);
#5491 = EDGE_CURVE('',#5484,#5492,#5494,.T.);
#5492 = VERTEX_POINT('',#5493);
#5493 = CARTESIAN_POINT('',(0.775,1.2,0.9));
#5494 = LINE('',#5495,#5496);
#5495 = CARTESIAN_POINT('',(0.85,1.2,0.9));
#5496 = VECTOR('',#5497,1.);
#5497 = DIRECTION('',(-1.,-1.110223024625E-16,0.));
#5498 = ORIENTED_EDGE('',*,*,#5499,.F.);
#5499 = EDGE_CURVE('',#5500,#5492,#5502,.T.);
#5500 = VERTEX_POINT('',#5501);
#5501 = CARTESIAN_POINT('',(0.775,1.3425,0.9));
#5502 = LINE('',#5503,#5504);
#5503 = CARTESIAN_POINT('',(0.775,1.3425,0.9));
#5504 = VECTOR('',#5505,1.);
#5505 = DIRECTION('',(1.110223024625E-16,-1.,0.));
#5506 = ORIENTED_EDGE('',*,*,#5507,.F.);
#5507 = EDGE_CURVE('',#5508,#5500,#5510,.T.);
#5508 = VERTEX_POINT('',#5509);
#5509 = CARTESIAN_POINT('',(0.6925,1.425,0.9));
#5510 = LINE('',#5511,#5512);
#5511 = CARTESIAN_POINT('',(0.6925,1.425,0.9));
#5512 = VECTOR('',#5513,1.);
#5513 = DIRECTION('',(0.707106781187,-0.707106781187,0.));
#5514 = ORIENTED_EDGE('',*,*,#5515,.F.);
#5515 = EDGE_CURVE('',#5516,#5508,#5518,.T.);
#5516 = VERTEX_POINT('',#5517);
#5517 = CARTESIAN_POINT('',(-0.6925,1.425,0.9));
#5518 = LINE('',#5519,#5520);
#5519 = CARTESIAN_POINT('',(-0.6925,1.425,0.9));
#5520 = VECTOR('',#5521,1.);
#5521 = DIRECTION('',(1.,1.110223024625E-16,0.));
#5522 = ORIENTED_EDGE('',*,*,#5523,.F.);
#5523 = EDGE_CURVE('',#5524,#5516,#5526,.T.);
#5524 = VERTEX_POINT('',#5525);
#5525 = CARTESIAN_POINT('',(-0.775,1.3425,0.9));
#5526 = LINE('',#5527,#5528);
#5527 = CARTESIAN_POINT('',(-0.775,1.3425,0.9));
#5528 = VECTOR('',#5529,1.);
#5529 = DIRECTION('',(0.707106781187,0.707106781187,0.));
#5530 = ORIENTED_EDGE('',*,*,#5531,.F.);
#5531 = EDGE_CURVE('',#5532,#5524,#5534,.T.);
#5532 = VERTEX_POINT('',#5533);
#5533 = CARTESIAN_POINT('',(-0.775,1.2,0.9));
#5534 = LINE('',#5535,#5536);
#5535 = CARTESIAN_POINT('',(-0.775,-1.3425,0.9));
#5536 = VECTOR('',#5537,1.);
#5537 = DIRECTION('',(-1.110223024625E-16,1.,0.));
#5538 = ORIENTED_EDGE('',*,*,#5539,.F.);
#5539 = EDGE_CURVE('',#5540,#5532,#5542,.T.);
#5540 = VERTEX_POINT('',#5541);
#5541 = CARTESIAN_POINT('',(-0.8,1.2,0.9));
#5542 = LINE('',#5543,#5544);
#5543 = CARTESIAN_POINT('',(-0.85,1.2,0.9));
#5544 = VECTOR('',#5545,1.);
#5545 = DIRECTION('',(1.,-1.144237745222E-17,0.));
#5546 = ORIENTED_EDGE('',*,*,#5547,.T.);
#5547 = EDGE_CURVE('',#5540,#5474,#5548,.T.);
#5548 = LINE('',#5549,#5550);
#5549 = CARTESIAN_POINT('',(-0.8,-1.355,0.9));
#5550 = VECTOR('',#5551,1.);
#5551 = DIRECTION('',(-1.110223024625E-16,1.,0.));
#5552 = PLANE('',#5553);
#5553 = AXIS2_PLACEMENT_3D('',#5554,#5555,#5556);
#5554 = CARTESIAN_POINT('',(-2.091417030376E-16,1.4375,0.9));
#5555 = DIRECTION('',(4.595758349624E-18,6.551522493592E-27,-1.));
#5556 = DIRECTION('',(1.,1.51922136901E-16,4.595758349624E-18));
#5557 = ADVANCED_FACE('',(#5558),#5568,.F.);
#5558 = FACE_BOUND('',#5559,.F.);
#5559 = EDGE_LOOP('',(#5560,#5561,#5562,#5563));
#5560 = ORIENTED_EDGE('',*,*,#5224,.T.);
#5561 = ORIENTED_EDGE('',*,*,#5209,.T.);
#5562 = ORIENTED_EDGE('',*,*,#5473,.F.);
#5563 = ORIENTED_EDGE('',*,*,#5564,.F.);
#5564 = EDGE_CURVE('',#5225,#5474,#5565,.T.);
#5565 = B_SPLINE_CURVE_WITH_KNOTS('',1,(#5566,#5567),.UNSPECIFIED.,.F.,
  .F.,(2,2),(0.,1.),.PIECEWISE_BEZIER_KNOTS.);
#5566 = CARTESIAN_POINT('',(-0.8,1.355,0.75));
#5567 = CARTESIAN_POINT('',(-0.8,1.355,0.9));
#5568 = PLANE('',#5569);
#5569 = AXIS2_PLACEMENT_3D('',#5570,#5571,#5572);
#5570 = CARTESIAN_POINT('',(-0.8,1.355,0.9));
#5571 = DIRECTION('',(0.707106781187,-0.707106781187,0.));
#5572 = DIRECTION('',(0.707106781187,0.707106781187,0.));
#5573 = ADVANCED_FACE('',(#5574),#5598,.F.);
#5574 = FACE_BOUND('',#5575,.F.);
#5575 = EDGE_LOOP('',(#5576,#5583,#5584,#5592));
#5576 = ORIENTED_EDGE('',*,*,#5577,.F.);
#5577 = EDGE_CURVE('',#5296,#5578,#5580,.T.);
#5578 = VERTEX_POINT('',#5579);
#5579 = CARTESIAN_POINT('',(-0.8,-1.355,0.9));
#5580 = B_SPLINE_CURVE_WITH_KNOTS('',1,(#5581,#5582),.UNSPECIFIED.,.F.,
  .F.,(2,2),(0.,1.),.PIECEWISE_BEZIER_KNOTS.);
#5581 = CARTESIAN_POINT('',(-0.8,-1.355,0.75));
#5582 = CARTESIAN_POINT('',(-0.8,-1.355,0.9));
#5583 = ORIENTED_EDGE('',*,*,#5295,.T.);
#5584 = ORIENTED_EDGE('',*,*,#5585,.T.);
#5585 = EDGE_CURVE('',#5288,#5586,#5588,.T.);
#5586 = VERTEX_POINT('',#5587);
#5587 = CARTESIAN_POINT('',(-0.8,-1.2,0.9));
#5588 = LINE('',#5589,#5590);
#5589 = CARTESIAN_POINT('',(-0.8,-1.2,0.670847817658));
#5590 = VECTOR('',#5591,1.);
#5591 = DIRECTION('',(0.,0.,1.));
#5592 = ORIENTED_EDGE('',*,*,#5593,.F.);
#5593 = EDGE_CURVE('',#5578,#5586,#5594,.T.);
#5594 = LINE('',#5595,#5596);
#5595 = CARTESIAN_POINT('',(-0.8,-1.355,0.9));
#5596 = VECTOR('',#5597,1.);
#5597 = DIRECTION('',(-1.110223024625E-16,1.,0.));
#5598 = PLANE('',#5599);
#5599 = AXIS2_PLACEMENT_3D('',#5600,#5601,#5602);
#5600 = CARTESIAN_POINT('',(-0.8,-1.355,0.9));
#5601 = DIRECTION('',(1.,1.110223024625E-16,0.));
#5602 = DIRECTION('',(-1.110223024625E-16,1.,0.));
#5603 = ADVANCED_FACE('',(#5604),#5629,.F.);
#5604 = FACE_BOUND('',#5605,.F.);
#5605 = EDGE_LOOP('',(#5606,#5614,#5615,#5623));
#5606 = ORIENTED_EDGE('',*,*,#5607,.F.);
#5607 = EDGE_CURVE('',#5288,#5608,#5610,.T.);
#5608 = VERTEX_POINT('',#5609);
#5609 = CARTESIAN_POINT('',(-0.85,-1.2,0.75));
#5610 = LINE('',#5611,#5612);
#5611 = CARTESIAN_POINT('',(-0.75,-1.2,0.75));
#5612 = VECTOR('',#5613,1.);
#5613 = DIRECTION('',(-1.,1.144237745222E-17,0.));
#5614 = ORIENTED_EDGE('',*,*,#5287,.T.);
#5615 = ORIENTED_EDGE('',*,*,#5616,.T.);
#5616 = EDGE_CURVE('',#5280,#5617,#5619,.T.);
#5617 = VERTEX_POINT('',#5618);
#5618 = CARTESIAN_POINT('',(-0.85,-0.7,0.75));
#5619 = LINE('',#5620,#5621);
#5620 = CARTESIAN_POINT('',(-0.75,-0.7,0.75));
#5621 = VECTOR('',#5622,1.);
#5622 = DIRECTION('',(-1.,1.144237745222E-17,0.));
#5623 = ORIENTED_EDGE('',*,*,#5624,.F.);
#5624 = EDGE_CURVE('',#5608,#5617,#5625,.T.);
#5625 = LINE('',#5626,#5627);
#5626 = CARTESIAN_POINT('',(-0.85,-1.2,0.75));
#5627 = VECTOR('',#5628,1.);
#5628 = DIRECTION('',(1.144237745222E-17,1.,0.));
#5629 = PLANE('',#5630);
#5630 = AXIS2_PLACEMENT_3D('',#5631,#5632,#5633);
#5631 = CARTESIAN_POINT('',(-0.75,-1.2,0.75));
#5632 = DIRECTION('',(0.,0.,1.));
#5633 = DIRECTION('',(-1.,1.144237745222E-17,0.));
#5634 = ADVANCED_FACE('',(#5635),#5660,.F.);
#5635 = FACE_BOUND('',#5636,.F.);
#5636 = EDGE_LOOP('',(#5637,#5645,#5646,#5654));
#5637 = ORIENTED_EDGE('',*,*,#5638,.F.);
#5638 = EDGE_CURVE('',#5280,#5639,#5641,.T.);
#5639 = VERTEX_POINT('',#5640);
#5640 = CARTESIAN_POINT('',(-0.8,-0.7,0.9));
#5641 = LINE('',#5642,#5643);
#5642 = CARTESIAN_POINT('',(-0.8,-0.7,0.670847817658));
#5643 = VECTOR('',#5644,1.);
#5644 = DIRECTION('',(0.,0.,1.));
#5645 = ORIENTED_EDGE('',*,*,#5279,.T.);
#5646 = ORIENTED_EDGE('',*,*,#5647,.T.);
#5647 = EDGE_CURVE('',#5272,#5648,#5650,.T.);
#5648 = VERTEX_POINT('',#5649);
#5649 = CARTESIAN_POINT('',(-0.8,-0.25,0.9));
#5650 = LINE('',#5651,#5652);
#5651 = CARTESIAN_POINT('',(-0.8,-0.25,0.670847817658));
#5652 = VECTOR('',#5653,1.);
#5653 = DIRECTION('',(0.,0.,1.));
#5654 = ORIENTED_EDGE('',*,*,#5655,.F.);
#5655 = EDGE_CURVE('',#5639,#5648,#5656,.T.);
#5656 = LINE('',#5657,#5658);
#5657 = CARTESIAN_POINT('',(-0.8,-1.355,0.9));
#5658 = VECTOR('',#5659,1.);
#5659 = DIRECTION('',(-1.110223024625E-16,1.,0.));
#5660 = PLANE('',#5661);
#5661 = AXIS2_PLACEMENT_3D('',#5662,#5663,#5664);
#5662 = CARTESIAN_POINT('',(-0.8,-1.355,0.9));
#5663 = DIRECTION('',(1.,1.110223024625E-16,0.));
#5664 = DIRECTION('',(-1.110223024625E-16,1.,0.));
#5665 = ADVANCED_FACE('',(#5666),#5691,.F.);
#5666 = FACE_BOUND('',#5667,.F.);
#5667 = EDGE_LOOP('',(#5668,#5676,#5677,#5685));
#5668 = ORIENTED_EDGE('',*,*,#5669,.F.);
#5669 = EDGE_CURVE('',#5272,#5670,#5672,.T.);
#5670 = VERTEX_POINT('',#5671);
#5671 = CARTESIAN_POINT('',(-0.85,-0.25,0.75));
#5672 = LINE('',#5673,#5674);
#5673 = CARTESIAN_POINT('',(-0.75,-0.25,0.75));
#5674 = VECTOR('',#5675,1.);
#5675 = DIRECTION('',(-1.,1.144237745222E-17,0.));
#5676 = ORIENTED_EDGE('',*,*,#5271,.T.);
#5677 = ORIENTED_EDGE('',*,*,#5678,.T.);
#5678 = EDGE_CURVE('',#5264,#5679,#5681,.T.);
#5679 = VERTEX_POINT('',#5680);
#5680 = CARTESIAN_POINT('',(-0.85,0.25,0.75));
#5681 = LINE('',#5682,#5683);
#5682 = CARTESIAN_POINT('',(-0.75,0.25,0.75));
#5683 = VECTOR('',#5684,1.);
#5684 = DIRECTION('',(-1.,1.144237745222E-17,0.));
#5685 = ORIENTED_EDGE('',*,*,#5686,.F.);
#5686 = EDGE_CURVE('',#5670,#5679,#5687,.T.);
#5687 = LINE('',#5688,#5689);
#5688 = CARTESIAN_POINT('',(-0.85,-0.25,0.75));
#5689 = VECTOR('',#5690,1.);
#5690 = DIRECTION('',(1.144237745222E-17,1.,0.));
#5691 = PLANE('',#5692);
#5692 = AXIS2_PLACEMENT_3D('',#5693,#5694,#5695);
#5693 = CARTESIAN_POINT('',(-0.75,-0.25,0.75));
#5694 = DIRECTION('',(0.,0.,1.));
#5695 = DIRECTION('',(-1.,1.144237745222E-17,0.));
#5696 = ADVANCED_FACE('',(#5697),#5722,.F.);
#5697 = FACE_BOUND('',#5698,.F.);
#5698 = EDGE_LOOP('',(#5699,#5707,#5708,#5716));
#5699 = ORIENTED_EDGE('',*,*,#5700,.F.);
#5700 = EDGE_CURVE('',#5264,#5701,#5703,.T.);
#5701 = VERTEX_POINT('',#5702);
#5702 = CARTESIAN_POINT('',(-0.8,0.25,0.9));
#5703 = LINE('',#5704,#5705);
#5704 = CARTESIAN_POINT('',(-0.8,0.25,0.670847817658));
#5705 = VECTOR('',#5706,1.);
#5706 = DIRECTION('',(0.,0.,1.));
#5707 = ORIENTED_EDGE('',*,*,#5263,.T.);
#5708 = ORIENTED_EDGE('',*,*,#5709,.T.);
#5709 = EDGE_CURVE('',#5256,#5710,#5712,.T.);
#5710 = VERTEX_POINT('',#5711);
#5711 = CARTESIAN_POINT('',(-0.8,0.7,0.9));
#5712 = LINE('',#5713,#5714);
#5713 = CARTESIAN_POINT('',(-0.8,0.7,0.670847817658));
#5714 = VECTOR('',#5715,1.);
#5715 = DIRECTION('',(0.,0.,1.));
#5716 = ORIENTED_EDGE('',*,*,#5717,.F.);
#5717 = EDGE_CURVE('',#5701,#5710,#5718,.T.);
#5718 = LINE('',#5719,#5720);
#5719 = CARTESIAN_POINT('',(-0.8,-1.355,0.9));
#5720 = VECTOR('',#5721,1.);
#5721 = DIRECTION('',(-1.110223024625E-16,1.,0.));
#5722 = PLANE('',#5723);
#5723 = AXIS2_PLACEMENT_3D('',#5724,#5725,#5726);
#5724 = CARTESIAN_POINT('',(-0.8,-1.355,0.9));
#5725 = DIRECTION('',(1.,1.110223024625E-16,0.));
#5726 = DIRECTION('',(-1.110223024625E-16,1.,0.));
#5727 = ADVANCED_FACE('',(#5728),#5753,.F.);
#5728 = FACE_BOUND('',#5729,.F.);
#5729 = EDGE_LOOP('',(#5730,#5738,#5739,#5747));
#5730 = ORIENTED_EDGE('',*,*,#5731,.F.);
#5731 = EDGE_CURVE('',#5256,#5732,#5734,.T.);
#5732 = VERTEX_POINT('',#5733);
#5733 = CARTESIAN_POINT('',(-0.85,0.7,0.75));
#5734 = LINE('',#5735,#5736);
#5735 = CARTESIAN_POINT('',(-0.75,0.7,0.75));
#5736 = VECTOR('',#5737,1.);
#5737 = DIRECTION('',(-1.,1.144237745222E-17,0.));
#5738 = ORIENTED_EDGE('',*,*,#5255,.T.);
#5739 = ORIENTED_EDGE('',*,*,#5740,.T.);
#5740 = EDGE_CURVE('',#5248,#5741,#5743,.T.);
#5741 = VERTEX_POINT('',#5742);
#5742 = CARTESIAN_POINT('',(-0.85,1.2,0.75));
#5743 = LINE('',#5744,#5745);
#5744 = CARTESIAN_POINT('',(-0.75,1.2,0.75));
#5745 = VECTOR('',#5746,1.);
#5746 = DIRECTION('',(-1.,1.144237745222E-17,0.));
#5747 = ORIENTED_EDGE('',*,*,#5748,.F.);
#5748 = EDGE_CURVE('',#5732,#5741,#5749,.T.);
#5749 = LINE('',#5750,#5751);
#5750 = CARTESIAN_POINT('',(-0.85,0.7,0.75));
#5751 = VECTOR('',#5752,1.);
#5752 = DIRECTION('',(1.144237745222E-17,1.,0.));
#5753 = PLANE('',#5754);
#5754 = AXIS2_PLACEMENT_3D('',#5755,#5756,#5757);
#5755 = CARTESIAN_POINT('',(-0.75,0.7,0.75));
#5756 = DIRECTION('',(0.,0.,1.));
#5757 = DIRECTION('',(-1.,1.144237745222E-17,0.));
#5758 = ADVANCED_FACE('',(#5759),#5770,.F.);
#5759 = FACE_BOUND('',#5760,.F.);
#5760 = EDGE_LOOP('',(#5761,#5767,#5768,#5769));
#5761 = ORIENTED_EDGE('',*,*,#5762,.F.);
#5762 = EDGE_CURVE('',#5248,#5540,#5763,.T.);
#5763 = LINE('',#5764,#5765);
#5764 = CARTESIAN_POINT('',(-0.8,1.2,0.670847817658));
#5765 = VECTOR('',#5766,1.);
#5766 = DIRECTION('',(0.,0.,1.));
#5767 = ORIENTED_EDGE('',*,*,#5247,.T.);
#5768 = ORIENTED_EDGE('',*,*,#5564,.T.);
#5769 = ORIENTED_EDGE('',*,*,#5547,.F.);
#5770 = PLANE('',#5771);
#5771 = AXIS2_PLACEMENT_3D('',#5772,#5773,#5774);
#5772 = CARTESIAN_POINT('',(-0.8,-1.355,0.9));
#5773 = DIRECTION('',(1.,1.110223024625E-16,0.));
#5774 = DIRECTION('',(-1.110223024625E-16,1.,0.));
#5775 = ADVANCED_FACE('',(#5776),#5787,.F.);
#5776 = FACE_BOUND('',#5777,.F.);
#5777 = EDGE_LOOP('',(#5778,#5779,#5780,#5786));
#5778 = ORIENTED_EDGE('',*,*,#5451,.F.);
#5779 = ORIENTED_EDGE('',*,*,#5372,.T.);
#5780 = ORIENTED_EDGE('',*,*,#5781,.T.);
#5781 = EDGE_CURVE('',#5365,#5484,#5782,.T.);
#5782 = LINE('',#5783,#5784);
#5783 = CARTESIAN_POINT('',(0.8,1.2,0.670847817658));
#5784 = VECTOR('',#5785,1.);
#5785 = DIRECTION('',(0.,0.,1.));
#5786 = ORIENTED_EDGE('',*,*,#5483,.F.);
#5787 = PLANE('',#5788);
#5788 = AXIS2_PLACEMENT_3D('',#5789,#5790,#5791);
#5789 = CARTESIAN_POINT('',(0.8,1.355,0.9));
#5790 = DIRECTION('',(-1.,-1.110223024625E-16,0.));
#5791 = DIRECTION('',(1.110223024625E-16,-1.,0.));
#5792 = ADVANCED_FACE('',(#5793),#5818,.F.);
#5793 = FACE_BOUND('',#5794,.F.);
#5794 = EDGE_LOOP('',(#5795,#5803,#5804,#5812));
#5795 = ORIENTED_EDGE('',*,*,#5796,.F.);
#5796 = EDGE_CURVE('',#5365,#5797,#5799,.T.);
#5797 = VERTEX_POINT('',#5798);
#5798 = CARTESIAN_POINT('',(0.85,1.2,0.75));
#5799 = LINE('',#5800,#5801);
#5800 = CARTESIAN_POINT('',(0.75,1.2,0.75));
#5801 = VECTOR('',#5802,1.);
#5802 = DIRECTION('',(1.,1.110223024625E-16,0.));
#5803 = ORIENTED_EDGE('',*,*,#5364,.T.);
#5804 = ORIENTED_EDGE('',*,*,#5805,.T.);
#5805 = EDGE_CURVE('',#5357,#5806,#5808,.T.);
#5806 = VERTEX_POINT('',#5807);
#5807 = CARTESIAN_POINT('',(0.85,0.7,0.75));
#5808 = LINE('',#5809,#5810);
#5809 = CARTESIAN_POINT('',(0.75,0.7,0.75));
#5810 = VECTOR('',#5811,1.);
#5811 = DIRECTION('',(1.,1.110223024625E-16,0.));
#5812 = ORIENTED_EDGE('',*,*,#5813,.F.);
#5813 = EDGE_CURVE('',#5797,#5806,#5814,.T.);
#5814 = LINE('',#5815,#5816);
#5815 = CARTESIAN_POINT('',(0.85,1.2,0.75));
#5816 = VECTOR('',#5817,1.);
#5817 = DIRECTION('',(1.110223024625E-16,-1.,0.));
#5818 = PLANE('',#5819);
#5819 = AXIS2_PLACEMENT_3D('',#5820,#5821,#5822);
#5820 = CARTESIAN_POINT('',(0.75,1.2,0.75));
#5821 = DIRECTION('',(0.,0.,1.));
#5822 = DIRECTION('',(1.,1.110223024625E-16,-0.));
#5823 = ADVANCED_FACE('',(#5824),#5849,.F.);
#5824 = FACE_BOUND('',#5825,.F.);
#5825 = EDGE_LOOP('',(#5826,#5834,#5835,#5843));
#5826 = ORIENTED_EDGE('',*,*,#5827,.F.);
#5827 = EDGE_CURVE('',#5357,#5828,#5830,.T.);
#5828 = VERTEX_POINT('',#5829);
#5829 = CARTESIAN_POINT('',(0.8,0.7,0.9));
#5830 = LINE('',#5831,#5832);
#5831 = CARTESIAN_POINT('',(0.8,0.7,0.670847817658));
#5832 = VECTOR('',#5833,1.);
#5833 = DIRECTION('',(0.,0.,1.));
#5834 = ORIENTED_EDGE('',*,*,#5356,.T.);
#5835 = ORIENTED_EDGE('',*,*,#5836,.T.);
#5836 = EDGE_CURVE('',#5349,#5837,#5839,.T.);
#5837 = VERTEX_POINT('',#5838);
#5838 = CARTESIAN_POINT('',(0.8,0.25,0.9));
#5839 = LINE('',#5840,#5841);
#5840 = CARTESIAN_POINT('',(0.8,0.25,0.670847817658));
#5841 = VECTOR('',#5842,1.);
#5842 = DIRECTION('',(0.,0.,1.));
#5843 = ORIENTED_EDGE('',*,*,#5844,.F.);
#5844 = EDGE_CURVE('',#5828,#5837,#5845,.T.);
#5845 = LINE('',#5846,#5847);
#5846 = CARTESIAN_POINT('',(0.8,1.355,0.9));
#5847 = VECTOR('',#5848,1.);
#5848 = DIRECTION('',(1.110223024625E-16,-1.,0.));
#5849 = PLANE('',#5850);
#5850 = AXIS2_PLACEMENT_3D('',#5851,#5852,#5853);
#5851 = CARTESIAN_POINT('',(0.8,1.355,0.9));
#5852 = DIRECTION('',(-1.,-1.110223024625E-16,0.));
#5853 = DIRECTION('',(1.110223024625E-16,-1.,0.));
#5854 = ADVANCED_FACE('',(#5855),#5880,.F.);
#5855 = FACE_BOUND('',#5856,.F.);
#5856 = EDGE_LOOP('',(#5857,#5865,#5866,#5874));
#5857 = ORIENTED_EDGE('',*,*,#5858,.F.);
#5858 = EDGE_CURVE('',#5349,#5859,#5861,.T.);
#5859 = VERTEX_POINT('',#5860);
#5860 = CARTESIAN_POINT('',(0.85,0.25,0.75));
#5861 = LINE('',#5862,#5863);
#5862 = CARTESIAN_POINT('',(0.75,0.25,0.75));
#5863 = VECTOR('',#5864,1.);
#5864 = DIRECTION('',(1.,1.110223024625E-16,0.));
#5865 = ORIENTED_EDGE('',*,*,#5348,.T.);
#5866 = ORIENTED_EDGE('',*,*,#5867,.T.);
#5867 = EDGE_CURVE('',#5341,#5868,#5870,.T.);
#5868 = VERTEX_POINT('',#5869);
#5869 = CARTESIAN_POINT('',(0.85,-0.25,0.75));
#5870 = LINE('',#5871,#5872);
#5871 = CARTESIAN_POINT('',(0.75,-0.25,0.75));
#5872 = VECTOR('',#5873,1.);
#5873 = DIRECTION('',(1.,1.110223024625E-16,0.));
#5874 = ORIENTED_EDGE('',*,*,#5875,.F.);
#5875 = EDGE_CURVE('',#5859,#5868,#5876,.T.);
#5876 = LINE('',#5877,#5878);
#5877 = CARTESIAN_POINT('',(0.85,0.25,0.75));
#5878 = VECTOR('',#5879,1.);
#5879 = DIRECTION('',(1.110223024625E-16,-1.,0.));
#5880 = PLANE('',#5881);
#5881 = AXIS2_PLACEMENT_3D('',#5882,#5883,#5884);
#5882 = CARTESIAN_POINT('',(0.75,0.25,0.75));
#5883 = DIRECTION('',(0.,0.,1.));
#5884 = DIRECTION('',(1.,1.110223024625E-16,-0.));
#5885 = ADVANCED_FACE('',(#5886),#5911,.F.);
#5886 = FACE_BOUND('',#5887,.F.);
#5887 = EDGE_LOOP('',(#5888,#5896,#5897,#5905));
#5888 = ORIENTED_EDGE('',*,*,#5889,.F.);
#5889 = EDGE_CURVE('',#5341,#5890,#5892,.T.);
#5890 = VERTEX_POINT('',#5891);
#5891 = CARTESIAN_POINT('',(0.8,-0.25,0.9));
#5892 = LINE('',#5893,#5894);
#5893 = CARTESIAN_POINT('',(0.8,-0.25,0.670847817658));
#5894 = VECTOR('',#5895,1.);
#5895 = DIRECTION('',(0.,0.,1.));
#5896 = ORIENTED_EDGE('',*,*,#5340,.T.);
#5897 = ORIENTED_EDGE('',*,*,#5898,.T.);
#5898 = EDGE_CURVE('',#5333,#5899,#5901,.T.);
#5899 = VERTEX_POINT('',#5900);
#5900 = CARTESIAN_POINT('',(0.8,-0.7,0.9));
#5901 = LINE('',#5902,#5903);
#5902 = CARTESIAN_POINT('',(0.8,-0.7,0.670847817658));
#5903 = VECTOR('',#5904,1.);
#5904 = DIRECTION('',(0.,0.,1.));
#5905 = ORIENTED_EDGE('',*,*,#5906,.F.);
#5906 = EDGE_CURVE('',#5890,#5899,#5907,.T.);
#5907 = LINE('',#5908,#5909);
#5908 = CARTESIAN_POINT('',(0.8,1.355,0.9));
#5909 = VECTOR('',#5910,1.);
#5910 = DIRECTION('',(1.110223024625E-16,-1.,0.));
#5911 = PLANE('',#5912);
#5912 = AXIS2_PLACEMENT_3D('',#5913,#5914,#5915);
#5913 = CARTESIAN_POINT('',(0.8,1.355,0.9));
#5914 = DIRECTION('',(-1.,-1.110223024625E-16,0.));
#5915 = DIRECTION('',(1.110223024625E-16,-1.,0.));
#5916 = ADVANCED_FACE('',(#5917),#5942,.F.);
#5917 = FACE_BOUND('',#5918,.F.);
#5918 = EDGE_LOOP('',(#5919,#5927,#5928,#5936));
#5919 = ORIENTED_EDGE('',*,*,#5920,.F.);
#5920 = EDGE_CURVE('',#5333,#5921,#5923,.T.);
#5921 = VERTEX_POINT('',#5922);
#5922 = CARTESIAN_POINT('',(0.85,-0.7,0.75));
#5923 = LINE('',#5924,#5925);
#5924 = CARTESIAN_POINT('',(0.75,-0.7,0.75));
#5925 = VECTOR('',#5926,1.);
#5926 = DIRECTION('',(1.,1.110223024625E-16,0.));
#5927 = ORIENTED_EDGE('',*,*,#5332,.T.);
#5928 = ORIENTED_EDGE('',*,*,#5929,.T.);
#5929 = EDGE_CURVE('',#5325,#5930,#5932,.T.);
#5930 = VERTEX_POINT('',#5931);
#5931 = CARTESIAN_POINT('',(0.85,-1.2,0.75));
#5932 = LINE('',#5933,#5934);
#5933 = CARTESIAN_POINT('',(0.75,-1.2,0.75));
#5934 = VECTOR('',#5935,1.);
#5935 = DIRECTION('',(1.,1.110223024625E-16,0.));
#5936 = ORIENTED_EDGE('',*,*,#5937,.F.);
#5937 = EDGE_CURVE('',#5921,#5930,#5938,.T.);
#5938 = LINE('',#5939,#5940);
#5939 = CARTESIAN_POINT('',(0.85,-0.7,0.75));
#5940 = VECTOR('',#5941,1.);
#5941 = DIRECTION('',(1.110223024625E-16,-1.,0.));
#5942 = PLANE('',#5943);
#5943 = AXIS2_PLACEMENT_3D('',#5944,#5945,#5946);
#5944 = CARTESIAN_POINT('',(0.75,-0.7,0.75));
#5945 = DIRECTION('',(0.,0.,1.));
#5946 = DIRECTION('',(1.,1.110223024625E-16,-0.));
#5947 = ADVANCED_FACE('',(#5948),#5972,.F.);
#5948 = FACE_BOUND('',#5949,.F.);
#5949 = EDGE_LOOP('',(#5950,#5958,#5959,#5966));
#5950 = ORIENTED_EDGE('',*,*,#5951,.F.);
#5951 = EDGE_CURVE('',#5325,#5952,#5954,.T.);
#5952 = VERTEX_POINT('',#5953);
#5953 = CARTESIAN_POINT('',(0.8,-1.2,0.9));
#5954 = LINE('',#5955,#5956);
#5955 = CARTESIAN_POINT('',(0.8,-1.2,0.670847817658));
#5956 = VECTOR('',#5957,1.);
#5957 = DIRECTION('',(0.,0.,1.));
#5958 = ORIENTED_EDGE('',*,*,#5324,.T.);
#5959 = ORIENTED_EDGE('',*,*,#5960,.T.);
#5960 = EDGE_CURVE('',#5318,#5961,#5963,.T.);
#5961 = VERTEX_POINT('',#5962);
#5962 = CARTESIAN_POINT('',(0.8,-1.355,0.9));
#5963 = B_SPLINE_CURVE_WITH_KNOTS('',1,(#5964,#5965),.UNSPECIFIED.,.F.,
  .F.,(2,2),(0.,1.),.PIECEWISE_BEZIER_KNOTS.);
#5964 = CARTESIAN_POINT('',(0.8,-1.355,0.75));
#5965 = CARTESIAN_POINT('',(0.8,-1.355,0.9));
#5966 = ORIENTED_EDGE('',*,*,#5967,.F.);
#5967 = EDGE_CURVE('',#5952,#5961,#5968,.T.);
#5968 = LINE('',#5969,#5970);
#5969 = CARTESIAN_POINT('',(0.8,1.355,0.9));
#5970 = VECTOR('',#5971,1.);
#5971 = DIRECTION('',(1.110223024625E-16,-1.,0.));
#5972 = PLANE('',#5973);
#5973 = AXIS2_PLACEMENT_3D('',#5974,#5975,#5976);
#5974 = CARTESIAN_POINT('',(0.8,1.355,0.9));
#5975 = DIRECTION('',(-1.,-1.110223024625E-16,0.));
#5976 = DIRECTION('',(1.110223024625E-16,-1.,0.));
#5977 = ADVANCED_FACE('',(#5978),#5995,.F.);
#5978 = FACE_BOUND('',#5979,.F.);
#5979 = EDGE_LOOP('',(#5980,#5981,#5982,#5990));
#5980 = ORIENTED_EDGE('',*,*,#5389,.T.);
#5981 = ORIENTED_EDGE('',*,*,#5577,.T.);
#5982 = ORIENTED_EDGE('',*,*,#5983,.F.);
#5983 = EDGE_CURVE('',#5984,#5578,#5986,.T.);
#5984 = VERTEX_POINT('',#5985);
#5985 = CARTESIAN_POINT('',(-0.705,-1.45,0.9));
#5986 = LINE('',#5987,#5988);
#5987 = CARTESIAN_POINT('',(-0.705,-1.45,0.9));
#5988 = VECTOR('',#5989,1.);
#5989 = DIRECTION('',(-0.707106781187,0.707106781187,0.));
#5990 = ORIENTED_EDGE('',*,*,#5991,.F.);
#5991 = EDGE_CURVE('',#5390,#5984,#5992,.T.);
#5992 = B_SPLINE_CURVE_WITH_KNOTS('',1,(#5993,#5994),.UNSPECIFIED.,.F.,
  .F.,(2,2),(0.,1.),.PIECEWISE_BEZIER_KNOTS.);
#5993 = CARTESIAN_POINT('',(-0.705,-1.45,0.75));
#5994 = CARTESIAN_POINT('',(-0.705,-1.45,0.9));
#5995 = PLANE('',#5996);
#5996 = AXIS2_PLACEMENT_3D('',#5997,#5998,#5999);
#5997 = CARTESIAN_POINT('',(-0.705,-1.45,0.9));
#5998 = DIRECTION('',(0.707106781187,0.707106781187,0.));
#5999 = DIRECTION('',(-0.707106781187,0.707106781187,0.));
#6000 = ADVANCED_FACE('',(#6001),#6018,.F.);
#6001 = FACE_BOUND('',#6002,.F.);
#6002 = EDGE_LOOP('',(#6003,#6004,#6011,#6017));
#6003 = ORIENTED_EDGE('',*,*,#5418,.T.);
#6004 = ORIENTED_EDGE('',*,*,#6005,.T.);
#6005 = EDGE_CURVE('',#5412,#6006,#6008,.T.);
#6006 = VERTEX_POINT('',#6007);
#6007 = CARTESIAN_POINT('',(0.705,-1.45,0.9));
#6008 = B_SPLINE_CURVE_WITH_KNOTS('',1,(#6009,#6010),.UNSPECIFIED.,.F.,
  .F.,(2,2),(0.,1.),.PIECEWISE_BEZIER_KNOTS.);
#6009 = CARTESIAN_POINT('',(0.705,-1.45,0.75));
#6010 = CARTESIAN_POINT('',(0.705,-1.45,0.9));
#6011 = ORIENTED_EDGE('',*,*,#6012,.F.);
#6012 = EDGE_CURVE('',#5961,#6006,#6013,.T.);
#6013 = LINE('',#6014,#6015);
#6014 = CARTESIAN_POINT('',(0.8,-1.355,0.9));
#6015 = VECTOR('',#6016,1.);
#6016 = DIRECTION('',(-0.707106781187,-0.707106781187,0.));
#6017 = ORIENTED_EDGE('',*,*,#5960,.F.);
#6018 = PLANE('',#6019);
#6019 = AXIS2_PLACEMENT_3D('',#6020,#6021,#6022);
#6020 = CARTESIAN_POINT('',(0.8,-1.355,0.9));
#6021 = DIRECTION('',(-0.707106781187,0.707106781187,0.));
#6022 = DIRECTION('',(-0.707106781187,-0.707106781187,0.));
#6023 = ADVANCED_FACE('',(#6024),#6035,.F.);
#6024 = FACE_BOUND('',#6025,.F.);
#6025 = EDGE_LOOP('',(#6026,#6027,#6028,#6034));
#6026 = ORIENTED_EDGE('',*,*,#5435,.T.);
#6027 = ORIENTED_EDGE('',*,*,#5991,.T.);
#6028 = ORIENTED_EDGE('',*,*,#6029,.F.);
#6029 = EDGE_CURVE('',#6006,#5984,#6030,.T.);
#6030 = LINE('',#6031,#6032);
#6031 = CARTESIAN_POINT('',(0.705,-1.45,0.9));
#6032 = VECTOR('',#6033,1.);
#6033 = DIRECTION('',(-1.,-1.110223024625E-16,0.));
#6034 = ORIENTED_EDGE('',*,*,#6005,.F.);
#6035 = PLANE('',#6036);
#6036 = AXIS2_PLACEMENT_3D('',#6037,#6038,#6039);
#6037 = CARTESIAN_POINT('',(0.705,-1.45,0.9));
#6038 = DIRECTION('',(-1.110223024625E-16,1.,0.));
#6039 = DIRECTION('',(-1.,-1.110223024625E-16,0.));
#6040 = ADVANCED_FACE('',(#6041),#6080,.F.);
#6041 = FACE_BOUND('',#6042,.F.);
#6042 = EDGE_LOOP('',(#6043,#6051,#6059,#6065,#6066,#6074));
#6043 = ORIENTED_EDGE('',*,*,#6044,.F.);
#6044 = EDGE_CURVE('',#6045,#5710,#6047,.T.);
#6045 = VERTEX_POINT('',#6046);
#6046 = CARTESIAN_POINT('',(-0.85,0.7,0.9));
#6047 = LINE('',#6048,#6049);
#6048 = CARTESIAN_POINT('',(-0.85,0.7,0.9));
#6049 = VECTOR('',#6050,1.);
#6050 = DIRECTION('',(1.,-1.144237745222E-17,0.));
#6051 = ORIENTED_EDGE('',*,*,#6052,.T.);
#6052 = EDGE_CURVE('',#6045,#6053,#6055,.T.);
#6053 = VERTEX_POINT('',#6054);
#6054 = CARTESIAN_POINT('',(-0.85,1.2,0.9));
#6055 = LINE('',#6056,#6057);
#6056 = CARTESIAN_POINT('',(-0.85,0.7,0.9));
#6057 = VECTOR('',#6058,1.);
#6058 = DIRECTION('',(1.144237745222E-17,1.,0.));
#6059 = ORIENTED_EDGE('',*,*,#6060,.T.);
#6060 = EDGE_CURVE('',#6053,#5540,#6061,.T.);
#6061 = LINE('',#6062,#6063);
#6062 = CARTESIAN_POINT('',(-0.85,1.2,0.9));
#6063 = VECTOR('',#6064,1.);
#6064 = DIRECTION('',(1.,-1.144237745222E-17,0.));
#6065 = ORIENTED_EDGE('',*,*,#5539,.T.);
#6066 = ORIENTED_EDGE('',*,*,#6067,.F.);
#6067 = EDGE_CURVE('',#6068,#5532,#6070,.T.);
#6068 = VERTEX_POINT('',#6069);
#6069 = CARTESIAN_POINT('',(-0.775,0.7,0.9));
#6070 = LINE('',#6071,#6072);
#6071 = CARTESIAN_POINT('',(-0.775,-1.3425,0.9));
#6072 = VECTOR('',#6073,1.);
#6073 = DIRECTION('',(-1.110223024625E-16,1.,0.));
#6074 = ORIENTED_EDGE('',*,*,#6075,.F.);
#6075 = EDGE_CURVE('',#5710,#6068,#6076,.T.);
#6076 = LINE('',#6077,#6078);
#6077 = CARTESIAN_POINT('',(-0.85,0.7,0.9));
#6078 = VECTOR('',#6079,1.);
#6079 = DIRECTION('',(1.,-1.144237745222E-17,0.));
#6080 = PLANE('',#6081);
#6081 = AXIS2_PLACEMENT_3D('',#6082,#6083,#6084);
#6082 = CARTESIAN_POINT('',(-0.85,0.7,0.9));
#6083 = DIRECTION('',(0.,0.,-1.));
#6084 = DIRECTION('',(1.,-1.144237745222E-17,0.));
#6085 = ADVANCED_FACE('',(#6086),#6150,.F.);
#6086 = FACE_BOUND('',#6087,.F.);
#6087 = EDGE_LOOP('',(#6088,#6098,#6106,#6114,#6122,#6128,#6129,#6130,
    #6137,#6145));
#6088 = ORIENTED_EDGE('',*,*,#6089,.T.);
#6089 = EDGE_CURVE('',#6090,#6092,#6094,.T.);
#6090 = VERTEX_POINT('',#6091);
#6091 = CARTESIAN_POINT('',(-0.775,-1.3425,0.9));
#6092 = VERTEX_POINT('',#6093);
#6093 = CARTESIAN_POINT('',(-0.775,-1.2,0.9));
#6094 = LINE('',#6095,#6096);
#6095 = CARTESIAN_POINT('',(-0.775,-1.3425,0.9));
#6096 = VECTOR('',#6097,1.);
#6097 = DIRECTION('',(-1.110223024625E-16,1.,0.));
#6098 = ORIENTED_EDGE('',*,*,#6099,.T.);
#6099 = EDGE_CURVE('',#6092,#6100,#6102,.T.);
#6100 = VERTEX_POINT('',#6101);
#6101 = CARTESIAN_POINT('',(-0.775,-0.7,0.9));
#6102 = LINE('',#6103,#6104);
#6103 = CARTESIAN_POINT('',(-0.775,-1.3425,0.9));
#6104 = VECTOR('',#6105,1.);
#6105 = DIRECTION('',(-1.110223024625E-16,1.,0.));
#6106 = ORIENTED_EDGE('',*,*,#6107,.T.);
#6107 = EDGE_CURVE('',#6100,#6108,#6110,.T.);
#6108 = VERTEX_POINT('',#6109);
#6109 = CARTESIAN_POINT('',(-0.775,-0.25,0.9));
#6110 = LINE('',#6111,#6112);
#6111 = CARTESIAN_POINT('',(-0.775,-1.3425,0.9));
#6112 = VECTOR('',#6113,1.);
#6113 = DIRECTION('',(-1.110223024625E-16,1.,0.));
#6114 = ORIENTED_EDGE('',*,*,#6115,.T.);
#6115 = EDGE_CURVE('',#6108,#6116,#6118,.T.);
#6116 = VERTEX_POINT('',#6117);
#6117 = CARTESIAN_POINT('',(-0.775,0.25,0.9));
#6118 = LINE('',#6119,#6120);
#6119 = CARTESIAN_POINT('',(-0.775,-1.3425,0.9));
#6120 = VECTOR('',#6121,1.);
#6121 = DIRECTION('',(-1.110223024625E-16,1.,0.));
#6122 = ORIENTED_EDGE('',*,*,#6123,.T.);
#6123 = EDGE_CURVE('',#6116,#6068,#6124,.T.);
#6124 = LINE('',#6125,#6126);
#6125 = CARTESIAN_POINT('',(-0.775,-1.3425,0.9));
#6126 = VECTOR('',#6127,1.);
#6127 = DIRECTION('',(-1.110223024625E-16,1.,0.));
#6128 = ORIENTED_EDGE('',*,*,#6067,.T.);
#6129 = ORIENTED_EDGE('',*,*,#5531,.T.);
#6130 = ORIENTED_EDGE('',*,*,#6131,.T.);
#6131 = EDGE_CURVE('',#5524,#6132,#6134,.T.);
#6132 = VERTEX_POINT('',#6133);
#6133 = CARTESIAN_POINT('',(-0.683648457443,1.296824228722,1.55));
#6134 = B_SPLINE_CURVE_WITH_KNOTS('',1,(#6135,#6136),.UNSPECIFIED.,.F.,
  .F.,(2,2),(0.,1.),.PIECEWISE_BEZIER_KNOTS.);
#6135 = CARTESIAN_POINT('',(-0.775,1.3425,0.9));
#6136 = CARTESIAN_POINT('',(-0.683648457443,1.296824228722,1.55));
#6137 = ORIENTED_EDGE('',*,*,#6138,.F.);
#6138 = EDGE_CURVE('',#6139,#6132,#6141,.T.);
#6139 = VERTEX_POINT('',#6140);
#6140 = CARTESIAN_POINT('',(-0.683648457443,-1.296824228722,1.55));
#6141 = LINE('',#6142,#6143);
#6142 = CARTESIAN_POINT('',(-0.683648457443,-1.296824228722,1.55));
#6143 = VECTOR('',#6144,1.);
#6144 = DIRECTION('',(-1.110223024625E-16,1.,0.));
#6145 = ORIENTED_EDGE('',*,*,#6146,.F.);
#6146 = EDGE_CURVE('',#6090,#6139,#6147,.T.);
#6147 = B_SPLINE_CURVE_WITH_KNOTS('',1,(#6148,#6149),.UNSPECIFIED.,.F.,
  .F.,(2,2),(0.,1.),.PIECEWISE_BEZIER_KNOTS.);
#6148 = CARTESIAN_POINT('',(-0.775,-1.3425,0.9));
#6149 = CARTESIAN_POINT('',(-0.683648457443,-1.296824228722,1.55));
#6150 = B_SPLINE_SURFACE_WITH_KNOTS('',1,1,(
    (#6151,#6152)
    ,(#6153,#6154
    )),.UNSPECIFIED.,.F.,.F.,.F.,(2,2),(2,2),(0.,2.685),(0.,1.),
  .PIECEWISE_BEZIER_KNOTS.);
#6151 = CARTESIAN_POINT('',(-0.775,-1.3425,0.9));
#6152 = CARTESIAN_POINT('',(-0.683648457443,-1.296824228722,1.55));
#6153 = CARTESIAN_POINT('',(-0.775,1.3425,0.9));
#6154 = CARTESIAN_POINT('',(-0.683648457443,1.296824228722,1.55));
#6155 = ADVANCED_FACE('',(#6156),#6173,.F.);
#6156 = FACE_BOUND('',#6157,.F.);
#6157 = EDGE_LOOP('',(#6158,#6159,#6166,#6172));
#6158 = ORIENTED_EDGE('',*,*,#5523,.T.);
#6159 = ORIENTED_EDGE('',*,*,#6160,.T.);
#6160 = EDGE_CURVE('',#5516,#6161,#6163,.T.);
#6161 = VERTEX_POINT('',#6162);
#6162 = CARTESIAN_POINT('',(-0.646824228722,1.333648457443,1.55));
#6163 = B_SPLINE_CURVE_WITH_KNOTS('',1,(#6164,#6165),.UNSPECIFIED.,.F.,
  .F.,(2,2),(0.,1.),.PIECEWISE_BEZIER_KNOTS.);
#6164 = CARTESIAN_POINT('',(-0.6925,1.425,0.9));
#6165 = CARTESIAN_POINT('',(-0.646824228722,1.333648457443,1.55));
#6166 = ORIENTED_EDGE('',*,*,#6167,.F.);
#6167 = EDGE_CURVE('',#6132,#6161,#6168,.T.);
#6168 = LINE('',#6169,#6170);
#6169 = CARTESIAN_POINT('',(-0.683648457443,1.296824228722,1.55));
#6170 = VECTOR('',#6171,1.);
#6171 = DIRECTION('',(0.707106781187,0.707106781187,0.));
#6172 = ORIENTED_EDGE('',*,*,#6131,.F.);
#6173 = B_SPLINE_SURFACE_WITH_KNOTS('',1,1,(
    (#6174,#6175)
    ,(#6176,#6177
    )),.UNSPECIFIED.,.F.,.F.,.F.,(2,2),(2,2),(0.,0.116672618896),(0.,1.)
  ,.PIECEWISE_BEZIER_KNOTS.);
#6174 = CARTESIAN_POINT('',(-0.775,1.3425,0.9));
#6175 = CARTESIAN_POINT('',(-0.683648457443,1.296824228722,1.55));
#6176 = CARTESIAN_POINT('',(-0.6925,1.425,0.9));
#6177 = CARTESIAN_POINT('',(-0.646824228722,1.333648457443,1.55));
#6178 = ADVANCED_FACE('',(#6179),#6196,.F.);
#6179 = FACE_BOUND('',#6180,.F.);
#6180 = EDGE_LOOP('',(#6181,#6182,#6189,#6195));
#6181 = ORIENTED_EDGE('',*,*,#5515,.T.);
#6182 = ORIENTED_EDGE('',*,*,#6183,.T.);
#6183 = EDGE_CURVE('',#5508,#6184,#6186,.T.);
#6184 = VERTEX_POINT('',#6185);
#6185 = CARTESIAN_POINT('',(0.646824228722,1.333648457443,1.55));
#6186 = B_SPLINE_CURVE_WITH_KNOTS('',1,(#6187,#6188),.UNSPECIFIED.,.F.,
  .F.,(2,2),(0.,1.),.PIECEWISE_BEZIER_KNOTS.);
#6187 = CARTESIAN_POINT('',(0.6925,1.425,0.9));
#6188 = CARTESIAN_POINT('',(0.646824228722,1.333648457443,1.55));
#6189 = ORIENTED_EDGE('',*,*,#6190,.F.);
#6190 = EDGE_CURVE('',#6161,#6184,#6191,.T.);
#6191 = LINE('',#6192,#6193);
#6192 = CARTESIAN_POINT('',(-0.646824228722,1.333648457443,1.55));
#6193 = VECTOR('',#6194,1.);
#6194 = DIRECTION('',(1.,1.110223024625E-16,0.));
#6195 = ORIENTED_EDGE('',*,*,#6160,.F.);
#6196 = B_SPLINE_SURFACE_WITH_KNOTS('',1,1,(
    (#6197,#6198)
    ,(#6199,#6200
    )),.UNSPECIFIED.,.F.,.F.,.F.,(2,2),(2,2),(0.,1.385),(0.,1.),
  .PIECEWISE_BEZIER_KNOTS.);
#6197 = CARTESIAN_POINT('',(-0.6925,1.425,0.9));
#6198 = CARTESIAN_POINT('',(-0.646824228722,1.333648457443,1.55));
#6199 = CARTESIAN_POINT('',(0.6925,1.425,0.9));
#6200 = CARTESIAN_POINT('',(0.646824228722,1.333648457443,1.55));
#6201 = ADVANCED_FACE('',(#6202),#6219,.F.);
#6202 = FACE_BOUND('',#6203,.F.);
#6203 = EDGE_LOOP('',(#6204,#6205,#6212,#6218));
#6204 = ORIENTED_EDGE('',*,*,#5507,.T.);
#6205 = ORIENTED_EDGE('',*,*,#6206,.T.);
#6206 = EDGE_CURVE('',#5500,#6207,#6209,.T.);
#6207 = VERTEX_POINT('',#6208);
#6208 = CARTESIAN_POINT('',(0.683648457443,1.296824228722,1.55));
#6209 = B_SPLINE_CURVE_WITH_KNOTS('',1,(#6210,#6211),.UNSPECIFIED.,.F.,
  .F.,(2,2),(0.,1.),.PIECEWISE_BEZIER_KNOTS.);
#6210 = CARTESIAN_POINT('',(0.775,1.3425,0.9));
#6211 = CARTESIAN_POINT('',(0.683648457443,1.296824228722,1.55));
#6212 = ORIENTED_EDGE('',*,*,#6213,.F.);
#6213 = EDGE_CURVE('',#6184,#6207,#6214,.T.);
#6214 = LINE('',#6215,#6216);
#6215 = CARTESIAN_POINT('',(0.646824228722,1.333648457443,1.55));
#6216 = VECTOR('',#6217,1.);
#6217 = DIRECTION('',(0.707106781187,-0.707106781187,0.));
#6218 = ORIENTED_EDGE('',*,*,#6183,.F.);
#6219 = B_SPLINE_SURFACE_WITH_KNOTS('',1,1,(
    (#6220,#6221)
    ,(#6222,#6223
    )),.UNSPECIFIED.,.F.,.F.,.F.,(2,2),(2,2),(0.,0.116672618896),(0.,1.)
  ,.PIECEWISE_BEZIER_KNOTS.);
#6220 = CARTESIAN_POINT('',(0.6925,1.425,0.9));
#6221 = CARTESIAN_POINT('',(0.646824228722,1.333648457443,1.55));
#6222 = CARTESIAN_POINT('',(0.775,1.3425,0.9));
#6223 = CARTESIAN_POINT('',(0.683648457443,1.296824228722,1.55));
#6224 = ADVANCED_FACE('',(#6225),#6290,.F.);
#6225 = FACE_BOUND('',#6226,.F.);
#6226 = EDGE_LOOP('',(#6227,#6228,#6236,#6244,#6252,#6260,#6268,#6276,
    #6283,#6289));
#6227 = ORIENTED_EDGE('',*,*,#5499,.T.);
#6228 = ORIENTED_EDGE('',*,*,#6229,.T.);
#6229 = EDGE_CURVE('',#5492,#6230,#6232,.T.);
#6230 = VERTEX_POINT('',#6231);
#6231 = CARTESIAN_POINT('',(0.775,0.7,0.9));
#6232 = LINE('',#6233,#6234);
#6233 = CARTESIAN_POINT('',(0.775,1.3425,0.9));
#6234 = VECTOR('',#6235,1.);
#6235 = DIRECTION('',(1.110223024625E-16,-1.,0.));
#6236 = ORIENTED_EDGE('',*,*,#6237,.T.);
#6237 = EDGE_CURVE('',#6230,#6238,#6240,.T.);
#6238 = VERTEX_POINT('',#6239);
#6239 = CARTESIAN_POINT('',(0.775,0.25,0.9));
#6240 = LINE('',#6241,#6242);
#6241 = CARTESIAN_POINT('',(0.775,1.3425,0.9));
#6242 = VECTOR('',#6243,1.);
#6243 = DIRECTION('',(1.110223024625E-16,-1.,0.));
#6244 = ORIENTED_EDGE('',*,*,#6245,.T.);
#6245 = EDGE_CURVE('',#6238,#6246,#6248,.T.);
#6246 = VERTEX_POINT('',#6247);
#6247 = CARTESIAN_POINT('',(0.775,-0.25,0.9));
#6248 = LINE('',#6249,#6250);
#6249 = CARTESIAN_POINT('',(0.775,1.3425,0.9));
#6250 = VECTOR('',#6251,1.);
#6251 = DIRECTION('',(1.110223024625E-16,-1.,0.));
#6252 = ORIENTED_EDGE('',*,*,#6253,.T.);
#6253 = EDGE_CURVE('',#6246,#6254,#6256,.T.);
#6254 = VERTEX_POINT('',#6255);
#6255 = CARTESIAN_POINT('',(0.775,-0.7,0.9));
#6256 = LINE('',#6257,#6258);
#6257 = CARTESIAN_POINT('',(0.775,1.3425,0.9));
#6258 = VECTOR('',#6259,1.);
#6259 = DIRECTION('',(1.110223024625E-16,-1.,0.));
#6260 = ORIENTED_EDGE('',*,*,#6261,.T.);
#6261 = EDGE_CURVE('',#6254,#6262,#6264,.T.);
#6262 = VERTEX_POINT('',#6263);
#6263 = CARTESIAN_POINT('',(0.775,-1.2,0.9));
#6264 = LINE('',#6265,#6266);
#6265 = CARTESIAN_POINT('',(0.775,1.3425,0.9));
#6266 = VECTOR('',#6267,1.);
#6267 = DIRECTION('',(1.110223024625E-16,-1.,0.));
#6268 = ORIENTED_EDGE('',*,*,#6269,.T.);
#6269 = EDGE_CURVE('',#6262,#6270,#6272,.T.);
#6270 = VERTEX_POINT('',#6271);
#6271 = CARTESIAN_POINT('',(0.775,-1.3425,0.9));
#6272 = LINE('',#6273,#6274);
#6273 = CARTESIAN_POINT('',(0.775,1.3425,0.9));
#6274 = VECTOR('',#6275,1.);
#6275 = DIRECTION('',(1.110223024625E-16,-1.,0.));
#6276 = ORIENTED_EDGE('',*,*,#6277,.T.);
#6277 = EDGE_CURVE('',#6270,#6278,#6280,.T.);
#6278 = VERTEX_POINT('',#6279);
#6279 = CARTESIAN_POINT('',(0.683648457443,-1.296824228722,1.55));
#6280 = B_SPLINE_CURVE_WITH_KNOTS('',1,(#6281,#6282),.UNSPECIFIED.,.F.,
  .F.,(2,2),(0.,1.),.PIECEWISE_BEZIER_KNOTS.);
#6281 = CARTESIAN_POINT('',(0.775,-1.3425,0.9));
#6282 = CARTESIAN_POINT('',(0.683648457443,-1.296824228722,1.55));
#6283 = ORIENTED_EDGE('',*,*,#6284,.F.);
#6284 = EDGE_CURVE('',#6207,#6278,#6285,.T.);
#6285 = LINE('',#6286,#6287);
#6286 = CARTESIAN_POINT('',(0.683648457443,1.296824228722,1.55));
#6287 = VECTOR('',#6288,1.);
#6288 = DIRECTION('',(1.110223024625E-16,-1.,0.));
#6289 = ORIENTED_EDGE('',*,*,#6206,.F.);
#6290 = B_SPLINE_SURFACE_WITH_KNOTS('',1,1,(
    (#6291,#6292)
    ,(#6293,#6294
    )),.UNSPECIFIED.,.F.,.F.,.F.,(2,2),(2,2),(0.,2.685),(0.,1.),
  .PIECEWISE_BEZIER_KNOTS.);
#6291 = CARTESIAN_POINT('',(0.775,1.3425,0.9));
#6292 = CARTESIAN_POINT('',(0.683648457443,1.296824228722,1.55));
#6293 = CARTESIAN_POINT('',(0.775,-1.3425,0.9));
#6294 = CARTESIAN_POINT('',(0.683648457443,-1.296824228722,1.55));
#6295 = ADVANCED_FACE('',(#6296),#6328,.F.);
#6296 = FACE_BOUND('',#6297,.F.);
#6297 = EDGE_LOOP('',(#6298,#6306,#6314,#6320,#6326,#6327));
#6298 = ORIENTED_EDGE('',*,*,#6299,.F.);
#6299 = EDGE_CURVE('',#6300,#5484,#6302,.T.);
#6300 = VERTEX_POINT('',#6301);
#6301 = CARTESIAN_POINT('',(0.85,1.2,0.9));
#6302 = LINE('',#6303,#6304);
#6303 = CARTESIAN_POINT('',(0.85,1.2,0.9));
#6304 = VECTOR('',#6305,1.);
#6305 = DIRECTION('',(-1.,-1.110223024625E-16,0.));
#6306 = ORIENTED_EDGE('',*,*,#6307,.T.);
#6307 = EDGE_CURVE('',#6300,#6308,#6310,.T.);
#6308 = VERTEX_POINT('',#6309);
#6309 = CARTESIAN_POINT('',(0.85,0.7,0.9));
#6310 = LINE('',#6311,#6312);
#6311 = CARTESIAN_POINT('',(0.85,1.2,0.9));
#6312 = VECTOR('',#6313,1.);
#6313 = DIRECTION('',(1.110223024625E-16,-1.,0.));
#6314 = ORIENTED_EDGE('',*,*,#6315,.T.);
#6315 = EDGE_CURVE('',#6308,#5828,#6316,.T.);
#6316 = LINE('',#6317,#6318);
#6317 = CARTESIAN_POINT('',(0.85,0.7,0.9));
#6318 = VECTOR('',#6319,1.);
#6319 = DIRECTION('',(-1.,-1.110223024625E-16,0.));
#6320 = ORIENTED_EDGE('',*,*,#6321,.T.);
#6321 = EDGE_CURVE('',#5828,#6230,#6322,.T.);
#6322 = LINE('',#6323,#6324);
#6323 = CARTESIAN_POINT('',(0.85,0.7,0.9));
#6324 = VECTOR('',#6325,1.);
#6325 = DIRECTION('',(-1.,-1.110223024625E-16,0.));
#6326 = ORIENTED_EDGE('',*,*,#6229,.F.);
#6327 = ORIENTED_EDGE('',*,*,#5491,.F.);
#6328 = PLANE('',#6329);
#6329 = AXIS2_PLACEMENT_3D('',#6330,#6331,#6332);
#6330 = CARTESIAN_POINT('',(0.85,1.2,0.9));
#6331 = DIRECTION('',(0.,0.,-1.));
#6332 = DIRECTION('',(-1.,-1.110223024625E-16,-0.));
#6333 = ADVANCED_FACE('',(#6334),#6377,.F.);
#6334 = FACE_BOUND('',#6335,.F.);
#6335 = EDGE_LOOP('',(#6336,#6337,#6343,#6344,#6352,#6360,#6366,#6367,
    #6373,#6374,#6375,#6376));
#6336 = ORIENTED_EDGE('',*,*,#5593,.T.);
#6337 = ORIENTED_EDGE('',*,*,#6338,.T.);
#6338 = EDGE_CURVE('',#5586,#6092,#6339,.T.);
#6339 = LINE('',#6340,#6341);
#6340 = CARTESIAN_POINT('',(-0.85,-1.2,0.9));
#6341 = VECTOR('',#6342,1.);
#6342 = DIRECTION('',(1.,-1.144237745222E-17,0.));
#6343 = ORIENTED_EDGE('',*,*,#6089,.F.);
#6344 = ORIENTED_EDGE('',*,*,#6345,.F.);
#6345 = EDGE_CURVE('',#6346,#6090,#6348,.T.);
#6346 = VERTEX_POINT('',#6347);
#6347 = CARTESIAN_POINT('',(-0.6925,-1.425,0.9));
#6348 = LINE('',#6349,#6350);
#6349 = CARTESIAN_POINT('',(-0.6925,-1.425,0.9));
#6350 = VECTOR('',#6351,1.);
#6351 = DIRECTION('',(-0.707106781187,0.707106781187,0.));
#6352 = ORIENTED_EDGE('',*,*,#6353,.F.);
#6353 = EDGE_CURVE('',#6354,#6346,#6356,.T.);
#6354 = VERTEX_POINT('',#6355);
#6355 = CARTESIAN_POINT('',(0.6925,-1.425,0.9));
#6356 = LINE('',#6357,#6358);
#6357 = CARTESIAN_POINT('',(0.6925,-1.425,0.9));
#6358 = VECTOR('',#6359,1.);
#6359 = DIRECTION('',(-1.,-1.110223024625E-16,0.));
#6360 = ORIENTED_EDGE('',*,*,#6361,.F.);
#6361 = EDGE_CURVE('',#6270,#6354,#6362,.T.);
#6362 = LINE('',#6363,#6364);
#6363 = CARTESIAN_POINT('',(0.775,-1.3425,0.9));
#6364 = VECTOR('',#6365,1.);
#6365 = DIRECTION('',(-0.707106781187,-0.707106781187,0.));
#6366 = ORIENTED_EDGE('',*,*,#6269,.F.);
#6367 = ORIENTED_EDGE('',*,*,#6368,.F.);
#6368 = EDGE_CURVE('',#5952,#6262,#6369,.T.);
#6369 = LINE('',#6370,#6371);
#6370 = CARTESIAN_POINT('',(0.85,-1.2,0.9));
#6371 = VECTOR('',#6372,1.);
#6372 = DIRECTION('',(-1.,-1.110223024625E-16,0.));
#6373 = ORIENTED_EDGE('',*,*,#5967,.T.);
#6374 = ORIENTED_EDGE('',*,*,#6012,.T.);
#6375 = ORIENTED_EDGE('',*,*,#6029,.T.);
#6376 = ORIENTED_EDGE('',*,*,#5983,.T.);
#6377 = PLANE('',#6378);
#6378 = AXIS2_PLACEMENT_3D('',#6379,#6380,#6381);
#6379 = CARTESIAN_POINT('',(-2.091417030376E-16,1.4375,0.9));
#6380 = DIRECTION('',(4.595758349624E-18,6.551522493592E-27,-1.));
#6381 = DIRECTION('',(1.,1.51922136901E-16,4.595758349624E-18));
#6382 = ADVANCED_FACE('',(#6383),#6469,.F.);
#6383 = FACE_BOUND('',#6384,.F.);
#6384 = EDGE_LOOP('',(#6385,#6386,#6387,#6396,#6404,#6413,#6421,#6429,
    #6437,#6446,#6454,#6463));
#6385 = ORIENTED_EDGE('',*,*,#5585,.F.);
#6386 = ORIENTED_EDGE('',*,*,#5607,.T.);
#6387 = ORIENTED_EDGE('',*,*,#6388,.T.);
#6388 = EDGE_CURVE('',#5608,#6389,#6391,.T.);
#6389 = VERTEX_POINT('',#6390);
#6390 = CARTESIAN_POINT('',(-0.948480775301,-1.2,0.667364817767));
#6391 = CIRCLE('',#6392,0.1);
#6392 = AXIS2_PLACEMENT_3D('',#6393,#6394,#6395);
#6393 = CARTESIAN_POINT('',(-0.85,-1.2,0.65));
#6394 = DIRECTION('',(-1.144237745222E-17,-1.,0.));
#6395 = DIRECTION('',(0.,0.,1.));
#6396 = ORIENTED_EDGE('',*,*,#6397,.T.);
#6397 = EDGE_CURVE('',#6389,#6398,#6400,.T.);
#6398 = VERTEX_POINT('',#6399);
#6399 = CARTESIAN_POINT('',(-1.02432885403,-1.2,0.206587955583));
#6400 = LINE('',#6401,#6402);
#6401 = CARTESIAN_POINT('',(-0.948480775301,-1.2,0.667364817767));
#6402 = VECTOR('',#6403,1.);
#6403 = DIRECTION('',(-0.162423314012,1.858508865964E-18,-0.986721169868
    ));
#6404 = ORIENTED_EDGE('',*,*,#6405,.T.);
#6405 = EDGE_CURVE('',#6398,#6406,#6408,.T.);
#6406 = VERTEX_POINT('',#6407);
#6407 = CARTESIAN_POINT('',(-1.270530792283,-1.2,0.));
#6408 = CIRCLE('',#6409,0.25);
#6409 = AXIS2_PLACEMENT_3D('',#6410,#6411,#6412);
#6410 = CARTESIAN_POINT('',(-1.270530792283,-1.2,0.25));
#6411 = DIRECTION('',(1.144237745222E-17,1.,1.155557966632E-33));
#6412 = DIRECTION('',(0.984807753012,-1.126854202784E-17,-0.173648177667
    ));
#6413 = ORIENTED_EDGE('',*,*,#6414,.T.);
#6414 = EDGE_CURVE('',#6406,#6415,#6417,.T.);
#6415 = VERTEX_POINT('',#6416);
#6416 = CARTESIAN_POINT('',(-1.4,-1.2,0.));
#6417 = LINE('',#6418,#6419);
#6418 = CARTESIAN_POINT('',(-1.270530792283,-1.2,0.));
#6419 = VECTOR('',#6420,1.);
#6420 = DIRECTION('',(-1.,1.144237745222E-17,0.));
#6421 = ORIENTED_EDGE('',*,*,#6422,.T.);
#6422 = EDGE_CURVE('',#6415,#6423,#6425,.T.);
#6423 = VERTEX_POINT('',#6424);
#6424 = CARTESIAN_POINT('',(-1.4,-1.2,0.15));
#6425 = LINE('',#6426,#6427);
#6426 = CARTESIAN_POINT('',(-1.4,-1.2,0.));
#6427 = VECTOR('',#6428,1.);
#6428 = DIRECTION('',(0.,0.,1.));
#6429 = ORIENTED_EDGE('',*,*,#6430,.T.);
#6430 = EDGE_CURVE('',#6423,#6431,#6433,.T.);
#6431 = VERTEX_POINT('',#6432);
#6432 = CARTESIAN_POINT('',(-1.270530792283,-1.2,0.15));
#6433 = LINE('',#6434,#6435);
#6434 = CARTESIAN_POINT('',(-1.4,-1.2,0.15));
#6435 = VECTOR('',#6436,1.);
#6436 = DIRECTION('',(1.,-1.144237745222E-17,0.));
#6437 = ORIENTED_EDGE('',*,*,#6438,.T.);
#6438 = EDGE_CURVE('',#6431,#6439,#6441,.T.);
#6439 = VERTEX_POINT('',#6440);
#6440 = CARTESIAN_POINT('',(-1.172050016982,-1.2,0.232635182233));
#6441 = CIRCLE('',#6442,0.1);
#6442 = AXIS2_PLACEMENT_3D('',#6443,#6444,#6445);
#6443 = CARTESIAN_POINT('',(-1.270530792283,-1.2,0.25));
#6444 = DIRECTION('',(-1.144237745222E-17,-1.,0.));
#6445 = DIRECTION('',(-2.22044604925E-15,2.540718180781E-32,-1.));
#6446 = ORIENTED_EDGE('',*,*,#6447,.T.);
#6447 = EDGE_CURVE('',#6439,#6448,#6450,.T.);
#6448 = VERTEX_POINT('',#6449);
#6449 = CARTESIAN_POINT('',(-1.096201938253,-1.2,0.693412044417));
#6450 = LINE('',#6451,#6452);
#6451 = CARTESIAN_POINT('',(-1.172050016982,-1.2,0.232635182233));
#6452 = VECTOR('',#6453,1.);
#6453 = DIRECTION('',(0.162423314012,-1.858508865964E-18,0.986721169868)
  );
#6454 = ORIENTED_EDGE('',*,*,#6455,.T.);
#6455 = EDGE_CURVE('',#6448,#6456,#6458,.T.);
#6456 = VERTEX_POINT('',#6457);
#6457 = CARTESIAN_POINT('',(-0.85,-1.2,0.9));
#6458 = CIRCLE('',#6459,0.25);
#6459 = AXIS2_PLACEMENT_3D('',#6460,#6461,#6462);
#6460 = CARTESIAN_POINT('',(-0.85,-1.2,0.65));
#6461 = DIRECTION('',(1.144237745222E-17,1.,7.703719777549E-34));
#6462 = DIRECTION('',(-0.984807753012,1.126854202784E-17,0.173648177667)
  );
#6463 = ORIENTED_EDGE('',*,*,#6464,.T.);
#6464 = EDGE_CURVE('',#6456,#5586,#6465,.T.);
#6465 = LINE('',#6466,#6467);
#6466 = CARTESIAN_POINT('',(-0.85,-1.2,0.9));
#6467 = VECTOR('',#6468,1.);
#6468 = DIRECTION('',(1.,-1.144237745222E-17,0.));
#6469 = PLANE('',#6470);
#6470 = AXIS2_PLACEMENT_3D('',#6471,#6472,#6473);
#6471 = CARTESIAN_POINT('',(-1.069123385139,-1.2,0.441695635315));
#6472 = DIRECTION('',(1.144237745222E-17,1.,0.));
#6473 = DIRECTION('',(0.,-0.,1.));
#6474 = ADVANCED_FACE('',(#6475),#6494,.F.);
#6475 = FACE_BOUND('',#6476,.F.);
#6476 = EDGE_LOOP('',(#6477,#6478,#6487,#6493));
#6477 = ORIENTED_EDGE('',*,*,#5624,.T.);
#6478 = ORIENTED_EDGE('',*,*,#6479,.T.);
#6479 = EDGE_CURVE('',#5617,#6480,#6482,.T.);
#6480 = VERTEX_POINT('',#6481);
#6481 = CARTESIAN_POINT('',(-0.948480775301,-0.7,0.667364817767));
#6482 = CIRCLE('',#6483,0.1);
#6483 = AXIS2_PLACEMENT_3D('',#6484,#6485,#6486);
#6484 = CARTESIAN_POINT('',(-0.85,-0.7,0.65));
#6485 = DIRECTION('',(-1.144237745222E-17,-1.,0.));
#6486 = DIRECTION('',(0.,0.,1.));
#6487 = ORIENTED_EDGE('',*,*,#6488,.F.);
#6488 = EDGE_CURVE('',#6389,#6480,#6489,.T.);
#6489 = LINE('',#6490,#6491);
#6490 = CARTESIAN_POINT('',(-0.948480775301,-1.2,0.667364817767));
#6491 = VECTOR('',#6492,1.);
#6492 = DIRECTION('',(1.144237745222E-17,1.,0.));
#6493 = ORIENTED_EDGE('',*,*,#6388,.F.);
#6494 = CYLINDRICAL_SURFACE('',#6495,0.1);
#6495 = AXIS2_PLACEMENT_3D('',#6496,#6497,#6498);
#6496 = CARTESIAN_POINT('',(-0.85,-1.2,0.65));
#6497 = DIRECTION('',(-1.144237745222E-17,-1.,0.));
#6498 = DIRECTION('',(0.,0.,1.));
#6499 = ADVANCED_FACE('',(#6500),#6578,.T.);
#6500 = FACE_BOUND('',#6501,.T.);
#6501 = EDGE_LOOP('',(#6502,#6503,#6504,#6505,#6513,#6522,#6530,#6538,
    #6546,#6555,#6563,#6572));
#6502 = ORIENTED_EDGE('',*,*,#5638,.F.);
#6503 = ORIENTED_EDGE('',*,*,#5616,.T.);
#6504 = ORIENTED_EDGE('',*,*,#6479,.T.);
#6505 = ORIENTED_EDGE('',*,*,#6506,.T.);
#6506 = EDGE_CURVE('',#6480,#6507,#6509,.T.);
#6507 = VERTEX_POINT('',#6508);
#6508 = CARTESIAN_POINT('',(-1.02432885403,-0.7,0.206587955583));
#6509 = LINE('',#6510,#6511);
#6510 = CARTESIAN_POINT('',(-0.948480775301,-0.7,0.667364817767));
#6511 = VECTOR('',#6512,1.);
#6512 = DIRECTION('',(-0.162423314012,1.858508865964E-18,-0.986721169868
    ));
#6513 = ORIENTED_EDGE('',*,*,#6514,.T.);
#6514 = EDGE_CURVE('',#6507,#6515,#6517,.T.);
#6515 = VERTEX_POINT('',#6516);
#6516 = CARTESIAN_POINT('',(-1.270530792283,-0.7,0.));
#6517 = CIRCLE('',#6518,0.25);
#6518 = AXIS2_PLACEMENT_3D('',#6519,#6520,#6521);
#6519 = CARTESIAN_POINT('',(-1.270530792283,-0.7,0.25));
#6520 = DIRECTION('',(1.144237745222E-17,1.,1.155557966632E-33));
#6521 = DIRECTION('',(0.984807753012,-1.126854202784E-17,-0.173648177667
    ));
#6522 = ORIENTED_EDGE('',*,*,#6523,.T.);
#6523 = EDGE_CURVE('',#6515,#6524,#6526,.T.);
#6524 = VERTEX_POINT('',#6525);
#6525 = CARTESIAN_POINT('',(-1.4,-0.7,0.));
#6526 = LINE('',#6527,#6528);
#6527 = CARTESIAN_POINT('',(-1.270530792283,-0.7,0.));
#6528 = VECTOR('',#6529,1.);
#6529 = DIRECTION('',(-1.,1.144237745222E-17,0.));
#6530 = ORIENTED_EDGE('',*,*,#6531,.T.);
#6531 = EDGE_CURVE('',#6524,#6532,#6534,.T.);
#6532 = VERTEX_POINT('',#6533);
#6533 = CARTESIAN_POINT('',(-1.4,-0.7,0.15));
#6534 = LINE('',#6535,#6536);
#6535 = CARTESIAN_POINT('',(-1.4,-0.7,0.));
#6536 = VECTOR('',#6537,1.);
#6537 = DIRECTION('',(0.,0.,1.));
#6538 = ORIENTED_EDGE('',*,*,#6539,.T.);
#6539 = EDGE_CURVE('',#6532,#6540,#6542,.T.);
#6540 = VERTEX_POINT('',#6541);
#6541 = CARTESIAN_POINT('',(-1.270530792283,-0.7,0.15));
#6542 = LINE('',#6543,#6544);
#6543 = CARTESIAN_POINT('',(-1.4,-0.7,0.15));
#6544 = VECTOR('',#6545,1.);
#6545 = DIRECTION('',(1.,-1.144237745222E-17,0.));
#6546 = ORIENTED_EDGE('',*,*,#6547,.T.);
#6547 = EDGE_CURVE('',#6540,#6548,#6550,.T.);
#6548 = VERTEX_POINT('',#6549);
#6549 = CARTESIAN_POINT('',(-1.172050016982,-0.7,0.232635182233));
#6550 = CIRCLE('',#6551,0.1);
#6551 = AXIS2_PLACEMENT_3D('',#6552,#6553,#6554);
#6552 = CARTESIAN_POINT('',(-1.270530792283,-0.7,0.25));
#6553 = DIRECTION('',(-1.144237745222E-17,-1.,0.));
#6554 = DIRECTION('',(-2.22044604925E-15,2.540718180781E-32,-1.));
#6555 = ORIENTED_EDGE('',*,*,#6556,.T.);
#6556 = EDGE_CURVE('',#6548,#6557,#6559,.T.);
#6557 = VERTEX_POINT('',#6558);
#6558 = CARTESIAN_POINT('',(-1.096201938253,-0.7,0.693412044417));
#6559 = LINE('',#6560,#6561);
#6560 = CARTESIAN_POINT('',(-1.172050016982,-0.7,0.232635182233));
#6561 = VECTOR('',#6562,1.);
#6562 = DIRECTION('',(0.162423314012,-1.858508865964E-18,0.986721169868)
  );
#6563 = ORIENTED_EDGE('',*,*,#6564,.T.);
#6564 = EDGE_CURVE('',#6557,#6565,#6567,.T.);
#6565 = VERTEX_POINT('',#6566);
#6566 = CARTESIAN_POINT('',(-0.85,-0.7,0.9));
#6567 = CIRCLE('',#6568,0.25);
#6568 = AXIS2_PLACEMENT_3D('',#6569,#6570,#6571);
#6569 = CARTESIAN_POINT('',(-0.85,-0.7,0.65));
#6570 = DIRECTION('',(1.144237745222E-17,1.,7.703719777549E-34));
#6571 = DIRECTION('',(-0.984807753012,1.126854202784E-17,0.173648177667)
  );
#6572 = ORIENTED_EDGE('',*,*,#6573,.T.);
#6573 = EDGE_CURVE('',#6565,#5639,#6574,.T.);
#6574 = LINE('',#6575,#6576);
#6575 = CARTESIAN_POINT('',(-0.85,-0.7,0.9));
#6576 = VECTOR('',#6577,1.);
#6577 = DIRECTION('',(1.,-1.144237745222E-17,0.));
#6578 = PLANE('',#6579);
#6579 = AXIS2_PLACEMENT_3D('',#6580,#6581,#6582);
#6580 = CARTESIAN_POINT('',(-1.069123385139,-0.7,0.441695635315));
#6581 = DIRECTION('',(1.144237745222E-17,1.,0.));
#6582 = DIRECTION('',(0.,-0.,1.));
#6583 = ADVANCED_FACE('',(#6584),#6600,.F.);
#6584 = FACE_BOUND('',#6585,.F.);
#6585 = EDGE_LOOP('',(#6586,#6587,#6593,#6594));
#6586 = ORIENTED_EDGE('',*,*,#5655,.T.);
#6587 = ORIENTED_EDGE('',*,*,#6588,.T.);
#6588 = EDGE_CURVE('',#5648,#6108,#6589,.T.);
#6589 = LINE('',#6590,#6591);
#6590 = CARTESIAN_POINT('',(-0.85,-0.25,0.9));
#6591 = VECTOR('',#6592,1.);
#6592 = DIRECTION('',(1.,-1.144237745222E-17,0.));
#6593 = ORIENTED_EDGE('',*,*,#6107,.F.);
#6594 = ORIENTED_EDGE('',*,*,#6595,.F.);
#6595 = EDGE_CURVE('',#5639,#6100,#6596,.T.);
#6596 = LINE('',#6597,#6598);
#6597 = CARTESIAN_POINT('',(-0.85,-0.7,0.9));
#6598 = VECTOR('',#6599,1.);
#6599 = DIRECTION('',(1.,-1.144237745222E-17,0.));
#6600 = PLANE('',#6601);
#6601 = AXIS2_PLACEMENT_3D('',#6602,#6603,#6604);
#6602 = CARTESIAN_POINT('',(-2.091417030376E-16,1.4375,0.9));
#6603 = DIRECTION('',(4.595758349624E-18,6.551522493592E-27,-1.));
#6604 = DIRECTION('',(1.,1.51922136901E-16,4.595758349624E-18));
#6605 = ADVANCED_FACE('',(#6606),#6692,.F.);
#6606 = FACE_BOUND('',#6607,.F.);
#6607 = EDGE_LOOP('',(#6608,#6609,#6610,#6619,#6627,#6636,#6644,#6652,
    #6660,#6669,#6677,#6686));
#6608 = ORIENTED_EDGE('',*,*,#5647,.F.);
#6609 = ORIENTED_EDGE('',*,*,#5669,.T.);
#6610 = ORIENTED_EDGE('',*,*,#6611,.T.);
#6611 = EDGE_CURVE('',#5670,#6612,#6614,.T.);
#6612 = VERTEX_POINT('',#6613);
#6613 = CARTESIAN_POINT('',(-0.948480775301,-0.25,0.667364817767));
#6614 = CIRCLE('',#6615,0.1);
#6615 = AXIS2_PLACEMENT_3D('',#6616,#6617,#6618);
#6616 = CARTESIAN_POINT('',(-0.85,-0.25,0.65));
#6617 = DIRECTION('',(-1.144237745222E-17,-1.,0.));
#6618 = DIRECTION('',(0.,0.,1.));
#6619 = ORIENTED_EDGE('',*,*,#6620,.T.);
#6620 = EDGE_CURVE('',#6612,#6621,#6623,.T.);
#6621 = VERTEX_POINT('',#6622);
#6622 = CARTESIAN_POINT('',(-1.02432885403,-0.25,0.206587955583));
#6623 = LINE('',#6624,#6625);
#6624 = CARTESIAN_POINT('',(-0.948480775301,-0.25,0.667364817767));
#6625 = VECTOR('',#6626,1.);
#6626 = DIRECTION('',(-0.162423314012,1.858508865964E-18,-0.986721169868
    ));
#6627 = ORIENTED_EDGE('',*,*,#6628,.T.);
#6628 = EDGE_CURVE('',#6621,#6629,#6631,.T.);
#6629 = VERTEX_POINT('',#6630);
#6630 = CARTESIAN_POINT('',(-1.270530792283,-0.25,0.));
#6631 = CIRCLE('',#6632,0.25);
#6632 = AXIS2_PLACEMENT_3D('',#6633,#6634,#6635);
#6633 = CARTESIAN_POINT('',(-1.270530792283,-0.25,0.25));
#6634 = DIRECTION('',(1.144237745222E-17,1.,1.155557966632E-33));
#6635 = DIRECTION('',(0.984807753012,-1.126854202784E-17,-0.173648177667
    ));
#6636 = ORIENTED_EDGE('',*,*,#6637,.T.);
#6637 = EDGE_CURVE('',#6629,#6638,#6640,.T.);
#6638 = VERTEX_POINT('',#6639);
#6639 = CARTESIAN_POINT('',(-1.4,-0.25,0.));
#6640 = LINE('',#6641,#6642);
#6641 = CARTESIAN_POINT('',(-1.270530792283,-0.25,0.));
#6642 = VECTOR('',#6643,1.);
#6643 = DIRECTION('',(-1.,1.144237745222E-17,0.));
#6644 = ORIENTED_EDGE('',*,*,#6645,.T.);
#6645 = EDGE_CURVE('',#6638,#6646,#6648,.T.);
#6646 = VERTEX_POINT('',#6647);
#6647 = CARTESIAN_POINT('',(-1.4,-0.25,0.15));
#6648 = LINE('',#6649,#6650);
#6649 = CARTESIAN_POINT('',(-1.4,-0.25,0.));
#6650 = VECTOR('',#6651,1.);
#6651 = DIRECTION('',(0.,0.,1.));
#6652 = ORIENTED_EDGE('',*,*,#6653,.T.);
#6653 = EDGE_CURVE('',#6646,#6654,#6656,.T.);
#6654 = VERTEX_POINT('',#6655);
#6655 = CARTESIAN_POINT('',(-1.270530792283,-0.25,0.15));
#6656 = LINE('',#6657,#6658);
#6657 = CARTESIAN_POINT('',(-1.4,-0.25,0.15));
#6658 = VECTOR('',#6659,1.);
#6659 = DIRECTION('',(1.,-1.144237745222E-17,0.));
#6660 = ORIENTED_EDGE('',*,*,#6661,.T.);
#6661 = EDGE_CURVE('',#6654,#6662,#6664,.T.);
#6662 = VERTEX_POINT('',#6663);
#6663 = CARTESIAN_POINT('',(-1.172050016982,-0.25,0.232635182233));
#6664 = CIRCLE('',#6665,0.1);
#6665 = AXIS2_PLACEMENT_3D('',#6666,#6667,#6668);
#6666 = CARTESIAN_POINT('',(-1.270530792283,-0.25,0.25));
#6667 = DIRECTION('',(-1.144237745222E-17,-1.,0.));
#6668 = DIRECTION('',(-2.22044604925E-15,2.540718180781E-32,-1.));
#6669 = ORIENTED_EDGE('',*,*,#6670,.T.);
#6670 = EDGE_CURVE('',#6662,#6671,#6673,.T.);
#6671 = VERTEX_POINT('',#6672);
#6672 = CARTESIAN_POINT('',(-1.096201938253,-0.25,0.693412044417));
#6673 = LINE('',#6674,#6675);
#6674 = CARTESIAN_POINT('',(-1.172050016982,-0.25,0.232635182233));
#6675 = VECTOR('',#6676,1.);
#6676 = DIRECTION('',(0.162423314012,-1.858508865964E-18,0.986721169868)
  );
#6677 = ORIENTED_EDGE('',*,*,#6678,.T.);
#6678 = EDGE_CURVE('',#6671,#6679,#6681,.T.);
#6679 = VERTEX_POINT('',#6680);
#6680 = CARTESIAN_POINT('',(-0.85,-0.25,0.9));
#6681 = CIRCLE('',#6682,0.25);
#6682 = AXIS2_PLACEMENT_3D('',#6683,#6684,#6685);
#6683 = CARTESIAN_POINT('',(-0.85,-0.25,0.65));
#6684 = DIRECTION('',(1.144237745222E-17,1.,7.703719777549E-34));
#6685 = DIRECTION('',(-0.984807753012,1.126854202784E-17,0.173648177667)
  );
#6686 = ORIENTED_EDGE('',*,*,#6687,.T.);
#6687 = EDGE_CURVE('',#6679,#5648,#6688,.T.);
#6688 = LINE('',#6689,#6690);
#6689 = CARTESIAN_POINT('',(-0.85,-0.25,0.9));
#6690 = VECTOR('',#6691,1.);
#6691 = DIRECTION('',(1.,-1.144237745222E-17,0.));
#6692 = PLANE('',#6693);
#6693 = AXIS2_PLACEMENT_3D('',#6694,#6695,#6696);
#6694 = CARTESIAN_POINT('',(-1.069123385139,-0.25,0.441695635315));
#6695 = DIRECTION('',(1.144237745222E-17,1.,0.));
#6696 = DIRECTION('',(0.,-0.,1.));
#6697 = ADVANCED_FACE('',(#6698),#6717,.F.);
#6698 = FACE_BOUND('',#6699,.F.);
#6699 = EDGE_LOOP('',(#6700,#6701,#6710,#6716));
#6700 = ORIENTED_EDGE('',*,*,#5686,.T.);
#6701 = ORIENTED_EDGE('',*,*,#6702,.T.);
#6702 = EDGE_CURVE('',#5679,#6703,#6705,.T.);
#6703 = VERTEX_POINT('',#6704);
#6704 = CARTESIAN_POINT('',(-0.948480775301,0.25,0.667364817767));
#6705 = CIRCLE('',#6706,0.1);
#6706 = AXIS2_PLACEMENT_3D('',#6707,#6708,#6709);
#6707 = CARTESIAN_POINT('',(-0.85,0.25,0.65));
#6708 = DIRECTION('',(-1.144237745222E-17,-1.,0.));
#6709 = DIRECTION('',(0.,0.,1.));
#6710 = ORIENTED_EDGE('',*,*,#6711,.F.);
#6711 = EDGE_CURVE('',#6612,#6703,#6712,.T.);
#6712 = LINE('',#6713,#6714);
#6713 = CARTESIAN_POINT('',(-0.948480775301,-0.25,0.667364817767));
#6714 = VECTOR('',#6715,1.);
#6715 = DIRECTION('',(1.144237745222E-17,1.,0.));
#6716 = ORIENTED_EDGE('',*,*,#6611,.F.);
#6717 = CYLINDRICAL_SURFACE('',#6718,0.1);
#6718 = AXIS2_PLACEMENT_3D('',#6719,#6720,#6721);
#6719 = CARTESIAN_POINT('',(-0.85,-0.25,0.65));
#6720 = DIRECTION('',(-1.144237745222E-17,-1.,0.));
#6721 = DIRECTION('',(0.,0.,1.));
#6722 = ADVANCED_FACE('',(#6723),#6801,.T.);
#6723 = FACE_BOUND('',#6724,.T.);
#6724 = EDGE_LOOP('',(#6725,#6726,#6727,#6728,#6736,#6745,#6753,#6761,
    #6769,#6778,#6786,#6795));
#6725 = ORIENTED_EDGE('',*,*,#5700,.F.);
#6726 = ORIENTED_EDGE('',*,*,#5678,.T.);
#6727 = ORIENTED_EDGE('',*,*,#6702,.T.);
#6728 = ORIENTED_EDGE('',*,*,#6729,.T.);
#6729 = EDGE_CURVE('',#6703,#6730,#6732,.T.);
#6730 = VERTEX_POINT('',#6731);
#6731 = CARTESIAN_POINT('',(-1.02432885403,0.25,0.206587955583));
#6732 = LINE('',#6733,#6734);
#6733 = CARTESIAN_POINT('',(-0.948480775301,0.25,0.667364817767));
#6734 = VECTOR('',#6735,1.);
#6735 = DIRECTION('',(-0.162423314012,1.858508865964E-18,-0.986721169868
    ));
#6736 = ORIENTED_EDGE('',*,*,#6737,.T.);
#6737 = EDGE_CURVE('',#6730,#6738,#6740,.T.);
#6738 = VERTEX_POINT('',#6739);
#6739 = CARTESIAN_POINT('',(-1.270530792283,0.25,0.));
#6740 = CIRCLE('',#6741,0.25);
#6741 = AXIS2_PLACEMENT_3D('',#6742,#6743,#6744);
#6742 = CARTESIAN_POINT('',(-1.270530792283,0.25,0.25));
#6743 = DIRECTION('',(1.144237745222E-17,1.,1.155557966632E-33));
#6744 = DIRECTION('',(0.984807753012,-1.126854202784E-17,-0.173648177667
    ));
#6745 = ORIENTED_EDGE('',*,*,#6746,.T.);
#6746 = EDGE_CURVE('',#6738,#6747,#6749,.T.);
#6747 = VERTEX_POINT('',#6748);
#6748 = CARTESIAN_POINT('',(-1.4,0.25,0.));
#6749 = LINE('',#6750,#6751);
#6750 = CARTESIAN_POINT('',(-1.270530792283,0.25,0.));
#6751 = VECTOR('',#6752,1.);
#6752 = DIRECTION('',(-1.,1.144237745222E-17,0.));
#6753 = ORIENTED_EDGE('',*,*,#6754,.T.);
#6754 = EDGE_CURVE('',#6747,#6755,#6757,.T.);
#6755 = VERTEX_POINT('',#6756);
#6756 = CARTESIAN_POINT('',(-1.4,0.25,0.15));
#6757 = LINE('',#6758,#6759);
#6758 = CARTESIAN_POINT('',(-1.4,0.25,0.));
#6759 = VECTOR('',#6760,1.);
#6760 = DIRECTION('',(0.,0.,1.));
#6761 = ORIENTED_EDGE('',*,*,#6762,.T.);
#6762 = EDGE_CURVE('',#6755,#6763,#6765,.T.);
#6763 = VERTEX_POINT('',#6764);
#6764 = CARTESIAN_POINT('',(-1.270530792283,0.25,0.15));
#6765 = LINE('',#6766,#6767);
#6766 = CARTESIAN_POINT('',(-1.4,0.25,0.15));
#6767 = VECTOR('',#6768,1.);
#6768 = DIRECTION('',(1.,-1.144237745222E-17,0.));
#6769 = ORIENTED_EDGE('',*,*,#6770,.T.);
#6770 = EDGE_CURVE('',#6763,#6771,#6773,.T.);
#6771 = VERTEX_POINT('',#6772);
#6772 = CARTESIAN_POINT('',(-1.172050016982,0.25,0.232635182233));
#6773 = CIRCLE('',#6774,0.1);
#6774 = AXIS2_PLACEMENT_3D('',#6775,#6776,#6777);
#6775 = CARTESIAN_POINT('',(-1.270530792283,0.25,0.25));
#6776 = DIRECTION('',(-1.144237745222E-17,-1.,0.));
#6777 = DIRECTION('',(-2.22044604925E-15,2.540718180781E-32,-1.));
#6778 = ORIENTED_EDGE('',*,*,#6779,.T.);
#6779 = EDGE_CURVE('',#6771,#6780,#6782,.T.);
#6780 = VERTEX_POINT('',#6781);
#6781 = CARTESIAN_POINT('',(-1.096201938253,0.25,0.693412044417));
#6782 = LINE('',#6783,#6784);
#6783 = CARTESIAN_POINT('',(-1.172050016982,0.25,0.232635182233));
#6784 = VECTOR('',#6785,1.);
#6785 = DIRECTION('',(0.162423314012,-1.858508865964E-18,0.986721169868)
  );
#6786 = ORIENTED_EDGE('',*,*,#6787,.T.);
#6787 = EDGE_CURVE('',#6780,#6788,#6790,.T.);
#6788 = VERTEX_POINT('',#6789);
#6789 = CARTESIAN_POINT('',(-0.85,0.25,0.9));
#6790 = CIRCLE('',#6791,0.25);
#6791 = AXIS2_PLACEMENT_3D('',#6792,#6793,#6794);
#6792 = CARTESIAN_POINT('',(-0.85,0.25,0.65));
#6793 = DIRECTION('',(1.144237745222E-17,1.,7.703719777549E-34));
#6794 = DIRECTION('',(-0.984807753012,1.126854202784E-17,0.173648177667)
  );
#6795 = ORIENTED_EDGE('',*,*,#6796,.T.);
#6796 = EDGE_CURVE('',#6788,#5701,#6797,.T.);
#6797 = LINE('',#6798,#6799);
#6798 = CARTESIAN_POINT('',(-0.85,0.25,0.9));
#6799 = VECTOR('',#6800,1.);
#6800 = DIRECTION('',(1.,-1.144237745222E-17,0.));
#6801 = PLANE('',#6802);
#6802 = AXIS2_PLACEMENT_3D('',#6803,#6804,#6805);
#6803 = CARTESIAN_POINT('',(-1.069123385139,0.25,0.441695635315));
#6804 = DIRECTION('',(1.144237745222E-17,1.,0.));
#6805 = DIRECTION('',(0.,-0.,1.));
#6806 = ADVANCED_FACE('',(#6807),#6818,.F.);
#6807 = FACE_BOUND('',#6808,.F.);
#6808 = EDGE_LOOP('',(#6809,#6810,#6811,#6812));
#6809 = ORIENTED_EDGE('',*,*,#5717,.T.);
#6810 = ORIENTED_EDGE('',*,*,#6075,.T.);
#6811 = ORIENTED_EDGE('',*,*,#6123,.F.);
#6812 = ORIENTED_EDGE('',*,*,#6813,.F.);
#6813 = EDGE_CURVE('',#5701,#6116,#6814,.T.);
#6814 = LINE('',#6815,#6816);
#6815 = CARTESIAN_POINT('',(-0.85,0.25,0.9));
#6816 = VECTOR('',#6817,1.);
#6817 = DIRECTION('',(1.,-1.144237745222E-17,0.));
#6818 = PLANE('',#6819);
#6819 = AXIS2_PLACEMENT_3D('',#6820,#6821,#6822);
#6820 = CARTESIAN_POINT('',(-2.091417030376E-16,1.4375,0.9));
#6821 = DIRECTION('',(4.595758349624E-18,6.551522493592E-27,-1.));
#6822 = DIRECTION('',(1.,1.51922136901E-16,4.595758349624E-18));
#6823 = ADVANCED_FACE('',(#6824),#6903,.F.);
#6824 = FACE_BOUND('',#6825,.F.);
#6825 = EDGE_LOOP('',(#6826,#6827,#6828,#6837,#6845,#6854,#6862,#6870,
    #6878,#6887,#6895,#6902));
#6826 = ORIENTED_EDGE('',*,*,#5709,.F.);
#6827 = ORIENTED_EDGE('',*,*,#5731,.T.);
#6828 = ORIENTED_EDGE('',*,*,#6829,.T.);
#6829 = EDGE_CURVE('',#5732,#6830,#6832,.T.);
#6830 = VERTEX_POINT('',#6831);
#6831 = CARTESIAN_POINT('',(-0.948480775301,0.7,0.667364817767));
#6832 = CIRCLE('',#6833,0.1);
#6833 = AXIS2_PLACEMENT_3D('',#6834,#6835,#6836);
#6834 = CARTESIAN_POINT('',(-0.85,0.7,0.65));
#6835 = DIRECTION('',(-1.144237745222E-17,-1.,0.));
#6836 = DIRECTION('',(0.,0.,1.));
#6837 = ORIENTED_EDGE('',*,*,#6838,.T.);
#6838 = EDGE_CURVE('',#6830,#6839,#6841,.T.);
#6839 = VERTEX_POINT('',#6840);
#6840 = CARTESIAN_POINT('',(-1.02432885403,0.7,0.206587955583));
#6841 = LINE('',#6842,#6843);
#6842 = CARTESIAN_POINT('',(-0.948480775301,0.7,0.667364817767));
#6843 = VECTOR('',#6844,1.);
#6844 = DIRECTION('',(-0.162423314012,1.858508865964E-18,-0.986721169868
    ));
#6845 = ORIENTED_EDGE('',*,*,#6846,.T.);
#6846 = EDGE_CURVE('',#6839,#6847,#6849,.T.);
#6847 = VERTEX_POINT('',#6848);
#6848 = CARTESIAN_POINT('',(-1.270530792283,0.7,0.));
#6849 = CIRCLE('',#6850,0.25);
#6850 = AXIS2_PLACEMENT_3D('',#6851,#6852,#6853);
#6851 = CARTESIAN_POINT('',(-1.270530792283,0.7,0.25));
#6852 = DIRECTION('',(1.144237745222E-17,1.,1.155557966632E-33));
#6853 = DIRECTION('',(0.984807753012,-1.126854202784E-17,-0.173648177667
    ));
#6854 = ORIENTED_EDGE('',*,*,#6855,.T.);
#6855 = EDGE_CURVE('',#6847,#6856,#6858,.T.);
#6856 = VERTEX_POINT('',#6857);
#6857 = CARTESIAN_POINT('',(-1.4,0.7,0.));
#6858 = LINE('',#6859,#6860);
#6859 = CARTESIAN_POINT('',(-1.270530792283,0.7,0.));
#6860 = VECTOR('',#6861,1.);
#6861 = DIRECTION('',(-1.,1.144237745222E-17,0.));
#6862 = ORIENTED_EDGE('',*,*,#6863,.T.);
#6863 = EDGE_CURVE('',#6856,#6864,#6866,.T.);
#6864 = VERTEX_POINT('',#6865);
#6865 = CARTESIAN_POINT('',(-1.4,0.7,0.15));
#6866 = LINE('',#6867,#6868);
#6867 = CARTESIAN_POINT('',(-1.4,0.7,0.));
#6868 = VECTOR('',#6869,1.);
#6869 = DIRECTION('',(0.,0.,1.));
#6870 = ORIENTED_EDGE('',*,*,#6871,.T.);
#6871 = EDGE_CURVE('',#6864,#6872,#6874,.T.);
#6872 = VERTEX_POINT('',#6873);
#6873 = CARTESIAN_POINT('',(-1.270530792283,0.7,0.15));
#6874 = LINE('',#6875,#6876);
#6875 = CARTESIAN_POINT('',(-1.4,0.7,0.15));
#6876 = VECTOR('',#6877,1.);
#6877 = DIRECTION('',(1.,-1.144237745222E-17,0.));
#6878 = ORIENTED_EDGE('',*,*,#6879,.T.);
#6879 = EDGE_CURVE('',#6872,#6880,#6882,.T.);
#6880 = VERTEX_POINT('',#6881);
#6881 = CARTESIAN_POINT('',(-1.172050016982,0.7,0.232635182233));
#6882 = CIRCLE('',#6883,0.1);
#6883 = AXIS2_PLACEMENT_3D('',#6884,#6885,#6886);
#6884 = CARTESIAN_POINT('',(-1.270530792283,0.7,0.25));
#6885 = DIRECTION('',(-1.144237745222E-17,-1.,0.));
#6886 = DIRECTION('',(-2.22044604925E-15,2.540718180781E-32,-1.));
#6887 = ORIENTED_EDGE('',*,*,#6888,.T.);
#6888 = EDGE_CURVE('',#6880,#6889,#6891,.T.);
#6889 = VERTEX_POINT('',#6890);
#6890 = CARTESIAN_POINT('',(-1.096201938253,0.7,0.693412044417));
#6891 = LINE('',#6892,#6893);
#6892 = CARTESIAN_POINT('',(-1.172050016982,0.7,0.232635182233));
#6893 = VECTOR('',#6894,1.);
#6894 = DIRECTION('',(0.162423314012,-1.858508865964E-18,0.986721169868)
  );
#6895 = ORIENTED_EDGE('',*,*,#6896,.T.);
#6896 = EDGE_CURVE('',#6889,#6045,#6897,.T.);
#6897 = CIRCLE('',#6898,0.25);
#6898 = AXIS2_PLACEMENT_3D('',#6899,#6900,#6901);
#6899 = CARTESIAN_POINT('',(-0.85,0.7,0.65));
#6900 = DIRECTION('',(1.144237745222E-17,1.,7.703719777549E-34));
#6901 = DIRECTION('',(-0.984807753012,1.126854202784E-17,0.173648177667)
  );
#6902 = ORIENTED_EDGE('',*,*,#6044,.T.);
#6903 = PLANE('',#6904);
#6904 = AXIS2_PLACEMENT_3D('',#6905,#6906,#6907);
#6905 = CARTESIAN_POINT('',(-1.069123385139,0.7,0.441695635315));
#6906 = DIRECTION('',(1.144237745222E-17,1.,0.));
#6907 = DIRECTION('',(0.,-0.,1.));
#6908 = ADVANCED_FACE('',(#6909),#6928,.F.);
#6909 = FACE_BOUND('',#6910,.F.);
#6910 = EDGE_LOOP('',(#6911,#6912,#6921,#6927));
#6911 = ORIENTED_EDGE('',*,*,#5748,.T.);
#6912 = ORIENTED_EDGE('',*,*,#6913,.T.);
#6913 = EDGE_CURVE('',#5741,#6914,#6916,.T.);
#6914 = VERTEX_POINT('',#6915);
#6915 = CARTESIAN_POINT('',(-0.948480775301,1.2,0.667364817767));
#6916 = CIRCLE('',#6917,0.1);
#6917 = AXIS2_PLACEMENT_3D('',#6918,#6919,#6920);
#6918 = CARTESIAN_POINT('',(-0.85,1.2,0.65));
#6919 = DIRECTION('',(-1.144237745222E-17,-1.,0.));
#6920 = DIRECTION('',(0.,0.,1.));
#6921 = ORIENTED_EDGE('',*,*,#6922,.F.);
#6922 = EDGE_CURVE('',#6830,#6914,#6923,.T.);
#6923 = LINE('',#6924,#6925);
#6924 = CARTESIAN_POINT('',(-0.948480775301,0.7,0.667364817767));
#6925 = VECTOR('',#6926,1.);
#6926 = DIRECTION('',(1.144237745222E-17,1.,0.));
#6927 = ORIENTED_EDGE('',*,*,#6829,.F.);
#6928 = CYLINDRICAL_SURFACE('',#6929,0.1);
#6929 = AXIS2_PLACEMENT_3D('',#6930,#6931,#6932);
#6930 = CARTESIAN_POINT('',(-0.85,0.7,0.65));
#6931 = DIRECTION('',(-1.144237745222E-17,-1.,0.));
#6932 = DIRECTION('',(0.,0.,1.));
#6933 = ADVANCED_FACE('',(#6934),#7005,.T.);
#6934 = FACE_BOUND('',#6935,.T.);
#6935 = EDGE_LOOP('',(#6936,#6937,#6938,#6939,#6947,#6956,#6964,#6972,
    #6980,#6989,#6997,#7004));
#6936 = ORIENTED_EDGE('',*,*,#5762,.F.);
#6937 = ORIENTED_EDGE('',*,*,#5740,.T.);
#6938 = ORIENTED_EDGE('',*,*,#6913,.T.);
#6939 = ORIENTED_EDGE('',*,*,#6940,.T.);
#6940 = EDGE_CURVE('',#6914,#6941,#6943,.T.);
#6941 = VERTEX_POINT('',#6942);
#6942 = CARTESIAN_POINT('',(-1.02432885403,1.2,0.206587955583));
#6943 = LINE('',#6944,#6945);
#6944 = CARTESIAN_POINT('',(-0.948480775301,1.2,0.667364817767));
#6945 = VECTOR('',#6946,1.);
#6946 = DIRECTION('',(-0.162423314012,1.858508865964E-18,-0.986721169868
    ));
#6947 = ORIENTED_EDGE('',*,*,#6948,.T.);
#6948 = EDGE_CURVE('',#6941,#6949,#6951,.T.);
#6949 = VERTEX_POINT('',#6950);
#6950 = CARTESIAN_POINT('',(-1.270530792283,1.2,0.));
#6951 = CIRCLE('',#6952,0.25);
#6952 = AXIS2_PLACEMENT_3D('',#6953,#6954,#6955);
#6953 = CARTESIAN_POINT('',(-1.270530792283,1.2,0.25));
#6954 = DIRECTION('',(1.144237745222E-17,1.,1.155557966632E-33));
#6955 = DIRECTION('',(0.984807753012,-1.126854202784E-17,-0.173648177667
    ));
#6956 = ORIENTED_EDGE('',*,*,#6957,.T.);
#6957 = EDGE_CURVE('',#6949,#6958,#6960,.T.);
#6958 = VERTEX_POINT('',#6959);
#6959 = CARTESIAN_POINT('',(-1.4,1.2,0.));
#6960 = LINE('',#6961,#6962);
#6961 = CARTESIAN_POINT('',(-1.270530792283,1.2,0.));
#6962 = VECTOR('',#6963,1.);
#6963 = DIRECTION('',(-1.,1.144237745222E-17,0.));
#6964 = ORIENTED_EDGE('',*,*,#6965,.T.);
#6965 = EDGE_CURVE('',#6958,#6966,#6968,.T.);
#6966 = VERTEX_POINT('',#6967);
#6967 = CARTESIAN_POINT('',(-1.4,1.2,0.15));
#6968 = LINE('',#6969,#6970);
#6969 = CARTESIAN_POINT('',(-1.4,1.2,0.));
#6970 = VECTOR('',#6971,1.);
#6971 = DIRECTION('',(0.,0.,1.));
#6972 = ORIENTED_EDGE('',*,*,#6973,.T.);
#6973 = EDGE_CURVE('',#6966,#6974,#6976,.T.);
#6974 = VERTEX_POINT('',#6975);
#6975 = CARTESIAN_POINT('',(-1.270530792283,1.2,0.15));
#6976 = LINE('',#6977,#6978);
#6977 = CARTESIAN_POINT('',(-1.4,1.2,0.15));
#6978 = VECTOR('',#6979,1.);
#6979 = DIRECTION('',(1.,-1.144237745222E-17,0.));
#6980 = ORIENTED_EDGE('',*,*,#6981,.T.);
#6981 = EDGE_CURVE('',#6974,#6982,#6984,.T.);
#6982 = VERTEX_POINT('',#6983);
#6983 = CARTESIAN_POINT('',(-1.172050016982,1.2,0.232635182233));
#6984 = CIRCLE('',#6985,0.1);
#6985 = AXIS2_PLACEMENT_3D('',#6986,#6987,#6988);
#6986 = CARTESIAN_POINT('',(-1.270530792283,1.2,0.25));
#6987 = DIRECTION('',(-1.144237745222E-17,-1.,0.));
#6988 = DIRECTION('',(-2.22044604925E-15,2.540718180781E-32,-1.));
#6989 = ORIENTED_EDGE('',*,*,#6990,.T.);
#6990 = EDGE_CURVE('',#6982,#6991,#6993,.T.);
#6991 = VERTEX_POINT('',#6992);
#6992 = CARTESIAN_POINT('',(-1.096201938253,1.2,0.693412044417));
#6993 = LINE('',#6994,#6995);
#6994 = CARTESIAN_POINT('',(-1.172050016982,1.2,0.232635182233));
#6995 = VECTOR('',#6996,1.);
#6996 = DIRECTION('',(0.162423314012,-1.858508865964E-18,0.986721169868)
  );
#6997 = ORIENTED_EDGE('',*,*,#6998,.T.);
#6998 = EDGE_CURVE('',#6991,#6053,#6999,.T.);
#6999 = CIRCLE('',#7000,0.25);
#7000 = AXIS2_PLACEMENT_3D('',#7001,#7002,#7003);
#7001 = CARTESIAN_POINT('',(-0.85,1.2,0.65));
#7002 = DIRECTION('',(1.144237745222E-17,1.,7.703719777549E-34));
#7003 = DIRECTION('',(-0.984807753012,1.126854202784E-17,0.173648177667)
  );
#7004 = ORIENTED_EDGE('',*,*,#6060,.T.);
#7005 = PLANE('',#7006);
#7006 = AXIS2_PLACEMENT_3D('',#7007,#7008,#7009);
#7007 = CARTESIAN_POINT('',(-1.069123385139,1.2,0.441695635315));
#7008 = DIRECTION('',(1.144237745222E-17,1.,0.));
#7009 = DIRECTION('',(0.,-0.,1.));
#7010 = ADVANCED_FACE('',(#7011),#7090,.F.);
#7011 = FACE_BOUND('',#7012,.F.);
#7012 = EDGE_LOOP('',(#7013,#7014,#7015,#7024,#7032,#7041,#7049,#7057,
    #7065,#7074,#7082,#7089));
#7013 = ORIENTED_EDGE('',*,*,#5781,.F.);
#7014 = ORIENTED_EDGE('',*,*,#5796,.T.);
#7015 = ORIENTED_EDGE('',*,*,#7016,.T.);
#7016 = EDGE_CURVE('',#5797,#7017,#7019,.T.);
#7017 = VERTEX_POINT('',#7018);
#7018 = CARTESIAN_POINT('',(0.948480775301,1.2,0.667364817767));
#7019 = CIRCLE('',#7020,0.1);
#7020 = AXIS2_PLACEMENT_3D('',#7021,#7022,#7023);
#7021 = CARTESIAN_POINT('',(0.85,1.2,0.65));
#7022 = DIRECTION('',(-1.110223024625E-16,1.,0.));
#7023 = DIRECTION('',(0.,0.,1.));
#7024 = ORIENTED_EDGE('',*,*,#7025,.T.);
#7025 = EDGE_CURVE('',#7017,#7026,#7028,.T.);
#7026 = VERTEX_POINT('',#7027);
#7027 = CARTESIAN_POINT('',(1.02432885403,1.2,0.206587955583));
#7028 = LINE('',#7029,#7030);
#7029 = CARTESIAN_POINT('',(0.948480775301,1.2,0.667364817767));
#7030 = VECTOR('',#7031,1.);
#7031 = DIRECTION('',(0.162423314012,1.803261029519E-17,-0.986721169868)
  );
#7032 = ORIENTED_EDGE('',*,*,#7033,.T.);
#7033 = EDGE_CURVE('',#7026,#7034,#7036,.T.);
#7034 = VERTEX_POINT('',#7035);
#7035 = CARTESIAN_POINT('',(1.270530792283,1.2,0.));
#7036 = CIRCLE('',#7037,0.25);
#7037 = AXIS2_PLACEMENT_3D('',#7038,#7039,#7040);
#7038 = CARTESIAN_POINT('',(1.270530792283,1.2,0.25));
#7039 = DIRECTION('',(1.110223024625E-16,-1.,0.));
#7040 = DIRECTION('',(-0.984807753012,-1.093356242223E-16,
    -0.173648177667));
#7041 = ORIENTED_EDGE('',*,*,#7042,.T.);
#7042 = EDGE_CURVE('',#7034,#7043,#7045,.T.);
#7043 = VERTEX_POINT('',#7044);
#7044 = CARTESIAN_POINT('',(1.4,1.2,0.));
#7045 = LINE('',#7046,#7047);
#7046 = CARTESIAN_POINT('',(1.270530792283,1.2,0.));
#7047 = VECTOR('',#7048,1.);
#7048 = DIRECTION('',(1.,1.110223024625E-16,0.));
#7049 = ORIENTED_EDGE('',*,*,#7050,.T.);
#7050 = EDGE_CURVE('',#7043,#7051,#7053,.T.);
#7051 = VERTEX_POINT('',#7052);
#7052 = CARTESIAN_POINT('',(1.4,1.2,0.15));
#7053 = LINE('',#7054,#7055);
#7054 = CARTESIAN_POINT('',(1.4,1.2,0.));
#7055 = VECTOR('',#7056,1.);
#7056 = DIRECTION('',(0.,0.,1.));
#7057 = ORIENTED_EDGE('',*,*,#7058,.T.);
#7058 = EDGE_CURVE('',#7051,#7059,#7061,.T.);
#7059 = VERTEX_POINT('',#7060);
#7060 = CARTESIAN_POINT('',(1.270530792283,1.2,0.15));
#7061 = LINE('',#7062,#7063);
#7062 = CARTESIAN_POINT('',(1.4,1.2,0.15));
#7063 = VECTOR('',#7064,1.);
#7064 = DIRECTION('',(-1.,-1.110223024625E-16,0.));
#7065 = ORIENTED_EDGE('',*,*,#7066,.T.);
#7066 = EDGE_CURVE('',#7059,#7067,#7069,.T.);
#7067 = VERTEX_POINT('',#7068);
#7068 = CARTESIAN_POINT('',(1.172050016982,1.2,0.232635182233));
#7069 = CIRCLE('',#7070,0.1);
#7070 = AXIS2_PLACEMENT_3D('',#7071,#7072,#7073);
#7071 = CARTESIAN_POINT('',(1.270530792283,1.2,0.25));
#7072 = DIRECTION('',(-1.110223024625E-16,1.,0.));
#7073 = DIRECTION('',(2.22044604925E-15,2.465190328815E-31,-1.));
#7074 = ORIENTED_EDGE('',*,*,#7075,.T.);
#7075 = EDGE_CURVE('',#7067,#7076,#7078,.T.);
#7076 = VERTEX_POINT('',#7077);
#7077 = CARTESIAN_POINT('',(1.096201938253,1.2,0.693412044417));
#7078 = LINE('',#7079,#7080);
#7079 = CARTESIAN_POINT('',(1.172050016982,1.2,0.232635182233));
#7080 = VECTOR('',#7081,1.);
#7081 = DIRECTION('',(-0.162423314012,-1.803261029519E-17,0.986721169868
    ));
#7082 = ORIENTED_EDGE('',*,*,#7083,.T.);
#7083 = EDGE_CURVE('',#7076,#6300,#7084,.T.);
#7084 = CIRCLE('',#7085,0.25);
#7085 = AXIS2_PLACEMENT_3D('',#7086,#7087,#7088);
#7086 = CARTESIAN_POINT('',(0.85,1.2,0.65));
#7087 = DIRECTION('',(1.110223024625E-16,-1.,0.));
#7088 = DIRECTION('',(0.984807753012,1.093356242223E-16,0.173648177667)
  );
#7089 = ORIENTED_EDGE('',*,*,#6299,.T.);
#7090 = PLANE('',#7091);
#7091 = AXIS2_PLACEMENT_3D('',#7092,#7093,#7094);
#7092 = CARTESIAN_POINT('',(1.069123385139,1.2,0.441695635315));
#7093 = DIRECTION('',(1.110223024625E-16,-1.,0.));
#7094 = DIRECTION('',(0.,0.,1.));
#7095 = ADVANCED_FACE('',(#7096),#7115,.F.);
#7096 = FACE_BOUND('',#7097,.F.);
#7097 = EDGE_LOOP('',(#7098,#7099,#7108,#7114));
#7098 = ORIENTED_EDGE('',*,*,#5813,.T.);
#7099 = ORIENTED_EDGE('',*,*,#7100,.T.);
#7100 = EDGE_CURVE('',#5806,#7101,#7103,.T.);
#7101 = VERTEX_POINT('',#7102);
#7102 = CARTESIAN_POINT('',(0.948480775301,0.7,0.667364817767));
#7103 = CIRCLE('',#7104,0.1);
#7104 = AXIS2_PLACEMENT_3D('',#7105,#7106,#7107);
#7105 = CARTESIAN_POINT('',(0.85,0.7,0.65));
#7106 = DIRECTION('',(-1.110223024625E-16,1.,0.));
#7107 = DIRECTION('',(0.,0.,1.));
#7108 = ORIENTED_EDGE('',*,*,#7109,.F.);
#7109 = EDGE_CURVE('',#7017,#7101,#7110,.T.);
#7110 = LINE('',#7111,#7112);
#7111 = CARTESIAN_POINT('',(0.948480775301,1.2,0.667364817767));
#7112 = VECTOR('',#7113,1.);
#7113 = DIRECTION('',(1.110223024625E-16,-1.,0.));
#7114 = ORIENTED_EDGE('',*,*,#7016,.F.);
#7115 = CYLINDRICAL_SURFACE('',#7116,0.1);
#7116 = AXIS2_PLACEMENT_3D('',#7117,#7118,#7119);
#7117 = CARTESIAN_POINT('',(0.85,1.2,0.65));
#7118 = DIRECTION('',(-1.110223024625E-16,1.,0.));
#7119 = DIRECTION('',(0.,0.,1.));
#7120 = ADVANCED_FACE('',(#7121),#7192,.T.);
#7121 = FACE_BOUND('',#7122,.T.);
#7122 = EDGE_LOOP('',(#7123,#7124,#7125,#7126,#7134,#7143,#7151,#7159,
    #7167,#7176,#7184,#7191));
#7123 = ORIENTED_EDGE('',*,*,#5827,.F.);
#7124 = ORIENTED_EDGE('',*,*,#5805,.T.);
#7125 = ORIENTED_EDGE('',*,*,#7100,.T.);
#7126 = ORIENTED_EDGE('',*,*,#7127,.T.);
#7127 = EDGE_CURVE('',#7101,#7128,#7130,.T.);
#7128 = VERTEX_POINT('',#7129);
#7129 = CARTESIAN_POINT('',(1.02432885403,0.7,0.206587955583));
#7130 = LINE('',#7131,#7132);
#7131 = CARTESIAN_POINT('',(0.948480775301,0.7,0.667364817767));
#7132 = VECTOR('',#7133,1.);
#7133 = DIRECTION('',(0.162423314012,1.803261029519E-17,-0.986721169868)
  );
#7134 = ORIENTED_EDGE('',*,*,#7135,.T.);
#7135 = EDGE_CURVE('',#7128,#7136,#7138,.T.);
#7136 = VERTEX_POINT('',#7137);
#7137 = CARTESIAN_POINT('',(1.270530792283,0.7,0.));
#7138 = CIRCLE('',#7139,0.25);
#7139 = AXIS2_PLACEMENT_3D('',#7140,#7141,#7142);
#7140 = CARTESIAN_POINT('',(1.270530792283,0.7,0.25));
#7141 = DIRECTION('',(1.110223024625E-16,-1.,0.));
#7142 = DIRECTION('',(-0.984807753012,-1.093356242223E-16,
    -0.173648177667));
#7143 = ORIENTED_EDGE('',*,*,#7144,.T.);
#7144 = EDGE_CURVE('',#7136,#7145,#7147,.T.);
#7145 = VERTEX_POINT('',#7146);
#7146 = CARTESIAN_POINT('',(1.4,0.7,0.));
#7147 = LINE('',#7148,#7149);
#7148 = CARTESIAN_POINT('',(1.270530792283,0.7,0.));
#7149 = VECTOR('',#7150,1.);
#7150 = DIRECTION('',(1.,1.110223024625E-16,0.));
#7151 = ORIENTED_EDGE('',*,*,#7152,.T.);
#7152 = EDGE_CURVE('',#7145,#7153,#7155,.T.);
#7153 = VERTEX_POINT('',#7154);
#7154 = CARTESIAN_POINT('',(1.4,0.7,0.15));
#7155 = LINE('',#7156,#7157);
#7156 = CARTESIAN_POINT('',(1.4,0.7,0.));
#7157 = VECTOR('',#7158,1.);
#7158 = DIRECTION('',(0.,0.,1.));
#7159 = ORIENTED_EDGE('',*,*,#7160,.T.);
#7160 = EDGE_CURVE('',#7153,#7161,#7163,.T.);
#7161 = VERTEX_POINT('',#7162);
#7162 = CARTESIAN_POINT('',(1.270530792283,0.7,0.15));
#7163 = LINE('',#7164,#7165);
#7164 = CARTESIAN_POINT('',(1.4,0.7,0.15));
#7165 = VECTOR('',#7166,1.);
#7166 = DIRECTION('',(-1.,-1.110223024625E-16,0.));
#7167 = ORIENTED_EDGE('',*,*,#7168,.T.);
#7168 = EDGE_CURVE('',#7161,#7169,#7171,.T.);
#7169 = VERTEX_POINT('',#7170);
#7170 = CARTESIAN_POINT('',(1.172050016982,0.7,0.232635182233));
#7171 = CIRCLE('',#7172,0.1);
#7172 = AXIS2_PLACEMENT_3D('',#7173,#7174,#7175);
#7173 = CARTESIAN_POINT('',(1.270530792283,0.7,0.25));
#7174 = DIRECTION('',(-1.110223024625E-16,1.,0.));
#7175 = DIRECTION('',(2.22044604925E-15,2.465190328815E-31,-1.));
#7176 = ORIENTED_EDGE('',*,*,#7177,.T.);
#7177 = EDGE_CURVE('',#7169,#7178,#7180,.T.);
#7178 = VERTEX_POINT('',#7179);
#7179 = CARTESIAN_POINT('',(1.096201938253,0.7,0.693412044417));
#7180 = LINE('',#7181,#7182);
#7181 = CARTESIAN_POINT('',(1.172050016982,0.7,0.232635182233));
#7182 = VECTOR('',#7183,1.);
#7183 = DIRECTION('',(-0.162423314012,-1.803261029519E-17,0.986721169868
    ));
#7184 = ORIENTED_EDGE('',*,*,#7185,.T.);
#7185 = EDGE_CURVE('',#7178,#6308,#7186,.T.);
#7186 = CIRCLE('',#7187,0.25);
#7187 = AXIS2_PLACEMENT_3D('',#7188,#7189,#7190);
#7188 = CARTESIAN_POINT('',(0.85,0.7,0.65));
#7189 = DIRECTION('',(1.110223024625E-16,-1.,0.));
#7190 = DIRECTION('',(0.984807753012,1.093356242223E-16,0.173648177667)
  );
#7191 = ORIENTED_EDGE('',*,*,#6315,.T.);
#7192 = PLANE('',#7193);
#7193 = AXIS2_PLACEMENT_3D('',#7194,#7195,#7196);
#7194 = CARTESIAN_POINT('',(1.069123385139,0.7,0.441695635315));
#7195 = DIRECTION('',(1.110223024625E-16,-1.,0.));
#7196 = DIRECTION('',(0.,0.,1.));
#7197 = ADVANCED_FACE('',(#7198),#7209,.F.);
#7198 = FACE_BOUND('',#7199,.F.);
#7199 = EDGE_LOOP('',(#7200,#7201,#7202,#7208));
#7200 = ORIENTED_EDGE('',*,*,#6321,.F.);
#7201 = ORIENTED_EDGE('',*,*,#5844,.T.);
#7202 = ORIENTED_EDGE('',*,*,#7203,.T.);
#7203 = EDGE_CURVE('',#5837,#6238,#7204,.T.);
#7204 = LINE('',#7205,#7206);
#7205 = CARTESIAN_POINT('',(0.85,0.25,0.9));
#7206 = VECTOR('',#7207,1.);
#7207 = DIRECTION('',(-1.,-1.110223024625E-16,0.));
#7208 = ORIENTED_EDGE('',*,*,#6237,.F.);
#7209 = PLANE('',#7210);
#7210 = AXIS2_PLACEMENT_3D('',#7211,#7212,#7213);
#7211 = CARTESIAN_POINT('',(-2.091417030376E-16,1.4375,0.9));
#7212 = DIRECTION('',(4.595758349624E-18,6.551522493592E-27,-1.));
#7213 = DIRECTION('',(1.,1.51922136901E-16,4.595758349624E-18));
#7214 = ADVANCED_FACE('',(#7215),#7301,.F.);
#7215 = FACE_BOUND('',#7216,.F.);
#7216 = EDGE_LOOP('',(#7217,#7218,#7219,#7228,#7236,#7245,#7253,#7261,
    #7269,#7278,#7286,#7295));
#7217 = ORIENTED_EDGE('',*,*,#5836,.F.);
#7218 = ORIENTED_EDGE('',*,*,#5858,.T.);
#7219 = ORIENTED_EDGE('',*,*,#7220,.T.);
#7220 = EDGE_CURVE('',#5859,#7221,#7223,.T.);
#7221 = VERTEX_POINT('',#7222);
#7222 = CARTESIAN_POINT('',(0.948480775301,0.25,0.667364817767));
#7223 = CIRCLE('',#7224,0.1);
#7224 = AXIS2_PLACEMENT_3D('',#7225,#7226,#7227);
#7225 = CARTESIAN_POINT('',(0.85,0.25,0.65));
#7226 = DIRECTION('',(-1.110223024625E-16,1.,0.));
#7227 = DIRECTION('',(0.,0.,1.));
#7228 = ORIENTED_EDGE('',*,*,#7229,.T.);
#7229 = EDGE_CURVE('',#7221,#7230,#7232,.T.);
#7230 = VERTEX_POINT('',#7231);
#7231 = CARTESIAN_POINT('',(1.02432885403,0.25,0.206587955583));
#7232 = LINE('',#7233,#7234);
#7233 = CARTESIAN_POINT('',(0.948480775301,0.25,0.667364817767));
#7234 = VECTOR('',#7235,1.);
#7235 = DIRECTION('',(0.162423314012,1.803261029519E-17,-0.986721169868)
  );
#7236 = ORIENTED_EDGE('',*,*,#7237,.T.);
#7237 = EDGE_CURVE('',#7230,#7238,#7240,.T.);
#7238 = VERTEX_POINT('',#7239);
#7239 = CARTESIAN_POINT('',(1.270530792283,0.25,0.));
#7240 = CIRCLE('',#7241,0.25);
#7241 = AXIS2_PLACEMENT_3D('',#7242,#7243,#7244);
#7242 = CARTESIAN_POINT('',(1.270530792283,0.25,0.25));
#7243 = DIRECTION('',(1.110223024625E-16,-1.,0.));
#7244 = DIRECTION('',(-0.984807753012,-1.093356242223E-16,
    -0.173648177667));
#7245 = ORIENTED_EDGE('',*,*,#7246,.T.);
#7246 = EDGE_CURVE('',#7238,#7247,#7249,.T.);
#7247 = VERTEX_POINT('',#7248);
#7248 = CARTESIAN_POINT('',(1.4,0.25,0.));
#7249 = LINE('',#7250,#7251);
#7250 = CARTESIAN_POINT('',(1.270530792283,0.25,0.));
#7251 = VECTOR('',#7252,1.);
#7252 = DIRECTION('',(1.,1.110223024625E-16,0.));
#7253 = ORIENTED_EDGE('',*,*,#7254,.T.);
#7254 = EDGE_CURVE('',#7247,#7255,#7257,.T.);
#7255 = VERTEX_POINT('',#7256);
#7256 = CARTESIAN_POINT('',(1.4,0.25,0.15));
#7257 = LINE('',#7258,#7259);
#7258 = CARTESIAN_POINT('',(1.4,0.25,0.));
#7259 = VECTOR('',#7260,1.);
#7260 = DIRECTION('',(0.,0.,1.));
#7261 = ORIENTED_EDGE('',*,*,#7262,.T.);
#7262 = EDGE_CURVE('',#7255,#7263,#7265,.T.);
#7263 = VERTEX_POINT('',#7264);
#7264 = CARTESIAN_POINT('',(1.270530792283,0.25,0.15));
#7265 = LINE('',#7266,#7267);
#7266 = CARTESIAN_POINT('',(1.4,0.25,0.15));
#7267 = VECTOR('',#7268,1.);
#7268 = DIRECTION('',(-1.,-1.110223024625E-16,0.));
#7269 = ORIENTED_EDGE('',*,*,#7270,.T.);
#7270 = EDGE_CURVE('',#7263,#7271,#7273,.T.);
#7271 = VERTEX_POINT('',#7272);
#7272 = CARTESIAN_POINT('',(1.172050016982,0.25,0.232635182233));
#7273 = CIRCLE('',#7274,0.1);
#7274 = AXIS2_PLACEMENT_3D('',#7275,#7276,#7277);
#7275 = CARTESIAN_POINT('',(1.270530792283,0.25,0.25));
#7276 = DIRECTION('',(-1.110223024625E-16,1.,0.));
#7277 = DIRECTION('',(2.22044604925E-15,2.465190328815E-31,-1.));
#7278 = ORIENTED_EDGE('',*,*,#7279,.T.);
#7279 = EDGE_CURVE('',#7271,#7280,#7282,.T.);
#7280 = VERTEX_POINT('',#7281);
#7281 = CARTESIAN_POINT('',(1.096201938253,0.25,0.693412044417));
#7282 = LINE('',#7283,#7284);
#7283 = CARTESIAN_POINT('',(1.172050016982,0.25,0.232635182233));
#7284 = VECTOR('',#7285,1.);
#7285 = DIRECTION('',(-0.162423314012,-1.803261029519E-17,0.986721169868
    ));
#7286 = ORIENTED_EDGE('',*,*,#7287,.T.);
#7287 = EDGE_CURVE('',#7280,#7288,#7290,.T.);
#7288 = VERTEX_POINT('',#7289);
#7289 = CARTESIAN_POINT('',(0.85,0.25,0.9));
#7290 = CIRCLE('',#7291,0.25);
#7291 = AXIS2_PLACEMENT_3D('',#7292,#7293,#7294);
#7292 = CARTESIAN_POINT('',(0.85,0.25,0.65));
#7293 = DIRECTION('',(1.110223024625E-16,-1.,0.));
#7294 = DIRECTION('',(0.984807753012,1.093356242223E-16,0.173648177667)
  );
#7295 = ORIENTED_EDGE('',*,*,#7296,.T.);
#7296 = EDGE_CURVE('',#7288,#5837,#7297,.T.);
#7297 = LINE('',#7298,#7299);
#7298 = CARTESIAN_POINT('',(0.85,0.25,0.9));
#7299 = VECTOR('',#7300,1.);
#7300 = DIRECTION('',(-1.,-1.110223024625E-16,0.));
#7301 = PLANE('',#7302);
#7302 = AXIS2_PLACEMENT_3D('',#7303,#7304,#7305);
#7303 = CARTESIAN_POINT('',(1.069123385139,0.25,0.441695635315));
#7304 = DIRECTION('',(1.110223024625E-16,-1.,0.));
#7305 = DIRECTION('',(0.,0.,1.));
#7306 = ADVANCED_FACE('',(#7307),#7326,.F.);
#7307 = FACE_BOUND('',#7308,.F.);
#7308 = EDGE_LOOP('',(#7309,#7310,#7319,#7325));
#7309 = ORIENTED_EDGE('',*,*,#5875,.T.);
#7310 = ORIENTED_EDGE('',*,*,#7311,.T.);
#7311 = EDGE_CURVE('',#5868,#7312,#7314,.T.);
#7312 = VERTEX_POINT('',#7313);
#7313 = CARTESIAN_POINT('',(0.948480775301,-0.25,0.667364817767));
#7314 = CIRCLE('',#7315,0.1);
#7315 = AXIS2_PLACEMENT_3D('',#7316,#7317,#7318);
#7316 = CARTESIAN_POINT('',(0.85,-0.25,0.65));
#7317 = DIRECTION('',(-1.110223024625E-16,1.,0.));
#7318 = DIRECTION('',(0.,0.,1.));
#7319 = ORIENTED_EDGE('',*,*,#7320,.F.);
#7320 = EDGE_CURVE('',#7221,#7312,#7321,.T.);
#7321 = LINE('',#7322,#7323);
#7322 = CARTESIAN_POINT('',(0.948480775301,0.25,0.667364817767));
#7323 = VECTOR('',#7324,1.);
#7324 = DIRECTION('',(1.110223024625E-16,-1.,0.));
#7325 = ORIENTED_EDGE('',*,*,#7220,.F.);
#7326 = CYLINDRICAL_SURFACE('',#7327,0.1);
#7327 = AXIS2_PLACEMENT_3D('',#7328,#7329,#7330);
#7328 = CARTESIAN_POINT('',(0.85,0.25,0.65));
#7329 = DIRECTION('',(-1.110223024625E-16,1.,0.));
#7330 = DIRECTION('',(0.,0.,1.));
#7331 = ADVANCED_FACE('',(#7332),#7410,.T.);
#7332 = FACE_BOUND('',#7333,.T.);
#7333 = EDGE_LOOP('',(#7334,#7335,#7336,#7337,#7345,#7354,#7362,#7370,
    #7378,#7387,#7395,#7404));
#7334 = ORIENTED_EDGE('',*,*,#5889,.F.);
#7335 = ORIENTED_EDGE('',*,*,#5867,.T.);
#7336 = ORIENTED_EDGE('',*,*,#7311,.T.);
#7337 = ORIENTED_EDGE('',*,*,#7338,.T.);
#7338 = EDGE_CURVE('',#7312,#7339,#7341,.T.);
#7339 = VERTEX_POINT('',#7340);
#7340 = CARTESIAN_POINT('',(1.02432885403,-0.25,0.206587955583));
#7341 = LINE('',#7342,#7343);
#7342 = CARTESIAN_POINT('',(0.948480775301,-0.25,0.667364817767));
#7343 = VECTOR('',#7344,1.);
#7344 = DIRECTION('',(0.162423314012,1.803261029519E-17,-0.986721169868)
  );
#7345 = ORIENTED_EDGE('',*,*,#7346,.T.);
#7346 = EDGE_CURVE('',#7339,#7347,#7349,.T.);
#7347 = VERTEX_POINT('',#7348);
#7348 = CARTESIAN_POINT('',(1.270530792283,-0.25,0.));
#7349 = CIRCLE('',#7350,0.25);
#7350 = AXIS2_PLACEMENT_3D('',#7351,#7352,#7353);
#7351 = CARTESIAN_POINT('',(1.270530792283,-0.25,0.25));
#7352 = DIRECTION('',(1.110223024625E-16,-1.,0.));
#7353 = DIRECTION('',(-0.984807753012,-1.093356242223E-16,
    -0.173648177667));
#7354 = ORIENTED_EDGE('',*,*,#7355,.T.);
#7355 = EDGE_CURVE('',#7347,#7356,#7358,.T.);
#7356 = VERTEX_POINT('',#7357);
#7357 = CARTESIAN_POINT('',(1.4,-0.25,0.));
#7358 = LINE('',#7359,#7360);
#7359 = CARTESIAN_POINT('',(1.270530792283,-0.25,0.));
#7360 = VECTOR('',#7361,1.);
#7361 = DIRECTION('',(1.,1.110223024625E-16,0.));
#7362 = ORIENTED_EDGE('',*,*,#7363,.T.);
#7363 = EDGE_CURVE('',#7356,#7364,#7366,.T.);
#7364 = VERTEX_POINT('',#7365);
#7365 = CARTESIAN_POINT('',(1.4,-0.25,0.15));
#7366 = LINE('',#7367,#7368);
#7367 = CARTESIAN_POINT('',(1.4,-0.25,0.));
#7368 = VECTOR('',#7369,1.);
#7369 = DIRECTION('',(0.,0.,1.));
#7370 = ORIENTED_EDGE('',*,*,#7371,.T.);
#7371 = EDGE_CURVE('',#7364,#7372,#7374,.T.);
#7372 = VERTEX_POINT('',#7373);
#7373 = CARTESIAN_POINT('',(1.270530792283,-0.25,0.15));
#7374 = LINE('',#7375,#7376);
#7375 = CARTESIAN_POINT('',(1.4,-0.25,0.15));
#7376 = VECTOR('',#7377,1.);
#7377 = DIRECTION('',(-1.,-1.110223024625E-16,0.));
#7378 = ORIENTED_EDGE('',*,*,#7379,.T.);
#7379 = EDGE_CURVE('',#7372,#7380,#7382,.T.);
#7380 = VERTEX_POINT('',#7381);
#7381 = CARTESIAN_POINT('',(1.172050016982,-0.25,0.232635182233));
#7382 = CIRCLE('',#7383,0.1);
#7383 = AXIS2_PLACEMENT_3D('',#7384,#7385,#7386);
#7384 = CARTESIAN_POINT('',(1.270530792283,-0.25,0.25));
#7385 = DIRECTION('',(-1.110223024625E-16,1.,0.));
#7386 = DIRECTION('',(2.22044604925E-15,2.465190328815E-31,-1.));
#7387 = ORIENTED_EDGE('',*,*,#7388,.T.);
#7388 = EDGE_CURVE('',#7380,#7389,#7391,.T.);
#7389 = VERTEX_POINT('',#7390);
#7390 = CARTESIAN_POINT('',(1.096201938253,-0.25,0.693412044417));
#7391 = LINE('',#7392,#7393);
#7392 = CARTESIAN_POINT('',(1.172050016982,-0.25,0.232635182233));
#7393 = VECTOR('',#7394,1.);
#7394 = DIRECTION('',(-0.162423314012,-1.803261029519E-17,0.986721169868
    ));
#7395 = ORIENTED_EDGE('',*,*,#7396,.T.);
#7396 = EDGE_CURVE('',#7389,#7397,#7399,.T.);
#7397 = VERTEX_POINT('',#7398);
#7398 = CARTESIAN_POINT('',(0.85,-0.25,0.9));
#7399 = CIRCLE('',#7400,0.25);
#7400 = AXIS2_PLACEMENT_3D('',#7401,#7402,#7403);
#7401 = CARTESIAN_POINT('',(0.85,-0.25,0.65));
#7402 = DIRECTION('',(1.110223024625E-16,-1.,0.));
#7403 = DIRECTION('',(0.984807753012,1.093356242223E-16,0.173648177667)
  );
#7404 = ORIENTED_EDGE('',*,*,#7405,.T.);
#7405 = EDGE_CURVE('',#7397,#5890,#7406,.T.);
#7406 = LINE('',#7407,#7408);
#7407 = CARTESIAN_POINT('',(0.85,-0.25,0.9));
#7408 = VECTOR('',#7409,1.);
#7409 = DIRECTION('',(-1.,-1.110223024625E-16,0.));
#7410 = PLANE('',#7411);
#7411 = AXIS2_PLACEMENT_3D('',#7412,#7413,#7414);
#7412 = CARTESIAN_POINT('',(1.069123385139,-0.25,0.441695635315));
#7413 = DIRECTION('',(1.110223024625E-16,-1.,0.));
#7414 = DIRECTION('',(0.,0.,1.));
#7415 = ADVANCED_FACE('',(#7416),#7432,.F.);
#7416 = FACE_BOUND('',#7417,.F.);
#7417 = EDGE_LOOP('',(#7418,#7424,#7425,#7431));
#7418 = ORIENTED_EDGE('',*,*,#7419,.F.);
#7419 = EDGE_CURVE('',#5890,#6246,#7420,.T.);
#7420 = LINE('',#7421,#7422);
#7421 = CARTESIAN_POINT('',(0.85,-0.25,0.9));
#7422 = VECTOR('',#7423,1.);
#7423 = DIRECTION('',(-1.,-1.110223024625E-16,0.));
#7424 = ORIENTED_EDGE('',*,*,#5906,.T.);
#7425 = ORIENTED_EDGE('',*,*,#7426,.T.);
#7426 = EDGE_CURVE('',#5899,#6254,#7427,.T.);
#7427 = LINE('',#7428,#7429);
#7428 = CARTESIAN_POINT('',(0.85,-0.7,0.9));
#7429 = VECTOR('',#7430,1.);
#7430 = DIRECTION('',(-1.,-1.110223024625E-16,0.));
#7431 = ORIENTED_EDGE('',*,*,#6253,.F.);
#7432 = PLANE('',#7433);
#7433 = AXIS2_PLACEMENT_3D('',#7434,#7435,#7436);
#7434 = CARTESIAN_POINT('',(-2.091417030376E-16,1.4375,0.9));
#7435 = DIRECTION('',(4.595758349624E-18,6.551522493592E-27,-1.));
#7436 = DIRECTION('',(1.,1.51922136901E-16,4.595758349624E-18));
#7437 = ADVANCED_FACE('',(#7438),#7524,.F.);
#7438 = FACE_BOUND('',#7439,.F.);
#7439 = EDGE_LOOP('',(#7440,#7441,#7442,#7451,#7459,#7468,#7476,#7484,
    #7492,#7501,#7509,#7518));
#7440 = ORIENTED_EDGE('',*,*,#5898,.F.);
#7441 = ORIENTED_EDGE('',*,*,#5920,.T.);
#7442 = ORIENTED_EDGE('',*,*,#7443,.T.);
#7443 = EDGE_CURVE('',#5921,#7444,#7446,.T.);
#7444 = VERTEX_POINT('',#7445);
#7445 = CARTESIAN_POINT('',(0.948480775301,-0.7,0.667364817767));
#7446 = CIRCLE('',#7447,0.1);
#7447 = AXIS2_PLACEMENT_3D('',#7448,#7449,#7450);
#7448 = CARTESIAN_POINT('',(0.85,-0.7,0.65));
#7449 = DIRECTION('',(-1.110223024625E-16,1.,0.));
#7450 = DIRECTION('',(0.,0.,1.));
#7451 = ORIENTED_EDGE('',*,*,#7452,.T.);
#7452 = EDGE_CURVE('',#7444,#7453,#7455,.T.);
#7453 = VERTEX_POINT('',#7454);
#7454 = CARTESIAN_POINT('',(1.02432885403,-0.7,0.206587955583));
#7455 = LINE('',#7456,#7457);
#7456 = CARTESIAN_POINT('',(0.948480775301,-0.7,0.667364817767));
#7457 = VECTOR('',#7458,1.);
#7458 = DIRECTION('',(0.162423314012,1.803261029519E-17,-0.986721169868)
  );
#7459 = ORIENTED_EDGE('',*,*,#7460,.T.);
#7460 = EDGE_CURVE('',#7453,#7461,#7463,.T.);
#7461 = VERTEX_POINT('',#7462);
#7462 = CARTESIAN_POINT('',(1.270530792283,-0.7,0.));
#7463 = CIRCLE('',#7464,0.25);
#7464 = AXIS2_PLACEMENT_3D('',#7465,#7466,#7467);
#7465 = CARTESIAN_POINT('',(1.270530792283,-0.7,0.25));
#7466 = DIRECTION('',(1.110223024625E-16,-1.,0.));
#7467 = DIRECTION('',(-0.984807753012,-1.093356242223E-16,
    -0.173648177667));
#7468 = ORIENTED_EDGE('',*,*,#7469,.T.);
#7469 = EDGE_CURVE('',#7461,#7470,#7472,.T.);
#7470 = VERTEX_POINT('',#7471);
#7471 = CARTESIAN_POINT('',(1.4,-0.7,0.));
#7472 = LINE('',#7473,#7474);
#7473 = CARTESIAN_POINT('',(1.270530792283,-0.7,0.));
#7474 = VECTOR('',#7475,1.);
#7475 = DIRECTION('',(1.,1.110223024625E-16,0.));
#7476 = ORIENTED_EDGE('',*,*,#7477,.T.);
#7477 = EDGE_CURVE('',#7470,#7478,#7480,.T.);
#7478 = VERTEX_POINT('',#7479);
#7479 = CARTESIAN_POINT('',(1.4,-0.7,0.15));
#7480 = LINE('',#7481,#7482);
#7481 = CARTESIAN_POINT('',(1.4,-0.7,0.));
#7482 = VECTOR('',#7483,1.);
#7483 = DIRECTION('',(0.,0.,1.));
#7484 = ORIENTED_EDGE('',*,*,#7485,.T.);
#7485 = EDGE_CURVE('',#7478,#7486,#7488,.T.);
#7486 = VERTEX_POINT('',#7487);
#7487 = CARTESIAN_POINT('',(1.270530792283,-0.7,0.15));
#7488 = LINE('',#7489,#7490);
#7489 = CARTESIAN_POINT('',(1.4,-0.7,0.15));
#7490 = VECTOR('',#7491,1.);
#7491 = DIRECTION('',(-1.,-1.110223024625E-16,0.));
#7492 = ORIENTED_EDGE('',*,*,#7493,.T.);
#7493 = EDGE_CURVE('',#7486,#7494,#7496,.T.);
#7494 = VERTEX_POINT('',#7495);
#7495 = CARTESIAN_POINT('',(1.172050016982,-0.7,0.232635182233));
#7496 = CIRCLE('',#7497,0.1);
#7497 = AXIS2_PLACEMENT_3D('',#7498,#7499,#7500);
#7498 = CARTESIAN_POINT('',(1.270530792283,-0.7,0.25));
#7499 = DIRECTION('',(-1.110223024625E-16,1.,0.));
#7500 = DIRECTION('',(2.22044604925E-15,2.465190328815E-31,-1.));
#7501 = ORIENTED_EDGE('',*,*,#7502,.T.);
#7502 = EDGE_CURVE('',#7494,#7503,#7505,.T.);
#7503 = VERTEX_POINT('',#7504);
#7504 = CARTESIAN_POINT('',(1.096201938253,-0.7,0.693412044417));
#7505 = LINE('',#7506,#7507);
#7506 = CARTESIAN_POINT('',(1.172050016982,-0.7,0.232635182233));
#7507 = VECTOR('',#7508,1.);
#7508 = DIRECTION('',(-0.162423314012,-1.803261029519E-17,0.986721169868
    ));
#7509 = ORIENTED_EDGE('',*,*,#7510,.T.);
#7510 = EDGE_CURVE('',#7503,#7511,#7513,.T.);
#7511 = VERTEX_POINT('',#7512);
#7512 = CARTESIAN_POINT('',(0.85,-0.7,0.9));
#7513 = CIRCLE('',#7514,0.25);
#7514 = AXIS2_PLACEMENT_3D('',#7515,#7516,#7517);
#7515 = CARTESIAN_POINT('',(0.85,-0.7,0.65));
#7516 = DIRECTION('',(1.110223024625E-16,-1.,0.));
#7517 = DIRECTION('',(0.984807753012,1.093356242223E-16,0.173648177667)
  );
#7518 = ORIENTED_EDGE('',*,*,#7519,.T.);
#7519 = EDGE_CURVE('',#7511,#5899,#7520,.T.);
#7520 = LINE('',#7521,#7522);
#7521 = CARTESIAN_POINT('',(0.85,-0.7,0.9));
#7522 = VECTOR('',#7523,1.);
#7523 = DIRECTION('',(-1.,-1.110223024625E-16,0.));
#7524 = PLANE('',#7525);
#7525 = AXIS2_PLACEMENT_3D('',#7526,#7527,#7528);
#7526 = CARTESIAN_POINT('',(1.069123385139,-0.7,0.441695635315));
#7527 = DIRECTION('',(1.110223024625E-16,-1.,0.));
#7528 = DIRECTION('',(0.,0.,1.));
#7529 = ADVANCED_FACE('',(#7530),#7549,.F.);
#7530 = FACE_BOUND('',#7531,.F.);
#7531 = EDGE_LOOP('',(#7532,#7533,#7542,#7548));
#7532 = ORIENTED_EDGE('',*,*,#5937,.T.);
#7533 = ORIENTED_EDGE('',*,*,#7534,.T.);
#7534 = EDGE_CURVE('',#5930,#7535,#7537,.T.);
#7535 = VERTEX_POINT('',#7536);
#7536 = CARTESIAN_POINT('',(0.948480775301,-1.2,0.667364817767));
#7537 = CIRCLE('',#7538,0.1);
#7538 = AXIS2_PLACEMENT_3D('',#7539,#7540,#7541);
#7539 = CARTESIAN_POINT('',(0.85,-1.2,0.65));
#7540 = DIRECTION('',(-1.110223024625E-16,1.,0.));
#7541 = DIRECTION('',(0.,0.,1.));
#7542 = ORIENTED_EDGE('',*,*,#7543,.F.);
#7543 = EDGE_CURVE('',#7444,#7535,#7544,.T.);
#7544 = LINE('',#7545,#7546);
#7545 = CARTESIAN_POINT('',(0.948480775301,-0.7,0.667364817767));
#7546 = VECTOR('',#7547,1.);
#7547 = DIRECTION('',(1.110223024625E-16,-1.,0.));
#7548 = ORIENTED_EDGE('',*,*,#7443,.F.);
#7549 = CYLINDRICAL_SURFACE('',#7550,0.1);
#7550 = AXIS2_PLACEMENT_3D('',#7551,#7552,#7553);
#7551 = CARTESIAN_POINT('',(0.85,-0.7,0.65));
#7552 = DIRECTION('',(-1.110223024625E-16,1.,0.));
#7553 = DIRECTION('',(0.,0.,1.));
#7554 = ADVANCED_FACE('',(#7555),#7633,.T.);
#7555 = FACE_BOUND('',#7556,.T.);
#7556 = EDGE_LOOP('',(#7557,#7558,#7559,#7560,#7568,#7577,#7585,#7593,
    #7601,#7610,#7618,#7627));
#7557 = ORIENTED_EDGE('',*,*,#5951,.F.);
#7558 = ORIENTED_EDGE('',*,*,#5929,.T.);
#7559 = ORIENTED_EDGE('',*,*,#7534,.T.);
#7560 = ORIENTED_EDGE('',*,*,#7561,.T.);
#7561 = EDGE_CURVE('',#7535,#7562,#7564,.T.);
#7562 = VERTEX_POINT('',#7563);
#7563 = CARTESIAN_POINT('',(1.02432885403,-1.2,0.206587955583));
#7564 = LINE('',#7565,#7566);
#7565 = CARTESIAN_POINT('',(0.948480775301,-1.2,0.667364817767));
#7566 = VECTOR('',#7567,1.);
#7567 = DIRECTION('',(0.162423314012,1.803261029519E-17,-0.986721169868)
  );
#7568 = ORIENTED_EDGE('',*,*,#7569,.T.);
#7569 = EDGE_CURVE('',#7562,#7570,#7572,.T.);
#7570 = VERTEX_POINT('',#7571);
#7571 = CARTESIAN_POINT('',(1.270530792283,-1.2,0.));
#7572 = CIRCLE('',#7573,0.25);
#7573 = AXIS2_PLACEMENT_3D('',#7574,#7575,#7576);
#7574 = CARTESIAN_POINT('',(1.270530792283,-1.2,0.25));
#7575 = DIRECTION('',(1.110223024625E-16,-1.,0.));
#7576 = DIRECTION('',(-0.984807753012,-1.093356242223E-16,
    -0.173648177667));
#7577 = ORIENTED_EDGE('',*,*,#7578,.T.);
#7578 = EDGE_CURVE('',#7570,#7579,#7581,.T.);
#7579 = VERTEX_POINT('',#7580);
#7580 = CARTESIAN_POINT('',(1.4,-1.2,0.));
#7581 = LINE('',#7582,#7583);
#7582 = CARTESIAN_POINT('',(1.270530792283,-1.2,0.));
#7583 = VECTOR('',#7584,1.);
#7584 = DIRECTION('',(1.,1.110223024625E-16,0.));
#7585 = ORIENTED_EDGE('',*,*,#7586,.T.);
#7586 = EDGE_CURVE('',#7579,#7587,#7589,.T.);
#7587 = VERTEX_POINT('',#7588);
#7588 = CARTESIAN_POINT('',(1.4,-1.2,0.15));
#7589 = LINE('',#7590,#7591);
#7590 = CARTESIAN_POINT('',(1.4,-1.2,0.));
#7591 = VECTOR('',#7592,1.);
#7592 = DIRECTION('',(0.,0.,1.));
#7593 = ORIENTED_EDGE('',*,*,#7594,.T.);
#7594 = EDGE_CURVE('',#7587,#7595,#7597,.T.);
#7595 = VERTEX_POINT('',#7596);
#7596 = CARTESIAN_POINT('',(1.270530792283,-1.2,0.15));
#7597 = LINE('',#7598,#7599);
#7598 = CARTESIAN_POINT('',(1.4,-1.2,0.15));
#7599 = VECTOR('',#7600,1.);
#7600 = DIRECTION('',(-1.,-1.110223024625E-16,0.));
#7601 = ORIENTED_EDGE('',*,*,#7602,.T.);
#7602 = EDGE_CURVE('',#7595,#7603,#7605,.T.);
#7603 = VERTEX_POINT('',#7604);
#7604 = CARTESIAN_POINT('',(1.172050016982,-1.2,0.232635182233));
#7605 = CIRCLE('',#7606,0.1);
#7606 = AXIS2_PLACEMENT_3D('',#7607,#7608,#7609);
#7607 = CARTESIAN_POINT('',(1.270530792283,-1.2,0.25));
#7608 = DIRECTION('',(-1.110223024625E-16,1.,0.));
#7609 = DIRECTION('',(2.22044604925E-15,2.465190328815E-31,-1.));
#7610 = ORIENTED_EDGE('',*,*,#7611,.T.);
#7611 = EDGE_CURVE('',#7603,#7612,#7614,.T.);
#7612 = VERTEX_POINT('',#7613);
#7613 = CARTESIAN_POINT('',(1.096201938253,-1.2,0.693412044417));
#7614 = LINE('',#7615,#7616);
#7615 = CARTESIAN_POINT('',(1.172050016982,-1.2,0.232635182233));
#7616 = VECTOR('',#7617,1.);
#7617 = DIRECTION('',(-0.162423314012,-1.803261029519E-17,0.986721169868
    ));
#7618 = ORIENTED_EDGE('',*,*,#7619,.T.);
#7619 = EDGE_CURVE('',#7612,#7620,#7622,.T.);
#7620 = VERTEX_POINT('',#7621);
#7621 = CARTESIAN_POINT('',(0.85,-1.2,0.9));
#7622 = CIRCLE('',#7623,0.25);
#7623 = AXIS2_PLACEMENT_3D('',#7624,#7625,#7626);
#7624 = CARTESIAN_POINT('',(0.85,-1.2,0.65));
#7625 = DIRECTION('',(1.110223024625E-16,-1.,0.));
#7626 = DIRECTION('',(0.984807753012,1.093356242223E-16,0.173648177667)
  );
#7627 = ORIENTED_EDGE('',*,*,#7628,.T.);
#7628 = EDGE_CURVE('',#7620,#5952,#7629,.T.);
#7629 = LINE('',#7630,#7631);
#7630 = CARTESIAN_POINT('',(0.85,-1.2,0.9));
#7631 = VECTOR('',#7632,1.);
#7632 = DIRECTION('',(-1.,-1.110223024625E-16,0.));
#7633 = PLANE('',#7634);
#7634 = AXIS2_PLACEMENT_3D('',#7635,#7636,#7637);
#7635 = CARTESIAN_POINT('',(1.069123385139,-1.2,0.441695635315));
#7636 = DIRECTION('',(1.110223024625E-16,-1.,0.));
#7637 = DIRECTION('',(0.,0.,1.));
#7638 = ADVANCED_FACE('',(#7639),#7650,.T.);
#7639 = FACE_BOUND('',#7640,.T.);
#7640 = EDGE_LOOP('',(#7641,#7642,#7643,#7644));
#7641 = ORIENTED_EDGE('',*,*,#6896,.T.);
#7642 = ORIENTED_EDGE('',*,*,#6052,.T.);
#7643 = ORIENTED_EDGE('',*,*,#6998,.F.);
#7644 = ORIENTED_EDGE('',*,*,#7645,.F.);
#7645 = EDGE_CURVE('',#6889,#6991,#7646,.T.);
#7646 = LINE('',#7647,#7648);
#7647 = CARTESIAN_POINT('',(-1.096201938253,0.7,0.693412044417));
#7648 = VECTOR('',#7649,1.);
#7649 = DIRECTION('',(1.144237745222E-17,1.,0.));
#7650 = CYLINDRICAL_SURFACE('',#7651,0.25);
#7651 = AXIS2_PLACEMENT_3D('',#7652,#7653,#7654);
#7652 = CARTESIAN_POINT('',(-0.85,0.7,0.65));
#7653 = DIRECTION('',(-1.144237745222E-17,-1.,0.));
#7654 = DIRECTION('',(-0.984807753012,1.126854202784E-17,0.173648177667)
  );
#7655 = ADVANCED_FACE('',(#7656),#7669,.F.);
#7656 = FACE_BOUND('',#7657,.F.);
#7657 = EDGE_LOOP('',(#7658,#7659,#7665,#7666,#7667,#7668));
#7658 = ORIENTED_EDGE('',*,*,#6464,.F.);
#7659 = ORIENTED_EDGE('',*,*,#7660,.T.);
#7660 = EDGE_CURVE('',#6456,#6565,#7661,.T.);
#7661 = LINE('',#7662,#7663);
#7662 = CARTESIAN_POINT('',(-0.85,-1.2,0.9));
#7663 = VECTOR('',#7664,1.);
#7664 = DIRECTION('',(1.144237745222E-17,1.,0.));
#7665 = ORIENTED_EDGE('',*,*,#6573,.T.);
#7666 = ORIENTED_EDGE('',*,*,#6595,.T.);
#7667 = ORIENTED_EDGE('',*,*,#6099,.F.);
#7668 = ORIENTED_EDGE('',*,*,#6338,.F.);
#7669 = PLANE('',#7670);
#7670 = AXIS2_PLACEMENT_3D('',#7671,#7672,#7673);
#7671 = CARTESIAN_POINT('',(-0.85,-1.2,0.9));
#7672 = DIRECTION('',(0.,0.,-1.));
#7673 = DIRECTION('',(1.,-1.144237745222E-17,0.));
#7674 = ADVANCED_FACE('',(#7675),#7688,.F.);
#7675 = FACE_BOUND('',#7676,.F.);
#7676 = EDGE_LOOP('',(#7677,#7678,#7684,#7685,#7686,#7687));
#7677 = ORIENTED_EDGE('',*,*,#6687,.F.);
#7678 = ORIENTED_EDGE('',*,*,#7679,.T.);
#7679 = EDGE_CURVE('',#6679,#6788,#7680,.T.);
#7680 = LINE('',#7681,#7682);
#7681 = CARTESIAN_POINT('',(-0.85,-0.25,0.9));
#7682 = VECTOR('',#7683,1.);
#7683 = DIRECTION('',(1.144237745222E-17,1.,0.));
#7684 = ORIENTED_EDGE('',*,*,#6796,.T.);
#7685 = ORIENTED_EDGE('',*,*,#6813,.T.);
#7686 = ORIENTED_EDGE('',*,*,#6115,.F.);
#7687 = ORIENTED_EDGE('',*,*,#6588,.F.);
#7688 = PLANE('',#7689);
#7689 = AXIS2_PLACEMENT_3D('',#7690,#7691,#7692);
#7690 = CARTESIAN_POINT('',(-0.85,-0.25,0.9));
#7691 = DIRECTION('',(0.,0.,-1.));
#7692 = DIRECTION('',(1.,-1.144237745222E-17,0.));
#7693 = ADVANCED_FACE('',(#7694,#7723),#7734,.T.);
#7694 = FACE_BOUND('',#7695,.T.);
#7695 = EDGE_LOOP('',(#7696,#7697,#7698,#7699,#7707,#7715,#7721,#7722));
#7696 = ORIENTED_EDGE('',*,*,#6190,.F.);
#7697 = ORIENTED_EDGE('',*,*,#6167,.F.);
#7698 = ORIENTED_EDGE('',*,*,#6138,.F.);
#7699 = ORIENTED_EDGE('',*,*,#7700,.F.);
#7700 = EDGE_CURVE('',#7701,#6139,#7703,.T.);
#7701 = VERTEX_POINT('',#7702);
#7702 = CARTESIAN_POINT('',(-0.646824228722,-1.333648457443,1.55));
#7703 = LINE('',#7704,#7705);
#7704 = CARTESIAN_POINT('',(-0.646824228722,-1.333648457443,1.55));
#7705 = VECTOR('',#7706,1.);
#7706 = DIRECTION('',(-0.707106781187,0.707106781187,0.));
#7707 = ORIENTED_EDGE('',*,*,#7708,.F.);
#7708 = EDGE_CURVE('',#7709,#7701,#7711,.T.);
#7709 = VERTEX_POINT('',#7710);
#7710 = CARTESIAN_POINT('',(0.646824228722,-1.333648457443,1.55));
#7711 = LINE('',#7712,#7713);
#7712 = CARTESIAN_POINT('',(0.646824228722,-1.333648457443,1.55));
#7713 = VECTOR('',#7714,1.);
#7714 = DIRECTION('',(-1.,-1.110223024625E-16,0.));
#7715 = ORIENTED_EDGE('',*,*,#7716,.F.);
#7716 = EDGE_CURVE('',#6278,#7709,#7717,.T.);
#7717 = LINE('',#7718,#7719);
#7718 = CARTESIAN_POINT('',(0.683648457443,-1.296824228722,1.55));
#7719 = VECTOR('',#7720,1.);
#7720 = DIRECTION('',(-0.707106781187,-0.707106781187,0.));
#7721 = ORIENTED_EDGE('',*,*,#6284,.F.);
#7722 = ORIENTED_EDGE('',*,*,#6213,.F.);
#7723 = FACE_BOUND('',#7724,.T.);
#7724 = EDGE_LOOP('',(#7725));
#7725 = ORIENTED_EDGE('',*,*,#7726,.T.);
#7726 = EDGE_CURVE('',#7727,#7727,#7729,.T.);
#7727 = VERTEX_POINT('',#7728);
#7728 = CARTESIAN_POINT('',(-0.333648457443,0.858648457443,1.55));
#7729 = CIRCLE('',#7730,0.125);
#7730 = AXIS2_PLACEMENT_3D('',#7731,#7732,#7733);
#7731 = CARTESIAN_POINT('',(-0.333648457443,0.983648457443,1.55));
#7732 = DIRECTION('',(0.,-0.,-1.));
#7733 = DIRECTION('',(1.110223024625E-16,-1.,0.));
#7734 = PLANE('',#7735);
#7735 = AXIS2_PLACEMENT_3D('',#7736,#7737,#7738);
#7736 = CARTESIAN_POINT('',(-0.646824228722,1.333648457443,1.55));
#7737 = DIRECTION('',(0.,0.,1.));
#7738 = DIRECTION('',(0.436386464522,-0.899759330922,0.));
#7739 = ADVANCED_FACE('',(#7740),#7750,.F.);
#7740 = FACE_BOUND('',#7741,.F.);
#7741 = EDGE_LOOP('',(#7742,#7743,#7744,#7745));
#7742 = ORIENTED_EDGE('',*,*,#6345,.T.);
#7743 = ORIENTED_EDGE('',*,*,#6146,.T.);
#7744 = ORIENTED_EDGE('',*,*,#7700,.F.);
#7745 = ORIENTED_EDGE('',*,*,#7746,.F.);
#7746 = EDGE_CURVE('',#6346,#7701,#7747,.T.);
#7747 = B_SPLINE_CURVE_WITH_KNOTS('',1,(#7748,#7749),.UNSPECIFIED.,.F.,
  .F.,(2,2),(0.,1.),.PIECEWISE_BEZIER_KNOTS.);
#7748 = CARTESIAN_POINT('',(-0.6925,-1.425,0.9));
#7749 = CARTESIAN_POINT('',(-0.646824228722,-1.333648457443,1.55));
#7750 = B_SPLINE_SURFACE_WITH_KNOTS('',1,1,(
    (#7751,#7752)
    ,(#7753,#7754
    )),.UNSPECIFIED.,.F.,.F.,.F.,(2,2),(2,2),(0.,0.116672618896),(0.,1.)
  ,.PIECEWISE_BEZIER_KNOTS.);
#7751 = CARTESIAN_POINT('',(-0.6925,-1.425,0.9));
#7752 = CARTESIAN_POINT('',(-0.646824228722,-1.333648457443,1.55));
#7753 = CARTESIAN_POINT('',(-0.775,-1.3425,0.9));
#7754 = CARTESIAN_POINT('',(-0.683648457443,-1.296824228722,1.55));
#7755 = ADVANCED_FACE('',(#7756),#7769,.F.);
#7756 = FACE_BOUND('',#7757,.F.);
#7757 = EDGE_LOOP('',(#7758,#7759,#7765,#7766,#7767,#7768));
#7758 = ORIENTED_EDGE('',*,*,#7296,.F.);
#7759 = ORIENTED_EDGE('',*,*,#7760,.T.);
#7760 = EDGE_CURVE('',#7288,#7397,#7761,.T.);
#7761 = LINE('',#7762,#7763);
#7762 = CARTESIAN_POINT('',(0.85,0.25,0.9));
#7763 = VECTOR('',#7764,1.);
#7764 = DIRECTION('',(1.110223024625E-16,-1.,0.));
#7765 = ORIENTED_EDGE('',*,*,#7405,.T.);
#7766 = ORIENTED_EDGE('',*,*,#7419,.T.);
#7767 = ORIENTED_EDGE('',*,*,#6245,.F.);
#7768 = ORIENTED_EDGE('',*,*,#7203,.F.);
#7769 = PLANE('',#7770);
#7770 = AXIS2_PLACEMENT_3D('',#7771,#7772,#7773);
#7771 = CARTESIAN_POINT('',(0.85,0.25,0.9));
#7772 = DIRECTION('',(0.,0.,-1.));
#7773 = DIRECTION('',(-1.,-1.110223024625E-16,-0.));
#7774 = ADVANCED_FACE('',(#7775),#7788,.F.);
#7775 = FACE_BOUND('',#7776,.F.);
#7776 = EDGE_LOOP('',(#7777,#7778,#7784,#7785,#7786,#7787));
#7777 = ORIENTED_EDGE('',*,*,#7519,.F.);
#7778 = ORIENTED_EDGE('',*,*,#7779,.T.);
#7779 = EDGE_CURVE('',#7511,#7620,#7780,.T.);
#7780 = LINE('',#7781,#7782);
#7781 = CARTESIAN_POINT('',(0.85,-0.7,0.9));
#7782 = VECTOR('',#7783,1.);
#7783 = DIRECTION('',(1.110223024625E-16,-1.,0.));
#7784 = ORIENTED_EDGE('',*,*,#7628,.T.);
#7785 = ORIENTED_EDGE('',*,*,#6368,.T.);
#7786 = ORIENTED_EDGE('',*,*,#6261,.F.);
#7787 = ORIENTED_EDGE('',*,*,#7426,.F.);
#7788 = PLANE('',#7789);
#7789 = AXIS2_PLACEMENT_3D('',#7790,#7791,#7792);
#7790 = CARTESIAN_POINT('',(0.85,-0.7,0.9));
#7791 = DIRECTION('',(0.,0.,-1.));
#7792 = DIRECTION('',(-1.,-1.110223024625E-16,-0.));
#7793 = ADVANCED_FACE('',(#7794),#7804,.F.);
#7794 = FACE_BOUND('',#7795,.F.);
#7795 = EDGE_LOOP('',(#7796,#7797,#7802,#7803));
#7796 = ORIENTED_EDGE('',*,*,#6361,.T.);
#7797 = ORIENTED_EDGE('',*,*,#7798,.T.);
#7798 = EDGE_CURVE('',#6354,#7709,#7799,.T.);
#7799 = B_SPLINE_CURVE_WITH_KNOTS('',1,(#7800,#7801),.UNSPECIFIED.,.F.,
  .F.,(2,2),(0.,1.),.PIECEWISE_BEZIER_KNOTS.);
#7800 = CARTESIAN_POINT('',(0.6925,-1.425,0.9));
#7801 = CARTESIAN_POINT('',(0.646824228722,-1.333648457443,1.55));
#7802 = ORIENTED_EDGE('',*,*,#7716,.F.);
#7803 = ORIENTED_EDGE('',*,*,#6277,.F.);
#7804 = B_SPLINE_SURFACE_WITH_KNOTS('',1,1,(
    (#7805,#7806)
    ,(#7807,#7808
    )),.UNSPECIFIED.,.F.,.F.,.F.,(2,2),(2,2),(0.,0.116672618896),(0.,1.)
  ,.PIECEWISE_BEZIER_KNOTS.);
#7805 = CARTESIAN_POINT('',(0.775,-1.3425,0.9));
#7806 = CARTESIAN_POINT('',(0.683648457443,-1.296824228722,1.55));
#7807 = CARTESIAN_POINT('',(0.6925,-1.425,0.9));
#7808 = CARTESIAN_POINT('',(0.646824228722,-1.333648457443,1.55));
#7809 = ADVANCED_FACE('',(#7810),#7821,.T.);
#7810 = FACE_BOUND('',#7811,.T.);
#7811 = EDGE_LOOP('',(#7812,#7813,#7814,#7815));
#7812 = ORIENTED_EDGE('',*,*,#7083,.T.);
#7813 = ORIENTED_EDGE('',*,*,#6307,.T.);
#7814 = ORIENTED_EDGE('',*,*,#7185,.F.);
#7815 = ORIENTED_EDGE('',*,*,#7816,.F.);
#7816 = EDGE_CURVE('',#7076,#7178,#7817,.T.);
#7817 = LINE('',#7818,#7819);
#7818 = CARTESIAN_POINT('',(1.096201938253,1.2,0.693412044417));
#7819 = VECTOR('',#7820,1.);
#7820 = DIRECTION('',(1.110223024625E-16,-1.,0.));
#7821 = CYLINDRICAL_SURFACE('',#7822,0.25);
#7822 = AXIS2_PLACEMENT_3D('',#7823,#7824,#7825);
#7823 = CARTESIAN_POINT('',(0.85,1.2,0.65));
#7824 = DIRECTION('',(-1.110223024625E-16,1.,0.));
#7825 = DIRECTION('',(0.984807753012,1.093356242223E-16,0.173648177667)
  );
#7826 = ADVANCED_FACE('',(#7827),#7833,.F.);
#7827 = FACE_BOUND('',#7828,.F.);
#7828 = EDGE_LOOP('',(#7829,#7830,#7831,#7832));
#7829 = ORIENTED_EDGE('',*,*,#6353,.T.);
#7830 = ORIENTED_EDGE('',*,*,#7746,.T.);
#7831 = ORIENTED_EDGE('',*,*,#7708,.F.);
#7832 = ORIENTED_EDGE('',*,*,#7798,.F.);
#7833 = B_SPLINE_SURFACE_WITH_KNOTS('',1,1,(
    (#7834,#7835)
    ,(#7836,#7837
    )),.UNSPECIFIED.,.F.,.F.,.F.,(2,2),(2,2),(0.,1.385),(0.,1.),
  .PIECEWISE_BEZIER_KNOTS.);
#7834 = CARTESIAN_POINT('',(0.6925,-1.425,0.9));
#7835 = CARTESIAN_POINT('',(0.646824228722,-1.333648457443,1.55));
#7836 = CARTESIAN_POINT('',(-0.6925,-1.425,0.9));
#7837 = CARTESIAN_POINT('',(-0.646824228722,-1.333648457443,1.55));
#7838 = ADVANCED_FACE('',(#7839),#7850,.T.);
#7839 = FACE_BOUND('',#7840,.T.);
#7840 = EDGE_LOOP('',(#7841,#7842,#7843,#7844));
#7841 = ORIENTED_EDGE('',*,*,#6455,.T.);
#7842 = ORIENTED_EDGE('',*,*,#7660,.T.);
#7843 = ORIENTED_EDGE('',*,*,#6564,.F.);
#7844 = ORIENTED_EDGE('',*,*,#7845,.F.);
#7845 = EDGE_CURVE('',#6448,#6557,#7846,.T.);
#7846 = LINE('',#7847,#7848);
#7847 = CARTESIAN_POINT('',(-1.096201938253,-1.2,0.693412044417));
#7848 = VECTOR('',#7849,1.);
#7849 = DIRECTION('',(1.144237745222E-17,1.,0.));
#7850 = CYLINDRICAL_SURFACE('',#7851,0.25);
#7851 = AXIS2_PLACEMENT_3D('',#7852,#7853,#7854);
#7852 = CARTESIAN_POINT('',(-0.85,-1.2,0.65));
#7853 = DIRECTION('',(-1.144237745222E-17,-1.,0.));
#7854 = DIRECTION('',(-0.984807753012,1.126854202784E-17,0.173648177667)
  );
#7855 = ADVANCED_FACE('',(#7856),#7867,.F.);
#7856 = FACE_BOUND('',#7857,.F.);
#7857 = EDGE_LOOP('',(#7858,#7864,#7865,#7866));
#7858 = ORIENTED_EDGE('',*,*,#7859,.T.);
#7859 = EDGE_CURVE('',#6439,#6548,#7860,.T.);
#7860 = LINE('',#7861,#7862);
#7861 = CARTESIAN_POINT('',(-1.172050016982,-1.2,0.232635182233));
#7862 = VECTOR('',#7863,1.);
#7863 = DIRECTION('',(1.144237745222E-17,1.,0.));
#7864 = ORIENTED_EDGE('',*,*,#6556,.T.);
#7865 = ORIENTED_EDGE('',*,*,#7845,.F.);
#7866 = ORIENTED_EDGE('',*,*,#6447,.F.);
#7867 = PLANE('',#7868);
#7868 = AXIS2_PLACEMENT_3D('',#7869,#7870,#7871);
#7869 = CARTESIAN_POINT('',(-1.172050016982,-1.2,0.232635182233));
#7870 = DIRECTION('',(0.986721169868,-1.129043606572E-17,-0.162423314012
    ));
#7871 = DIRECTION('',(0.162423314012,-1.858508865964E-18,0.986721169868)
  );
#7872 = ADVANCED_FACE('',(#7873),#7884,.F.);
#7873 = FACE_BOUND('',#7874,.F.);
#7874 = EDGE_LOOP('',(#7875,#7881,#7882,#7883));
#7875 = ORIENTED_EDGE('',*,*,#7876,.T.);
#7876 = EDGE_CURVE('',#6431,#6540,#7877,.T.);
#7877 = LINE('',#7878,#7879);
#7878 = CARTESIAN_POINT('',(-1.270530792283,-1.2,0.15));
#7879 = VECTOR('',#7880,1.);
#7880 = DIRECTION('',(1.144237745222E-17,1.,0.));
#7881 = ORIENTED_EDGE('',*,*,#6547,.T.);
#7882 = ORIENTED_EDGE('',*,*,#7859,.F.);
#7883 = ORIENTED_EDGE('',*,*,#6438,.F.);
#7884 = CYLINDRICAL_SURFACE('',#7885,0.1);
#7885 = AXIS2_PLACEMENT_3D('',#7886,#7887,#7888);
#7886 = CARTESIAN_POINT('',(-1.270530792283,-1.2,0.25));
#7887 = DIRECTION('',(-1.144237745222E-17,-1.,0.));
#7888 = DIRECTION('',(-2.22044604925E-15,2.540718180781E-32,-1.));
#7889 = ADVANCED_FACE('',(#7890),#7901,.F.);
#7890 = FACE_BOUND('',#7891,.F.);
#7891 = EDGE_LOOP('',(#7892,#7898,#7899,#7900));
#7892 = ORIENTED_EDGE('',*,*,#7893,.T.);
#7893 = EDGE_CURVE('',#6423,#6532,#7894,.T.);
#7894 = LINE('',#7895,#7896);
#7895 = CARTESIAN_POINT('',(-1.4,-1.2,0.15));
#7896 = VECTOR('',#7897,1.);
#7897 = DIRECTION('',(1.144237745222E-17,1.,0.));
#7898 = ORIENTED_EDGE('',*,*,#6539,.T.);
#7899 = ORIENTED_EDGE('',*,*,#7876,.F.);
#7900 = ORIENTED_EDGE('',*,*,#6430,.F.);
#7901 = PLANE('',#7902);
#7902 = AXIS2_PLACEMENT_3D('',#7903,#7904,#7905);
#7903 = CARTESIAN_POINT('',(-1.4,-1.2,0.15));
#7904 = DIRECTION('',(0.,0.,-1.));
#7905 = DIRECTION('',(1.,-1.144237745222E-17,0.));
#7906 = ADVANCED_FACE('',(#7907),#7918,.F.);
#7907 = FACE_BOUND('',#7908,.F.);
#7908 = EDGE_LOOP('',(#7909,#7915,#7916,#7917));
#7909 = ORIENTED_EDGE('',*,*,#7910,.T.);
#7910 = EDGE_CURVE('',#6415,#6524,#7911,.T.);
#7911 = LINE('',#7912,#7913);
#7912 = CARTESIAN_POINT('',(-1.4,-1.2,0.));
#7913 = VECTOR('',#7914,1.);
#7914 = DIRECTION('',(1.144237745222E-17,1.,0.));
#7915 = ORIENTED_EDGE('',*,*,#6531,.T.);
#7916 = ORIENTED_EDGE('',*,*,#7893,.F.);
#7917 = ORIENTED_EDGE('',*,*,#6422,.F.);
#7918 = PLANE('',#7919);
#7919 = AXIS2_PLACEMENT_3D('',#7920,#7921,#7922);
#7920 = CARTESIAN_POINT('',(-1.4,-1.2,0.));
#7921 = DIRECTION('',(1.,-1.144237745222E-17,0.));
#7922 = DIRECTION('',(0.,0.,1.));
#7923 = ADVANCED_FACE('',(#7924),#7935,.F.);
#7924 = FACE_BOUND('',#7925,.F.);
#7925 = EDGE_LOOP('',(#7926,#7932,#7933,#7934));
#7926 = ORIENTED_EDGE('',*,*,#7927,.T.);
#7927 = EDGE_CURVE('',#6406,#6515,#7928,.T.);
#7928 = LINE('',#7929,#7930);
#7929 = CARTESIAN_POINT('',(-1.270530792283,-1.2,0.));
#7930 = VECTOR('',#7931,1.);
#7931 = DIRECTION('',(1.144237745222E-17,1.,0.));
#7932 = ORIENTED_EDGE('',*,*,#6523,.T.);
#7933 = ORIENTED_EDGE('',*,*,#7910,.F.);
#7934 = ORIENTED_EDGE('',*,*,#6414,.F.);
#7935 = PLANE('',#7936);
#7936 = AXIS2_PLACEMENT_3D('',#7937,#7938,#7939);
#7937 = CARTESIAN_POINT('',(-1.270530792283,-1.2,0.));
#7938 = DIRECTION('',(0.,0.,1.));
#7939 = DIRECTION('',(-1.,1.144237745222E-17,0.));
#7940 = ADVANCED_FACE('',(#7941),#7952,.T.);
#7941 = FACE_BOUND('',#7942,.T.);
#7942 = EDGE_LOOP('',(#7943,#7944,#7945,#7946));
#7943 = ORIENTED_EDGE('',*,*,#6405,.T.);
#7944 = ORIENTED_EDGE('',*,*,#7927,.T.);
#7945 = ORIENTED_EDGE('',*,*,#6514,.F.);
#7946 = ORIENTED_EDGE('',*,*,#7947,.F.);
#7947 = EDGE_CURVE('',#6398,#6507,#7948,.T.);
#7948 = LINE('',#7949,#7950);
#7949 = CARTESIAN_POINT('',(-1.02432885403,-1.2,0.206587955583));
#7950 = VECTOR('',#7951,1.);
#7951 = DIRECTION('',(1.144237745222E-17,1.,0.));
#7952 = CYLINDRICAL_SURFACE('',#7953,0.25);
#7953 = AXIS2_PLACEMENT_3D('',#7954,#7955,#7956);
#7954 = CARTESIAN_POINT('',(-1.270530792283,-1.2,0.25));
#7955 = DIRECTION('',(-1.144237745222E-17,-1.,0.));
#7956 = DIRECTION('',(0.984807753012,-1.126854202784E-17,-0.173648177667
    ));
#7957 = ADVANCED_FACE('',(#7958),#7964,.F.);
#7958 = FACE_BOUND('',#7959,.F.);
#7959 = EDGE_LOOP('',(#7960,#7961,#7962,#7963));
#7960 = ORIENTED_EDGE('',*,*,#6488,.T.);
#7961 = ORIENTED_EDGE('',*,*,#6506,.T.);
#7962 = ORIENTED_EDGE('',*,*,#7947,.F.);
#7963 = ORIENTED_EDGE('',*,*,#6397,.F.);
#7964 = PLANE('',#7965);
#7965 = AXIS2_PLACEMENT_3D('',#7966,#7967,#7968);
#7966 = CARTESIAN_POINT('',(-0.948480775301,-1.2,0.667364817767));
#7967 = DIRECTION('',(-0.986721169868,1.129043606572E-17,0.162423314012)
  );
#7968 = DIRECTION('',(-0.162423314012,1.858508865964E-18,-0.986721169868
    ));
#7969 = ADVANCED_FACE('',(#7970),#7981,.T.);
#7970 = FACE_BOUND('',#7971,.T.);
#7971 = EDGE_LOOP('',(#7972,#7973,#7974,#7975));
#7972 = ORIENTED_EDGE('',*,*,#6678,.T.);
#7973 = ORIENTED_EDGE('',*,*,#7679,.T.);
#7974 = ORIENTED_EDGE('',*,*,#6787,.F.);
#7975 = ORIENTED_EDGE('',*,*,#7976,.F.);
#7976 = EDGE_CURVE('',#6671,#6780,#7977,.T.);
#7977 = LINE('',#7978,#7979);
#7978 = CARTESIAN_POINT('',(-1.096201938253,-0.25,0.693412044417));
#7979 = VECTOR('',#7980,1.);
#7980 = DIRECTION('',(1.144237745222E-17,1.,0.));
#7981 = CYLINDRICAL_SURFACE('',#7982,0.25);
#7982 = AXIS2_PLACEMENT_3D('',#7983,#7984,#7985);
#7983 = CARTESIAN_POINT('',(-0.85,-0.25,0.65));
#7984 = DIRECTION('',(-1.144237745222E-17,-1.,0.));
#7985 = DIRECTION('',(-0.984807753012,1.126854202784E-17,0.173648177667)
  );
#7986 = ADVANCED_FACE('',(#7987),#7998,.F.);
#7987 = FACE_BOUND('',#7988,.F.);
#7988 = EDGE_LOOP('',(#7989,#7995,#7996,#7997));
#7989 = ORIENTED_EDGE('',*,*,#7990,.T.);
#7990 = EDGE_CURVE('',#6662,#6771,#7991,.T.);
#7991 = LINE('',#7992,#7993);
#7992 = CARTESIAN_POINT('',(-1.172050016982,-0.25,0.232635182233));
#7993 = VECTOR('',#7994,1.);
#7994 = DIRECTION('',(1.144237745222E-17,1.,0.));
#7995 = ORIENTED_EDGE('',*,*,#6779,.T.);
#7996 = ORIENTED_EDGE('',*,*,#7976,.F.);
#7997 = ORIENTED_EDGE('',*,*,#6670,.F.);
#7998 = PLANE('',#7999);
#7999 = AXIS2_PLACEMENT_3D('',#8000,#8001,#8002);
#8000 = CARTESIAN_POINT('',(-1.172050016982,-0.25,0.232635182233));
#8001 = DIRECTION('',(0.986721169868,-1.129043606572E-17,-0.162423314012
    ));
#8002 = DIRECTION('',(0.162423314012,-1.858508865964E-18,0.986721169868)
  );
#8003 = ADVANCED_FACE('',(#8004),#8015,.F.);
#8004 = FACE_BOUND('',#8005,.F.);
#8005 = EDGE_LOOP('',(#8006,#8012,#8013,#8014));
#8006 = ORIENTED_EDGE('',*,*,#8007,.T.);
#8007 = EDGE_CURVE('',#6654,#6763,#8008,.T.);
#8008 = LINE('',#8009,#8010);
#8009 = CARTESIAN_POINT('',(-1.270530792283,-0.25,0.15));
#8010 = VECTOR('',#8011,1.);
#8011 = DIRECTION('',(1.144237745222E-17,1.,0.));
#8012 = ORIENTED_EDGE('',*,*,#6770,.T.);
#8013 = ORIENTED_EDGE('',*,*,#7990,.F.);
#8014 = ORIENTED_EDGE('',*,*,#6661,.F.);
#8015 = CYLINDRICAL_SURFACE('',#8016,0.1);
#8016 = AXIS2_PLACEMENT_3D('',#8017,#8018,#8019);
#8017 = CARTESIAN_POINT('',(-1.270530792283,-0.25,0.25));
#8018 = DIRECTION('',(-1.144237745222E-17,-1.,0.));
#8019 = DIRECTION('',(-2.22044604925E-15,2.540718180781E-32,-1.));
#8020 = ADVANCED_FACE('',(#8021),#8032,.F.);
#8021 = FACE_BOUND('',#8022,.F.);
#8022 = EDGE_LOOP('',(#8023,#8029,#8030,#8031));
#8023 = ORIENTED_EDGE('',*,*,#8024,.T.);
#8024 = EDGE_CURVE('',#6646,#6755,#8025,.T.);
#8025 = LINE('',#8026,#8027);
#8026 = CARTESIAN_POINT('',(-1.4,-0.25,0.15));
#8027 = VECTOR('',#8028,1.);
#8028 = DIRECTION('',(1.144237745222E-17,1.,0.));
#8029 = ORIENTED_EDGE('',*,*,#6762,.T.);
#8030 = ORIENTED_EDGE('',*,*,#8007,.F.);
#8031 = ORIENTED_EDGE('',*,*,#6653,.F.);
#8032 = PLANE('',#8033);
#8033 = AXIS2_PLACEMENT_3D('',#8034,#8035,#8036);
#8034 = CARTESIAN_POINT('',(-1.4,-0.25,0.15));
#8035 = DIRECTION('',(0.,0.,-1.));
#8036 = DIRECTION('',(1.,-1.144237745222E-17,0.));
#8037 = ADVANCED_FACE('',(#8038),#8049,.F.);
#8038 = FACE_BOUND('',#8039,.F.);
#8039 = EDGE_LOOP('',(#8040,#8046,#8047,#8048));
#8040 = ORIENTED_EDGE('',*,*,#8041,.T.);
#8041 = EDGE_CURVE('',#6638,#6747,#8042,.T.);
#8042 = LINE('',#8043,#8044);
#8043 = CARTESIAN_POINT('',(-1.4,-0.25,0.));
#8044 = VECTOR('',#8045,1.);
#8045 = DIRECTION('',(1.144237745222E-17,1.,0.));
#8046 = ORIENTED_EDGE('',*,*,#6754,.T.);
#8047 = ORIENTED_EDGE('',*,*,#8024,.F.);
#8048 = ORIENTED_EDGE('',*,*,#6645,.F.);
#8049 = PLANE('',#8050);
#8050 = AXIS2_PLACEMENT_3D('',#8051,#8052,#8053);
#8051 = CARTESIAN_POINT('',(-1.4,-0.25,0.));
#8052 = DIRECTION('',(1.,-1.144237745222E-17,0.));
#8053 = DIRECTION('',(0.,0.,1.));
#8054 = ADVANCED_FACE('',(#8055),#8066,.F.);
#8055 = FACE_BOUND('',#8056,.F.);
#8056 = EDGE_LOOP('',(#8057,#8063,#8064,#8065));
#8057 = ORIENTED_EDGE('',*,*,#8058,.T.);
#8058 = EDGE_CURVE('',#6629,#6738,#8059,.T.);
#8059 = LINE('',#8060,#8061);
#8060 = CARTESIAN_POINT('',(-1.270530792283,-0.25,0.));
#8061 = VECTOR('',#8062,1.);
#8062 = DIRECTION('',(1.144237745222E-17,1.,0.));
#8063 = ORIENTED_EDGE('',*,*,#6746,.T.);
#8064 = ORIENTED_EDGE('',*,*,#8041,.F.);
#8065 = ORIENTED_EDGE('',*,*,#6637,.F.);
#8066 = PLANE('',#8067);
#8067 = AXIS2_PLACEMENT_3D('',#8068,#8069,#8070);
#8068 = CARTESIAN_POINT('',(-1.270530792283,-0.25,0.));
#8069 = DIRECTION('',(0.,0.,1.));
#8070 = DIRECTION('',(-1.,1.144237745222E-17,0.));
#8071 = ADVANCED_FACE('',(#8072),#8083,.T.);
#8072 = FACE_BOUND('',#8073,.T.);
#8073 = EDGE_LOOP('',(#8074,#8075,#8076,#8077));
#8074 = ORIENTED_EDGE('',*,*,#6628,.T.);
#8075 = ORIENTED_EDGE('',*,*,#8058,.T.);
#8076 = ORIENTED_EDGE('',*,*,#6737,.F.);
#8077 = ORIENTED_EDGE('',*,*,#8078,.F.);
#8078 = EDGE_CURVE('',#6621,#6730,#8079,.T.);
#8079 = LINE('',#8080,#8081);
#8080 = CARTESIAN_POINT('',(-1.02432885403,-0.25,0.206587955583));
#8081 = VECTOR('',#8082,1.);
#8082 = DIRECTION('',(1.144237745222E-17,1.,0.));
#8083 = CYLINDRICAL_SURFACE('',#8084,0.25);
#8084 = AXIS2_PLACEMENT_3D('',#8085,#8086,#8087);
#8085 = CARTESIAN_POINT('',(-1.270530792283,-0.25,0.25));
#8086 = DIRECTION('',(-1.144237745222E-17,-1.,0.));
#8087 = DIRECTION('',(0.984807753012,-1.126854202784E-17,-0.173648177667
    ));
#8088 = ADVANCED_FACE('',(#8089),#8095,.F.);
#8089 = FACE_BOUND('',#8090,.F.);
#8090 = EDGE_LOOP('',(#8091,#8092,#8093,#8094));
#8091 = ORIENTED_EDGE('',*,*,#6711,.T.);
#8092 = ORIENTED_EDGE('',*,*,#6729,.T.);
#8093 = ORIENTED_EDGE('',*,*,#8078,.F.);
#8094 = ORIENTED_EDGE('',*,*,#6620,.F.);
#8095 = PLANE('',#8096);
#8096 = AXIS2_PLACEMENT_3D('',#8097,#8098,#8099);
#8097 = CARTESIAN_POINT('',(-0.948480775301,-0.25,0.667364817767));
#8098 = DIRECTION('',(-0.986721169868,1.129043606572E-17,0.162423314012)
  );
#8099 = DIRECTION('',(-0.162423314012,1.858508865964E-18,-0.986721169868
    ));
#8100 = ADVANCED_FACE('',(#8101),#8112,.F.);
#8101 = FACE_BOUND('',#8102,.F.);
#8102 = EDGE_LOOP('',(#8103,#8109,#8110,#8111));
#8103 = ORIENTED_EDGE('',*,*,#8104,.T.);
#8104 = EDGE_CURVE('',#6880,#6982,#8105,.T.);
#8105 = LINE('',#8106,#8107);
#8106 = CARTESIAN_POINT('',(-1.172050016982,0.7,0.232635182233));
#8107 = VECTOR('',#8108,1.);
#8108 = DIRECTION('',(1.144237745222E-17,1.,0.));
#8109 = ORIENTED_EDGE('',*,*,#6990,.T.);
#8110 = ORIENTED_EDGE('',*,*,#7645,.F.);
#8111 = ORIENTED_EDGE('',*,*,#6888,.F.);
#8112 = PLANE('',#8113);
#8113 = AXIS2_PLACEMENT_3D('',#8114,#8115,#8116);
#8114 = CARTESIAN_POINT('',(-1.172050016982,0.7,0.232635182233));
#8115 = DIRECTION('',(0.986721169868,-1.129043606572E-17,-0.162423314012
    ));
#8116 = DIRECTION('',(0.162423314012,-1.858508865964E-18,0.986721169868)
  );
#8117 = ADVANCED_FACE('',(#8118),#8129,.F.);
#8118 = FACE_BOUND('',#8119,.F.);
#8119 = EDGE_LOOP('',(#8120,#8126,#8127,#8128));
#8120 = ORIENTED_EDGE('',*,*,#8121,.T.);
#8121 = EDGE_CURVE('',#6872,#6974,#8122,.T.);
#8122 = LINE('',#8123,#8124);
#8123 = CARTESIAN_POINT('',(-1.270530792283,0.7,0.15));
#8124 = VECTOR('',#8125,1.);
#8125 = DIRECTION('',(1.144237745222E-17,1.,0.));
#8126 = ORIENTED_EDGE('',*,*,#6981,.T.);
#8127 = ORIENTED_EDGE('',*,*,#8104,.F.);
#8128 = ORIENTED_EDGE('',*,*,#6879,.F.);
#8129 = CYLINDRICAL_SURFACE('',#8130,0.1);
#8130 = AXIS2_PLACEMENT_3D('',#8131,#8132,#8133);
#8131 = CARTESIAN_POINT('',(-1.270530792283,0.7,0.25));
#8132 = DIRECTION('',(-1.144237745222E-17,-1.,0.));
#8133 = DIRECTION('',(-2.22044604925E-15,2.540718180781E-32,-1.));
#8134 = ADVANCED_FACE('',(#8135),#8146,.F.);
#8135 = FACE_BOUND('',#8136,.F.);
#8136 = EDGE_LOOP('',(#8137,#8143,#8144,#8145));
#8137 = ORIENTED_EDGE('',*,*,#8138,.T.);
#8138 = EDGE_CURVE('',#6864,#6966,#8139,.T.);
#8139 = LINE('',#8140,#8141);
#8140 = CARTESIAN_POINT('',(-1.4,0.7,0.15));
#8141 = VECTOR('',#8142,1.);
#8142 = DIRECTION('',(1.144237745222E-17,1.,0.));
#8143 = ORIENTED_EDGE('',*,*,#6973,.T.);
#8144 = ORIENTED_EDGE('',*,*,#8121,.F.);
#8145 = ORIENTED_EDGE('',*,*,#6871,.F.);
#8146 = PLANE('',#8147);
#8147 = AXIS2_PLACEMENT_3D('',#8148,#8149,#8150);
#8148 = CARTESIAN_POINT('',(-1.4,0.7,0.15));
#8149 = DIRECTION('',(0.,0.,-1.));
#8150 = DIRECTION('',(1.,-1.144237745222E-17,0.));
#8151 = ADVANCED_FACE('',(#8152),#8163,.F.);
#8152 = FACE_BOUND('',#8153,.F.);
#8153 = EDGE_LOOP('',(#8154,#8160,#8161,#8162));
#8154 = ORIENTED_EDGE('',*,*,#8155,.T.);
#8155 = EDGE_CURVE('',#6856,#6958,#8156,.T.);
#8156 = LINE('',#8157,#8158);
#8157 = CARTESIAN_POINT('',(-1.4,0.7,0.));
#8158 = VECTOR('',#8159,1.);
#8159 = DIRECTION('',(1.144237745222E-17,1.,0.));
#8160 = ORIENTED_EDGE('',*,*,#6965,.T.);
#8161 = ORIENTED_EDGE('',*,*,#8138,.F.);
#8162 = ORIENTED_EDGE('',*,*,#6863,.F.);
#8163 = PLANE('',#8164);
#8164 = AXIS2_PLACEMENT_3D('',#8165,#8166,#8167);
#8165 = CARTESIAN_POINT('',(-1.4,0.7,0.));
#8166 = DIRECTION('',(1.,-1.144237745222E-17,0.));
#8167 = DIRECTION('',(0.,0.,1.));
#8168 = ADVANCED_FACE('',(#8169),#8180,.F.);
#8169 = FACE_BOUND('',#8170,.F.);
#8170 = EDGE_LOOP('',(#8171,#8177,#8178,#8179));
#8171 = ORIENTED_EDGE('',*,*,#8172,.T.);
#8172 = EDGE_CURVE('',#6847,#6949,#8173,.T.);
#8173 = LINE('',#8174,#8175);
#8174 = CARTESIAN_POINT('',(-1.270530792283,0.7,0.));
#8175 = VECTOR('',#8176,1.);
#8176 = DIRECTION('',(1.144237745222E-17,1.,0.));
#8177 = ORIENTED_EDGE('',*,*,#6957,.T.);
#8178 = ORIENTED_EDGE('',*,*,#8155,.F.);
#8179 = ORIENTED_EDGE('',*,*,#6855,.F.);
#8180 = PLANE('',#8181);
#8181 = AXIS2_PLACEMENT_3D('',#8182,#8183,#8184);
#8182 = CARTESIAN_POINT('',(-1.270530792283,0.7,0.));
#8183 = DIRECTION('',(0.,0.,1.));
#8184 = DIRECTION('',(-1.,1.144237745222E-17,0.));
#8185 = ADVANCED_FACE('',(#8186),#8197,.T.);
#8186 = FACE_BOUND('',#8187,.T.);
#8187 = EDGE_LOOP('',(#8188,#8189,#8190,#8191));
#8188 = ORIENTED_EDGE('',*,*,#6846,.T.);
#8189 = ORIENTED_EDGE('',*,*,#8172,.T.);
#8190 = ORIENTED_EDGE('',*,*,#6948,.F.);
#8191 = ORIENTED_EDGE('',*,*,#8192,.F.);
#8192 = EDGE_CURVE('',#6839,#6941,#8193,.T.);
#8193 = LINE('',#8194,#8195);
#8194 = CARTESIAN_POINT('',(-1.02432885403,0.7,0.206587955583));
#8195 = VECTOR('',#8196,1.);
#8196 = DIRECTION('',(1.144237745222E-17,1.,0.));
#8197 = CYLINDRICAL_SURFACE('',#8198,0.25);
#8198 = AXIS2_PLACEMENT_3D('',#8199,#8200,#8201);
#8199 = CARTESIAN_POINT('',(-1.270530792283,0.7,0.25));
#8200 = DIRECTION('',(-1.144237745222E-17,-1.,0.));
#8201 = DIRECTION('',(0.984807753012,-1.126854202784E-17,-0.173648177667
    ));
#8202 = ADVANCED_FACE('',(#8203),#8209,.F.);
#8203 = FACE_BOUND('',#8204,.F.);
#8204 = EDGE_LOOP('',(#8205,#8206,#8207,#8208));
#8205 = ORIENTED_EDGE('',*,*,#6922,.T.);
#8206 = ORIENTED_EDGE('',*,*,#6940,.T.);
#8207 = ORIENTED_EDGE('',*,*,#8192,.F.);
#8208 = ORIENTED_EDGE('',*,*,#6838,.F.);
#8209 = PLANE('',#8210);
#8210 = AXIS2_PLACEMENT_3D('',#8211,#8212,#8213);
#8211 = CARTESIAN_POINT('',(-0.948480775301,0.7,0.667364817767));
#8212 = DIRECTION('',(-0.986721169868,1.129043606572E-17,0.162423314012)
  );
#8213 = DIRECTION('',(-0.162423314012,1.858508865964E-18,-0.986721169868
    ));
#8214 = ADVANCED_FACE('',(#8215),#8226,.F.);
#8215 = FACE_BOUND('',#8216,.F.);
#8216 = EDGE_LOOP('',(#8217,#8223,#8224,#8225));
#8217 = ORIENTED_EDGE('',*,*,#8218,.T.);
#8218 = EDGE_CURVE('',#7067,#7169,#8219,.T.);
#8219 = LINE('',#8220,#8221);
#8220 = CARTESIAN_POINT('',(1.172050016982,1.2,0.232635182233));
#8221 = VECTOR('',#8222,1.);
#8222 = DIRECTION('',(1.110223024625E-16,-1.,0.));
#8223 = ORIENTED_EDGE('',*,*,#7177,.T.);
#8224 = ORIENTED_EDGE('',*,*,#7816,.F.);
#8225 = ORIENTED_EDGE('',*,*,#7075,.F.);
#8226 = PLANE('',#8227);
#8227 = AXIS2_PLACEMENT_3D('',#8228,#8229,#8230);
#8228 = CARTESIAN_POINT('',(1.172050016982,1.2,0.232635182233));
#8229 = DIRECTION('',(-0.986721169868,-1.095480561672E-16,
    -0.162423314012));
#8230 = DIRECTION('',(-0.162423314012,-1.803261029519E-17,0.986721169868
    ));
#8231 = ADVANCED_FACE('',(#8232),#8243,.F.);
#8232 = FACE_BOUND('',#8233,.F.);
#8233 = EDGE_LOOP('',(#8234,#8240,#8241,#8242));
#8234 = ORIENTED_EDGE('',*,*,#8235,.T.);
#8235 = EDGE_CURVE('',#7059,#7161,#8236,.T.);
#8236 = LINE('',#8237,#8238);
#8237 = CARTESIAN_POINT('',(1.270530792283,1.2,0.15));
#8238 = VECTOR('',#8239,1.);
#8239 = DIRECTION('',(1.110223024625E-16,-1.,0.));
#8240 = ORIENTED_EDGE('',*,*,#7168,.T.);
#8241 = ORIENTED_EDGE('',*,*,#8218,.F.);
#8242 = ORIENTED_EDGE('',*,*,#7066,.F.);
#8243 = CYLINDRICAL_SURFACE('',#8244,0.1);
#8244 = AXIS2_PLACEMENT_3D('',#8245,#8246,#8247);
#8245 = CARTESIAN_POINT('',(1.270530792283,1.2,0.25));
#8246 = DIRECTION('',(-1.110223024625E-16,1.,0.));
#8247 = DIRECTION('',(2.22044604925E-15,2.465190328815E-31,-1.));
#8248 = ADVANCED_FACE('',(#8249),#8260,.F.);
#8249 = FACE_BOUND('',#8250,.F.);
#8250 = EDGE_LOOP('',(#8251,#8257,#8258,#8259));
#8251 = ORIENTED_EDGE('',*,*,#8252,.T.);
#8252 = EDGE_CURVE('',#7051,#7153,#8253,.T.);
#8253 = LINE('',#8254,#8255);
#8254 = CARTESIAN_POINT('',(1.4,1.2,0.15));
#8255 = VECTOR('',#8256,1.);
#8256 = DIRECTION('',(1.110223024625E-16,-1.,0.));
#8257 = ORIENTED_EDGE('',*,*,#7160,.T.);
#8258 = ORIENTED_EDGE('',*,*,#8235,.F.);
#8259 = ORIENTED_EDGE('',*,*,#7058,.F.);
#8260 = PLANE('',#8261);
#8261 = AXIS2_PLACEMENT_3D('',#8262,#8263,#8264);
#8262 = CARTESIAN_POINT('',(1.4,1.2,0.15));
#8263 = DIRECTION('',(0.,0.,-1.));
#8264 = DIRECTION('',(-1.,-1.110223024625E-16,-0.));
#8265 = ADVANCED_FACE('',(#8266),#8277,.F.);
#8266 = FACE_BOUND('',#8267,.F.);
#8267 = EDGE_LOOP('',(#8268,#8274,#8275,#8276));
#8268 = ORIENTED_EDGE('',*,*,#8269,.T.);
#8269 = EDGE_CURVE('',#7043,#7145,#8270,.T.);
#8270 = LINE('',#8271,#8272);
#8271 = CARTESIAN_POINT('',(1.4,1.2,0.));
#8272 = VECTOR('',#8273,1.);
#8273 = DIRECTION('',(1.110223024625E-16,-1.,0.));
#8274 = ORIENTED_EDGE('',*,*,#7152,.T.);
#8275 = ORIENTED_EDGE('',*,*,#8252,.F.);
#8276 = ORIENTED_EDGE('',*,*,#7050,.F.);
#8277 = PLANE('',#8278);
#8278 = AXIS2_PLACEMENT_3D('',#8279,#8280,#8281);
#8279 = CARTESIAN_POINT('',(1.4,1.2,0.));
#8280 = DIRECTION('',(-1.,-1.110223024625E-16,0.));
#8281 = DIRECTION('',(0.,0.,1.));
#8282 = ADVANCED_FACE('',(#8283),#8294,.F.);
#8283 = FACE_BOUND('',#8284,.F.);
#8284 = EDGE_LOOP('',(#8285,#8291,#8292,#8293));
#8285 = ORIENTED_EDGE('',*,*,#8286,.T.);
#8286 = EDGE_CURVE('',#7034,#7136,#8287,.T.);
#8287 = LINE('',#8288,#8289);
#8288 = CARTESIAN_POINT('',(1.270530792283,1.2,0.));
#8289 = VECTOR('',#8290,1.);
#8290 = DIRECTION('',(1.110223024625E-16,-1.,0.));
#8291 = ORIENTED_EDGE('',*,*,#7144,.T.);
#8292 = ORIENTED_EDGE('',*,*,#8269,.F.);
#8293 = ORIENTED_EDGE('',*,*,#7042,.F.);
#8294 = PLANE('',#8295);
#8295 = AXIS2_PLACEMENT_3D('',#8296,#8297,#8298);
#8296 = CARTESIAN_POINT('',(1.270530792283,1.2,0.));
#8297 = DIRECTION('',(0.,0.,1.));
#8298 = DIRECTION('',(1.,1.110223024625E-16,-0.));
#8299 = ADVANCED_FACE('',(#8300),#8311,.T.);
#8300 = FACE_BOUND('',#8301,.T.);
#8301 = EDGE_LOOP('',(#8302,#8303,#8304,#8305));
#8302 = ORIENTED_EDGE('',*,*,#7033,.T.);
#8303 = ORIENTED_EDGE('',*,*,#8286,.T.);
#8304 = ORIENTED_EDGE('',*,*,#7135,.F.);
#8305 = ORIENTED_EDGE('',*,*,#8306,.F.);
#8306 = EDGE_CURVE('',#7026,#7128,#8307,.T.);
#8307 = LINE('',#8308,#8309);
#8308 = CARTESIAN_POINT('',(1.02432885403,1.2,0.206587955583));
#8309 = VECTOR('',#8310,1.);
#8310 = DIRECTION('',(1.110223024625E-16,-1.,0.));
#8311 = CYLINDRICAL_SURFACE('',#8312,0.25);
#8312 = AXIS2_PLACEMENT_3D('',#8313,#8314,#8315);
#8313 = CARTESIAN_POINT('',(1.270530792283,1.2,0.25));
#8314 = DIRECTION('',(-1.110223024625E-16,1.,0.));
#8315 = DIRECTION('',(-0.984807753012,-1.093356242223E-16,
    -0.173648177667));
#8316 = ADVANCED_FACE('',(#8317),#8323,.F.);
#8317 = FACE_BOUND('',#8318,.F.);
#8318 = EDGE_LOOP('',(#8319,#8320,#8321,#8322));
#8319 = ORIENTED_EDGE('',*,*,#7109,.T.);
#8320 = ORIENTED_EDGE('',*,*,#7127,.T.);
#8321 = ORIENTED_EDGE('',*,*,#8306,.F.);
#8322 = ORIENTED_EDGE('',*,*,#7025,.F.);
#8323 = PLANE('',#8324);
#8324 = AXIS2_PLACEMENT_3D('',#8325,#8326,#8327);
#8325 = CARTESIAN_POINT('',(0.948480775301,1.2,0.667364817767));
#8326 = DIRECTION('',(0.986721169868,1.095480561672E-16,0.162423314012)
  );
#8327 = DIRECTION('',(0.162423314012,1.803261029519E-17,-0.986721169868)
  );
#8328 = ADVANCED_FACE('',(#8329),#8340,.T.);
#8329 = FACE_BOUND('',#8330,.T.);
#8330 = EDGE_LOOP('',(#8331,#8332,#8333,#8334));
#8331 = ORIENTED_EDGE('',*,*,#7287,.T.);
#8332 = ORIENTED_EDGE('',*,*,#7760,.T.);
#8333 = ORIENTED_EDGE('',*,*,#7396,.F.);
#8334 = ORIENTED_EDGE('',*,*,#8335,.F.);
#8335 = EDGE_CURVE('',#7280,#7389,#8336,.T.);
#8336 = LINE('',#8337,#8338);
#8337 = CARTESIAN_POINT('',(1.096201938253,0.25,0.693412044417));
#8338 = VECTOR('',#8339,1.);
#8339 = DIRECTION('',(1.110223024625E-16,-1.,0.));
#8340 = CYLINDRICAL_SURFACE('',#8341,0.25);
#8341 = AXIS2_PLACEMENT_3D('',#8342,#8343,#8344);
#8342 = CARTESIAN_POINT('',(0.85,0.25,0.65));
#8343 = DIRECTION('',(-1.110223024625E-16,1.,0.));
#8344 = DIRECTION('',(0.984807753012,1.093356242223E-16,0.173648177667)
  );
#8345 = ADVANCED_FACE('',(#8346),#8357,.F.);
#8346 = FACE_BOUND('',#8347,.F.);
#8347 = EDGE_LOOP('',(#8348,#8354,#8355,#8356));
#8348 = ORIENTED_EDGE('',*,*,#8349,.T.);
#8349 = EDGE_CURVE('',#7271,#7380,#8350,.T.);
#8350 = LINE('',#8351,#8352);
#8351 = CARTESIAN_POINT('',(1.172050016982,0.25,0.232635182233));
#8352 = VECTOR('',#8353,1.);
#8353 = DIRECTION('',(1.110223024625E-16,-1.,0.));
#8354 = ORIENTED_EDGE('',*,*,#7388,.T.);
#8355 = ORIENTED_EDGE('',*,*,#8335,.F.);
#8356 = ORIENTED_EDGE('',*,*,#7279,.F.);
#8357 = PLANE('',#8358);
#8358 = AXIS2_PLACEMENT_3D('',#8359,#8360,#8361);
#8359 = CARTESIAN_POINT('',(1.172050016982,0.25,0.232635182233));
#8360 = DIRECTION('',(-0.986721169868,-1.095480561672E-16,
    -0.162423314012));
#8361 = DIRECTION('',(-0.162423314012,-1.803261029519E-17,0.986721169868
    ));
#8362 = ADVANCED_FACE('',(#8363),#8374,.F.);
#8363 = FACE_BOUND('',#8364,.F.);
#8364 = EDGE_LOOP('',(#8365,#8371,#8372,#8373));
#8365 = ORIENTED_EDGE('',*,*,#8366,.T.);
#8366 = EDGE_CURVE('',#7263,#7372,#8367,.T.);
#8367 = LINE('',#8368,#8369);
#8368 = CARTESIAN_POINT('',(1.270530792283,0.25,0.15));
#8369 = VECTOR('',#8370,1.);
#8370 = DIRECTION('',(1.110223024625E-16,-1.,0.));
#8371 = ORIENTED_EDGE('',*,*,#7379,.T.);
#8372 = ORIENTED_EDGE('',*,*,#8349,.F.);
#8373 = ORIENTED_EDGE('',*,*,#7270,.F.);
#8374 = CYLINDRICAL_SURFACE('',#8375,0.1);
#8375 = AXIS2_PLACEMENT_3D('',#8376,#8377,#8378);
#8376 = CARTESIAN_POINT('',(1.270530792283,0.25,0.25));
#8377 = DIRECTION('',(-1.110223024625E-16,1.,0.));
#8378 = DIRECTION('',(2.22044604925E-15,2.465190328815E-31,-1.));
#8379 = ADVANCED_FACE('',(#8380),#8391,.F.);
#8380 = FACE_BOUND('',#8381,.F.);
#8381 = EDGE_LOOP('',(#8382,#8388,#8389,#8390));
#8382 = ORIENTED_EDGE('',*,*,#8383,.T.);
#8383 = EDGE_CURVE('',#7255,#7364,#8384,.T.);
#8384 = LINE('',#8385,#8386);
#8385 = CARTESIAN_POINT('',(1.4,0.25,0.15));
#8386 = VECTOR('',#8387,1.);
#8387 = DIRECTION('',(1.110223024625E-16,-1.,0.));
#8388 = ORIENTED_EDGE('',*,*,#7371,.T.);
#8389 = ORIENTED_EDGE('',*,*,#8366,.F.);
#8390 = ORIENTED_EDGE('',*,*,#7262,.F.);
#8391 = PLANE('',#8392);
#8392 = AXIS2_PLACEMENT_3D('',#8393,#8394,#8395);
#8393 = CARTESIAN_POINT('',(1.4,0.25,0.15));
#8394 = DIRECTION('',(0.,0.,-1.));
#8395 = DIRECTION('',(-1.,-1.110223024625E-16,-0.));
#8396 = ADVANCED_FACE('',(#8397),#8408,.F.);
#8397 = FACE_BOUND('',#8398,.F.);
#8398 = EDGE_LOOP('',(#8399,#8405,#8406,#8407));
#8399 = ORIENTED_EDGE('',*,*,#8400,.T.);
#8400 = EDGE_CURVE('',#7247,#7356,#8401,.T.);
#8401 = LINE('',#8402,#8403);
#8402 = CARTESIAN_POINT('',(1.4,0.25,0.));
#8403 = VECTOR('',#8404,1.);
#8404 = DIRECTION('',(1.110223024625E-16,-1.,0.));
#8405 = ORIENTED_EDGE('',*,*,#7363,.T.);
#8406 = ORIENTED_EDGE('',*,*,#8383,.F.);
#8407 = ORIENTED_EDGE('',*,*,#7254,.F.);
#8408 = PLANE('',#8409);
#8409 = AXIS2_PLACEMENT_3D('',#8410,#8411,#8412);
#8410 = CARTESIAN_POINT('',(1.4,0.25,0.));
#8411 = DIRECTION('',(-1.,-1.110223024625E-16,0.));
#8412 = DIRECTION('',(0.,0.,1.));
#8413 = ADVANCED_FACE('',(#8414),#8425,.F.);
#8414 = FACE_BOUND('',#8415,.F.);
#8415 = EDGE_LOOP('',(#8416,#8422,#8423,#8424));
#8416 = ORIENTED_EDGE('',*,*,#8417,.T.);
#8417 = EDGE_CURVE('',#7238,#7347,#8418,.T.);
#8418 = LINE('',#8419,#8420);
#8419 = CARTESIAN_POINT('',(1.270530792283,0.25,0.));
#8420 = VECTOR('',#8421,1.);
#8421 = DIRECTION('',(1.110223024625E-16,-1.,0.));
#8422 = ORIENTED_EDGE('',*,*,#7355,.T.);
#8423 = ORIENTED_EDGE('',*,*,#8400,.F.);
#8424 = ORIENTED_EDGE('',*,*,#7246,.F.);
#8425 = PLANE('',#8426);
#8426 = AXIS2_PLACEMENT_3D('',#8427,#8428,#8429);
#8427 = CARTESIAN_POINT('',(1.270530792283,0.25,0.));
#8428 = DIRECTION('',(0.,0.,1.));
#8429 = DIRECTION('',(1.,1.110223024625E-16,-0.));
#8430 = ADVANCED_FACE('',(#8431),#8442,.T.);
#8431 = FACE_BOUND('',#8432,.T.);
#8432 = EDGE_LOOP('',(#8433,#8434,#8435,#8436));
#8433 = ORIENTED_EDGE('',*,*,#7237,.T.);
#8434 = ORIENTED_EDGE('',*,*,#8417,.T.);
#8435 = ORIENTED_EDGE('',*,*,#7346,.F.);
#8436 = ORIENTED_EDGE('',*,*,#8437,.F.);
#8437 = EDGE_CURVE('',#7230,#7339,#8438,.T.);
#8438 = LINE('',#8439,#8440);
#8439 = CARTESIAN_POINT('',(1.02432885403,0.25,0.206587955583));
#8440 = VECTOR('',#8441,1.);
#8441 = DIRECTION('',(1.110223024625E-16,-1.,0.));
#8442 = CYLINDRICAL_SURFACE('',#8443,0.25);
#8443 = AXIS2_PLACEMENT_3D('',#8444,#8445,#8446);
#8444 = CARTESIAN_POINT('',(1.270530792283,0.25,0.25));
#8445 = DIRECTION('',(-1.110223024625E-16,1.,0.));
#8446 = DIRECTION('',(-0.984807753012,-1.093356242223E-16,
    -0.173648177667));
#8447 = ADVANCED_FACE('',(#8448),#8454,.F.);
#8448 = FACE_BOUND('',#8449,.F.);
#8449 = EDGE_LOOP('',(#8450,#8451,#8452,#8453));
#8450 = ORIENTED_EDGE('',*,*,#7320,.T.);
#8451 = ORIENTED_EDGE('',*,*,#7338,.T.);
#8452 = ORIENTED_EDGE('',*,*,#8437,.F.);
#8453 = ORIENTED_EDGE('',*,*,#7229,.F.);
#8454 = PLANE('',#8455);
#8455 = AXIS2_PLACEMENT_3D('',#8456,#8457,#8458);
#8456 = CARTESIAN_POINT('',(0.948480775301,0.25,0.667364817767));
#8457 = DIRECTION('',(0.986721169868,1.095480561672E-16,0.162423314012)
  );
#8458 = DIRECTION('',(0.162423314012,1.803261029519E-17,-0.986721169868)
  );
#8459 = ADVANCED_FACE('',(#8460),#8471,.T.);
#8460 = FACE_BOUND('',#8461,.T.);
#8461 = EDGE_LOOP('',(#8462,#8463,#8464,#8465));
#8462 = ORIENTED_EDGE('',*,*,#7510,.T.);
#8463 = ORIENTED_EDGE('',*,*,#7779,.T.);
#8464 = ORIENTED_EDGE('',*,*,#7619,.F.);
#8465 = ORIENTED_EDGE('',*,*,#8466,.F.);
#8466 = EDGE_CURVE('',#7503,#7612,#8467,.T.);
#8467 = LINE('',#8468,#8469);
#8468 = CARTESIAN_POINT('',(1.096201938253,-0.7,0.693412044417));
#8469 = VECTOR('',#8470,1.);
#8470 = DIRECTION('',(1.110223024625E-16,-1.,0.));
#8471 = CYLINDRICAL_SURFACE('',#8472,0.25);
#8472 = AXIS2_PLACEMENT_3D('',#8473,#8474,#8475);
#8473 = CARTESIAN_POINT('',(0.85,-0.7,0.65));
#8474 = DIRECTION('',(-1.110223024625E-16,1.,0.));
#8475 = DIRECTION('',(0.984807753012,1.093356242223E-16,0.173648177667)
  );
#8476 = ADVANCED_FACE('',(#8477),#8488,.F.);
#8477 = FACE_BOUND('',#8478,.F.);
#8478 = EDGE_LOOP('',(#8479,#8485,#8486,#8487));
#8479 = ORIENTED_EDGE('',*,*,#8480,.T.);
#8480 = EDGE_CURVE('',#7494,#7603,#8481,.T.);
#8481 = LINE('',#8482,#8483);
#8482 = CARTESIAN_POINT('',(1.172050016982,-0.7,0.232635182233));
#8483 = VECTOR('',#8484,1.);
#8484 = DIRECTION('',(1.110223024625E-16,-1.,0.));
#8485 = ORIENTED_EDGE('',*,*,#7611,.T.);
#8486 = ORIENTED_EDGE('',*,*,#8466,.F.);
#8487 = ORIENTED_EDGE('',*,*,#7502,.F.);
#8488 = PLANE('',#8489);
#8489 = AXIS2_PLACEMENT_3D('',#8490,#8491,#8492);
#8490 = CARTESIAN_POINT('',(1.172050016982,-0.7,0.232635182233));
#8491 = DIRECTION('',(-0.986721169868,-1.095480561672E-16,
    -0.162423314012));
#8492 = DIRECTION('',(-0.162423314012,-1.803261029519E-17,0.986721169868
    ));
#8493 = ADVANCED_FACE('',(#8494),#8505,.F.);
#8494 = FACE_BOUND('',#8495,.F.);
#8495 = EDGE_LOOP('',(#8496,#8502,#8503,#8504));
#8496 = ORIENTED_EDGE('',*,*,#8497,.T.);
#8497 = EDGE_CURVE('',#7486,#7595,#8498,.T.);
#8498 = LINE('',#8499,#8500);
#8499 = CARTESIAN_POINT('',(1.270530792283,-0.7,0.15));
#8500 = VECTOR('',#8501,1.);
#8501 = DIRECTION('',(1.110223024625E-16,-1.,0.));
#8502 = ORIENTED_EDGE('',*,*,#7602,.T.);
#8503 = ORIENTED_EDGE('',*,*,#8480,.F.);
#8504 = ORIENTED_EDGE('',*,*,#7493,.F.);
#8505 = CYLINDRICAL_SURFACE('',#8506,0.1);
#8506 = AXIS2_PLACEMENT_3D('',#8507,#8508,#8509);
#8507 = CARTESIAN_POINT('',(1.270530792283,-0.7,0.25));
#8508 = DIRECTION('',(-1.110223024625E-16,1.,0.));
#8509 = DIRECTION('',(2.22044604925E-15,2.465190328815E-31,-1.));
#8510 = ADVANCED_FACE('',(#8511),#8522,.F.);
#8511 = FACE_BOUND('',#8512,.F.);
#8512 = EDGE_LOOP('',(#8513,#8519,#8520,#8521));
#8513 = ORIENTED_EDGE('',*,*,#8514,.T.);
#8514 = EDGE_CURVE('',#7478,#7587,#8515,.T.);
#8515 = LINE('',#8516,#8517);
#8516 = CARTESIAN_POINT('',(1.4,-0.7,0.15));
#8517 = VECTOR('',#8518,1.);
#8518 = DIRECTION('',(1.110223024625E-16,-1.,0.));
#8519 = ORIENTED_EDGE('',*,*,#7594,.T.);
#8520 = ORIENTED_EDGE('',*,*,#8497,.F.);
#8521 = ORIENTED_EDGE('',*,*,#7485,.F.);
#8522 = PLANE('',#8523);
#8523 = AXIS2_PLACEMENT_3D('',#8524,#8525,#8526);
#8524 = CARTESIAN_POINT('',(1.4,-0.7,0.15));
#8525 = DIRECTION('',(0.,0.,-1.));
#8526 = DIRECTION('',(-1.,-1.110223024625E-16,-0.));
#8527 = ADVANCED_FACE('',(#8528),#8539,.F.);
#8528 = FACE_BOUND('',#8529,.F.);
#8529 = EDGE_LOOP('',(#8530,#8536,#8537,#8538));
#8530 = ORIENTED_EDGE('',*,*,#8531,.T.);
#8531 = EDGE_CURVE('',#7470,#7579,#8532,.T.);
#8532 = LINE('',#8533,#8534);
#8533 = CARTESIAN_POINT('',(1.4,-0.7,0.));
#8534 = VECTOR('',#8535,1.);
#8535 = DIRECTION('',(1.110223024625E-16,-1.,0.));
#8536 = ORIENTED_EDGE('',*,*,#7586,.T.);
#8537 = ORIENTED_EDGE('',*,*,#8514,.F.);
#8538 = ORIENTED_EDGE('',*,*,#7477,.F.);
#8539 = PLANE('',#8540);
#8540 = AXIS2_PLACEMENT_3D('',#8541,#8542,#8543);
#8541 = CARTESIAN_POINT('',(1.4,-0.7,0.));
#8542 = DIRECTION('',(-1.,-1.110223024625E-16,0.));
#8543 = DIRECTION('',(0.,0.,1.));
#8544 = ADVANCED_FACE('',(#8545),#8556,.F.);
#8545 = FACE_BOUND('',#8546,.F.);
#8546 = EDGE_LOOP('',(#8547,#8553,#8554,#8555));
#8547 = ORIENTED_EDGE('',*,*,#8548,.T.);
#8548 = EDGE_CURVE('',#7461,#7570,#8549,.T.);
#8549 = LINE('',#8550,#8551);
#8550 = CARTESIAN_POINT('',(1.270530792283,-0.7,0.));
#8551 = VECTOR('',#8552,1.);
#8552 = DIRECTION('',(1.110223024625E-16,-1.,0.));
#8553 = ORIENTED_EDGE('',*,*,#7578,.T.);
#8554 = ORIENTED_EDGE('',*,*,#8531,.F.);
#8555 = ORIENTED_EDGE('',*,*,#7469,.F.);
#8556 = PLANE('',#8557);
#8557 = AXIS2_PLACEMENT_3D('',#8558,#8559,#8560);
#8558 = CARTESIAN_POINT('',(1.270530792283,-0.7,0.));
#8559 = DIRECTION('',(0.,0.,1.));
#8560 = DIRECTION('',(1.,1.110223024625E-16,-0.));
#8561 = ADVANCED_FACE('',(#8562),#8573,.T.);
#8562 = FACE_BOUND('',#8563,.T.);
#8563 = EDGE_LOOP('',(#8564,#8565,#8566,#8567));
#8564 = ORIENTED_EDGE('',*,*,#7460,.T.);
#8565 = ORIENTED_EDGE('',*,*,#8548,.T.);
#8566 = ORIENTED_EDGE('',*,*,#7569,.F.);
#8567 = ORIENTED_EDGE('',*,*,#8568,.F.);
#8568 = EDGE_CURVE('',#7453,#7562,#8569,.T.);
#8569 = LINE('',#8570,#8571);
#8570 = CARTESIAN_POINT('',(1.02432885403,-0.7,0.206587955583));
#8571 = VECTOR('',#8572,1.);
#8572 = DIRECTION('',(1.110223024625E-16,-1.,0.));
#8573 = CYLINDRICAL_SURFACE('',#8574,0.25);
#8574 = AXIS2_PLACEMENT_3D('',#8575,#8576,#8577);
#8575 = CARTESIAN_POINT('',(1.270530792283,-0.7,0.25));
#8576 = DIRECTION('',(-1.110223024625E-16,1.,0.));
#8577 = DIRECTION('',(-0.984807753012,-1.093356242223E-16,
    -0.173648177667));
#8578 = ADVANCED_FACE('',(#8579),#8585,.F.);
#8579 = FACE_BOUND('',#8580,.F.);
#8580 = EDGE_LOOP('',(#8581,#8582,#8583,#8584));
#8581 = ORIENTED_EDGE('',*,*,#7543,.T.);
#8582 = ORIENTED_EDGE('',*,*,#7561,.T.);
#8583 = ORIENTED_EDGE('',*,*,#8568,.F.);
#8584 = ORIENTED_EDGE('',*,*,#7452,.F.);
#8585 = PLANE('',#8586);
#8586 = AXIS2_PLACEMENT_3D('',#8587,#8588,#8589);
#8587 = CARTESIAN_POINT('',(0.948480775301,-0.7,0.667364817767));
#8588 = DIRECTION('',(0.986721169868,1.095480561672E-16,0.162423314012)
  );
#8589 = DIRECTION('',(0.162423314012,1.803261029519E-17,-0.986721169868)
  );
#8590 = ADVANCED_FACE('',(#8591),#8594,.F.);
#8591 = FACE_BOUND('',#8592,.T.);
#8592 = EDGE_LOOP('',(#8593));
#8593 = ORIENTED_EDGE('',*,*,#7726,.F.);
#8594 = PLANE('',#8595);
#8595 = AXIS2_PLACEMENT_3D('',#8596,#8597,#8598);
#8596 = CARTESIAN_POINT('',(-0.333648457443,0.983648457443,1.55));
#8597 = DIRECTION('',(0.,0.,-1.));
#8598 = DIRECTION('',(1.110223024625E-16,-1.,0.));
#8599 = ( GEOMETRIC_REPRESENTATION_CONTEXT(3) 
GLOBAL_UNCERTAINTY_ASSIGNED_CONTEXT((#8603)) 
GLOBAL_UNIT_ASSIGNED_CONTEXT((#8600,#8601,#8602)) REPRESENTATION_CONTEXT
('Context #1','3D Context with UNIT and UNCERTAINTY') );
#8600 = ( LENGTH_UNIT() NAMED_UNIT(*) SI_UNIT(.MILLI.,.METRE.) );
#8601 = ( NAMED_UNIT(*) PLANE_ANGLE_UNIT() SI_UNIT($,.RADIAN.) );
#8602 = ( NAMED_UNIT(*) SI_UNIT($,.STERADIAN.) SOLID_ANGLE_UNIT() );
#8603 = UNCERTAINTY_MEASURE_WITH_UNIT(LENGTH_MEASURE(1.E-07),#8600,
  'distance_accuracy_value','confusion accuracy');
#8604 = CONTEXT_DEPENDENT_SHAPE_REPRESENTATION(#8605,#8607);
#8605 = ( REPRESENTATION_RELATIONSHIP('','',#5062,#5039) 
REPRESENTATION_RELATIONSHIP_WITH_TRANSFORMATION(#8606) 
SHAPE_REPRESENTATION_RELATIONSHIP() );
#8606 = ITEM_DEFINED_TRANSFORMATION('','',#11,#5040);
#8607 = PRODUCT_DEFINITION_SHAPE('Placement','Placement of an item',
  #8608);
#8608 = NEXT_ASSEMBLY_USAGE_OCCURRENCE('8','=>[0:1:1:9]','',#5034,#5057,
  $);
#8609 = PRODUCT_RELATED_PRODUCT_CATEGORY('part',$,(#5059));
#8610 = SHAPE_DEFINITION_REPRESENTATION(#8611,#8617);
#8611 = PRODUCT_DEFINITION_SHAPE('','',#8612);
#8612 = PRODUCT_DEFINITION('design','',#8613,#8616);
#8613 = PRODUCT_DEFINITION_FORMATION('','',#8614);
#8614 = PRODUCT('LED_SK6812MINI-E_3.2x2.8mm_P1.5mm_ReverseMount',
  'LED_SK6812MINI-E_3.2x2.8mm_P1.5mm_ReverseMount','',(#8615));
#8615 = PRODUCT_CONTEXT('',#2,'mechanical');
#8616 = PRODUCT_DEFINITION_CONTEXT('part definition',#2,'design');
#8617 = SHAPE_REPRESENTATION('',(#11,#8618),#8622);
#8618 = AXIS2_PLACEMENT_3D('',#8619,#8620,#8621);
#8619 = CARTESIAN_POINT('',(0.,0.,0.));
#8620 = DIRECTION('',(0.,0.,1.));
#8621 = DIRECTION('',(1.,0.,-0.));
#8622 = ( GEOMETRIC_REPRESENTATION_CONTEXT(3) 
GLOBAL_UNCERTAINTY_ASSIGNED_CONTEXT((#8626)) 
GLOBAL_UNIT_ASSIGNED_CONTEXT((#8623,#8624,#8625)) REPRESENTATION_CONTEXT
('Context #1','3D Context with UNIT and UNCERTAINTY') );
#8623 = ( LENGTH_UNIT() NAMED_UNIT(*) SI_UNIT(.MILLI.,.METRE.) );
#8624 = ( NAMED_UNIT(*) PLANE_ANGLE_UNIT() SI_UNIT($,.RADIAN.) );
#8625 = ( NAMED_UNIT(*) SI_UNIT($,.STERADIAN.) SOLID_ANGLE_UNIT() );
#8626 = UNCERTAINTY_MEASURE_WITH_UNIT(LENGTH_MEASURE(2.E-06),#8623,
  'distance_accuracy_value','confusion accuracy');
#8627 = CONTEXT_DEPENDENT_SHAPE_REPRESENTATION(#8628,#8630);
#8628 = ( REPRESENTATION_RELATIONSHIP('','',#8617,#10) 
REPRESENTATION_RELATIONSHIP_WITH_TRANSFORMATION(#8629) 
SHAPE_REPRESENTATION_RELATIONSHIP() );
#8629 = ITEM_DEFINED_TRANSFORMATION('','',#11,#35);
#8630 = PRODUCT_DEFINITION_SHAPE('Placement','Placement of an item',
  #8631);
#8631 = NEXT_ASSEMBLY_USAGE_OCCURRENCE('16','D1','',#5,#8612,$);
#8632 = PRODUCT_RELATED_PRODUCT_CATEGORY('part',$,(#8614));
#8633 = SHAPE_DEFINITION_REPRESENTATION(#8634,#8640);
#8634 = PRODUCT_DEFINITION_SHAPE('','',#8635);
#8635 = PRODUCT_DEFINITION('design','',#8636,#8639);
#8636 = PRODUCT_DEFINITION_FORMATION('','',#8637);
#8637 = PRODUCT('LED_SK6812MINI_E_3_2x2_8mm_P1_5mm',
  'LED_SK6812MINI_E_3_2x2_8mm_P1_5mm','',(#8638));
#8638 = PRODUCT_CONTEXT('',#2,'mechanical');
#8639 = PRODUCT_DEFINITION_CONTEXT('part definition',#2,'design');
#8640 = SHAPE_REPRESENTATION('',(#11,#8641,#8645,#8649,#8653,#8657),
  #8661);
#8641 = AXIS2_PLACEMENT_3D('',#8642,#8643,#8644);
#8642 = CARTESIAN_POINT('',(0.,0.,0.));
#8643 = DIRECTION('',(0.,0.,1.));
#8644 = DIRECTION('',(1.,0.,0.));
#8645 = AXIS2_PLACEMENT_3D('',#8646,#8647,#8648);
#8646 = CARTESIAN_POINT('',(0.,0.,0.));
#8647 = DIRECTION('',(0.,0.,1.));
#8648 = DIRECTION('',(1.,0.,0.));
#8649 = AXIS2_PLACEMENT_3D('',#8650,#8651,#8652);
#8650 = CARTESIAN_POINT('',(0.,0.,0.));
#8651 = DIRECTION('',(0.,0.,1.));
#8652 = DIRECTION('',(1.,0.,0.));
#8653 = AXIS2_PLACEMENT_3D('',#8654,#8655,#8656);
#8654 = CARTESIAN_POINT('',(0.,0.,0.));
#8655 = DIRECTION('',(0.,0.,1.));
#8656 = DIRECTION('',(1.,0.,0.));
#8657 = AXIS2_PLACEMENT_3D('',#8658,#8659,#8660);
#8658 = CARTESIAN_POINT('',(0.,0.,0.));
#8659 = DIRECTION('',(0.,0.,1.));
#8660 = DIRECTION('',(1.,0.,0.));
#8661 = ( GEOMETRIC_REPRESENTATION_CONTEXT(3) 
GLOBAL_UNCERTAINTY_ASSIGNED_CONTEXT((#8665)) 
GLOBAL_UNIT_ASSIGNED_CONTEXT((#8662,#8663,#8664)) REPRESENTATION_CONTEXT
('Context #1','3D Context with UNIT and UNCERTAINTY') );
#8662 = ( LENGTH_UNIT() NAMED_UNIT(*) SI_UNIT(.MILLI.,.METRE.) );
#8663 = ( NAMED_UNIT(*) PLANE_ANGLE_UNIT() SI_UNIT($,.RADIAN.) );
#8664 = ( NAMED_UNIT(*) SI_UNIT($,.STERADIAN.) SOLID_ANGLE_UNIT() );
#8665 = UNCERTAINTY_MEASURE_WITH_UNIT(LENGTH_MEASURE(2.E-06),#8662,
  'distance_accuracy_value','confusion accuracy');
#8666 = CONTEXT_DEPENDENT_SHAPE_REPRESENTATION(#8667,#8669);
#8667 = ( REPRESENTATION_RELATIONSHIP('','',#8640,#8617) 
REPRESENTATION_RELATIONSHIP_WITH_TRANSFORMATION(#8668) 
SHAPE_REPRESENTATION_RELATIONSHIP() );
#8668 = ITEM_DEFINED_TRANSFORMATION('','',#11,#8618);
#8669 = PRODUCT_DEFINITION_SHAPE('Placement','Placement of an item',
  #8670);
#8670 = NEXT_ASSEMBLY_USAGE_OCCURRENCE('15','=>[0:1:1:11]','',#8612,
  #8635,$);
#8671 = PRODUCT_RELATED_PRODUCT_CATEGORY('part',$,(#8637));
#8672 = SHAPE_DEFINITION_REPRESENTATION(#8673,#8679);
#8673 = PRODUCT_DEFINITION_SHAPE('','',#8674);
#8674 = PRODUCT_DEFINITION('design','',#8675,#8678);
#8675 = PRODUCT_DEFINITION_FORMATION('','',#8676);
#8676 = PRODUCT('Body','Body','',(#8677));
#8677 = PRODUCT_CONTEXT('',#2,'mechanical');
#8678 = PRODUCT_DEFINITION_CONTEXT('part definition',#2,'design');
#8679 = ADVANCED_BREP_SHAPE_REPRESENTATION('',(#11,#8680),#9530);
#8680 = MANIFOLD_SOLID_BREP('',#8681);
#8681 = CLOSED_SHELL('',(#8682,#8738,#8785,#8818,#8842,#8883,#8930,#8941
    ,#8966,#8988,#9087,#9104,#9140,#9164,#9182,#9274,#9286,#9303,#9320,
    #9337,#9354,#9371,#9399,#9416,#9433,#9450,#9462,#9487,#9512,#9521));
#8682 = ADVANCED_FACE('',(#8683),#8733,.F.);
#8683 = FACE_BOUND('',#8684,.F.);
#8684 = EDGE_LOOP('',(#8685,#8695,#8703,#8711,#8719,#8727));
#8685 = ORIENTED_EDGE('',*,*,#8686,.F.);
#8686 = EDGE_CURVE('',#8687,#8689,#8691,.T.);
#8687 = VERTEX_POINT('',#8688);
#8688 = CARTESIAN_POINT('',(-1.6,1.4,0.15));
#8689 = VERTEX_POINT('',#8690);
#8690 = CARTESIAN_POINT('',(-1.6,1.4,-0.83995));
#8691 = LINE('',#8692,#8693);
#8692 = CARTESIAN_POINT('',(-1.6,1.4,0.15));
#8693 = VECTOR('',#8694,1.);
#8694 = DIRECTION('',(0.,2.2E-16,-1.));
#8695 = ORIENTED_EDGE('',*,*,#8696,.T.);
#8696 = EDGE_CURVE('',#8687,#8697,#8699,.T.);
#8697 = VERTEX_POINT('',#8698);
#8698 = CARTESIAN_POINT('',(-1.6,-1.4,0.15));
#8699 = LINE('',#8700,#8701);
#8700 = CARTESIAN_POINT('',(-1.6,1.4,0.15));
#8701 = VECTOR('',#8702,1.);
#8702 = DIRECTION('',(0.,-1.,2.2E-16));
#8703 = ORIENTED_EDGE('',*,*,#8704,.T.);
#8704 = EDGE_CURVE('',#8697,#8705,#8707,.T.);
#8705 = VERTEX_POINT('',#8706);
#8706 = CARTESIAN_POINT('',(-1.6,-1.4,-0.34));
#8707 = LINE('',#8708,#8709);
#8708 = CARTESIAN_POINT('',(-1.6,-1.4,0.15));
#8709 = VECTOR('',#8710,1.);
#8710 = DIRECTION('',(0.,2.2E-16,-1.));
#8711 = ORIENTED_EDGE('',*,*,#8712,.F.);
#8712 = EDGE_CURVE('',#8713,#8705,#8715,.T.);
#8713 = VERTEX_POINT('',#8714);
#8714 = CARTESIAN_POINT('',(-1.6,-0.586827201635,-0.34));
#8715 = LINE('',#8716,#8717);
#8716 = CARTESIAN_POINT('',(-1.6,-0.586827201635,-0.34));
#8717 = VECTOR('',#8718,1.);
#8718 = DIRECTION('',(0.,-1.,-2.2E-16));
#8719 = ORIENTED_EDGE('',*,*,#8720,.F.);
#8720 = EDGE_CURVE('',#8721,#8713,#8723,.T.);
#8721 = VERTEX_POINT('',#8722);
#8722 = CARTESIAN_POINT('',(-1.6,-0.586827201635,-0.83995));
#8723 = LINE('',#8724,#8725);
#8724 = CARTESIAN_POINT('',(-1.6,-0.586827201635,-0.84));
#8725 = VECTOR('',#8726,1.);
#8726 = DIRECTION('',(0.,0.,1.));
#8727 = ORIENTED_EDGE('',*,*,#8728,.F.);
#8728 = EDGE_CURVE('',#8689,#8721,#8729,.T.);
#8729 = LINE('',#8730,#8731);
#8730 = CARTESIAN_POINT('',(-1.6,1.4,-0.83995));
#8731 = VECTOR('',#8732,1.);
#8732 = DIRECTION('',(0.,-1.,2.2E-16));
#8733 = PLANE('',#8734);
#8734 = AXIS2_PLACEMENT_3D('',#8735,#8736,#8737);
#8735 = CARTESIAN_POINT('',(-1.6,1.4,0.15));
#8736 = DIRECTION('',(1.,0.,0.));
#8737 = DIRECTION('',(0.,-2.2E-16,-1.));
#8738 = ADVANCED_FACE('',(#8739),#8780,.T.);
#8739 = FACE_BOUND('',#8740,.T.);
#8740 = EDGE_LOOP('',(#8741,#8742,#8750,#8758,#8766,#8774));
#8741 = ORIENTED_EDGE('',*,*,#8686,.F.);
#8742 = ORIENTED_EDGE('',*,*,#8743,.F.);
#8743 = EDGE_CURVE('',#8744,#8687,#8746,.T.);
#8744 = VERTEX_POINT('',#8745);
#8745 = CARTESIAN_POINT('',(-1.555,1.4,0.15));
#8746 = LINE('',#8747,#8748);
#8747 = CARTESIAN_POINT('',(1.6,1.4,0.15));
#8748 = VECTOR('',#8749,1.);
#8749 = DIRECTION('',(-1.,0.,0.));
#8750 = ORIENTED_EDGE('',*,*,#8751,.F.);
#8751 = EDGE_CURVE('',#8752,#8744,#8754,.T.);
#8752 = VERTEX_POINT('',#8753);
#8753 = CARTESIAN_POINT('',(1.555,1.4,0.15));
#8754 = LINE('',#8755,#8756);
#8755 = CARTESIAN_POINT('',(4.655694667823,1.4,0.15));
#8756 = VECTOR('',#8757,1.);
#8757 = DIRECTION('',(-1.,-1.1E-16,1.1E-16));
#8758 = ORIENTED_EDGE('',*,*,#8759,.F.);
#8759 = EDGE_CURVE('',#8760,#8752,#8762,.T.);
#8760 = VERTEX_POINT('',#8761);
#8761 = CARTESIAN_POINT('',(1.6,1.4,0.15));
#8762 = LINE('',#8763,#8764);
#8763 = CARTESIAN_POINT('',(1.6,1.4,0.15));
#8764 = VECTOR('',#8765,1.);
#8765 = DIRECTION('',(-1.,0.,0.));
#8766 = ORIENTED_EDGE('',*,*,#8767,.F.);
#8767 = EDGE_CURVE('',#8768,#8760,#8770,.T.);
#8768 = VERTEX_POINT('',#8769);
#8769 = CARTESIAN_POINT('',(1.6,1.4,-0.83995));
#8770 = LINE('',#8771,#8772);
#8771 = CARTESIAN_POINT('',(1.6,1.4,-0.84));
#8772 = VECTOR('',#8773,1.);
#8773 = DIRECTION('',(0.,-2.2E-16,1.));
#8774 = ORIENTED_EDGE('',*,*,#8775,.F.);
#8775 = EDGE_CURVE('',#8689,#8768,#8776,.T.);
#8776 = LINE('',#8777,#8778);
#8777 = CARTESIAN_POINT('',(-1.6,1.4,-0.83995));
#8778 = VECTOR('',#8779,1.);
#8779 = DIRECTION('',(1.,0.,0.));
#8780 = PLANE('',#8781);
#8781 = AXIS2_PLACEMENT_3D('',#8782,#8783,#8784);
#8782 = CARTESIAN_POINT('',(-1.6814E-13,1.4,-2.455333978938E-02));
#8783 = DIRECTION('',(0.,1.,-2.5E-16));
#8784 = DIRECTION('',(0.,-2.5E-16,-1.));
#8785 = ADVANCED_FACE('',(#8786),#8813,.T.);
#8786 = FACE_BOUND('',#8787,.T.);
#8787 = EDGE_LOOP('',(#8788,#8797,#8805,#8812));
#8788 = ORIENTED_EDGE('',*,*,#8789,.T.);
#8789 = EDGE_CURVE('',#8689,#8790,#8792,.T.);
#8790 = VERTEX_POINT('',#8791);
#8791 = CARTESIAN_POINT('',(-1.59995,1.39995,-0.84));
#8792 = ELLIPSE('',#8793,7.071067811865E-05,5.E-05);
#8793 = AXIS2_PLACEMENT_3D('',#8794,#8795,#8796);
#8794 = CARTESIAN_POINT('',(-1.59995,1.39995,-0.83995));
#8795 = DIRECTION('',(-0.707106781187,-0.707106781187,1.599999999999E-16
    ));
#8796 = DIRECTION('',(0.707106781187,-0.707106781187,1.599999999999E-16)
  );
#8797 = ORIENTED_EDGE('',*,*,#8798,.T.);
#8798 = EDGE_CURVE('',#8790,#8799,#8801,.T.);
#8799 = VERTEX_POINT('',#8800);
#8800 = CARTESIAN_POINT('',(-1.59995,-0.586877201635,-0.84));
#8801 = LINE('',#8802,#8803);
#8802 = CARTESIAN_POINT('',(-1.59995,1.4,-0.84));
#8803 = VECTOR('',#8804,1.);
#8804 = DIRECTION('',(0.,-1.,2.2E-16));
#8805 = ORIENTED_EDGE('',*,*,#8806,.F.);
#8806 = EDGE_CURVE('',#8721,#8799,#8807,.T.);
#8807 = CIRCLE('',#8808,5.E-05);
#8808 = AXIS2_PLACEMENT_3D('',#8809,#8810,#8811);
#8809 = CARTESIAN_POINT('',(-1.59995,-0.586877201635,-0.83995));
#8810 = DIRECTION('',(0.,-1.,2.2E-16));
#8811 = DIRECTION('',(0.,-2.2E-16,-1.));
#8812 = ORIENTED_EDGE('',*,*,#8728,.F.);
#8813 = CYLINDRICAL_SURFACE('',#8814,5.E-05);
#8814 = AXIS2_PLACEMENT_3D('',#8815,#8816,#8817);
#8815 = CARTESIAN_POINT('',(-1.59995,1.4,-0.83995));
#8816 = DIRECTION('',(0.,-1.,2.2E-16));
#8817 = DIRECTION('',(-1.,0.,0.));
#8818 = ADVANCED_FACE('',(#8819),#8837,.F.);
#8819 = FACE_BOUND('',#8820,.F.);
#8820 = EDGE_LOOP('',(#8821,#8822,#8830,#8836));
#8821 = ORIENTED_EDGE('',*,*,#8743,.F.);
#8822 = ORIENTED_EDGE('',*,*,#8823,.T.);
#8823 = EDGE_CURVE('',#8744,#8824,#8826,.T.);
#8824 = VERTEX_POINT('',#8825);
#8825 = CARTESIAN_POINT('',(-1.555,-1.4,0.15));
#8826 = LINE('',#8827,#8828);
#8827 = CARTESIAN_POINT('',(-1.555,1.4,0.15));
#8828 = VECTOR('',#8829,1.);
#8829 = DIRECTION('',(0.,-1.,2.2E-16));
#8830 = ORIENTED_EDGE('',*,*,#8831,.T.);
#8831 = EDGE_CURVE('',#8824,#8697,#8832,.T.);
#8832 = LINE('',#8833,#8834);
#8833 = CARTESIAN_POINT('',(1.6,-1.4,0.15));
#8834 = VECTOR('',#8835,1.);
#8835 = DIRECTION('',(-1.,0.,0.));
#8836 = ORIENTED_EDGE('',*,*,#8696,.F.);
#8837 = PLANE('',#8838);
#8838 = AXIS2_PLACEMENT_3D('',#8839,#8840,#8841);
#8839 = CARTESIAN_POINT('',(1.6,1.4,0.15));
#8840 = DIRECTION('',(0.,-2.2E-16,-1.));
#8841 = DIRECTION('',(-1.,-0.,0.));
#8842 = ADVANCED_FACE('',(#8843),#8878,.T.);
#8843 = FACE_BOUND('',#8844,.T.);
#8844 = EDGE_LOOP('',(#8845,#8855,#8861,#8862,#8863,#8871));
#8845 = ORIENTED_EDGE('',*,*,#8846,.T.);
#8846 = EDGE_CURVE('',#8847,#8849,#8851,.T.);
#8847 = VERTEX_POINT('',#8848);
#8848 = CARTESIAN_POINT('',(-0.786827201636,-1.4,-0.83995));
#8849 = VERTEX_POINT('',#8850);
#8850 = CARTESIAN_POINT('',(-0.786827201636,-1.4,-0.34));
#8851 = LINE('',#8852,#8853);
#8852 = CARTESIAN_POINT('',(-0.786827201636,-1.4,-0.84));
#8853 = VECTOR('',#8854,1.);
#8854 = DIRECTION('',(0.,0.,1.));
#8855 = ORIENTED_EDGE('',*,*,#8856,.T.);
#8856 = EDGE_CURVE('',#8849,#8713,#8857,.T.);
#8857 = LINE('',#8858,#8859);
#8858 = CARTESIAN_POINT('',(-0.786827201636,-1.4,-0.34));
#8859 = VECTOR('',#8860,1.);
#8860 = DIRECTION('',(-0.707106781187,0.707106781187,1.599999999999E-16)
  );
#8861 = ORIENTED_EDGE('',*,*,#8720,.F.);
#8862 = ORIENTED_EDGE('',*,*,#8806,.T.);
#8863 = ORIENTED_EDGE('',*,*,#8864,.F.);
#8864 = EDGE_CURVE('',#8865,#8799,#8867,.T.);
#8865 = VERTEX_POINT('',#8866);
#8866 = CARTESIAN_POINT('',(-0.786877201636,-1.39995,-0.84));
#8867 = LINE('',#8868,#8869);
#8868 = CARTESIAN_POINT('',(-0.786827201636,-1.4,-0.84));
#8869 = VECTOR('',#8870,1.);
#8870 = DIRECTION('',(-0.707106781187,0.707106781187,1.599999999999E-16)
  );
#8871 = ORIENTED_EDGE('',*,*,#8872,.T.);
#8872 = EDGE_CURVE('',#8865,#8847,#8873,.T.);
#8873 = CIRCLE('',#8874,5.E-05);
#8874 = AXIS2_PLACEMENT_3D('',#8875,#8876,#8877);
#8875 = CARTESIAN_POINT('',(-0.786877201636,-1.39995,-0.83995));
#8876 = DIRECTION('',(-1.,-0.,0.));
#8877 = DIRECTION('',(0.,-1.,-2.2E-16));
#8878 = PLANE('',#8879);
#8879 = AXIS2_PLACEMENT_3D('',#8880,#8881,#8882);
#8880 = CARTESIAN_POINT('',(-0.786827201636,-1.4,-0.84));
#8881 = DIRECTION('',(-0.707106781187,-0.707106781187,0.));
#8882 = DIRECTION('',(-0.707106781187,0.707106781187,0.));
#8883 = ADVANCED_FACE('',(#8884),#8925,.T.);
#8884 = FACE_BOUND('',#8885,.T.);
#8885 = EDGE_LOOP('',(#8886,#8896,#8904,#8910,#8911,#8912,#8918,#8919));
#8886 = ORIENTED_EDGE('',*,*,#8887,.T.);
#8887 = EDGE_CURVE('',#8888,#8890,#8892,.T.);
#8888 = VERTEX_POINT('',#8889);
#8889 = CARTESIAN_POINT('',(1.6,-1.4,-0.83995));
#8890 = VERTEX_POINT('',#8891);
#8891 = CARTESIAN_POINT('',(1.6,-1.4,0.15));
#8892 = LINE('',#8893,#8894);
#8893 = CARTESIAN_POINT('',(1.6,-1.4,-0.84));
#8894 = VECTOR('',#8895,1.);
#8895 = DIRECTION('',(0.,-2.2E-16,1.));
#8896 = ORIENTED_EDGE('',*,*,#8897,.T.);
#8897 = EDGE_CURVE('',#8890,#8898,#8900,.T.);
#8898 = VERTEX_POINT('',#8899);
#8899 = CARTESIAN_POINT('',(1.555,-1.4,0.15));
#8900 = LINE('',#8901,#8902);
#8901 = CARTESIAN_POINT('',(1.6,-1.4,0.15));
#8902 = VECTOR('',#8903,1.);
#8903 = DIRECTION('',(-1.,0.,0.));
#8904 = ORIENTED_EDGE('',*,*,#8905,.T.);
#8905 = EDGE_CURVE('',#8898,#8824,#8906,.T.);
#8906 = LINE('',#8907,#8908);
#8907 = CARTESIAN_POINT('',(4.655694667823,-1.4,0.15));
#8908 = VECTOR('',#8909,1.);
#8909 = DIRECTION('',(-1.,0.,0.));
#8910 = ORIENTED_EDGE('',*,*,#8831,.T.);
#8911 = ORIENTED_EDGE('',*,*,#8704,.T.);
#8912 = ORIENTED_EDGE('',*,*,#8913,.T.);
#8913 = EDGE_CURVE('',#8705,#8849,#8914,.T.);
#8914 = LINE('',#8915,#8916);
#8915 = CARTESIAN_POINT('',(-1.6,-1.4,-0.34));
#8916 = VECTOR('',#8917,1.);
#8917 = DIRECTION('',(1.,5.5E-16,0.));
#8918 = ORIENTED_EDGE('',*,*,#8846,.F.);
#8919 = ORIENTED_EDGE('',*,*,#8920,.T.);
#8920 = EDGE_CURVE('',#8847,#8888,#8921,.T.);
#8921 = LINE('',#8922,#8923);
#8922 = CARTESIAN_POINT('',(-0.786827201636,-1.4,-0.83995));
#8923 = VECTOR('',#8924,1.);
#8924 = DIRECTION('',(1.,0.,0.));
#8925 = PLANE('',#8926);
#8926 = AXIS2_PLACEMENT_3D('',#8927,#8928,#8929);
#8927 = CARTESIAN_POINT('',(-1.6822E-13,-1.4,-2.455333978938E-02));
#8928 = DIRECTION('',(0.,-1.,2.5E-16));
#8929 = DIRECTION('',(0.,2.5E-16,1.));
#8930 = ADVANCED_FACE('',(#8931),#8936,.F.);
#8931 = FACE_BOUND('',#8932,.F.);
#8932 = EDGE_LOOP('',(#8933,#8934,#8935));
#8933 = ORIENTED_EDGE('',*,*,#8913,.T.);
#8934 = ORIENTED_EDGE('',*,*,#8856,.T.);
#8935 = ORIENTED_EDGE('',*,*,#8712,.T.);
#8936 = PLANE('',#8937);
#8937 = AXIS2_PLACEMENT_3D('',#8938,#8939,#8940);
#8938 = CARTESIAN_POINT('',(-1.3125,-1.1125,-0.34));
#8939 = DIRECTION('',(0.,-2.2E-16,1.));
#8940 = DIRECTION('',(1.,0.,0.));
#8941 = ADVANCED_FACE('',(#8942),#8961,.T.);
#8942 = FACE_BOUND('',#8943,.T.);
#8943 = EDGE_LOOP('',(#8944,#8945,#8954,#8960));
#8944 = ORIENTED_EDGE('',*,*,#8775,.T.);
#8945 = ORIENTED_EDGE('',*,*,#8946,.F.);
#8946 = EDGE_CURVE('',#8947,#8768,#8949,.T.);
#8947 = VERTEX_POINT('',#8948);
#8948 = CARTESIAN_POINT('',(1.59995,1.39995,-0.84));
#8949 = ELLIPSE('',#8950,7.071067811865E-05,5.E-05);
#8950 = AXIS2_PLACEMENT_3D('',#8951,#8952,#8953);
#8951 = CARTESIAN_POINT('',(1.59995,1.39995,-0.83995));
#8952 = DIRECTION('',(0.707106781187,-0.707106781187,1.599999999999E-16)
  );
#8953 = DIRECTION('',(-0.707106781187,-0.707106781187,1.599999999999E-16
    ));
#8954 = ORIENTED_EDGE('',*,*,#8955,.F.);
#8955 = EDGE_CURVE('',#8790,#8947,#8956,.T.);
#8956 = LINE('',#8957,#8958);
#8957 = CARTESIAN_POINT('',(-1.6,1.39995,-0.84));
#8958 = VECTOR('',#8959,1.);
#8959 = DIRECTION('',(1.,0.,0.));
#8960 = ORIENTED_EDGE('',*,*,#8789,.F.);
#8961 = CYLINDRICAL_SURFACE('',#8962,5.E-05);
#8962 = AXIS2_PLACEMENT_3D('',#8963,#8964,#8965);
#8963 = CARTESIAN_POINT('',(-1.6,1.39995,-0.83995));
#8964 = DIRECTION('',(1.,0.,0.));
#8965 = DIRECTION('',(0.,1.,-2.5E-16));
#8966 = ADVANCED_FACE('',(#8967),#8983,.F.);
#8967 = FACE_BOUND('',#8968,.F.);
#8968 = EDGE_LOOP('',(#8969,#8970,#8976,#8977));
#8969 = ORIENTED_EDGE('',*,*,#8767,.F.);
#8970 = ORIENTED_EDGE('',*,*,#8971,.T.);
#8971 = EDGE_CURVE('',#8768,#8888,#8972,.T.);
#8972 = LINE('',#8973,#8974);
#8973 = CARTESIAN_POINT('',(1.6,1.4,-0.83995));
#8974 = VECTOR('',#8975,1.);
#8975 = DIRECTION('',(0.,-1.,2.2E-16));
#8976 = ORIENTED_EDGE('',*,*,#8887,.T.);
#8977 = ORIENTED_EDGE('',*,*,#8978,.F.);
#8978 = EDGE_CURVE('',#8760,#8890,#8979,.T.);
#8979 = LINE('',#8980,#8981);
#8980 = CARTESIAN_POINT('',(1.6,1.4,0.15));
#8981 = VECTOR('',#8982,1.);
#8982 = DIRECTION('',(0.,-1.,2.2E-16));
#8983 = PLANE('',#8984);
#8984 = AXIS2_PLACEMENT_3D('',#8985,#8986,#8987);
#8985 = CARTESIAN_POINT('',(1.6,1.4,-0.84));
#8986 = DIRECTION('',(-1.,0.,0.));
#8987 = DIRECTION('',(0.,2.2E-16,1.));
#8988 = ADVANCED_FACE('',(#8989),#9082,.T.);
#8989 = FACE_BOUND('',#8990,.T.);
#8990 = EDGE_LOOP('',(#8991,#8999,#9000,#9008,#9017,#9025,#9033,#9042,
    #9050,#9059,#9067,#9075));
#8991 = ORIENTED_EDGE('',*,*,#8992,.T.);
#8992 = EDGE_CURVE('',#8993,#8752,#8995,.T.);
#8993 = VERTEX_POINT('',#8994);
#8994 = CARTESIAN_POINT('',(1.464049765445,1.313472197661,0.640723552549
    ));
#8995 = LINE('',#8996,#8997);
#8996 = CARTESIAN_POINT('',(1.604984244352,1.447553773077,
    -0.119690848846));
#8997 = VECTOR('',#8998,1.);
#8998 = DIRECTION('',(0.179556884817,0.17082597658,-0.968802255798));
#8999 = ORIENTED_EDGE('',*,*,#8751,.T.);
#9000 = ORIENTED_EDGE('',*,*,#9001,.F.);
#9001 = EDGE_CURVE('',#9002,#8744,#9004,.T.);
#9002 = VERTEX_POINT('',#9003);
#9003 = CARTESIAN_POINT('',(-1.464049765445,1.313472197661,
    0.640723552549));
#9004 = LINE('',#9005,#9006);
#9005 = CARTESIAN_POINT('',(-1.454881506202,1.304749742711,
    0.690191052756));
#9006 = VECTOR('',#9007,1.);
#9007 = DIRECTION('',(-0.179556884817,0.17082597658,-0.968802255798));
#9008 = ORIENTED_EDGE('',*,*,#9009,.T.);
#9009 = EDGE_CURVE('',#9002,#9010,#9012,.T.);
#9010 = VERTEX_POINT('',#9011);
#9011 = CARTESIAN_POINT('',(-1.365724274689,1.299052803596,0.7225));
#9012 = ELLIPSE('',#9013,0.101542661187,0.1);
#9013 = AXIS2_PLACEMENT_3D('',#9014,#9015,#9016);
#9014 = CARTESIAN_POINT('',(-1.365724274689,1.316685501658,0.6225));
#9015 = DIRECTION('',(-8.999999999996E-17,0.984807753028,0.17364817758)
  );
#9016 = DIRECTION('',(5.099999999998E-16,0.17364817758,-0.984807753028)
  );
#9017 = ORIENTED_EDGE('',*,*,#9018,.F.);
#9018 = EDGE_CURVE('',#9019,#9010,#9021,.T.);
#9019 = VERTEX_POINT('',#9020);
#9020 = CARTESIAN_POINT('',(-0.794,1.299052803596,0.7225));
#9021 = LINE('',#9022,#9023);
#9022 = CARTESIAN_POINT('',(1.644985196567,1.299052803596,0.7225));
#9023 = VECTOR('',#9024,1.);
#9024 = DIRECTION('',(-1.,-9.E-17,0.));
#9025 = ORIENTED_EDGE('',*,*,#9026,.F.);
#9026 = EDGE_CURVE('',#9027,#9019,#9029,.T.);
#9027 = VERTEX_POINT('',#9028);
#9028 = CARTESIAN_POINT('',(-0.755580934477,1.273770705299,0.86588190451
    ));
#9029 = LINE('',#9030,#9031);
#9030 = CARTESIAN_POINT('',(-0.690485079301,1.230933645445,
    1.108822943391));
#9031 = VECTOR('',#9032,1.);
#9032 = DIRECTION('',(-0.255144817825,0.167900917853,-0.95221342341));
#9033 = ORIENTED_EDGE('',*,*,#9034,.T.);
#9034 = EDGE_CURVE('',#9027,#9035,#9037,.T.);
#9035 = VERTEX_POINT('',#9036);
#9036 = CARTESIAN_POINT('',(-0.658988351848,1.260701685312,0.94));
#9037 = ELLIPSE('',#9038,0.101542661187,0.1);
#9038 = AXIS2_PLACEMENT_3D('',#9039,#9040,#9041);
#9039 = CARTESIAN_POINT('',(-0.658988351848,1.278334383374,0.84));
#9040 = DIRECTION('',(-8.999999999996E-17,0.984807753028,0.17364817758)
  );
#9041 = DIRECTION('',(5.099999999998E-16,0.17364817758,-0.984807753028)
  );
#9042 = ORIENTED_EDGE('',*,*,#9043,.F.);
#9043 = EDGE_CURVE('',#9044,#9035,#9046,.T.);
#9044 = VERTEX_POINT('',#9045);
#9045 = CARTESIAN_POINT('',(0.658988351848,1.260701685312,0.94));
#9046 = LINE('',#9047,#9048);
#9047 = CARTESIAN_POINT('',(4.655694667823,1.260701685312,0.94));
#9048 = VECTOR('',#9049,1.);
#9049 = DIRECTION('',(-1.,-1.1E-16,1.1E-16));
#9050 = ORIENTED_EDGE('',*,*,#9051,.T.);
#9051 = EDGE_CURVE('',#9044,#9052,#9054,.T.);
#9052 = VERTEX_POINT('',#9053);
#9053 = CARTESIAN_POINT('',(0.755580934477,1.273770705299,0.86588190451)
  );
#9054 = ELLIPSE('',#9055,0.101542661187,0.1);
#9055 = AXIS2_PLACEMENT_3D('',#9056,#9057,#9058);
#9056 = CARTESIAN_POINT('',(0.658988351848,1.278334383374,0.84));
#9057 = DIRECTION('',(-8.999999999996E-17,0.984807753028,0.17364817758)
  );
#9058 = DIRECTION('',(5.099999999998E-16,0.17364817758,-0.984807753028)
  );
#9059 = ORIENTED_EDGE('',*,*,#9060,.T.);
#9060 = EDGE_CURVE('',#9052,#9061,#9063,.T.);
#9061 = VERTEX_POINT('',#9062);
#9062 = CARTESIAN_POINT('',(0.794,1.299052803596,0.7225));
#9063 = LINE('',#9064,#9065);
#9064 = CARTESIAN_POINT('',(0.993565578779,1.430379177906,
    -2.22888794447E-02));
#9065 = VECTOR('',#9066,1.);
#9066 = DIRECTION('',(0.255144817825,0.167900917853,-0.95221342341));
#9067 = ORIENTED_EDGE('',*,*,#9068,.T.);
#9068 = EDGE_CURVE('',#9061,#9069,#9071,.T.);
#9069 = VERTEX_POINT('',#9070);
#9070 = CARTESIAN_POINT('',(1.365724274689,1.299052803596,0.7225));
#9071 = LINE('',#9072,#9073);
#9072 = CARTESIAN_POINT('',(3.010709471256,1.299052803596,0.7225));
#9073 = VECTOR('',#9074,1.);
#9074 = DIRECTION('',(1.,9.E-17,0.));
#9075 = ORIENTED_EDGE('',*,*,#9076,.T.);
#9076 = EDGE_CURVE('',#9069,#8993,#9077,.T.);
#9077 = ELLIPSE('',#9078,0.101542661187,0.1);
#9078 = AXIS2_PLACEMENT_3D('',#9079,#9080,#9081);
#9079 = CARTESIAN_POINT('',(1.365724274689,1.316685501658,0.6225));
#9080 = DIRECTION('',(-8.999999999996E-17,0.984807753028,0.17364817758)
  );
#9081 = DIRECTION('',(5.099999999998E-16,0.17364817758,-0.984807753028)
  );
#9082 = PLANE('',#9083);
#9083 = AXIS2_PLACEMENT_3D('',#9084,#9085,#9086);
#9084 = CARTESIAN_POINT('',(4.655694667823,1.4,0.15));
#9085 = DIRECTION('',(-8.999999999996E-17,0.984807753028,0.17364817758)
  );
#9086 = DIRECTION('',(2.999999999999E-16,-0.17364817758,0.984807753028)
  );
#9087 = ADVANCED_FACE('',(#9088),#9099,.F.);
#9088 = FACE_BOUND('',#9089,.F.);
#9089 = EDGE_LOOP('',(#9090,#9091,#9092,#9093));
#9090 = ORIENTED_EDGE('',*,*,#8759,.F.);
#9091 = ORIENTED_EDGE('',*,*,#8978,.T.);
#9092 = ORIENTED_EDGE('',*,*,#8897,.T.);
#9093 = ORIENTED_EDGE('',*,*,#9094,.F.);
#9094 = EDGE_CURVE('',#8752,#8898,#9095,.T.);
#9095 = LINE('',#9096,#9097);
#9096 = CARTESIAN_POINT('',(1.555,1.4,0.15));
#9097 = VECTOR('',#9098,1.);
#9098 = DIRECTION('',(0.,-1.,2.2E-16));
#9099 = PLANE('',#9100);
#9100 = AXIS2_PLACEMENT_3D('',#9101,#9102,#9103);
#9101 = CARTESIAN_POINT('',(1.6,1.4,0.15));
#9102 = DIRECTION('',(0.,-2.2E-16,-1.));
#9103 = DIRECTION('',(-1.,-0.,0.));
#9104 = ADVANCED_FACE('',(#9105,#9124),#9135,.F.);
#9105 = FACE_BOUND('',#9106,.F.);
#9106 = EDGE_LOOP('',(#9107,#9108,#9116,#9122,#9123));
#9107 = ORIENTED_EDGE('',*,*,#8864,.F.);
#9108 = ORIENTED_EDGE('',*,*,#9109,.T.);
#9109 = EDGE_CURVE('',#8865,#9110,#9112,.T.);
#9110 = VERTEX_POINT('',#9111);
#9111 = CARTESIAN_POINT('',(1.59995,-1.39995,-0.84));
#9112 = LINE('',#9113,#9114);
#9113 = CARTESIAN_POINT('',(-0.786827201636,-1.39995,-0.84));
#9114 = VECTOR('',#9115,1.);
#9115 = DIRECTION('',(1.,0.,0.));
#9116 = ORIENTED_EDGE('',*,*,#9117,.F.);
#9117 = EDGE_CURVE('',#8947,#9110,#9118,.T.);
#9118 = LINE('',#9119,#9120);
#9119 = CARTESIAN_POINT('',(1.59995,1.4,-0.84));
#9120 = VECTOR('',#9121,1.);
#9121 = DIRECTION('',(0.,-1.,2.2E-16));
#9122 = ORIENTED_EDGE('',*,*,#8955,.F.);
#9123 = ORIENTED_EDGE('',*,*,#8798,.T.);
#9124 = FACE_BOUND('',#9125,.F.);
#9125 = EDGE_LOOP('',(#9126));
#9126 = ORIENTED_EDGE('',*,*,#9127,.F.);
#9127 = EDGE_CURVE('',#9128,#9128,#9130,.T.);
#9128 = VERTEX_POINT('',#9129);
#9129 = CARTESIAN_POINT('',(1.2,0.,-0.84));
#9130 = CIRCLE('',#9131,1.2);
#9131 = AXIS2_PLACEMENT_3D('',#9132,#9133,#9134);
#9132 = CARTESIAN_POINT('',(0.,-1.9E-16,-0.84));
#9133 = DIRECTION('',(-0.,2.2E-16,1.));
#9134 = DIRECTION('',(1.,0.,0.));
#9135 = PLANE('',#9136);
#9136 = AXIS2_PLACEMENT_3D('',#9137,#9138,#9139);
#9137 = CARTESIAN_POINT('',(-1.6,1.4,-0.84));
#9138 = DIRECTION('',(0.,2.2E-16,1.));
#9139 = DIRECTION('',(1.,0.,-0.));
#9140 = ADVANCED_FACE('',(#9141),#9159,.T.);
#9141 = FACE_BOUND('',#9142,.T.);
#9142 = EDGE_LOOP('',(#9143,#9144,#9145,#9153));
#9143 = ORIENTED_EDGE('',*,*,#9001,.T.);
#9144 = ORIENTED_EDGE('',*,*,#8823,.T.);
#9145 = ORIENTED_EDGE('',*,*,#9146,.F.);
#9146 = EDGE_CURVE('',#9147,#8824,#9149,.T.);
#9147 = VERTEX_POINT('',#9148);
#9148 = CARTESIAN_POINT('',(-1.464049765445,-1.313472197661,
    0.640723552549));
#9149 = LINE('',#9150,#9151);
#9150 = CARTESIAN_POINT('',(-1.411939333921,-1.263895622726,0.9218862808
    ));
#9151 = VECTOR('',#9152,1.);
#9152 = DIRECTION('',(-0.179556884817,-0.17082597658,-0.968802255798));
#9153 = ORIENTED_EDGE('',*,*,#9154,.F.);
#9154 = EDGE_CURVE('',#9002,#9147,#9155,.T.);
#9155 = LINE('',#9156,#9157);
#9156 = CARTESIAN_POINT('',(-1.464049765445,1.4,0.640723552549));
#9157 = VECTOR('',#9158,1.);
#9158 = DIRECTION('',(0.,-1.,2.2E-16));
#9159 = PLANE('',#9160);
#9160 = AXIS2_PLACEMENT_3D('',#9161,#9162,#9163);
#9161 = CARTESIAN_POINT('',(-1.555,1.4,0.15));
#9162 = DIRECTION('',(-0.983254907564,4.E-17,0.182235525492));
#9163 = DIRECTION('',(0.182235525492,2.2E-16,0.983254907564));
#9164 = ADVANCED_FACE('',(#9165),#9177,.T.);
#9165 = FACE_BOUND('',#9166,.T.);
#9166 = EDGE_LOOP('',(#9167,#9168,#9175,#9176));
#9167 = ORIENTED_EDGE('',*,*,#9109,.T.);
#9168 = ORIENTED_EDGE('',*,*,#9169,.T.);
#9169 = EDGE_CURVE('',#9110,#8888,#9170,.T.);
#9170 = ELLIPSE('',#9171,7.071067811865E-05,5.E-05);
#9171 = AXIS2_PLACEMENT_3D('',#9172,#9173,#9174);
#9172 = CARTESIAN_POINT('',(1.59995,-1.39995,-0.83995));
#9173 = DIRECTION('',(-0.707106781187,-0.707106781187,1.599999999999E-16
    ));
#9174 = DIRECTION('',(0.707106781187,-0.707106781187,1.599999999999E-16)
  );
#9175 = ORIENTED_EDGE('',*,*,#8920,.F.);
#9176 = ORIENTED_EDGE('',*,*,#8872,.F.);
#9177 = CYLINDRICAL_SURFACE('',#9178,5.E-05);
#9178 = AXIS2_PLACEMENT_3D('',#9179,#9180,#9181);
#9179 = CARTESIAN_POINT('',(-0.786827201636,-1.39995,-0.83995));
#9180 = DIRECTION('',(1.,0.,0.));
#9181 = DIRECTION('',(0.,-2.2E-16,-1.));
#9182 = ADVANCED_FACE('',(#9183),#9269,.F.);
#9183 = FACE_BOUND('',#9184,.F.);
#9184 = EDGE_LOOP('',(#9185,#9193,#9194,#9195,#9204,#9212,#9220,#9229,
    #9237,#9246,#9254,#9262));
#9185 = ORIENTED_EDGE('',*,*,#9186,.T.);
#9186 = EDGE_CURVE('',#9187,#8898,#9189,.T.);
#9187 = VERTEX_POINT('',#9188);
#9188 = CARTESIAN_POINT('',(1.464049765445,-1.313472197661,
    0.640723552549));
#9189 = LINE('',#9190,#9191);
#9190 = CARTESIAN_POINT('',(1.562042072071,-1.406699653093,
    0.112004379198));
#9191 = VECTOR('',#9192,1.);
#9192 = DIRECTION('',(0.179556884817,-0.17082597658,-0.968802255798));
#9193 = ORIENTED_EDGE('',*,*,#8905,.T.);
#9194 = ORIENTED_EDGE('',*,*,#9146,.F.);
#9195 = ORIENTED_EDGE('',*,*,#9196,.T.);
#9196 = EDGE_CURVE('',#9147,#9197,#9199,.T.);
#9197 = VERTEX_POINT('',#9198);
#9198 = CARTESIAN_POINT('',(-1.365724274689,-1.299052803596,0.7225));
#9199 = ELLIPSE('',#9200,0.101542661187,0.1);
#9200 = AXIS2_PLACEMENT_3D('',#9201,#9202,#9203);
#9201 = CARTESIAN_POINT('',(-1.365724274689,-1.316685501658,0.6225));
#9202 = DIRECTION('',(0.,0.984807753028,-0.17364817758));
#9203 = DIRECTION('',(0.,0.17364817758,0.984807753028));
#9204 = ORIENTED_EDGE('',*,*,#9205,.F.);
#9205 = EDGE_CURVE('',#9206,#9197,#9208,.T.);
#9206 = VERTEX_POINT('',#9207);
#9207 = CARTESIAN_POINT('',(-0.794,-1.299052803596,0.7225));
#9208 = LINE('',#9209,#9210);
#9209 = CARTESIAN_POINT('',(1.644985196567,-1.299052803596,0.7225));
#9210 = VECTOR('',#9211,1.);
#9211 = DIRECTION('',(-1.,0.,0.));
#9212 = ORIENTED_EDGE('',*,*,#9213,.F.);
#9213 = EDGE_CURVE('',#9214,#9206,#9216,.T.);
#9214 = VERTEX_POINT('',#9215);
#9215 = CARTESIAN_POINT('',(-0.755580934477,-1.273770705299,
    0.86588190451));
#9216 = LINE('',#9217,#9218);
#9217 = CARTESIAN_POINT('',(-0.630510410563,-1.191466639943,
    1.332651454287));
#9218 = VECTOR('',#9219,1.);
#9219 = DIRECTION('',(-0.255144817825,-0.167900917853,-0.95221342341));
#9220 = ORIENTED_EDGE('',*,*,#9221,.T.);
#9221 = EDGE_CURVE('',#9214,#9222,#9224,.T.);
#9222 = VERTEX_POINT('',#9223);
#9223 = CARTESIAN_POINT('',(-0.658988351848,-1.260701685312,0.94));
#9224 = ELLIPSE('',#9225,0.101542661187,0.1);
#9225 = AXIS2_PLACEMENT_3D('',#9226,#9227,#9228);
#9226 = CARTESIAN_POINT('',(-0.658988351848,-1.278334383374,0.84));
#9227 = DIRECTION('',(0.,0.984807753028,-0.17364817758));
#9228 = DIRECTION('',(0.,0.17364817758,0.984807753028));
#9229 = ORIENTED_EDGE('',*,*,#9230,.F.);
#9230 = EDGE_CURVE('',#9231,#9222,#9233,.T.);
#9231 = VERTEX_POINT('',#9232);
#9232 = CARTESIAN_POINT('',(0.658988351848,-1.260701685312,0.94));
#9233 = LINE('',#9234,#9235);
#9234 = CARTESIAN_POINT('',(4.655694667823,-1.260701685312,0.94));
#9235 = VECTOR('',#9236,1.);
#9236 = DIRECTION('',(-1.,0.,0.));
#9237 = ORIENTED_EDGE('',*,*,#9238,.T.);
#9238 = EDGE_CURVE('',#9231,#9239,#9241,.T.);
#9239 = VERTEX_POINT('',#9240);
#9240 = CARTESIAN_POINT('',(0.755580934477,-1.273770705299,0.86588190451
    ));
#9241 = ELLIPSE('',#9242,0.101542661187,0.1);
#9242 = AXIS2_PLACEMENT_3D('',#9243,#9244,#9245);
#9243 = CARTESIAN_POINT('',(0.658988351848,-1.278334383374,0.84));
#9244 = DIRECTION('',(0.,0.984807753028,-0.17364817758));
#9245 = DIRECTION('',(0.,0.17364817758,0.984807753028));
#9246 = ORIENTED_EDGE('',*,*,#9247,.T.);
#9247 = EDGE_CURVE('',#9239,#9248,#9250,.T.);
#9248 = VERTEX_POINT('',#9249);
#9249 = CARTESIAN_POINT('',(0.794,-1.299052803596,0.7225));
#9250 = LINE('',#9251,#9252);
#9251 = CARTESIAN_POINT('',(0.933590910041,-1.390912172404,
    0.201539631451));
#9252 = VECTOR('',#9253,1.);
#9253 = DIRECTION('',(0.255144817825,-0.167900917853,-0.95221342341));
#9254 = ORIENTED_EDGE('',*,*,#9255,.T.);
#9255 = EDGE_CURVE('',#9248,#9256,#9258,.T.);
#9256 = VERTEX_POINT('',#9257);
#9257 = CARTESIAN_POINT('',(1.365724274689,-1.299052803596,0.7225));
#9258 = LINE('',#9259,#9260);
#9259 = CARTESIAN_POINT('',(3.010709471256,-1.299052803596,0.7225));
#9260 = VECTOR('',#9261,1.);
#9261 = DIRECTION('',(1.,0.,0.));
#9262 = ORIENTED_EDGE('',*,*,#9263,.T.);
#9263 = EDGE_CURVE('',#9256,#9187,#9264,.T.);
#9264 = ELLIPSE('',#9265,0.101542661187,0.1);
#9265 = AXIS2_PLACEMENT_3D('',#9266,#9267,#9268);
#9266 = CARTESIAN_POINT('',(1.365724274689,-1.316685501658,0.6225));
#9267 = DIRECTION('',(0.,0.984807753028,-0.17364817758));
#9268 = DIRECTION('',(0.,0.17364817758,0.984807753028));
#9269 = PLANE('',#9270);
#9270 = AXIS2_PLACEMENT_3D('',#9271,#9272,#9273);
#9271 = CARTESIAN_POINT('',(4.655694667823,-1.4,0.15));
#9272 = DIRECTION('',(0.,0.984807753028,-0.17364817758));
#9273 = DIRECTION('',(0.,0.17364817758,0.984807753028));
#9274 = ADVANCED_FACE('',(#9275),#9281,.T.);
#9275 = FACE_BOUND('',#9276,.T.);
#9276 = EDGE_LOOP('',(#9277,#9278,#9279,#9280));
#9277 = ORIENTED_EDGE('',*,*,#8946,.T.);
#9278 = ORIENTED_EDGE('',*,*,#8971,.T.);
#9279 = ORIENTED_EDGE('',*,*,#9169,.F.);
#9280 = ORIENTED_EDGE('',*,*,#9117,.F.);
#9281 = CYLINDRICAL_SURFACE('',#9282,5.E-05);
#9282 = AXIS2_PLACEMENT_3D('',#9283,#9284,#9285);
#9283 = CARTESIAN_POINT('',(1.59995,1.4,-0.83995));
#9284 = DIRECTION('',(0.,-1.,2.2E-16));
#9285 = DIRECTION('',(0.,-2.2E-16,-1.));
#9286 = ADVANCED_FACE('',(#9287),#9298,.T.);
#9287 = FACE_BOUND('',#9288,.F.);
#9288 = EDGE_LOOP('',(#9289,#9290,#9291,#9292));
#9289 = ORIENTED_EDGE('',*,*,#8992,.T.);
#9290 = ORIENTED_EDGE('',*,*,#9094,.T.);
#9291 = ORIENTED_EDGE('',*,*,#9186,.F.);
#9292 = ORIENTED_EDGE('',*,*,#9293,.F.);
#9293 = EDGE_CURVE('',#8993,#9187,#9294,.T.);
#9294 = LINE('',#9295,#9296);
#9295 = CARTESIAN_POINT('',(1.464049765445,1.4,0.640723552549));
#9296 = VECTOR('',#9297,1.);
#9297 = DIRECTION('',(0.,-1.,2.2E-16));
#9298 = PLANE('',#9299);
#9299 = AXIS2_PLACEMENT_3D('',#9300,#9301,#9302);
#9300 = CARTESIAN_POINT('',(1.555,1.4,0.15));
#9301 = DIRECTION('',(0.983254907564,4.E-17,0.182235525492));
#9302 = DIRECTION('',(0.182235525492,-2.2E-16,-0.983254907564));
#9303 = ADVANCED_FACE('',(#9304),#9315,.T.);
#9304 = FACE_BOUND('',#9305,.T.);
#9305 = EDGE_LOOP('',(#9306,#9307,#9313,#9314));
#9306 = ORIENTED_EDGE('',*,*,#9076,.F.);
#9307 = ORIENTED_EDGE('',*,*,#9308,.T.);
#9308 = EDGE_CURVE('',#9069,#9256,#9309,.T.);
#9309 = LINE('',#9310,#9311);
#9310 = CARTESIAN_POINT('',(1.365724274689,1.4,0.7225));
#9311 = VECTOR('',#9312,1.);
#9312 = DIRECTION('',(0.,-1.,2.2E-16));
#9313 = ORIENTED_EDGE('',*,*,#9263,.T.);
#9314 = ORIENTED_EDGE('',*,*,#9293,.F.);
#9315 = CYLINDRICAL_SURFACE('',#9316,0.1);
#9316 = AXIS2_PLACEMENT_3D('',#9317,#9318,#9319);
#9317 = CARTESIAN_POINT('',(1.365724274689,1.4,0.6225));
#9318 = DIRECTION('',(0.,1.,-2.2E-16));
#9319 = DIRECTION('',(-1.,0.,0.));
#9320 = ADVANCED_FACE('',(#9321),#9332,.T.);
#9321 = FACE_BOUND('',#9322,.F.);
#9322 = EDGE_LOOP('',(#9323,#9324,#9325,#9326));
#9323 = ORIENTED_EDGE('',*,*,#9068,.T.);
#9324 = ORIENTED_EDGE('',*,*,#9308,.T.);
#9325 = ORIENTED_EDGE('',*,*,#9255,.F.);
#9326 = ORIENTED_EDGE('',*,*,#9327,.F.);
#9327 = EDGE_CURVE('',#9061,#9248,#9328,.T.);
#9328 = LINE('',#9329,#9330);
#9329 = CARTESIAN_POINT('',(0.794,1.4,0.7225));
#9330 = VECTOR('',#9331,1.);
#9331 = DIRECTION('',(0.,-1.,2.2E-16));
#9332 = PLANE('',#9333);
#9333 = AXIS2_PLACEMENT_3D('',#9334,#9335,#9336);
#9334 = CARTESIAN_POINT('',(1.365724274689,1.4,0.7225));
#9335 = DIRECTION('',(0.,2.2E-16,1.));
#9336 = DIRECTION('',(1.,0.,-0.));
#9337 = ADVANCED_FACE('',(#9338),#9349,.T.);
#9338 = FACE_BOUND('',#9339,.F.);
#9339 = EDGE_LOOP('',(#9340,#9341,#9342,#9343));
#9340 = ORIENTED_EDGE('',*,*,#9060,.T.);
#9341 = ORIENTED_EDGE('',*,*,#9327,.T.);
#9342 = ORIENTED_EDGE('',*,*,#9247,.F.);
#9343 = ORIENTED_EDGE('',*,*,#9344,.F.);
#9344 = EDGE_CURVE('',#9052,#9239,#9345,.T.);
#9345 = LINE('',#9346,#9347);
#9346 = CARTESIAN_POINT('',(0.755580934477,1.4,0.86588190451));
#9347 = VECTOR('',#9348,1.);
#9348 = DIRECTION('',(0.,-1.,2.2E-16));
#9349 = PLANE('',#9350);
#9350 = AXIS2_PLACEMENT_3D('',#9351,#9352,#9353);
#9351 = CARTESIAN_POINT('',(0.794,1.4,0.7225));
#9352 = DIRECTION('',(0.965925826289,6.E-17,0.258819045103));
#9353 = DIRECTION('',(0.258819045103,-2.1E-16,-0.965925826289));
#9354 = ADVANCED_FACE('',(#9355),#9366,.T.);
#9355 = FACE_BOUND('',#9356,.T.);
#9356 = EDGE_LOOP('',(#9357,#9358,#9364,#9365));
#9357 = ORIENTED_EDGE('',*,*,#9051,.F.);
#9358 = ORIENTED_EDGE('',*,*,#9359,.T.);
#9359 = EDGE_CURVE('',#9044,#9231,#9360,.T.);
#9360 = LINE('',#9361,#9362);
#9361 = CARTESIAN_POINT('',(0.658988351848,1.4,0.94));
#9362 = VECTOR('',#9363,1.);
#9363 = DIRECTION('',(0.,-1.,2.2E-16));
#9364 = ORIENTED_EDGE('',*,*,#9238,.T.);
#9365 = ORIENTED_EDGE('',*,*,#9344,.F.);
#9366 = CYLINDRICAL_SURFACE('',#9367,0.1);
#9367 = AXIS2_PLACEMENT_3D('',#9368,#9369,#9370);
#9368 = CARTESIAN_POINT('',(0.658988351848,1.4,0.84));
#9369 = DIRECTION('',(0.,1.,-2.2E-16));
#9370 = DIRECTION('',(-1.,0.,0.));
#9371 = ADVANCED_FACE('',(#9372,#9383),#9394,.T.);
#9372 = FACE_BOUND('',#9373,.T.);
#9373 = EDGE_LOOP('',(#9374,#9375,#9381,#9382));
#9374 = ORIENTED_EDGE('',*,*,#9043,.T.);
#9375 = ORIENTED_EDGE('',*,*,#9376,.T.);
#9376 = EDGE_CURVE('',#9035,#9222,#9377,.T.);
#9377 = LINE('',#9378,#9379);
#9378 = CARTESIAN_POINT('',(-0.658988351848,1.4,0.94));
#9379 = VECTOR('',#9380,1.);
#9380 = DIRECTION('',(0.,-1.,2.2E-16));
#9381 = ORIENTED_EDGE('',*,*,#9230,.F.);
#9382 = ORIENTED_EDGE('',*,*,#9359,.F.);
#9383 = FACE_BOUND('',#9384,.T.);
#9384 = EDGE_LOOP('',(#9385));
#9385 = ORIENTED_EDGE('',*,*,#9386,.F.);
#9386 = EDGE_CURVE('',#9387,#9387,#9389,.T.);
#9387 = VERTEX_POINT('',#9388);
#9388 = CARTESIAN_POINT('',(0.475,0.,0.94));
#9389 = CIRCLE('',#9390,0.475);
#9390 = AXIS2_PLACEMENT_3D('',#9391,#9392,#9393);
#9391 = CARTESIAN_POINT('',(0.,2.1E-16,0.94));
#9392 = DIRECTION('',(-0.,2.2E-16,1.));
#9393 = DIRECTION('',(1.,0.,0.));
#9394 = PLANE('',#9395);
#9395 = AXIS2_PLACEMENT_3D('',#9396,#9397,#9398);
#9396 = CARTESIAN_POINT('',(0.,2.4E-16,0.94));
#9397 = DIRECTION('',(0.,2.3E-16,1.));
#9398 = DIRECTION('',(0.,-1.,2.3E-16));
#9399 = ADVANCED_FACE('',(#9400),#9411,.T.);
#9400 = FACE_BOUND('',#9401,.T.);
#9401 = EDGE_LOOP('',(#9402,#9408,#9409,#9410));
#9402 = ORIENTED_EDGE('',*,*,#9403,.T.);
#9403 = EDGE_CURVE('',#9027,#9214,#9404,.T.);
#9404 = LINE('',#9405,#9406);
#9405 = CARTESIAN_POINT('',(-0.755580934477,1.4,0.86588190451));
#9406 = VECTOR('',#9407,1.);
#9407 = DIRECTION('',(0.,-1.,2.2E-16));
#9408 = ORIENTED_EDGE('',*,*,#9221,.T.);
#9409 = ORIENTED_EDGE('',*,*,#9376,.F.);
#9410 = ORIENTED_EDGE('',*,*,#9034,.F.);
#9411 = CYLINDRICAL_SURFACE('',#9412,0.1);
#9412 = AXIS2_PLACEMENT_3D('',#9413,#9414,#9415);
#9413 = CARTESIAN_POINT('',(-0.658988351848,1.4,0.84));
#9414 = DIRECTION('',(0.,1.,-2.2E-16));
#9415 = DIRECTION('',(1.,0.,0.));
#9416 = ADVANCED_FACE('',(#9417),#9428,.T.);
#9417 = FACE_BOUND('',#9418,.T.);
#9418 = EDGE_LOOP('',(#9419,#9420,#9426,#9427));
#9419 = ORIENTED_EDGE('',*,*,#9026,.T.);
#9420 = ORIENTED_EDGE('',*,*,#9421,.T.);
#9421 = EDGE_CURVE('',#9019,#9206,#9422,.T.);
#9422 = LINE('',#9423,#9424);
#9423 = CARTESIAN_POINT('',(-0.794,1.4,0.7225));
#9424 = VECTOR('',#9425,1.);
#9425 = DIRECTION('',(0.,-1.,2.2E-16));
#9426 = ORIENTED_EDGE('',*,*,#9213,.F.);
#9427 = ORIENTED_EDGE('',*,*,#9403,.F.);
#9428 = PLANE('',#9429);
#9429 = AXIS2_PLACEMENT_3D('',#9430,#9431,#9432);
#9430 = CARTESIAN_POINT('',(-0.794,1.4,0.7225));
#9431 = DIRECTION('',(-0.965925826289,6.E-17,0.258819045103));
#9432 = DIRECTION('',(0.258819045103,2.1E-16,0.965925826289));
#9433 = ADVANCED_FACE('',(#9434),#9445,.T.);
#9434 = FACE_BOUND('',#9435,.T.);
#9435 = EDGE_LOOP('',(#9436,#9437,#9443,#9444));
#9436 = ORIENTED_EDGE('',*,*,#9018,.T.);
#9437 = ORIENTED_EDGE('',*,*,#9438,.T.);
#9438 = EDGE_CURVE('',#9010,#9197,#9439,.T.);
#9439 = LINE('',#9440,#9441);
#9440 = CARTESIAN_POINT('',(-1.365724274689,1.4,0.7225));
#9441 = VECTOR('',#9442,1.);
#9442 = DIRECTION('',(0.,-1.,2.2E-16));
#9443 = ORIENTED_EDGE('',*,*,#9205,.F.);
#9444 = ORIENTED_EDGE('',*,*,#9421,.F.);
#9445 = PLANE('',#9446);
#9446 = AXIS2_PLACEMENT_3D('',#9447,#9448,#9449);
#9447 = CARTESIAN_POINT('',(-1.365724274689,1.4,0.7225));
#9448 = DIRECTION('',(0.,2.2E-16,1.));
#9449 = DIRECTION('',(1.,0.,-0.));
#9450 = ADVANCED_FACE('',(#9451),#9457,.T.);
#9451 = FACE_BOUND('',#9452,.T.);
#9452 = EDGE_LOOP('',(#9453,#9454,#9455,#9456));
#9453 = ORIENTED_EDGE('',*,*,#9154,.T.);
#9454 = ORIENTED_EDGE('',*,*,#9196,.T.);
#9455 = ORIENTED_EDGE('',*,*,#9438,.F.);
#9456 = ORIENTED_EDGE('',*,*,#9009,.F.);
#9457 = CYLINDRICAL_SURFACE('',#9458,0.1);
#9458 = AXIS2_PLACEMENT_3D('',#9459,#9460,#9461);
#9459 = CARTESIAN_POINT('',(-1.365724274689,1.4,0.6225));
#9460 = DIRECTION('',(0.,1.,-2.2E-16));
#9461 = DIRECTION('',(1.,0.,0.));
#9462 = ADVANCED_FACE('',(#9463),#9482,.F.);
#9463 = FACE_BOUND('',#9464,.F.);
#9464 = EDGE_LOOP('',(#9465,#9466,#9474,#9481));
#9465 = ORIENTED_EDGE('',*,*,#9127,.T.);
#9466 = ORIENTED_EDGE('',*,*,#9467,.F.);
#9467 = EDGE_CURVE('',#9468,#9128,#9470,.T.);
#9468 = VERTEX_POINT('',#9469);
#9469 = CARTESIAN_POINT('',(0.9,0.,0.15));
#9470 = LINE('',#9471,#9472);
#9471 = CARTESIAN_POINT('',(0.9,-3.E-17,0.15));
#9472 = VECTOR('',#9473,1.);
#9473 = DIRECTION('',(0.290007395283,2.099999999999E-16,-0.957024404433)
  );
#9474 = ORIENTED_EDGE('',*,*,#9475,.F.);
#9475 = EDGE_CURVE('',#9468,#9468,#9476,.T.);
#9476 = CIRCLE('',#9477,0.9);
#9477 = AXIS2_PLACEMENT_3D('',#9478,#9479,#9480);
#9478 = CARTESIAN_POINT('',(0.,3.E-17,0.15));
#9479 = DIRECTION('',(-0.,2.2E-16,1.));
#9480 = DIRECTION('',(1.,0.,0.));
#9481 = ORIENTED_EDGE('',*,*,#9467,.T.);
#9482 = CONICAL_SURFACE('',#9483,0.9,0.294234565111);
#9483 = AXIS2_PLACEMENT_3D('',#9484,#9485,#9486);
#9484 = CARTESIAN_POINT('',(0.,3.E-17,0.15));
#9485 = DIRECTION('',(0.,-2.2E-16,-1.));
#9486 = DIRECTION('',(1.,0.,0.));
#9487 = ADVANCED_FACE('',(#9488),#9507,.F.);
#9488 = FACE_BOUND('',#9489,.F.);
#9489 = EDGE_LOOP('',(#9490,#9499,#9505,#9506));
#9490 = ORIENTED_EDGE('',*,*,#9491,.T.);
#9491 = EDGE_CURVE('',#9492,#9492,#9494,.T.);
#9492 = VERTEX_POINT('',#9493);
#9493 = CARTESIAN_POINT('',(0.475,0.,0.79));
#9494 = CIRCLE('',#9495,0.475);
#9495 = AXIS2_PLACEMENT_3D('',#9496,#9497,#9498);
#9496 = CARTESIAN_POINT('',(0.,1.8E-16,0.79));
#9497 = DIRECTION('',(-0.,2.2E-16,1.));
#9498 = DIRECTION('',(1.,0.,0.));
#9499 = ORIENTED_EDGE('',*,*,#9500,.F.);
#9500 = EDGE_CURVE('',#9387,#9492,#9501,.T.);
#9501 = LINE('',#9502,#9503);
#9502 = CARTESIAN_POINT('',(0.475,-2.1E-16,0.94));
#9503 = VECTOR('',#9504,1.);
#9504 = DIRECTION('',(0.,2.2E-16,-1.));
#9505 = ORIENTED_EDGE('',*,*,#9386,.F.);
#9506 = ORIENTED_EDGE('',*,*,#9500,.T.);
#9507 = CYLINDRICAL_SURFACE('',#9508,0.475);
#9508 = AXIS2_PLACEMENT_3D('',#9509,#9510,#9511);
#9509 = CARTESIAN_POINT('',(0.,2.1E-16,0.94));
#9510 = DIRECTION('',(0.,-2.2E-16,-1.));
#9511 = DIRECTION('',(1.,0.,0.));
#9512 = ADVANCED_FACE('',(#9513),#9516,.F.);
#9513 = FACE_BOUND('',#9514,.T.);
#9514 = EDGE_LOOP('',(#9515));
#9515 = ORIENTED_EDGE('',*,*,#9475,.F.);
#9516 = PLANE('',#9517);
#9517 = AXIS2_PLACEMENT_3D('',#9518,#9519,#9520);
#9518 = CARTESIAN_POINT('',(0.,3.E-17,0.15));
#9519 = DIRECTION('',(0.,2.2E-16,1.));
#9520 = DIRECTION('',(1.,0.,-0.));
#9521 = ADVANCED_FACE('',(#9522),#9525,.T.);
#9522 = FACE_BOUND('',#9523,.T.);
#9523 = EDGE_LOOP('',(#9524));
#9524 = ORIENTED_EDGE('',*,*,#9491,.T.);
#9525 = PLANE('',#9526);
#9526 = AXIS2_PLACEMENT_3D('',#9527,#9528,#9529);
#9527 = CARTESIAN_POINT('',(0.,1.8E-16,0.79));
#9528 = DIRECTION('',(0.,2.2E-16,1.));
#9529 = DIRECTION('',(1.,0.,-0.));
#9530 = ( GEOMETRIC_REPRESENTATION_CONTEXT(3) 
GLOBAL_UNCERTAINTY_ASSIGNED_CONTEXT((#9534)) 
GLOBAL_UNIT_ASSIGNED_CONTEXT((#9531,#9532,#9533)) REPRESENTATION_CONTEXT
('Context #1','3D Context with UNIT and UNCERTAINTY') );
#9531 = ( LENGTH_UNIT() NAMED_UNIT(*) SI_UNIT(.MILLI.,.METRE.) );
#9532 = ( NAMED_UNIT(*) PLANE_ANGLE_UNIT() SI_UNIT($,.RADIAN.) );
#9533 = ( NAMED_UNIT(*) SI_UNIT($,.STERADIAN.) SOLID_ANGLE_UNIT() );
#9534 = UNCERTAINTY_MEASURE_WITH_UNIT(LENGTH_MEASURE(5.E-06),#9531,
  'distance_accuracy_value','confusion accuracy');
#9535 = CONTEXT_DEPENDENT_SHAPE_REPRESENTATION(#9536,#9538);
#9536 = ( REPRESENTATION_RELATIONSHIP('','',#8679,#8640) 
REPRESENTATION_RELATIONSHIP_WITH_TRANSFORMATION(#9537) 
SHAPE_REPRESENTATION_RELATIONSHIP() );
#9537 = ITEM_DEFINED_TRANSFORMATION('','',#11,#8641);
#9538 = PRODUCT_DEFINITION_SHAPE('Placement','Placement of an item',
  #9539);
#9539 = NEXT_ASSEMBLY_USAGE_OCCURRENCE('10','Body','',#8635,#8674,$);
#9540 = PRODUCT_RELATED_PRODUCT_CATEGORY('part',$,(#8676));
#9541 = SHAPE_DEFINITION_REPRESENTATION(#9542,#9548);
#9542 = PRODUCT_DEFINITION_SHAPE('','',#9543);
#9543 = PRODUCT_DEFINITION('design','',#9544,#9547);
#9544 = PRODUCT_DEFINITION_FORMATION('','',#9545);
#9545 = PRODUCT('Pin1','Pin1','',(#9546));
#9546 = PRODUCT_CONTEXT('',#2,'mechanical');
#9547 = PRODUCT_DEFINITION_CONTEXT('part definition',#2,'design');
#9548 = ADVANCED_BREP_SHAPE_REPRESENTATION('',(#11,#9549),#9699);
#9549 = MANIFOLD_SOLID_BREP('',#9550);
#9550 = CLOSED_SHELL('',(#9551,#9591,#9622,#9653,#9675,#9687));
#9551 = ADVANCED_FACE('',(#9552),#9586,.F.);
#9552 = FACE_BOUND('',#9553,.F.);
#9553 = EDGE_LOOP('',(#9554,#9564,#9572,#9580));
#9554 = ORIENTED_EDGE('',*,*,#9555,.T.);
#9555 = EDGE_CURVE('',#9556,#9558,#9560,.T.);
#9556 = VERTEX_POINT('',#9557);
#9557 = CARTESIAN_POINT('',(-2.94,1.09,0.));
#9558 = VERTEX_POINT('',#9559);
#9559 = CARTESIAN_POINT('',(-2.94,1.09,0.15));
#9560 = LINE('',#9561,#9562);
#9561 = CARTESIAN_POINT('',(-2.94,1.09,0.));
#9562 = VECTOR('',#9563,1.);
#9563 = DIRECTION('',(0.,0.,1.));
#9564 = ORIENTED_EDGE('',*,*,#9565,.T.);
#9565 = EDGE_CURVE('',#9558,#9566,#9568,.T.);
#9566 = VERTEX_POINT('',#9567);
#9567 = CARTESIAN_POINT('',(-2.94,0.41,0.15));
#9568 = LINE('',#9569,#9570);
#9569 = CARTESIAN_POINT('',(-2.94,1.09,0.15));
#9570 = VECTOR('',#9571,1.);
#9571 = DIRECTION('',(0.,-1.,0.));
#9572 = ORIENTED_EDGE('',*,*,#9573,.F.);
#9573 = EDGE_CURVE('',#9574,#9566,#9576,.T.);
#9574 = VERTEX_POINT('',#9575);
#9575 = CARTESIAN_POINT('',(-2.94,0.41,0.));
#9576 = LINE('',#9577,#9578);
#9577 = CARTESIAN_POINT('',(-2.94,0.41,0.));
#9578 = VECTOR('',#9579,1.);
#9579 = DIRECTION('',(0.,0.,1.));
#9580 = ORIENTED_EDGE('',*,*,#9581,.F.);
#9581 = EDGE_CURVE('',#9556,#9574,#9582,.T.);
#9582 = LINE('',#9583,#9584);
#9583 = CARTESIAN_POINT('',(-2.94,1.09,0.));
#9584 = VECTOR('',#9585,1.);
#9585 = DIRECTION('',(0.,-1.,0.));
#9586 = PLANE('',#9587);
#9587 = AXIS2_PLACEMENT_3D('',#9588,#9589,#9590);
#9588 = CARTESIAN_POINT('',(-2.94,1.09,0.));
#9589 = DIRECTION('',(1.,0.,0.));
#9590 = DIRECTION('',(0.,-1.,0.));
#9591 = ADVANCED_FACE('',(#9592),#9617,.F.);
#9592 = FACE_BOUND('',#9593,.F.);
#9593 = EDGE_LOOP('',(#9594,#9595,#9603,#9611));
#9594 = ORIENTED_EDGE('',*,*,#9573,.T.);
#9595 = ORIENTED_EDGE('',*,*,#9596,.T.);
#9596 = EDGE_CURVE('',#9566,#9597,#9599,.T.);
#9597 = VERTEX_POINT('',#9598);
#9598 = CARTESIAN_POINT('',(-1.6,0.41,0.15));
#9599 = LINE('',#9600,#9601);
#9600 = CARTESIAN_POINT('',(-2.94,0.41,0.15));
#9601 = VECTOR('',#9602,1.);
#9602 = DIRECTION('',(1.,0.,0.));
#9603 = ORIENTED_EDGE('',*,*,#9604,.F.);
#9604 = EDGE_CURVE('',#9605,#9597,#9607,.T.);
#9605 = VERTEX_POINT('',#9606);
#9606 = CARTESIAN_POINT('',(-1.6,0.41,0.));
#9607 = LINE('',#9608,#9609);
#9608 = CARTESIAN_POINT('',(-1.6,0.41,0.));
#9609 = VECTOR('',#9610,1.);
#9610 = DIRECTION('',(0.,0.,1.));
#9611 = ORIENTED_EDGE('',*,*,#9612,.F.);
#9612 = EDGE_CURVE('',#9574,#9605,#9613,.T.);
#9613 = LINE('',#9614,#9615);
#9614 = CARTESIAN_POINT('',(-2.94,0.41,0.));
#9615 = VECTOR('',#9616,1.);
#9616 = DIRECTION('',(1.,0.,0.));
#9617 = PLANE('',#9618);
#9618 = AXIS2_PLACEMENT_3D('',#9619,#9620,#9621);
#9619 = CARTESIAN_POINT('',(-2.94,0.41,0.));
#9620 = DIRECTION('',(0.,1.,0.));
#9621 = DIRECTION('',(1.,0.,0.));
#9622 = ADVANCED_FACE('',(#9623),#9648,.F.);
#9623 = FACE_BOUND('',#9624,.F.);
#9624 = EDGE_LOOP('',(#9625,#9626,#9634,#9642));
#9625 = ORIENTED_EDGE('',*,*,#9604,.T.);
#9626 = ORIENTED_EDGE('',*,*,#9627,.T.);
#9627 = EDGE_CURVE('',#9597,#9628,#9630,.T.);
#9628 = VERTEX_POINT('',#9629);
#9629 = CARTESIAN_POINT('',(-1.6,1.09,0.15));
#9630 = LINE('',#9631,#9632);
#9631 = CARTESIAN_POINT('',(-1.6,0.41,0.15));
#9632 = VECTOR('',#9633,1.);
#9633 = DIRECTION('',(0.,1.,0.));
#9634 = ORIENTED_EDGE('',*,*,#9635,.F.);
#9635 = EDGE_CURVE('',#9636,#9628,#9638,.T.);
#9636 = VERTEX_POINT('',#9637);
#9637 = CARTESIAN_POINT('',(-1.6,1.09,0.));
#9638 = LINE('',#9639,#9640);
#9639 = CARTESIAN_POINT('',(-1.6,1.09,0.));
#9640 = VECTOR('',#9641,1.);
#9641 = DIRECTION('',(0.,0.,1.));
#9642 = ORIENTED_EDGE('',*,*,#9643,.F.);
#9643 = EDGE_CURVE('',#9605,#9636,#9644,.T.);
#9644 = LINE('',#9645,#9646);
#9645 = CARTESIAN_POINT('',(-1.6,0.41,0.));
#9646 = VECTOR('',#9647,1.);
#9647 = DIRECTION('',(0.,1.,0.));
#9648 = PLANE('',#9649);
#9649 = AXIS2_PLACEMENT_3D('',#9650,#9651,#9652);
#9650 = CARTESIAN_POINT('',(-1.6,0.41,0.));
#9651 = DIRECTION('',(-1.,0.,0.));
#9652 = DIRECTION('',(0.,1.,0.));
#9653 = ADVANCED_FACE('',(#9654),#9670,.F.);
#9654 = FACE_BOUND('',#9655,.F.);
#9655 = EDGE_LOOP('',(#9656,#9657,#9663,#9664));
#9656 = ORIENTED_EDGE('',*,*,#9635,.T.);
#9657 = ORIENTED_EDGE('',*,*,#9658,.T.);
#9658 = EDGE_CURVE('',#9628,#9558,#9659,.T.);
#9659 = LINE('',#9660,#9661);
#9660 = CARTESIAN_POINT('',(-1.6,1.09,0.15));
#9661 = VECTOR('',#9662,1.);
#9662 = DIRECTION('',(-1.,0.,0.));
#9663 = ORIENTED_EDGE('',*,*,#9555,.F.);
#9664 = ORIENTED_EDGE('',*,*,#9665,.F.);
#9665 = EDGE_CURVE('',#9636,#9556,#9666,.T.);
#9666 = LINE('',#9667,#9668);
#9667 = CARTESIAN_POINT('',(-1.6,1.09,0.));
#9668 = VECTOR('',#9669,1.);
#9669 = DIRECTION('',(-1.,0.,0.));
#9670 = PLANE('',#9671);
#9671 = AXIS2_PLACEMENT_3D('',#9672,#9673,#9674);
#9672 = CARTESIAN_POINT('',(-1.6,1.09,0.));
#9673 = DIRECTION('',(0.,-1.,0.));
#9674 = DIRECTION('',(-1.,0.,0.));
#9675 = ADVANCED_FACE('',(#9676),#9682,.F.);
#9676 = FACE_BOUND('',#9677,.F.);
#9677 = EDGE_LOOP('',(#9678,#9679,#9680,#9681));
#9678 = ORIENTED_EDGE('',*,*,#9581,.T.);
#9679 = ORIENTED_EDGE('',*,*,#9612,.T.);
#9680 = ORIENTED_EDGE('',*,*,#9643,.T.);
#9681 = ORIENTED_EDGE('',*,*,#9665,.T.);
#9682 = PLANE('',#9683);
#9683 = AXIS2_PLACEMENT_3D('',#9684,#9685,#9686);
#9684 = CARTESIAN_POINT('',(-2.27,0.75,0.));
#9685 = DIRECTION('',(0.,0.,1.));
#9686 = DIRECTION('',(1.,0.,-0.));
#9687 = ADVANCED_FACE('',(#9688),#9694,.T.);
#9688 = FACE_BOUND('',#9689,.T.);
#9689 = EDGE_LOOP('',(#9690,#9691,#9692,#9693));
#9690 = ORIENTED_EDGE('',*,*,#9565,.T.);
#9691 = ORIENTED_EDGE('',*,*,#9596,.T.);
#9692 = ORIENTED_EDGE('',*,*,#9627,.T.);
#9693 = ORIENTED_EDGE('',*,*,#9658,.T.);
#9694 = PLANE('',#9695);
#9695 = AXIS2_PLACEMENT_3D('',#9696,#9697,#9698);
#9696 = CARTESIAN_POINT('',(-2.27,0.75,0.15));
#9697 = DIRECTION('',(0.,0.,1.));
#9698 = DIRECTION('',(1.,0.,-0.));
#9699 = ( GEOMETRIC_REPRESENTATION_CONTEXT(3) 
GLOBAL_UNCERTAINTY_ASSIGNED_CONTEXT((#9703)) 
GLOBAL_UNIT_ASSIGNED_CONTEXT((#9700,#9701,#9702)) REPRESENTATION_CONTEXT
('Context #1','3D Context with UNIT and UNCERTAINTY') );
#9700 = ( LENGTH_UNIT() NAMED_UNIT(*) SI_UNIT(.MILLI.,.METRE.) );
#9701 = ( NAMED_UNIT(*) PLANE_ANGLE_UNIT() SI_UNIT($,.RADIAN.) );
#9702 = ( NAMED_UNIT(*) SI_UNIT($,.STERADIAN.) SOLID_ANGLE_UNIT() );
#9703 = UNCERTAINTY_MEASURE_WITH_UNIT(LENGTH_MEASURE(1.E-07),#9700,
  'distance_accuracy_value','confusion accuracy');
#9704 = CONTEXT_DEPENDENT_SHAPE_REPRESENTATION(#9705,#9707);
#9705 = ( REPRESENTATION_RELATIONSHIP('','',#9548,#8640) 
REPRESENTATION_RELATIONSHIP_WITH_TRANSFORMATION(#9706) 
SHAPE_REPRESENTATION_RELATIONSHIP() );
#9706 = ITEM_DEFINED_TRANSFORMATION('','',#11,#8645);
#9707 = PRODUCT_DEFINITION_SHAPE('Placement','Placement of an item',
  #9708);
#9708 = NEXT_ASSEMBLY_USAGE_OCCURRENCE('11','Pin1','',#8635,#9543,$);
#9709 = PRODUCT_RELATED_PRODUCT_CATEGORY('part',$,(#9545));
#9710 = SHAPE_DEFINITION_REPRESENTATION(#9711,#9717);
#9711 = PRODUCT_DEFINITION_SHAPE('','',#9712);
#9712 = PRODUCT_DEFINITION('design','',#9713,#9716);
#9713 = PRODUCT_DEFINITION_FORMATION('','',#9714);
#9714 = PRODUCT('Pin2','Pin2','',(#9715));
#9715 = PRODUCT_CONTEXT('',#2,'mechanical');
#9716 = PRODUCT_DEFINITION_CONTEXT('part definition',#2,'design');
#9717 = ADVANCED_BREP_SHAPE_REPRESENTATION('',(#11,#9718),#9901);
#9718 = MANIFOLD_SOLID_BREP('',#9719);
#9719 = CLOSED_SHELL('',(#9720,#9760,#9791,#9822,#9853,#9875,#9888));
#9720 = ADVANCED_FACE('',(#9721),#9755,.T.);
#9721 = FACE_BOUND('',#9722,.T.);
#9722 = EDGE_LOOP('',(#9723,#9733,#9741,#9749));
#9723 = ORIENTED_EDGE('',*,*,#9724,.T.);
#9724 = EDGE_CURVE('',#9725,#9727,#9729,.T.);
#9725 = VERTEX_POINT('',#9726);
#9726 = CARTESIAN_POINT('',(-2.94186252285,-0.751760725813,0.));
#9727 = VERTEX_POINT('',#9728);
#9728 = CARTESIAN_POINT('',(-2.94186252285,-0.751760725813,0.15));
#9729 = LINE('',#9730,#9731);
#9730 = CARTESIAN_POINT('',(-2.94186252285,-0.751760725813,0.));
#9731 = VECTOR('',#9732,1.);
#9732 = DIRECTION('',(0.,0.,1.));
#9733 = ORIENTED_EDGE('',*,*,#9734,.T.);
#9734 = EDGE_CURVE('',#9727,#9735,#9737,.T.);
#9735 = VERTEX_POINT('',#9736);
#9736 = CARTESIAN_POINT('',(-2.94186252285,-0.41,0.15));
#9737 = LINE('',#9738,#9739);
#9738 = CARTESIAN_POINT('',(-2.94186252285,-0.751760725813,0.15));
#9739 = VECTOR('',#9740,1.);
#9740 = DIRECTION('',(0.,1.,0.));
#9741 = ORIENTED_EDGE('',*,*,#9742,.F.);
#9742 = EDGE_CURVE('',#9743,#9735,#9745,.T.);
#9743 = VERTEX_POINT('',#9744);
#9744 = CARTESIAN_POINT('',(-2.94186252285,-0.41,0.));
#9745 = LINE('',#9746,#9747);
#9746 = CARTESIAN_POINT('',(-2.94186252285,-0.41,0.));
#9747 = VECTOR('',#9748,1.);
#9748 = DIRECTION('',(0.,0.,1.));
#9749 = ORIENTED_EDGE('',*,*,#9750,.F.);
#9750 = EDGE_CURVE('',#9725,#9743,#9751,.T.);
#9751 = LINE('',#9752,#9753);
#9752 = CARTESIAN_POINT('',(-2.94186252285,-0.751760725813,0.));
#9753 = VECTOR('',#9754,1.);
#9754 = DIRECTION('',(0.,1.,0.));
#9755 = PLANE('',#9756);
#9756 = AXIS2_PLACEMENT_3D('',#9757,#9758,#9759);
#9757 = CARTESIAN_POINT('',(-2.94186252285,-0.751760725813,0.));
#9758 = DIRECTION('',(-1.,0.,0.));
#9759 = DIRECTION('',(0.,1.,0.));
#9760 = ADVANCED_FACE('',(#9761),#9786,.T.);
#9761 = FACE_BOUND('',#9762,.T.);
#9762 = EDGE_LOOP('',(#9763,#9764,#9772,#9780));
#9763 = ORIENTED_EDGE('',*,*,#9742,.T.);
#9764 = ORIENTED_EDGE('',*,*,#9765,.T.);
#9765 = EDGE_CURVE('',#9735,#9766,#9768,.T.);
#9766 = VERTEX_POINT('',#9767);
#9767 = CARTESIAN_POINT('',(-1.6,-0.41,0.15));
#9768 = LINE('',#9769,#9770);
#9769 = CARTESIAN_POINT('',(-2.94186252285,-0.41,0.15));
#9770 = VECTOR('',#9771,1.);
#9771 = DIRECTION('',(1.,0.,0.));
#9772 = ORIENTED_EDGE('',*,*,#9773,.F.);
#9773 = EDGE_CURVE('',#9774,#9766,#9776,.T.);
#9774 = VERTEX_POINT('',#9775);
#9775 = CARTESIAN_POINT('',(-1.6,-0.41,0.));
#9776 = LINE('',#9777,#9778);
#9777 = CARTESIAN_POINT('',(-1.6,-0.41,0.));
#9778 = VECTOR('',#9779,1.);
#9779 = DIRECTION('',(0.,0.,1.));
#9780 = ORIENTED_EDGE('',*,*,#9781,.F.);
#9781 = EDGE_CURVE('',#9743,#9774,#9782,.T.);
#9782 = LINE('',#9783,#9784);
#9783 = CARTESIAN_POINT('',(-2.94186252285,-0.41,0.));
#9784 = VECTOR('',#9785,1.);
#9785 = DIRECTION('',(1.,0.,0.));
#9786 = PLANE('',#9787);
#9787 = AXIS2_PLACEMENT_3D('',#9788,#9789,#9790);
#9788 = CARTESIAN_POINT('',(-2.94186252285,-0.41,0.));
#9789 = DIRECTION('',(0.,1.,0.));
#9790 = DIRECTION('',(1.,0.,0.));
#9791 = ADVANCED_FACE('',(#9792),#9817,.T.);
#9792 = FACE_BOUND('',#9793,.T.);
#9793 = EDGE_LOOP('',(#9794,#9795,#9803,#9811));
#9794 = ORIENTED_EDGE('',*,*,#9773,.T.);
#9795 = ORIENTED_EDGE('',*,*,#9796,.T.);
#9796 = EDGE_CURVE('',#9766,#9797,#9799,.T.);
#9797 = VERTEX_POINT('',#9798);
#9798 = CARTESIAN_POINT('',(-1.6,-1.093521451625,0.15));
#9799 = LINE('',#9800,#9801);
#9800 = CARTESIAN_POINT('',(-1.6,-0.41,0.15));
#9801 = VECTOR('',#9802,1.);
#9802 = DIRECTION('',(0.,-1.,0.));
#9803 = ORIENTED_EDGE('',*,*,#9804,.F.);
#9804 = EDGE_CURVE('',#9805,#9797,#9807,.T.);
#9805 = VERTEX_POINT('',#9806);
#9806 = CARTESIAN_POINT('',(-1.6,-1.093521451625,0.));
#9807 = LINE('',#9808,#9809);
#9808 = CARTESIAN_POINT('',(-1.6,-1.093521451625,0.));
#9809 = VECTOR('',#9810,1.);
#9810 = DIRECTION('',(0.,0.,1.));
#9811 = ORIENTED_EDGE('',*,*,#9812,.F.);
#9812 = EDGE_CURVE('',#9774,#9805,#9813,.T.);
#9813 = LINE('',#9814,#9815);
#9814 = CARTESIAN_POINT('',(-1.6,-0.41,0.));
#9815 = VECTOR('',#9816,1.);
#9816 = DIRECTION('',(0.,-1.,0.));
#9817 = PLANE('',#9818);
#9818 = AXIS2_PLACEMENT_3D('',#9819,#9820,#9821);
#9819 = CARTESIAN_POINT('',(-1.6,-0.41,0.));
#9820 = DIRECTION('',(1.,0.,0.));
#9821 = DIRECTION('',(0.,-1.,0.));
#9822 = ADVANCED_FACE('',(#9823),#9848,.T.);
#9823 = FACE_BOUND('',#9824,.T.);
#9824 = EDGE_LOOP('',(#9825,#9826,#9834,#9842));
#9825 = ORIENTED_EDGE('',*,*,#9804,.T.);
#9826 = ORIENTED_EDGE('',*,*,#9827,.T.);
#9827 = EDGE_CURVE('',#9797,#9828,#9830,.T.);
#9828 = VERTEX_POINT('',#9829);
#9829 = CARTESIAN_POINT('',(-2.600101797037,-1.093521451625,0.15));
#9830 = LINE('',#9831,#9832);
#9831 = CARTESIAN_POINT('',(-1.6,-1.093521451625,0.15));
#9832 = VECTOR('',#9833,1.);
#9833 = DIRECTION('',(-1.,0.,0.));
#9834 = ORIENTED_EDGE('',*,*,#9835,.F.);
#9835 = EDGE_CURVE('',#9836,#9828,#9838,.T.);
#9836 = VERTEX_POINT('',#9837);
#9837 = CARTESIAN_POINT('',(-2.600101797037,-1.093521451625,0.));
#9838 = LINE('',#9839,#9840);
#9839 = CARTESIAN_POINT('',(-2.600101797037,-1.093521451625,0.));
#9840 = VECTOR('',#9841,1.);
#9841 = DIRECTION('',(0.,0.,1.));
#9842 = ORIENTED_EDGE('',*,*,#9843,.F.);
#9843 = EDGE_CURVE('',#9805,#9836,#9844,.T.);
#9844 = LINE('',#9845,#9846);
#9845 = CARTESIAN_POINT('',(-1.6,-1.093521451625,0.));
#9846 = VECTOR('',#9847,1.);
#9847 = DIRECTION('',(-1.,0.,0.));
#9848 = PLANE('',#9849);
#9849 = AXIS2_PLACEMENT_3D('',#9850,#9851,#9852);
#9850 = CARTESIAN_POINT('',(-1.6,-1.093521451625,0.));
#9851 = DIRECTION('',(0.,-1.,0.));
#9852 = DIRECTION('',(-1.,0.,0.));
#9853 = ADVANCED_FACE('',(#9854),#9870,.F.);
#9854 = FACE_BOUND('',#9855,.F.);
#9855 = EDGE_LOOP('',(#9856,#9857,#9863,#9864));
#9856 = ORIENTED_EDGE('',*,*,#9724,.T.);
#9857 = ORIENTED_EDGE('',*,*,#9858,.T.);
#9858 = EDGE_CURVE('',#9727,#9828,#9859,.T.);
#9859 = LINE('',#9860,#9861);
#9860 = CARTESIAN_POINT('',(-2.94186252285,-0.751760725813,0.15));
#9861 = VECTOR('',#9862,1.);
#9862 = DIRECTION('',(0.707106781187,-0.707106781187,0.));
#9863 = ORIENTED_EDGE('',*,*,#9835,.F.);
#9864 = ORIENTED_EDGE('',*,*,#9865,.F.);
#9865 = EDGE_CURVE('',#9725,#9836,#9866,.T.);
#9866 = LINE('',#9867,#9868);
#9867 = CARTESIAN_POINT('',(-2.94186252285,-0.751760725813,0.));
#9868 = VECTOR('',#9869,1.);
#9869 = DIRECTION('',(0.707106781187,-0.707106781187,0.));
#9870 = PLANE('',#9871);
#9871 = AXIS2_PLACEMENT_3D('',#9872,#9873,#9874);
#9872 = CARTESIAN_POINT('',(-2.94186252285,-0.751760725813,0.));
#9873 = DIRECTION('',(0.707106781187,0.707106781187,0.));
#9874 = DIRECTION('',(0.707106781187,-0.707106781187,0.));
#9875 = ADVANCED_FACE('',(#9876),#9883,.F.);
#9876 = FACE_BOUND('',#9877,.T.);
#9877 = EDGE_LOOP('',(#9878,#9879,#9880,#9881,#9882));
#9878 = ORIENTED_EDGE('',*,*,#9750,.T.);
#9879 = ORIENTED_EDGE('',*,*,#9781,.T.);
#9880 = ORIENTED_EDGE('',*,*,#9812,.T.);
#9881 = ORIENTED_EDGE('',*,*,#9843,.T.);
#9882 = ORIENTED_EDGE('',*,*,#9865,.F.);
#9883 = PLANE('',#9884);
#9884 = AXIS2_PLACEMENT_3D('',#9885,#9886,#9887);
#9885 = CARTESIAN_POINT('',(-2.229765974031,-0.727709673488,0.));
#9886 = DIRECTION('',(0.,0.,1.));
#9887 = DIRECTION('',(1.,0.,-0.));
#9888 = ADVANCED_FACE('',(#9889),#9896,.T.);
#9889 = FACE_BOUND('',#9890,.F.);
#9890 = EDGE_LOOP('',(#9891,#9892,#9893,#9894,#9895));
#9891 = ORIENTED_EDGE('',*,*,#9734,.T.);
#9892 = ORIENTED_EDGE('',*,*,#9765,.T.);
#9893 = ORIENTED_EDGE('',*,*,#9796,.T.);
#9894 = ORIENTED_EDGE('',*,*,#9827,.T.);
#9895 = ORIENTED_EDGE('',*,*,#9858,.F.);
#9896 = PLANE('',#9897);
#9897 = AXIS2_PLACEMENT_3D('',#9898,#9899,#9900);
#9898 = CARTESIAN_POINT('',(-2.229765974031,-0.727709673488,0.15));
#9899 = DIRECTION('',(0.,0.,1.));
#9900 = DIRECTION('',(1.,0.,-0.));
#9901 = ( GEOMETRIC_REPRESENTATION_CONTEXT(3) 
GLOBAL_UNCERTAINTY_ASSIGNED_CONTEXT((#9905)) 
GLOBAL_UNIT_ASSIGNED_CONTEXT((#9902,#9903,#9904)) REPRESENTATION_CONTEXT
('Context #1','3D Context with UNIT and UNCERTAINTY') );
#9902 = ( LENGTH_UNIT() NAMED_UNIT(*) SI_UNIT(.MILLI.,.METRE.) );
#9903 = ( NAMED_UNIT(*) PLANE_ANGLE_UNIT() SI_UNIT($,.RADIAN.) );
#9904 = ( NAMED_UNIT(*) SI_UNIT($,.STERADIAN.) SOLID_ANGLE_UNIT() );
#9905 = UNCERTAINTY_MEASURE_WITH_UNIT(LENGTH_MEASURE(1.E-07),#9902,
  'distance_accuracy_value','confusion accuracy');
#9906 = CONTEXT_DEPENDENT_SHAPE_REPRESENTATION(#9907,#9909);
#9907 = ( REPRESENTATION_RELATIONSHIP('','',#9717,#8640) 
REPRESENTATION_RELATIONSHIP_WITH_TRANSFORMATION(#9908) 
SHAPE_REPRESENTATION_RELATIONSHIP() );
#9908 = ITEM_DEFINED_TRANSFORMATION('','',#11,#8649);
#9909 = PRODUCT_DEFINITION_SHAPE('Placement','Placement of an item',
  #9910);
#9910 = NEXT_ASSEMBLY_USAGE_OCCURRENCE('12','Pin2','',#8635,#9712,$);
#9911 = PRODUCT_RELATED_PRODUCT_CATEGORY('part',$,(#9714));
#9912 = SHAPE_DEFINITION_REPRESENTATION(#9913,#9919);
#9913 = PRODUCT_DEFINITION_SHAPE('','',#9914);
#9914 = PRODUCT_DEFINITION('design','',#9915,#9918);
#9915 = PRODUCT_DEFINITION_FORMATION('','',#9916);
#9916 = PRODUCT('Pin3','Pin3','',(#9917));
#9917 = PRODUCT_CONTEXT('',#2,'mechanical');
#9918 = PRODUCT_DEFINITION_CONTEXT('part definition',#2,'design');
#9919 = ADVANCED_BREP_SHAPE_REPRESENTATION('',(#11,#9920),#10070);
#9920 = MANIFOLD_SOLID_BREP('',#9921);
#9921 = CLOSED_SHELL('',(#9922,#9962,#9993,#10024,#10046,#10058));
#9922 = ADVANCED_FACE('',(#9923),#9957,.T.);
#9923 = FACE_BOUND('',#9924,.T.);
#9924 = EDGE_LOOP('',(#9925,#9935,#9943,#9951));
#9925 = ORIENTED_EDGE('',*,*,#9926,.T.);
#9926 = EDGE_CURVE('',#9927,#9929,#9931,.T.);
#9927 = VERTEX_POINT('',#9928);
#9928 = CARTESIAN_POINT('',(2.94,1.09,0.));
#9929 = VERTEX_POINT('',#9930);
#9930 = CARTESIAN_POINT('',(2.94,1.09,0.15));
#9931 = LINE('',#9932,#9933);
#9932 = CARTESIAN_POINT('',(2.94,1.09,0.));
#9933 = VECTOR('',#9934,1.);
#9934 = DIRECTION('',(0.,0.,1.));
#9935 = ORIENTED_EDGE('',*,*,#9936,.T.);
#9936 = EDGE_CURVE('',#9929,#9937,#9939,.T.);
#9937 = VERTEX_POINT('',#9938);
#9938 = CARTESIAN_POINT('',(2.94,0.41,0.15));
#9939 = LINE('',#9940,#9941);
#9940 = CARTESIAN_POINT('',(2.94,1.09,0.15));
#9941 = VECTOR('',#9942,1.);
#9942 = DIRECTION('',(0.,-1.,0.));
#9943 = ORIENTED_EDGE('',*,*,#9944,.F.);
#9944 = EDGE_CURVE('',#9945,#9937,#9947,.T.);
#9945 = VERTEX_POINT('',#9946);
#9946 = CARTESIAN_POINT('',(2.94,0.41,0.));
#9947 = LINE('',#9948,#9949);
#9948 = CARTESIAN_POINT('',(2.94,0.41,0.));
#9949 = VECTOR('',#9950,1.);
#9950 = DIRECTION('',(0.,0.,1.));
#9951 = ORIENTED_EDGE('',*,*,#9952,.F.);
#9952 = EDGE_CURVE('',#9927,#9945,#9953,.T.);
#9953 = LINE('',#9954,#9955);
#9954 = CARTESIAN_POINT('',(2.94,1.09,0.));
#9955 = VECTOR('',#9956,1.);
#9956 = DIRECTION('',(0.,-1.,0.));
#9957 = PLANE('',#9958);
#9958 = AXIS2_PLACEMENT_3D('',#9959,#9960,#9961);
#9959 = CARTESIAN_POINT('',(2.94,1.09,0.));
#9960 = DIRECTION('',(1.,0.,0.));
#9961 = DIRECTION('',(0.,-1.,0.));
#9962 = ADVANCED_FACE('',(#9963),#9988,.T.);
#9963 = FACE_BOUND('',#9964,.T.);
#9964 = EDGE_LOOP('',(#9965,#9966,#9974,#9982));
#9965 = ORIENTED_EDGE('',*,*,#9944,.T.);
#9966 = ORIENTED_EDGE('',*,*,#9967,.T.);
#9967 = EDGE_CURVE('',#9937,#9968,#9970,.T.);
#9968 = VERTEX_POINT('',#9969);
#9969 = CARTESIAN_POINT('',(1.6,0.41,0.15));
#9970 = LINE('',#9971,#9972);
#9971 = CARTESIAN_POINT('',(2.94,0.41,0.15));
#9972 = VECTOR('',#9973,1.);
#9973 = DIRECTION('',(-1.,0.,0.));
#9974 = ORIENTED_EDGE('',*,*,#9975,.F.);
#9975 = EDGE_CURVE('',#9976,#9968,#9978,.T.);
#9976 = VERTEX_POINT('',#9977);
#9977 = CARTESIAN_POINT('',(1.6,0.41,0.));
#9978 = LINE('',#9979,#9980);
#9979 = CARTESIAN_POINT('',(1.6,0.41,0.));
#9980 = VECTOR('',#9981,1.);
#9981 = DIRECTION('',(0.,0.,1.));
#9982 = ORIENTED_EDGE('',*,*,#9983,.F.);
#9983 = EDGE_CURVE('',#9945,#9976,#9984,.T.);
#9984 = LINE('',#9985,#9986);
#9985 = CARTESIAN_POINT('',(2.94,0.41,0.));
#9986 = VECTOR('',#9987,1.);
#9987 = DIRECTION('',(-1.,0.,0.));
#9988 = PLANE('',#9989);
#9989 = AXIS2_PLACEMENT_3D('',#9990,#9991,#9992);
#9990 = CARTESIAN_POINT('',(2.94,0.41,0.));
#9991 = DIRECTION('',(0.,-1.,0.));
#9992 = DIRECTION('',(-1.,0.,0.));
#9993 = ADVANCED_FACE('',(#9994),#10019,.T.);
#9994 = FACE_BOUND('',#9995,.T.);
#9995 = EDGE_LOOP('',(#9996,#9997,#10005,#10013));
#9996 = ORIENTED_EDGE('',*,*,#9975,.T.);
#9997 = ORIENTED_EDGE('',*,*,#9998,.T.);
#9998 = EDGE_CURVE('',#9968,#9999,#10001,.T.);
#9999 = VERTEX_POINT('',#10000);
#10000 = CARTESIAN_POINT('',(1.6,1.09,0.15));
#10001 = LINE('',#10002,#10003);
#10002 = CARTESIAN_POINT('',(1.6,0.41,0.15));
#10003 = VECTOR('',#10004,1.);
#10004 = DIRECTION('',(0.,1.,0.));
#10005 = ORIENTED_EDGE('',*,*,#10006,.F.);
#10006 = EDGE_CURVE('',#10007,#9999,#10009,.T.);
#10007 = VERTEX_POINT('',#10008);
#10008 = CARTESIAN_POINT('',(1.6,1.09,0.));
#10009 = LINE('',#10010,#10011);
#10010 = CARTESIAN_POINT('',(1.6,1.09,0.));
#10011 = VECTOR('',#10012,1.);
#10012 = DIRECTION('',(0.,0.,1.));
#10013 = ORIENTED_EDGE('',*,*,#10014,.F.);
#10014 = EDGE_CURVE('',#9976,#10007,#10015,.T.);
#10015 = LINE('',#10016,#10017);
#10016 = CARTESIAN_POINT('',(1.6,0.41,0.));
#10017 = VECTOR('',#10018,1.);
#10018 = DIRECTION('',(0.,1.,0.));
#10019 = PLANE('',#10020);
#10020 = AXIS2_PLACEMENT_3D('',#10021,#10022,#10023);
#10021 = CARTESIAN_POINT('',(1.6,0.41,0.));
#10022 = DIRECTION('',(-1.,0.,0.));
#10023 = DIRECTION('',(0.,1.,0.));
#10024 = ADVANCED_FACE('',(#10025),#10041,.T.);
#10025 = FACE_BOUND('',#10026,.T.);
#10026 = EDGE_LOOP('',(#10027,#10028,#10034,#10035));
#10027 = ORIENTED_EDGE('',*,*,#10006,.T.);
#10028 = ORIENTED_EDGE('',*,*,#10029,.T.);
#10029 = EDGE_CURVE('',#9999,#9929,#10030,.T.);
#10030 = LINE('',#10031,#10032);
#10031 = CARTESIAN_POINT('',(1.6,1.09,0.15));
#10032 = VECTOR('',#10033,1.);
#10033 = DIRECTION('',(1.,0.,0.));
#10034 = ORIENTED_EDGE('',*,*,#9926,.F.);
#10035 = ORIENTED_EDGE('',*,*,#10036,.F.);
#10036 = EDGE_CURVE('',#10007,#9927,#10037,.T.);
#10037 = LINE('',#10038,#10039);
#10038 = CARTESIAN_POINT('',(1.6,1.09,0.));
#10039 = VECTOR('',#10040,1.);
#10040 = DIRECTION('',(1.,0.,0.));
#10041 = PLANE('',#10042);
#10042 = AXIS2_PLACEMENT_3D('',#10043,#10044,#10045);
#10043 = CARTESIAN_POINT('',(1.6,1.09,0.));
#10044 = DIRECTION('',(0.,1.,0.));
#10045 = DIRECTION('',(1.,0.,0.));
#10046 = ADVANCED_FACE('',(#10047),#10053,.F.);
#10047 = FACE_BOUND('',#10048,.T.);
#10048 = EDGE_LOOP('',(#10049,#10050,#10051,#10052));
#10049 = ORIENTED_EDGE('',*,*,#9952,.T.);
#10050 = ORIENTED_EDGE('',*,*,#9983,.T.);
#10051 = ORIENTED_EDGE('',*,*,#10014,.T.);
#10052 = ORIENTED_EDGE('',*,*,#10036,.T.);
#10053 = PLANE('',#10054);
#10054 = AXIS2_PLACEMENT_3D('',#10055,#10056,#10057);
#10055 = CARTESIAN_POINT('',(2.27,0.75,0.));
#10056 = DIRECTION('',(0.,0.,1.));
#10057 = DIRECTION('',(1.,0.,-0.));
#10058 = ADVANCED_FACE('',(#10059),#10065,.T.);
#10059 = FACE_BOUND('',#10060,.F.);
#10060 = EDGE_LOOP('',(#10061,#10062,#10063,#10064));
#10061 = ORIENTED_EDGE('',*,*,#9936,.T.);
#10062 = ORIENTED_EDGE('',*,*,#9967,.T.);
#10063 = ORIENTED_EDGE('',*,*,#9998,.T.);
#10064 = ORIENTED_EDGE('',*,*,#10029,.T.);
#10065 = PLANE('',#10066);
#10066 = AXIS2_PLACEMENT_3D('',#10067,#10068,#10069);
#10067 = CARTESIAN_POINT('',(2.27,0.75,0.15));
#10068 = DIRECTION('',(0.,0.,1.));
#10069 = DIRECTION('',(1.,0.,-0.));
#10070 = ( GEOMETRIC_REPRESENTATION_CONTEXT(3) 
GLOBAL_UNCERTAINTY_ASSIGNED_CONTEXT((#10074)) 
GLOBAL_UNIT_ASSIGNED_CONTEXT((#10071,#10072,#10073)) 
REPRESENTATION_CONTEXT('Context #1',
  '3D Context with UNIT and UNCERTAINTY') );
#10071 = ( LENGTH_UNIT() NAMED_UNIT(*) SI_UNIT(.MILLI.,.METRE.) );
#10072 = ( NAMED_UNIT(*) PLANE_ANGLE_UNIT() SI_UNIT($,.RADIAN.) );
#10073 = ( NAMED_UNIT(*) SI_UNIT($,.STERADIAN.) SOLID_ANGLE_UNIT() );
#10074 = UNCERTAINTY_MEASURE_WITH_UNIT(LENGTH_MEASURE(1.E-07),#10071,
  'distance_accuracy_value','confusion accuracy');
#10075 = CONTEXT_DEPENDENT_SHAPE_REPRESENTATION(#10076,#10078);
#10076 = ( REPRESENTATION_RELATIONSHIP('','',#9919,#8640) 
REPRESENTATION_RELATIONSHIP_WITH_TRANSFORMATION(#10077) 
SHAPE_REPRESENTATION_RELATIONSHIP() );
#10077 = ITEM_DEFINED_TRANSFORMATION('','',#11,#8653);
#10078 = PRODUCT_DEFINITION_SHAPE('Placement','Placement of an item',
  #10079);
#10079 = NEXT_ASSEMBLY_USAGE_OCCURRENCE('13','Pin3','',#8635,#9914,$);
#10080 = PRODUCT_RELATED_PRODUCT_CATEGORY('part',$,(#9916));
#10081 = SHAPE_DEFINITION_REPRESENTATION(#10082,#10088);
#10082 = PRODUCT_DEFINITION_SHAPE('','',#10083);
#10083 = PRODUCT_DEFINITION('design','',#10084,#10087);
#10084 = PRODUCT_DEFINITION_FORMATION('','',#10085);
#10085 = PRODUCT('Pin4','Pin4','',(#10086));
#10086 = PRODUCT_CONTEXT('',#2,'mechanical');
#10087 = PRODUCT_DEFINITION_CONTEXT('part definition',#2,'design');
#10088 = ADVANCED_BREP_SHAPE_REPRESENTATION('',(#11,#10089),#10239);
#10089 = MANIFOLD_SOLID_BREP('',#10090);
#10090 = CLOSED_SHELL('',(#10091,#10131,#10162,#10193,#10215,#10227));
#10091 = ADVANCED_FACE('',(#10092),#10126,.F.);
#10092 = FACE_BOUND('',#10093,.F.);
#10093 = EDGE_LOOP('',(#10094,#10104,#10112,#10120));
#10094 = ORIENTED_EDGE('',*,*,#10095,.T.);
#10095 = EDGE_CURVE('',#10096,#10098,#10100,.T.);
#10096 = VERTEX_POINT('',#10097);
#10097 = CARTESIAN_POINT('',(2.94,-1.09,0.));
#10098 = VERTEX_POINT('',#10099);
#10099 = CARTESIAN_POINT('',(2.94,-1.09,0.15));
#10100 = LINE('',#10101,#10102);
#10101 = CARTESIAN_POINT('',(2.94,-1.09,0.));
#10102 = VECTOR('',#10103,1.);
#10103 = DIRECTION('',(0.,0.,1.));
#10104 = ORIENTED_EDGE('',*,*,#10105,.T.);
#10105 = EDGE_CURVE('',#10098,#10106,#10108,.T.);
#10106 = VERTEX_POINT('',#10107);
#10107 = CARTESIAN_POINT('',(2.94,-0.41,0.15));
#10108 = LINE('',#10109,#10110);
#10109 = CARTESIAN_POINT('',(2.94,-1.09,0.15));
#10110 = VECTOR('',#10111,1.);
#10111 = DIRECTION('',(0.,1.,0.));
#10112 = ORIENTED_EDGE('',*,*,#10113,.F.);
#10113 = EDGE_CURVE('',#10114,#10106,#10116,.T.);
#10114 = VERTEX_POINT('',#10115);
#10115 = CARTESIAN_POINT('',(2.94,-0.41,0.));
#10116 = LINE('',#10117,#10118);
#10117 = CARTESIAN_POINT('',(2.94,-0.41,0.));
#10118 = VECTOR('',#10119,1.);
#10119 = DIRECTION('',(0.,0.,1.));
#10120 = ORIENTED_EDGE('',*,*,#10121,.F.);
#10121 = EDGE_CURVE('',#10096,#10114,#10122,.T.);
#10122 = LINE('',#10123,#10124);
#10123 = CARTESIAN_POINT('',(2.94,-1.09,0.));
#10124 = VECTOR('',#10125,1.);
#10125 = DIRECTION('',(0.,1.,0.));
#10126 = PLANE('',#10127);
#10127 = AXIS2_PLACEMENT_3D('',#10128,#10129,#10130);
#10128 = CARTESIAN_POINT('',(2.94,-1.09,0.));
#10129 = DIRECTION('',(-1.,0.,0.));
#10130 = DIRECTION('',(0.,1.,0.));
#10131 = ADVANCED_FACE('',(#10132),#10157,.F.);
#10132 = FACE_BOUND('',#10133,.F.);
#10133 = EDGE_LOOP('',(#10134,#10135,#10143,#10151));
#10134 = ORIENTED_EDGE('',*,*,#10113,.T.);
#10135 = ORIENTED_EDGE('',*,*,#10136,.T.);
#10136 = EDGE_CURVE('',#10106,#10137,#10139,.T.);
#10137 = VERTEX_POINT('',#10138);
#10138 = CARTESIAN_POINT('',(1.6,-0.41,0.15));
#10139 = LINE('',#10140,#10141);
#10140 = CARTESIAN_POINT('',(2.94,-0.41,0.15));
#10141 = VECTOR('',#10142,1.);
#10142 = DIRECTION('',(-1.,0.,0.));
#10143 = ORIENTED_EDGE('',*,*,#10144,.F.);
#10144 = EDGE_CURVE('',#10145,#10137,#10147,.T.);
#10145 = VERTEX_POINT('',#10146);
#10146 = CARTESIAN_POINT('',(1.6,-0.41,0.));
#10147 = LINE('',#10148,#10149);
#10148 = CARTESIAN_POINT('',(1.6,-0.41,0.));
#10149 = VECTOR('',#10150,1.);
#10150 = DIRECTION('',(0.,0.,1.));
#10151 = ORIENTED_EDGE('',*,*,#10152,.F.);
#10152 = EDGE_CURVE('',#10114,#10145,#10153,.T.);
#10153 = LINE('',#10154,#10155);
#10154 = CARTESIAN_POINT('',(2.94,-0.41,0.));
#10155 = VECTOR('',#10156,1.);
#10156 = DIRECTION('',(-1.,0.,0.));
#10157 = PLANE('',#10158);
#10158 = AXIS2_PLACEMENT_3D('',#10159,#10160,#10161);
#10159 = CARTESIAN_POINT('',(2.94,-0.41,0.));
#10160 = DIRECTION('',(0.,-1.,0.));
#10161 = DIRECTION('',(-1.,0.,0.));
#10162 = ADVANCED_FACE('',(#10163),#10188,.F.);
#10163 = FACE_BOUND('',#10164,.F.);
#10164 = EDGE_LOOP('',(#10165,#10166,#10174,#10182));
#10165 = ORIENTED_EDGE('',*,*,#10144,.T.);
#10166 = ORIENTED_EDGE('',*,*,#10167,.T.);
#10167 = EDGE_CURVE('',#10137,#10168,#10170,.T.);
#10168 = VERTEX_POINT('',#10169);
#10169 = CARTESIAN_POINT('',(1.6,-1.09,0.15));
#10170 = LINE('',#10171,#10172);
#10171 = CARTESIAN_POINT('',(1.6,-0.41,0.15));
#10172 = VECTOR('',#10173,1.);
#10173 = DIRECTION('',(0.,-1.,0.));
#10174 = ORIENTED_EDGE('',*,*,#10175,.F.);
#10175 = EDGE_CURVE('',#10176,#10168,#10178,.T.);
#10176 = VERTEX_POINT('',#10177);
#10177 = CARTESIAN_POINT('',(1.6,-1.09,0.));
#10178 = LINE('',#10179,#10180);
#10179 = CARTESIAN_POINT('',(1.6,-1.09,0.));
#10180 = VECTOR('',#10181,1.);
#10181 = DIRECTION('',(0.,0.,1.));
#10182 = ORIENTED_EDGE('',*,*,#10183,.F.);
#10183 = EDGE_CURVE('',#10145,#10176,#10184,.T.);
#10184 = LINE('',#10185,#10186);
#10185 = CARTESIAN_POINT('',(1.6,-0.41,0.));
#10186 = VECTOR('',#10187,1.);
#10187 = DIRECTION('',(0.,-1.,0.));
#10188 = PLANE('',#10189);
#10189 = AXIS2_PLACEMENT_3D('',#10190,#10191,#10192);
#10190 = CARTESIAN_POINT('',(1.6,-0.41,0.));
#10191 = DIRECTION('',(1.,0.,0.));
#10192 = DIRECTION('',(0.,-1.,0.));
#10193 = ADVANCED_FACE('',(#10194),#10210,.F.);
#10194 = FACE_BOUND('',#10195,.F.);
#10195 = EDGE_LOOP('',(#10196,#10197,#10203,#10204));
#10196 = ORIENTED_EDGE('',*,*,#10175,.T.);
#10197 = ORIENTED_EDGE('',*,*,#10198,.T.);
#10198 = EDGE_CURVE('',#10168,#10098,#10199,.T.);
#10199 = LINE('',#10200,#10201);
#10200 = CARTESIAN_POINT('',(1.6,-1.09,0.15));
#10201 = VECTOR('',#10202,1.);
#10202 = DIRECTION('',(1.,0.,0.));
#10203 = ORIENTED_EDGE('',*,*,#10095,.F.);
#10204 = ORIENTED_EDGE('',*,*,#10205,.F.);
#10205 = EDGE_CURVE('',#10176,#10096,#10206,.T.);
#10206 = LINE('',#10207,#10208);
#10207 = CARTESIAN_POINT('',(1.6,-1.09,0.));
#10208 = VECTOR('',#10209,1.);
#10209 = DIRECTION('',(1.,0.,0.));
#10210 = PLANE('',#10211);
#10211 = AXIS2_PLACEMENT_3D('',#10212,#10213,#10214);
#10212 = CARTESIAN_POINT('',(1.6,-1.09,0.));
#10213 = DIRECTION('',(0.,1.,0.));
#10214 = DIRECTION('',(1.,0.,0.));
#10215 = ADVANCED_FACE('',(#10216),#10222,.F.);
#10216 = FACE_BOUND('',#10217,.F.);
#10217 = EDGE_LOOP('',(#10218,#10219,#10220,#10221));
#10218 = ORIENTED_EDGE('',*,*,#10121,.T.);
#10219 = ORIENTED_EDGE('',*,*,#10152,.T.);
#10220 = ORIENTED_EDGE('',*,*,#10183,.T.);
#10221 = ORIENTED_EDGE('',*,*,#10205,.T.);
#10222 = PLANE('',#10223);
#10223 = AXIS2_PLACEMENT_3D('',#10224,#10225,#10226);
#10224 = CARTESIAN_POINT('',(2.27,-0.75,0.));
#10225 = DIRECTION('',(0.,0.,1.));
#10226 = DIRECTION('',(1.,0.,-0.));
#10227 = ADVANCED_FACE('',(#10228),#10234,.T.);
#10228 = FACE_BOUND('',#10229,.T.);
#10229 = EDGE_LOOP('',(#10230,#10231,#10232,#10233));
#10230 = ORIENTED_EDGE('',*,*,#10105,.T.);
#10231 = ORIENTED_EDGE('',*,*,#10136,.T.);
#10232 = ORIENTED_EDGE('',*,*,#10167,.T.);
#10233 = ORIENTED_EDGE('',*,*,#10198,.T.);
#10234 = PLANE('',#10235);
#10235 = AXIS2_PLACEMENT_3D('',#10236,#10237,#10238);
#10236 = CARTESIAN_POINT('',(2.27,-0.75,0.15));
#10237 = DIRECTION('',(0.,0.,1.));
#10238 = DIRECTION('',(1.,0.,-0.));
#10239 = ( GEOMETRIC_REPRESENTATION_CONTEXT(3) 
GLOBAL_UNCERTAINTY_ASSIGNED_CONTEXT((#10243)) 
GLOBAL_UNIT_ASSIGNED_CONTEXT((#10240,#10241,#10242)) 
REPRESENTATION_CONTEXT('Context #1',
  '3D Context with UNIT and UNCERTAINTY') );
#10240 = ( LENGTH_UNIT() NAMED_UNIT(*) SI_UNIT(.MILLI.,.METRE.) );
#10241 = ( NAMED_UNIT(*) PLANE_ANGLE_UNIT() SI_UNIT($,.RADIAN.) );
#10242 = ( NAMED_UNIT(*) SI_UNIT($,.STERADIAN.) SOLID_ANGLE_UNIT() );
#10243 = UNCERTAINTY_MEASURE_WITH_UNIT(LENGTH_MEASURE(1.E-07),#10240,
  'distance_accuracy_value','confusion accuracy');
#10244 = CONTEXT_DEPENDENT_SHAPE_REPRESENTATION(#10245,#10247);
#10245 = ( REPRESENTATION_RELATIONSHIP('','',#10088,#8640) 
REPRESENTATION_RELATIONSHIP_WITH_TRANSFORMATION(#10246) 
SHAPE_REPRESENTATION_RELATIONSHIP() );
#10246 = ITEM_DEFINED_TRANSFORMATION('','',#11,#8657);
#10247 = PRODUCT_DEFINITION_SHAPE('Placement','Placement of an item',
  #10248);
#10248 = NEXT_ASSEMBLY_USAGE_OCCURRENCE('14','Pin4','',#8635,#10083,$);
#10249 = PRODUCT_RELATED_PRODUCT_CATEGORY('part',$,(#10085));
#10250 = SHAPE_DEFINITION_REPRESENTATION(#10251,#10257);
#10251 = PRODUCT_DEFINITION_SHAPE('','',#10252);
#10252 = PRODUCT_DEFINITION('design','',#10253,#10256);
#10253 = PRODUCT_DEFINITION_FORMATION('','',#10254);
#10254 = PRODUCT('mpe32sensor_PCB','mpe32sensor_PCB','',(#10255));
#10255 = PRODUCT_CONTEXT('',#2,'mechanical');
#10256 = PRODUCT_DEFINITION_CONTEXT('part definition',#2,'design');
#10257 = ADVANCED_BREP_SHAPE_REPRESENTATION('',(#11,#10258),#11706);
#10258 = MANIFOLD_SOLID_BREP('',#10259);
#10259 = CLOSED_SHELL('',(#10260,#10300,#10331,#10364,#10706,#11048,
    #11065,#11082,#11099,#11116,#11133,#11150,#11167,#11184,#11201,
    #11218,#11235,#11252,#11269,#11286,#11303,#11320,#11332,#11354,
    #11371,#11388,#11405,#11422,#11439,#11456,#11473,#11490,#11507,
    #11524,#11541,#11558,#11575,#11592,#11609,#11626,#11643,#11660,
    #11672,#11689));
#10260 = ADVANCED_FACE('',(#10261),#10295,.T.);
#10261 = FACE_BOUND('',#10262,.T.);
#10262 = EDGE_LOOP('',(#10263,#10273,#10281,#10289));
#10263 = ORIENTED_EDGE('',*,*,#10264,.T.);
#10264 = EDGE_CURVE('',#10265,#10267,#10269,.T.);
#10265 = VERTEX_POINT('',#10266);
#10266 = CARTESIAN_POINT('',(116.,-80.,0.));
#10267 = VERTEX_POINT('',#10268);
#10268 = CARTESIAN_POINT('',(116.,-80.,1.51));
#10269 = LINE('',#10270,#10271);
#10270 = CARTESIAN_POINT('',(116.,-80.,0.));
#10271 = VECTOR('',#10272,1.);
#10272 = DIRECTION('',(0.,0.,1.));
#10273 = ORIENTED_EDGE('',*,*,#10274,.T.);
#10274 = EDGE_CURVE('',#10267,#10275,#10277,.T.);
#10275 = VERTEX_POINT('',#10276);
#10276 = CARTESIAN_POINT('',(116.,-81.,1.51));
#10277 = LINE('',#10278,#10279);
#10278 = CARTESIAN_POINT('',(116.,-80.,1.51));
#10279 = VECTOR('',#10280,1.);
#10280 = DIRECTION('',(0.,-1.,0.));
#10281 = ORIENTED_EDGE('',*,*,#10282,.F.);
#10282 = EDGE_CURVE('',#10283,#10275,#10285,.T.);
#10283 = VERTEX_POINT('',#10284);
#10284 = CARTESIAN_POINT('',(116.,-81.,0.));
#10285 = LINE('',#10286,#10287);
#10286 = CARTESIAN_POINT('',(116.,-81.,0.));
#10287 = VECTOR('',#10288,1.);
#10288 = DIRECTION('',(0.,0.,1.));
#10289 = ORIENTED_EDGE('',*,*,#10290,.F.);
#10290 = EDGE_CURVE('',#10265,#10283,#10291,.T.);
#10291 = LINE('',#10292,#10293);
#10292 = CARTESIAN_POINT('',(116.,-80.,0.));
#10293 = VECTOR('',#10294,1.);
#10294 = DIRECTION('',(0.,-1.,0.));
#10295 = PLANE('',#10296);
#10296 = AXIS2_PLACEMENT_3D('',#10297,#10298,#10299);
#10297 = CARTESIAN_POINT('',(116.,-80.,0.));
#10298 = DIRECTION('',(1.,0.,-0.));
#10299 = DIRECTION('',(0.,-1.,0.));
#10300 = ADVANCED_FACE('',(#10301),#10326,.T.);
#10301 = FACE_BOUND('',#10302,.T.);
#10302 = EDGE_LOOP('',(#10303,#10313,#10319,#10320));
#10303 = ORIENTED_EDGE('',*,*,#10304,.T.);
#10304 = EDGE_CURVE('',#10305,#10307,#10309,.T.);
#10305 = VERTEX_POINT('',#10306);
#10306 = CARTESIAN_POINT('',(115.,-79.,0.));
#10307 = VERTEX_POINT('',#10308);
#10308 = CARTESIAN_POINT('',(115.,-79.,1.51));
#10309 = LINE('',#10310,#10311);
#10310 = CARTESIAN_POINT('',(115.,-79.,0.));
#10311 = VECTOR('',#10312,1.);
#10312 = DIRECTION('',(0.,0.,1.));
#10313 = ORIENTED_EDGE('',*,*,#10314,.T.);
#10314 = EDGE_CURVE('',#10307,#10267,#10315,.T.);
#10315 = LINE('',#10316,#10317);
#10316 = CARTESIAN_POINT('',(115.,-79.,1.51));
#10317 = VECTOR('',#10318,1.);
#10318 = DIRECTION('',(0.707106781187,-0.707106781187,0.));
#10319 = ORIENTED_EDGE('',*,*,#10264,.F.);
#10320 = ORIENTED_EDGE('',*,*,#10321,.F.);
#10321 = EDGE_CURVE('',#10305,#10265,#10322,.T.);
#10322 = LINE('',#10323,#10324);
#10323 = CARTESIAN_POINT('',(115.,-79.,0.));
#10324 = VECTOR('',#10325,1.);
#10325 = DIRECTION('',(0.707106781187,-0.707106781187,0.));
#10326 = PLANE('',#10327);
#10327 = AXIS2_PLACEMENT_3D('',#10328,#10329,#10330);
#10328 = CARTESIAN_POINT('',(115.,-79.,0.));
#10329 = DIRECTION('',(0.707106781187,0.707106781187,-0.));
#10330 = DIRECTION('',(0.707106781187,-0.707106781187,0.));
#10331 = ADVANCED_FACE('',(#10332),#10359,.F.);
#10332 = FACE_BOUND('',#10333,.T.);
#10333 = EDGE_LOOP('',(#10334,#10335,#10344,#10352));
#10334 = ORIENTED_EDGE('',*,*,#10282,.T.);
#10335 = ORIENTED_EDGE('',*,*,#10336,.T.);
#10336 = EDGE_CURVE('',#10275,#10337,#10339,.T.);
#10337 = VERTEX_POINT('',#10338);
#10338 = CARTESIAN_POINT('',(116.,-87.,1.51));
#10339 = CIRCLE('',#10340,3.);
#10340 = AXIS2_PLACEMENT_3D('',#10341,#10342,#10343);
#10341 = CARTESIAN_POINT('',(116.,-84.,1.51));
#10342 = DIRECTION('',(0.,-0.,1.));
#10343 = DIRECTION('',(0.,1.,0.));
#10344 = ORIENTED_EDGE('',*,*,#10345,.F.);
#10345 = EDGE_CURVE('',#10346,#10337,#10348,.T.);
#10346 = VERTEX_POINT('',#10347);
#10347 = CARTESIAN_POINT('',(116.,-87.,0.));
#10348 = LINE('',#10349,#10350);
#10349 = CARTESIAN_POINT('',(116.,-87.,0.));
#10350 = VECTOR('',#10351,1.);
#10351 = DIRECTION('',(0.,0.,1.));
#10352 = ORIENTED_EDGE('',*,*,#10353,.F.);
#10353 = EDGE_CURVE('',#10283,#10346,#10354,.T.);
#10354 = CIRCLE('',#10355,3.);
#10355 = AXIS2_PLACEMENT_3D('',#10356,#10357,#10358);
#10356 = CARTESIAN_POINT('',(116.,-84.,0.));
#10357 = DIRECTION('',(0.,-0.,1.));
#10358 = DIRECTION('',(0.,1.,0.));
#10359 = CYLINDRICAL_SURFACE('',#10360,3.);
#10360 = AXIS2_PLACEMENT_3D('',#10361,#10362,#10363);
#10361 = CARTESIAN_POINT('',(116.,-84.,0.));
#10362 = DIRECTION('',(-0.,0.,-1.));
#10363 = DIRECTION('',(0.,1.,0.));
#10364 = ADVANCED_FACE('',(#10365,#10505,#10679,#10690),#10701,.F.);
#10365 = FACE_BOUND('',#10366,.F.);
#10366 = EDGE_LOOP('',(#10367,#10368,#10369,#10377,#10385,#10393,#10402,
    #10410,#10418,#10426,#10434,#10442,#10450,#10458,#10466,#10474,
    #10482,#10490,#10498,#10504));
#10367 = ORIENTED_EDGE('',*,*,#10290,.F.);
#10368 = ORIENTED_EDGE('',*,*,#10321,.F.);
#10369 = ORIENTED_EDGE('',*,*,#10370,.F.);
#10370 = EDGE_CURVE('',#10371,#10305,#10373,.T.);
#10371 = VERTEX_POINT('',#10372);
#10372 = CARTESIAN_POINT('',(101.,-79.,0.));
#10373 = LINE('',#10374,#10375);
#10374 = CARTESIAN_POINT('',(101.,-79.,0.));
#10375 = VECTOR('',#10376,1.);
#10376 = DIRECTION('',(1.,0.,0.));
#10377 = ORIENTED_EDGE('',*,*,#10378,.F.);
#10378 = EDGE_CURVE('',#10379,#10371,#10381,.T.);
#10379 = VERTEX_POINT('',#10380);
#10380 = CARTESIAN_POINT('',(100.,-80.,0.));
#10381 = LINE('',#10382,#10383);
#10382 = CARTESIAN_POINT('',(100.,-80.,0.));
#10383 = VECTOR('',#10384,1.);
#10384 = DIRECTION('',(0.707106781187,0.707106781187,0.));
#10385 = ORIENTED_EDGE('',*,*,#10386,.F.);
#10386 = EDGE_CURVE('',#10387,#10379,#10389,.T.);
#10387 = VERTEX_POINT('',#10388);
#10388 = CARTESIAN_POINT('',(100.,-81.,0.));
#10389 = LINE('',#10390,#10391);
#10390 = CARTESIAN_POINT('',(100.,-81.,0.));
#10391 = VECTOR('',#10392,1.);
#10392 = DIRECTION('',(0.,1.,0.));
#10393 = ORIENTED_EDGE('',*,*,#10394,.F.);
#10394 = EDGE_CURVE('',#10395,#10387,#10397,.T.);
#10395 = VERTEX_POINT('',#10396);
#10396 = CARTESIAN_POINT('',(100.,-87.,0.));
#10397 = CIRCLE('',#10398,3.);
#10398 = AXIS2_PLACEMENT_3D('',#10399,#10400,#10401);
#10399 = CARTESIAN_POINT('',(100.,-84.,0.));
#10400 = DIRECTION('',(0.,0.,1.));
#10401 = DIRECTION('',(-0.,-1.,0.));
#10402 = ORIENTED_EDGE('',*,*,#10403,.F.);
#10403 = EDGE_CURVE('',#10404,#10395,#10406,.T.);
#10404 = VERTEX_POINT('',#10405);
#10405 = CARTESIAN_POINT('',(100.,-92.,0.));
#10406 = LINE('',#10407,#10408);
#10407 = CARTESIAN_POINT('',(100.,-92.,0.));
#10408 = VECTOR('',#10409,1.);
#10409 = DIRECTION('',(0.,1.,0.));
#10410 = ORIENTED_EDGE('',*,*,#10411,.F.);
#10411 = EDGE_CURVE('',#10412,#10404,#10414,.T.);
#10412 = VERTEX_POINT('',#10413);
#10413 = CARTESIAN_POINT('',(101.,-93.,0.));
#10414 = LINE('',#10415,#10416);
#10415 = CARTESIAN_POINT('',(101.,-93.,0.));
#10416 = VECTOR('',#10417,1.);
#10417 = DIRECTION('',(-0.707106781187,0.707106781187,0.));
#10418 = ORIENTED_EDGE('',*,*,#10419,.F.);
#10419 = EDGE_CURVE('',#10420,#10412,#10422,.T.);
#10420 = VERTEX_POINT('',#10421);
#10421 = CARTESIAN_POINT('',(101.,-95.,0.));
#10422 = LINE('',#10423,#10424);
#10423 = CARTESIAN_POINT('',(101.,-95.,0.));
#10424 = VECTOR('',#10425,1.);
#10425 = DIRECTION('',(0.,1.,0.));
#10426 = ORIENTED_EDGE('',*,*,#10427,.F.);
#10427 = EDGE_CURVE('',#10428,#10420,#10430,.T.);
#10428 = VERTEX_POINT('',#10429);
#10429 = CARTESIAN_POINT('',(100.,-96.,0.));
#10430 = LINE('',#10431,#10432);
#10431 = CARTESIAN_POINT('',(100.,-96.,0.));
#10432 = VECTOR('',#10433,1.);
#10433 = DIRECTION('',(0.707106781187,0.707106781187,0.));
#10434 = ORIENTED_EDGE('',*,*,#10435,.F.);
#10435 = EDGE_CURVE('',#10436,#10428,#10438,.T.);
#10436 = VERTEX_POINT('',#10437);
#10437 = CARTESIAN_POINT('',(100.,-99.,0.));
#10438 = LINE('',#10439,#10440);
#10439 = CARTESIAN_POINT('',(100.,-99.,0.));
#10440 = VECTOR('',#10441,1.);
#10441 = DIRECTION('',(0.,1.,0.));
#10442 = ORIENTED_EDGE('',*,*,#10443,.F.);
#10443 = EDGE_CURVE('',#10444,#10436,#10446,.T.);
#10444 = VERTEX_POINT('',#10445);
#10445 = CARTESIAN_POINT('',(101.,-100.,0.));
#10446 = LINE('',#10447,#10448);
#10447 = CARTESIAN_POINT('',(101.,-100.,0.));
#10448 = VECTOR('',#10449,1.);
#10449 = DIRECTION('',(-0.707106781187,0.707106781187,0.));
#10450 = ORIENTED_EDGE('',*,*,#10451,.F.);
#10451 = EDGE_CURVE('',#10452,#10444,#10454,.T.);
#10452 = VERTEX_POINT('',#10453);
#10453 = CARTESIAN_POINT('',(115.,-100.,0.));
#10454 = LINE('',#10455,#10456);
#10455 = CARTESIAN_POINT('',(115.,-100.,0.));
#10456 = VECTOR('',#10457,1.);
#10457 = DIRECTION('',(-1.,0.,0.));
#10458 = ORIENTED_EDGE('',*,*,#10459,.F.);
#10459 = EDGE_CURVE('',#10460,#10452,#10462,.T.);
#10460 = VERTEX_POINT('',#10461);
#10461 = CARTESIAN_POINT('',(116.,-99.,0.));
#10462 = LINE('',#10463,#10464);
#10463 = CARTESIAN_POINT('',(116.,-99.,0.));
#10464 = VECTOR('',#10465,1.);
#10465 = DIRECTION('',(-0.707106781187,-0.707106781187,0.));
#10466 = ORIENTED_EDGE('',*,*,#10467,.F.);
#10467 = EDGE_CURVE('',#10468,#10460,#10470,.T.);
#10468 = VERTEX_POINT('',#10469);
#10469 = CARTESIAN_POINT('',(116.,-96.,0.));
#10470 = LINE('',#10471,#10472);
#10471 = CARTESIAN_POINT('',(116.,-96.,0.));
#10472 = VECTOR('',#10473,1.);
#10473 = DIRECTION('',(0.,-1.,0.));
#10474 = ORIENTED_EDGE('',*,*,#10475,.F.);
#10475 = EDGE_CURVE('',#10476,#10468,#10478,.T.);
#10476 = VERTEX_POINT('',#10477);
#10477 = CARTESIAN_POINT('',(115.,-95.,0.));
#10478 = LINE('',#10479,#10480);
#10479 = CARTESIAN_POINT('',(115.,-95.,0.));
#10480 = VECTOR('',#10481,1.);
#10481 = DIRECTION('',(0.707106781187,-0.707106781187,0.));
#10482 = ORIENTED_EDGE('',*,*,#10483,.F.);
#10483 = EDGE_CURVE('',#10484,#10476,#10486,.T.);
#10484 = VERTEX_POINT('',#10485);
#10485 = CARTESIAN_POINT('',(115.,-93.,0.));
#10486 = LINE('',#10487,#10488);
#10487 = CARTESIAN_POINT('',(115.,-93.,0.));
#10488 = VECTOR('',#10489,1.);
#10489 = DIRECTION('',(0.,-1.,0.));
#10490 = ORIENTED_EDGE('',*,*,#10491,.F.);
#10491 = EDGE_CURVE('',#10492,#10484,#10494,.T.);
#10492 = VERTEX_POINT('',#10493);
#10493 = CARTESIAN_POINT('',(116.,-92.,0.));
#10494 = LINE('',#10495,#10496);
#10495 = CARTESIAN_POINT('',(116.,-92.,0.));
#10496 = VECTOR('',#10497,1.);
#10497 = DIRECTION('',(-0.707106781187,-0.707106781187,0.));
#10498 = ORIENTED_EDGE('',*,*,#10499,.F.);
#10499 = EDGE_CURVE('',#10346,#10492,#10500,.T.);
#10500 = LINE('',#10501,#10502);
#10501 = CARTESIAN_POINT('',(116.,-87.,0.));
#10502 = VECTOR('',#10503,1.);
#10503 = DIRECTION('',(0.,-1.,0.));
#10504 = ORIENTED_EDGE('',*,*,#10353,.F.);
#10505 = FACE_BOUND('',#10506,.F.);
#10506 = EDGE_LOOP('',(#10507,#10518,#10527,#10535,#10543,#10552,#10561,
    #10570,#10578,#10586,#10595,#10604,#10613,#10621,#10629,#10638,
    #10647,#10656,#10664,#10672));
#10507 = ORIENTED_EDGE('',*,*,#10508,.F.);
#10508 = EDGE_CURVE('',#10509,#10511,#10513,.T.);
#10509 = VERTEX_POINT('',#10510);
#10510 = CARTESIAN_POINT('',(109.703934,-96.493345,0.));
#10511 = VERTEX_POINT('',#10512);
#10512 = CARTESIAN_POINT('',(109.016655,-95.806066,0.));
#10513 = CIRCLE('',#10514,0.499999603944);
#10514 = AXIS2_PLACEMENT_3D('',#10515,#10516,#10517);
#10515 = CARTESIAN_POINT('',(109.27715788946,-96.23284211054,0.));
#10516 = DIRECTION('',(0.,0.,1.));
#10517 = DIRECTION('',(0.853552897188,-0.521006191616,0.));
#10518 = ORIENTED_EDGE('',*,*,#10519,.F.);
#10519 = EDGE_CURVE('',#10520,#10509,#10522,.T.);
#10520 = VERTEX_POINT('',#10521);
#10521 = CARTESIAN_POINT('',(109.66,-96.649647,0.));
#10522 = CIRCLE('',#10523,0.299683785035);
#10523 = AXIS2_PLACEMENT_3D('',#10524,#10525,#10526);
#10524 = CARTESIAN_POINT('',(109.95968377174,-96.6495577564,0.));
#10525 = DIRECTION('',(0.,0.,-1.));
#10526 = DIRECTION('',(-0.99999995566,-2.977925314543E-04,-0.));
#10527 = ORIENTED_EDGE('',*,*,#10528,.F.);
#10528 = EDGE_CURVE('',#10529,#10520,#10531,.T.);
#10529 = VERTEX_POINT('',#10530);
#10530 = CARTESIAN_POINT('',(109.66,-97.35,0.));
#10531 = LINE('',#10532,#10533);
#10532 = CARTESIAN_POINT('',(109.66,-97.35,0.));
#10533 = VECTOR('',#10534,1.);
#10534 = DIRECTION('',(0.,1.,0.));
#10535 = ORIENTED_EDGE('',*,*,#10536,.F.);
#10536 = EDGE_CURVE('',#10537,#10529,#10539,.T.);
#10537 = VERTEX_POINT('',#10538);
#10538 = CARTESIAN_POINT('',(109.66,-98.050353,0.));
#10539 = LINE('',#10540,#10541);
#10540 = CARTESIAN_POINT('',(109.66,-98.050353,0.));
#10541 = VECTOR('',#10542,1.);
#10542 = DIRECTION('',(0.,1.,0.));
#10543 = ORIENTED_EDGE('',*,*,#10544,.F.);
#10544 = EDGE_CURVE('',#10545,#10537,#10547,.T.);
#10545 = VERTEX_POINT('',#10546);
#10546 = CARTESIAN_POINT('',(109.703934,-98.206655,0.));
#10547 = CIRCLE('',#10548,0.299966762338);
#10548 = AXIS2_PLACEMENT_3D('',#10549,#10550,#10551);
#10549 = CARTESIAN_POINT('',(109.95996676218,-98.05036269949,0.));
#10550 = DIRECTION('',(0.,0.,-1.));
#10551 = DIRECTION('',(-0.853537105863,-0.521032061311,-0.));
#10552 = ORIENTED_EDGE('',*,*,#10553,.F.);
#10553 = EDGE_CURVE('',#10554,#10545,#10556,.T.);
#10554 = VERTEX_POINT('',#10555);
#10555 = CARTESIAN_POINT('',(109.016655,-98.893934,0.));
#10556 = CIRCLE('',#10557,0.499998734392);
#10557 = AXIS2_PLACEMENT_3D('',#10558,#10559,#10560);
#10558 = CARTESIAN_POINT('',(109.27716050432,-98.46716050432,0.));
#10559 = DIRECTION('',(0.,0.,1.));
#10560 = DIRECTION('',(-0.521012327448,-0.853549151864,0.));
#10561 = ORIENTED_EDGE('',*,*,#10562,.F.);
#10562 = EDGE_CURVE('',#10563,#10554,#10565,.T.);
#10563 = VERTEX_POINT('',#10564);
#10564 = CARTESIAN_POINT('',(108.860353,-98.85,0.));
#10565 = CIRCLE('',#10566,0.300023425677);
#10566 = AXIS2_PLACEMENT_3D('',#10567,#10568,#10569);
#10567 = CARTESIAN_POINT('',(108.8603467723,-99.15002342561,0.));
#10568 = DIRECTION('',(0.,0.,-1.));
#10569 = DIRECTION('',(2.075735545944E-05,0.999999999785,0.));
#10570 = ORIENTED_EDGE('',*,*,#10571,.F.);
#10571 = EDGE_CURVE('',#10572,#10563,#10574,.T.);
#10572 = VERTEX_POINT('',#10573);
#10573 = CARTESIAN_POINT('',(107.96,-98.85,0.));
#10574 = LINE('',#10575,#10576);
#10575 = CARTESIAN_POINT('',(107.96,-98.85,0.));
#10576 = VECTOR('',#10577,1.);
#10577 = DIRECTION('',(1.,0.,0.));
#10578 = ORIENTED_EDGE('',*,*,#10579,.F.);
#10579 = EDGE_CURVE('',#10580,#10572,#10582,.T.);
#10580 = VERTEX_POINT('',#10581);
#10581 = CARTESIAN_POINT('',(107.059647,-98.85,0.));
#10582 = LINE('',#10583,#10584);
#10583 = CARTESIAN_POINT('',(107.059647,-98.85,0.));
#10584 = VECTOR('',#10585,1.);
#10585 = DIRECTION('',(1.,0.,0.));
#10586 = ORIENTED_EDGE('',*,*,#10587,.F.);
#10587 = EDGE_CURVE('',#10588,#10580,#10590,.T.);
#10588 = VERTEX_POINT('',#10589);
#10589 = CARTESIAN_POINT('',(106.903345,-98.893934,0.));
#10590 = CIRCLE('',#10591,0.299991600078);
#10591 = AXIS2_PLACEMENT_3D('',#10592,#10593,#10594);
#10592 = CARTESIAN_POINT('',(107.05964428203,-99.14999160006,0.));
#10593 = DIRECTION('',(0.,0.,-1.));
#10594 = DIRECTION('',(-0.521012195003,0.853549232709,0.));
#10595 = ORIENTED_EDGE('',*,*,#10596,.F.);
#10596 = EDGE_CURVE('',#10597,#10588,#10599,.T.);
#10597 = VERTEX_POINT('',#10598);
#10598 = CARTESIAN_POINT('',(106.216066,-98.206655,0.));
#10599 = CIRCLE('',#10600,0.499999603944);
#10600 = AXIS2_PLACEMENT_3D('',#10601,#10602,#10603);
#10601 = CARTESIAN_POINT('',(106.64284211054,-98.46715788946,0.));
#10602 = DIRECTION('',(0.,0.,1.));
#10603 = DIRECTION('',(-0.853552897188,0.521006191616,0.));
#10604 = ORIENTED_EDGE('',*,*,#10605,.F.);
#10605 = EDGE_CURVE('',#10606,#10597,#10608,.T.);
#10606 = VERTEX_POINT('',#10607);
#10607 = CARTESIAN_POINT('',(106.26,-98.050353,0.));
#10608 = CIRCLE('',#10609,0.299991600078);
#10609 = AXIS2_PLACEMENT_3D('',#10610,#10611,#10612);
#10610 = CARTESIAN_POINT('',(105.96000839993,-98.05035571796,0.));
#10611 = DIRECTION('',(0.,0.,-1.));
#10612 = DIRECTION('',(0.999999999959,9.060123382972E-06,0.));
#10613 = ORIENTED_EDGE('',*,*,#10614,.F.);
#10614 = EDGE_CURVE('',#10615,#10606,#10617,.T.);
#10615 = VERTEX_POINT('',#10616);
#10616 = CARTESIAN_POINT('',(106.26,-97.35,0.));
#10617 = LINE('',#10618,#10619);
#10618 = CARTESIAN_POINT('',(106.26,-97.35,0.));
#10619 = VECTOR('',#10620,1.);
#10620 = DIRECTION('',(0.,-1.,0.));
#10621 = ORIENTED_EDGE('',*,*,#10622,.F.);
#10622 = EDGE_CURVE('',#10623,#10615,#10625,.T.);
#10623 = VERTEX_POINT('',#10624);
#10624 = CARTESIAN_POINT('',(106.26,-96.649647,0.));
#10625 = LINE('',#10626,#10627);
#10626 = CARTESIAN_POINT('',(106.26,-96.649647,0.));
#10627 = VECTOR('',#10628,1.);
#10628 = DIRECTION('',(0.,-1.,0.));
#10629 = ORIENTED_EDGE('',*,*,#10630,.F.);
#10630 = EDGE_CURVE('',#10631,#10623,#10633,.T.);
#10631 = VERTEX_POINT('',#10632);
#10632 = CARTESIAN_POINT('',(106.216066,-96.493345,0.));
#10633 = CIRCLE('',#10634,0.299991600078);
#10634 = AXIS2_PLACEMENT_3D('',#10635,#10636,#10637);
#10635 = CARTESIAN_POINT('',(105.96000839993,-96.64964428203,0.));
#10636 = DIRECTION('',(0.,0.,-1.));
#10637 = DIRECTION('',(0.853549232709,0.521012195003,0.));
#10638 = ORIENTED_EDGE('',*,*,#10639,.F.);
#10639 = EDGE_CURVE('',#10640,#10631,#10642,.T.);
#10640 = VERTEX_POINT('',#10641);
#10641 = CARTESIAN_POINT('',(106.903345,-95.806066,0.));
#10642 = CIRCLE('',#10643,0.499999603944);
#10643 = AXIS2_PLACEMENT_3D('',#10644,#10645,#10646);
#10644 = CARTESIAN_POINT('',(106.64284211054,-96.23284211054,0.));
#10645 = DIRECTION('',(0.,0.,1.));
#10646 = DIRECTION('',(0.521006191616,0.853552897188,-0.));
#10647 = ORIENTED_EDGE('',*,*,#10648,.F.);
#10648 = EDGE_CURVE('',#10649,#10640,#10651,.T.);
#10649 = VERTEX_POINT('',#10650);
#10650 = CARTESIAN_POINT('',(107.059647,-95.85,0.));
#10651 = CIRCLE('',#10652,0.299991600078);
#10652 = AXIS2_PLACEMENT_3D('',#10653,#10654,#10655);
#10653 = CARTESIAN_POINT('',(107.05964428203,-95.55000839993,0.));
#10654 = DIRECTION('',(0.,0.,-1.));
#10655 = DIRECTION('',(9.060123572459E-06,-0.999999999959,0.));
#10656 = ORIENTED_EDGE('',*,*,#10657,.F.);
#10657 = EDGE_CURVE('',#10658,#10649,#10660,.T.);
#10658 = VERTEX_POINT('',#10659);
#10659 = CARTESIAN_POINT('',(107.96,-95.85,0.));
#10660 = LINE('',#10661,#10662);
#10661 = CARTESIAN_POINT('',(107.96,-95.85,0.));
#10662 = VECTOR('',#10663,1.);
#10663 = DIRECTION('',(-1.,0.,0.));
#10664 = ORIENTED_EDGE('',*,*,#10665,.F.);
#10665 = EDGE_CURVE('',#10666,#10658,#10668,.T.);
#10666 = VERTEX_POINT('',#10667);
#10667 = CARTESIAN_POINT('',(108.860353,-95.85,0.));
#10668 = LINE('',#10669,#10670);
#10669 = CARTESIAN_POINT('',(108.860353,-95.85,0.));
#10670 = VECTOR('',#10671,1.);
#10671 = DIRECTION('',(-1.,0.,0.));
#10672 = ORIENTED_EDGE('',*,*,#10673,.F.);
#10673 = EDGE_CURVE('',#10511,#10666,#10674,.T.);
#10674 = CIRCLE('',#10675,0.299966762338);
#10675 = AXIS2_PLACEMENT_3D('',#10676,#10677,#10678);
#10676 = CARTESIAN_POINT('',(108.86036269949,-95.55003323781,0.));
#10677 = DIRECTION('',(0.,0.,-1.));
#10678 = DIRECTION('',(0.521032061311,-0.853537105863,0.));
#10679 = FACE_BOUND('',#10680,.F.);
#10680 = EDGE_LOOP('',(#10681));
#10681 = ORIENTED_EDGE('',*,*,#10682,.T.);
#10682 = EDGE_CURVE('',#10683,#10683,#10685,.T.);
#10683 = VERTEX_POINT('',#10684);
#10684 = CARTESIAN_POINT('',(102.35,-90.06,0.));
#10685 = CIRCLE('',#10686,0.5);
#10686 = AXIS2_PLACEMENT_3D('',#10687,#10688,#10689);
#10687 = CARTESIAN_POINT('',(102.35,-89.56,0.));
#10688 = DIRECTION('',(-0.,0.,-1.));
#10689 = DIRECTION('',(-0.,-1.,0.));
#10690 = FACE_BOUND('',#10691,.F.);
#10691 = EDGE_LOOP('',(#10692));
#10692 = ORIENTED_EDGE('',*,*,#10693,.T.);
#10693 = EDGE_CURVE('',#10694,#10694,#10696,.T.);
#10694 = VERTEX_POINT('',#10695);
#10695 = CARTESIAN_POINT('',(113.7,-90.06,0.));
#10696 = CIRCLE('',#10697,0.5);
#10697 = AXIS2_PLACEMENT_3D('',#10698,#10699,#10700);
#10698 = CARTESIAN_POINT('',(113.7,-89.56,0.));
#10699 = DIRECTION('',(-0.,0.,-1.));
#10700 = DIRECTION('',(-0.,-1.,0.));
#10701 = PLANE('',#10702);
#10702 = AXIS2_PLACEMENT_3D('',#10703,#10704,#10705);
#10703 = CARTESIAN_POINT('',(0.,0.,0.));
#10704 = DIRECTION('',(0.,0.,1.));
#10705 = DIRECTION('',(1.,0.,-0.));
#10706 = ADVANCED_FACE('',(#10707,#10847,#11021,#11032),#11043,.T.);
#10707 = FACE_BOUND('',#10708,.T.);
#10708 = EDGE_LOOP('',(#10709,#10710,#10711,#10719,#10727,#10735,#10744,
    #10752,#10760,#10768,#10776,#10784,#10792,#10800,#10808,#10816,
    #10824,#10832,#10840,#10846));
#10709 = ORIENTED_EDGE('',*,*,#10274,.F.);
#10710 = ORIENTED_EDGE('',*,*,#10314,.F.);
#10711 = ORIENTED_EDGE('',*,*,#10712,.F.);
#10712 = EDGE_CURVE('',#10713,#10307,#10715,.T.);
#10713 = VERTEX_POINT('',#10714);
#10714 = CARTESIAN_POINT('',(101.,-79.,1.51));
#10715 = LINE('',#10716,#10717);
#10716 = CARTESIAN_POINT('',(101.,-79.,1.51));
#10717 = VECTOR('',#10718,1.);
#10718 = DIRECTION('',(1.,0.,0.));
#10719 = ORIENTED_EDGE('',*,*,#10720,.F.);
#10720 = EDGE_CURVE('',#10721,#10713,#10723,.T.);
#10721 = VERTEX_POINT('',#10722);
#10722 = CARTESIAN_POINT('',(100.,-80.,1.51));
#10723 = LINE('',#10724,#10725);
#10724 = CARTESIAN_POINT('',(100.,-80.,1.51));
#10725 = VECTOR('',#10726,1.);
#10726 = DIRECTION('',(0.707106781187,0.707106781187,0.));
#10727 = ORIENTED_EDGE('',*,*,#10728,.F.);
#10728 = EDGE_CURVE('',#10729,#10721,#10731,.T.);
#10729 = VERTEX_POINT('',#10730);
#10730 = CARTESIAN_POINT('',(100.,-81.,1.51));
#10731 = LINE('',#10732,#10733);
#10732 = CARTESIAN_POINT('',(100.,-81.,1.51));
#10733 = VECTOR('',#10734,1.);
#10734 = DIRECTION('',(0.,1.,0.));
#10735 = ORIENTED_EDGE('',*,*,#10736,.F.);
#10736 = EDGE_CURVE('',#10737,#10729,#10739,.T.);
#10737 = VERTEX_POINT('',#10738);
#10738 = CARTESIAN_POINT('',(100.,-87.,1.51));
#10739 = CIRCLE('',#10740,3.);
#10740 = AXIS2_PLACEMENT_3D('',#10741,#10742,#10743);
#10741 = CARTESIAN_POINT('',(100.,-84.,1.51));
#10742 = DIRECTION('',(0.,0.,1.));
#10743 = DIRECTION('',(-0.,-1.,0.));
#10744 = ORIENTED_EDGE('',*,*,#10745,.F.);
#10745 = EDGE_CURVE('',#10746,#10737,#10748,.T.);
#10746 = VERTEX_POINT('',#10747);
#10747 = CARTESIAN_POINT('',(100.,-92.,1.51));
#10748 = LINE('',#10749,#10750);
#10749 = CARTESIAN_POINT('',(100.,-92.,1.51));
#10750 = VECTOR('',#10751,1.);
#10751 = DIRECTION('',(0.,1.,0.));
#10752 = ORIENTED_EDGE('',*,*,#10753,.F.);
#10753 = EDGE_CURVE('',#10754,#10746,#10756,.T.);
#10754 = VERTEX_POINT('',#10755);
#10755 = CARTESIAN_POINT('',(101.,-93.,1.51));
#10756 = LINE('',#10757,#10758);
#10757 = CARTESIAN_POINT('',(101.,-93.,1.51));
#10758 = VECTOR('',#10759,1.);
#10759 = DIRECTION('',(-0.707106781187,0.707106781187,0.));
#10760 = ORIENTED_EDGE('',*,*,#10761,.F.);
#10761 = EDGE_CURVE('',#10762,#10754,#10764,.T.);
#10762 = VERTEX_POINT('',#10763);
#10763 = CARTESIAN_POINT('',(101.,-95.,1.51));
#10764 = LINE('',#10765,#10766);
#10765 = CARTESIAN_POINT('',(101.,-95.,1.51));
#10766 = VECTOR('',#10767,1.);
#10767 = DIRECTION('',(0.,1.,0.));
#10768 = ORIENTED_EDGE('',*,*,#10769,.F.);
#10769 = EDGE_CURVE('',#10770,#10762,#10772,.T.);
#10770 = VERTEX_POINT('',#10771);
#10771 = CARTESIAN_POINT('',(100.,-96.,1.51));
#10772 = LINE('',#10773,#10774);
#10773 = CARTESIAN_POINT('',(100.,-96.,1.51));
#10774 = VECTOR('',#10775,1.);
#10775 = DIRECTION('',(0.707106781187,0.707106781187,0.));
#10776 = ORIENTED_EDGE('',*,*,#10777,.F.);
#10777 = EDGE_CURVE('',#10778,#10770,#10780,.T.);
#10778 = VERTEX_POINT('',#10779);
#10779 = CARTESIAN_POINT('',(100.,-99.,1.51));
#10780 = LINE('',#10781,#10782);
#10781 = CARTESIAN_POINT('',(100.,-99.,1.51));
#10782 = VECTOR('',#10783,1.);
#10783 = DIRECTION('',(0.,1.,0.));
#10784 = ORIENTED_EDGE('',*,*,#10785,.F.);
#10785 = EDGE_CURVE('',#10786,#10778,#10788,.T.);
#10786 = VERTEX_POINT('',#10787);
#10787 = CARTESIAN_POINT('',(101.,-100.,1.51));
#10788 = LINE('',#10789,#10790);
#10789 = CARTESIAN_POINT('',(101.,-100.,1.51));
#10790 = VECTOR('',#10791,1.);
#10791 = DIRECTION('',(-0.707106781187,0.707106781187,0.));
#10792 = ORIENTED_EDGE('',*,*,#10793,.F.);
#10793 = EDGE_CURVE('',#10794,#10786,#10796,.T.);
#10794 = VERTEX_POINT('',#10795);
#10795 = CARTESIAN_POINT('',(115.,-100.,1.51));
#10796 = LINE('',#10797,#10798);
#10797 = CARTESIAN_POINT('',(115.,-100.,1.51));
#10798 = VECTOR('',#10799,1.);
#10799 = DIRECTION('',(-1.,0.,0.));
#10800 = ORIENTED_EDGE('',*,*,#10801,.F.);
#10801 = EDGE_CURVE('',#10802,#10794,#10804,.T.);
#10802 = VERTEX_POINT('',#10803);
#10803 = CARTESIAN_POINT('',(116.,-99.,1.51));
#10804 = LINE('',#10805,#10806);
#10805 = CARTESIAN_POINT('',(116.,-99.,1.51));
#10806 = VECTOR('',#10807,1.);
#10807 = DIRECTION('',(-0.707106781187,-0.707106781187,0.));
#10808 = ORIENTED_EDGE('',*,*,#10809,.F.);
#10809 = EDGE_CURVE('',#10810,#10802,#10812,.T.);
#10810 = VERTEX_POINT('',#10811);
#10811 = CARTESIAN_POINT('',(116.,-96.,1.51));
#10812 = LINE('',#10813,#10814);
#10813 = CARTESIAN_POINT('',(116.,-96.,1.51));
#10814 = VECTOR('',#10815,1.);
#10815 = DIRECTION('',(0.,-1.,0.));
#10816 = ORIENTED_EDGE('',*,*,#10817,.F.);
#10817 = EDGE_CURVE('',#10818,#10810,#10820,.T.);
#10818 = VERTEX_POINT('',#10819);
#10819 = CARTESIAN_POINT('',(115.,-95.,1.51));
#10820 = LINE('',#10821,#10822);
#10821 = CARTESIAN_POINT('',(115.,-95.,1.51));
#10822 = VECTOR('',#10823,1.);
#10823 = DIRECTION('',(0.707106781187,-0.707106781187,0.));
#10824 = ORIENTED_EDGE('',*,*,#10825,.F.);
#10825 = EDGE_CURVE('',#10826,#10818,#10828,.T.);
#10826 = VERTEX_POINT('',#10827);
#10827 = CARTESIAN_POINT('',(115.,-93.,1.51));
#10828 = LINE('',#10829,#10830);
#10829 = CARTESIAN_POINT('',(115.,-93.,1.51));
#10830 = VECTOR('',#10831,1.);
#10831 = DIRECTION('',(0.,-1.,0.));
#10832 = ORIENTED_EDGE('',*,*,#10833,.F.);
#10833 = EDGE_CURVE('',#10834,#10826,#10836,.T.);
#10834 = VERTEX_POINT('',#10835);
#10835 = CARTESIAN_POINT('',(116.,-92.,1.51));
#10836 = LINE('',#10837,#10838);
#10837 = CARTESIAN_POINT('',(116.,-92.,1.51));
#10838 = VECTOR('',#10839,1.);
#10839 = DIRECTION('',(-0.707106781187,-0.707106781187,0.));
#10840 = ORIENTED_EDGE('',*,*,#10841,.F.);
#10841 = EDGE_CURVE('',#10337,#10834,#10842,.T.);
#10842 = LINE('',#10843,#10844);
#10843 = CARTESIAN_POINT('',(116.,-87.,1.51));
#10844 = VECTOR('',#10845,1.);
#10845 = DIRECTION('',(0.,-1.,0.));
#10846 = ORIENTED_EDGE('',*,*,#10336,.F.);
#10847 = FACE_BOUND('',#10848,.T.);
#10848 = EDGE_LOOP('',(#10849,#10860,#10869,#10877,#10885,#10894,#10903,
    #10912,#10920,#10928,#10937,#10946,#10955,#10963,#10971,#10980,
    #10989,#10998,#11006,#11014));
#10849 = ORIENTED_EDGE('',*,*,#10850,.F.);
#10850 = EDGE_CURVE('',#10851,#10853,#10855,.T.);
#10851 = VERTEX_POINT('',#10852);
#10852 = CARTESIAN_POINT('',(109.703934,-96.493345,1.51));
#10853 = VERTEX_POINT('',#10854);
#10854 = CARTESIAN_POINT('',(109.016655,-95.806066,1.51));
#10855 = CIRCLE('',#10856,0.499999603944);
#10856 = AXIS2_PLACEMENT_3D('',#10857,#10858,#10859);
#10857 = CARTESIAN_POINT('',(109.27715788946,-96.23284211054,1.51));
#10858 = DIRECTION('',(0.,0.,1.));
#10859 = DIRECTION('',(0.853552897188,-0.521006191616,0.));
#10860 = ORIENTED_EDGE('',*,*,#10861,.F.);
#10861 = EDGE_CURVE('',#10862,#10851,#10864,.T.);
#10862 = VERTEX_POINT('',#10863);
#10863 = CARTESIAN_POINT('',(109.66,-96.649647,1.51));
#10864 = CIRCLE('',#10865,0.299683785035);
#10865 = AXIS2_PLACEMENT_3D('',#10866,#10867,#10868);
#10866 = CARTESIAN_POINT('',(109.95968377174,-96.6495577564,1.51));
#10867 = DIRECTION('',(0.,0.,-1.));
#10868 = DIRECTION('',(-0.99999995566,-2.977925314543E-04,-0.));
#10869 = ORIENTED_EDGE('',*,*,#10870,.F.);
#10870 = EDGE_CURVE('',#10871,#10862,#10873,.T.);
#10871 = VERTEX_POINT('',#10872);
#10872 = CARTESIAN_POINT('',(109.66,-97.35,1.51));
#10873 = LINE('',#10874,#10875);
#10874 = CARTESIAN_POINT('',(109.66,-97.35,1.51));
#10875 = VECTOR('',#10876,1.);
#10876 = DIRECTION('',(0.,1.,0.));
#10877 = ORIENTED_EDGE('',*,*,#10878,.F.);
#10878 = EDGE_CURVE('',#10879,#10871,#10881,.T.);
#10879 = VERTEX_POINT('',#10880);
#10880 = CARTESIAN_POINT('',(109.66,-98.050353,1.51));
#10881 = LINE('',#10882,#10883);
#10882 = CARTESIAN_POINT('',(109.66,-98.050353,1.51));
#10883 = VECTOR('',#10884,1.);
#10884 = DIRECTION('',(0.,1.,0.));
#10885 = ORIENTED_EDGE('',*,*,#10886,.F.);
#10886 = EDGE_CURVE('',#10887,#10879,#10889,.T.);
#10887 = VERTEX_POINT('',#10888);
#10888 = CARTESIAN_POINT('',(109.703934,-98.206655,1.51));
#10889 = CIRCLE('',#10890,0.299966762338);
#10890 = AXIS2_PLACEMENT_3D('',#10891,#10892,#10893);
#10891 = CARTESIAN_POINT('',(109.95996676218,-98.05036269949,1.51));
#10892 = DIRECTION('',(0.,0.,-1.));
#10893 = DIRECTION('',(-0.853537105863,-0.521032061311,-0.));
#10894 = ORIENTED_EDGE('',*,*,#10895,.F.);
#10895 = EDGE_CURVE('',#10896,#10887,#10898,.T.);
#10896 = VERTEX_POINT('',#10897);
#10897 = CARTESIAN_POINT('',(109.016655,-98.893934,1.51));
#10898 = CIRCLE('',#10899,0.499998734392);
#10899 = AXIS2_PLACEMENT_3D('',#10900,#10901,#10902);
#10900 = CARTESIAN_POINT('',(109.27716050432,-98.46716050432,1.51));
#10901 = DIRECTION('',(0.,0.,1.));
#10902 = DIRECTION('',(-0.521012327448,-0.853549151864,0.));
#10903 = ORIENTED_EDGE('',*,*,#10904,.F.);
#10904 = EDGE_CURVE('',#10905,#10896,#10907,.T.);
#10905 = VERTEX_POINT('',#10906);
#10906 = CARTESIAN_POINT('',(108.860353,-98.85,1.51));
#10907 = CIRCLE('',#10908,0.300023425677);
#10908 = AXIS2_PLACEMENT_3D('',#10909,#10910,#10911);
#10909 = CARTESIAN_POINT('',(108.8603467723,-99.15002342561,1.51));
#10910 = DIRECTION('',(0.,0.,-1.));
#10911 = DIRECTION('',(2.075735545944E-05,0.999999999785,0.));
#10912 = ORIENTED_EDGE('',*,*,#10913,.F.);
#10913 = EDGE_CURVE('',#10914,#10905,#10916,.T.);
#10914 = VERTEX_POINT('',#10915);
#10915 = CARTESIAN_POINT('',(107.96,-98.85,1.51));
#10916 = LINE('',#10917,#10918);
#10917 = CARTESIAN_POINT('',(107.96,-98.85,1.51));
#10918 = VECTOR('',#10919,1.);
#10919 = DIRECTION('',(1.,0.,0.));
#10920 = ORIENTED_EDGE('',*,*,#10921,.F.);
#10921 = EDGE_CURVE('',#10922,#10914,#10924,.T.);
#10922 = VERTEX_POINT('',#10923);
#10923 = CARTESIAN_POINT('',(107.059647,-98.85,1.51));
#10924 = LINE('',#10925,#10926);
#10925 = CARTESIAN_POINT('',(107.059647,-98.85,1.51));
#10926 = VECTOR('',#10927,1.);
#10927 = DIRECTION('',(1.,0.,0.));
#10928 = ORIENTED_EDGE('',*,*,#10929,.F.);
#10929 = EDGE_CURVE('',#10930,#10922,#10932,.T.);
#10930 = VERTEX_POINT('',#10931);
#10931 = CARTESIAN_POINT('',(106.903345,-98.893934,1.51));
#10932 = CIRCLE('',#10933,0.299991600078);
#10933 = AXIS2_PLACEMENT_3D('',#10934,#10935,#10936);
#10934 = CARTESIAN_POINT('',(107.05964428203,-99.14999160006,1.51));
#10935 = DIRECTION('',(0.,0.,-1.));
#10936 = DIRECTION('',(-0.521012195003,0.853549232709,0.));
#10937 = ORIENTED_EDGE('',*,*,#10938,.F.);
#10938 = EDGE_CURVE('',#10939,#10930,#10941,.T.);
#10939 = VERTEX_POINT('',#10940);
#10940 = CARTESIAN_POINT('',(106.216066,-98.206655,1.51));
#10941 = CIRCLE('',#10942,0.499999603944);
#10942 = AXIS2_PLACEMENT_3D('',#10943,#10944,#10945);
#10943 = CARTESIAN_POINT('',(106.64284211054,-98.46715788946,1.51));
#10944 = DIRECTION('',(0.,0.,1.));
#10945 = DIRECTION('',(-0.853552897188,0.521006191616,0.));
#10946 = ORIENTED_EDGE('',*,*,#10947,.F.);
#10947 = EDGE_CURVE('',#10948,#10939,#10950,.T.);
#10948 = VERTEX_POINT('',#10949);
#10949 = CARTESIAN_POINT('',(106.26,-98.050353,1.51));
#10950 = CIRCLE('',#10951,0.299991600078);
#10951 = AXIS2_PLACEMENT_3D('',#10952,#10953,#10954);
#10952 = CARTESIAN_POINT('',(105.96000839993,-98.05035571796,1.51));
#10953 = DIRECTION('',(0.,0.,-1.));
#10954 = DIRECTION('',(0.999999999959,9.060123382972E-06,0.));
#10955 = ORIENTED_EDGE('',*,*,#10956,.F.);
#10956 = EDGE_CURVE('',#10957,#10948,#10959,.T.);
#10957 = VERTEX_POINT('',#10958);
#10958 = CARTESIAN_POINT('',(106.26,-97.35,1.51));
#10959 = LINE('',#10960,#10961);
#10960 = CARTESIAN_POINT('',(106.26,-97.35,1.51));
#10961 = VECTOR('',#10962,1.);
#10962 = DIRECTION('',(0.,-1.,0.));
#10963 = ORIENTED_EDGE('',*,*,#10964,.F.);
#10964 = EDGE_CURVE('',#10965,#10957,#10967,.T.);
#10965 = VERTEX_POINT('',#10966);
#10966 = CARTESIAN_POINT('',(106.26,-96.649647,1.51));
#10967 = LINE('',#10968,#10969);
#10968 = CARTESIAN_POINT('',(106.26,-96.649647,1.51));
#10969 = VECTOR('',#10970,1.);
#10970 = DIRECTION('',(0.,-1.,0.));
#10971 = ORIENTED_EDGE('',*,*,#10972,.F.);
#10972 = EDGE_CURVE('',#10973,#10965,#10975,.T.);
#10973 = VERTEX_POINT('',#10974);
#10974 = CARTESIAN_POINT('',(106.216066,-96.493345,1.51));
#10975 = CIRCLE('',#10976,0.299991600078);
#10976 = AXIS2_PLACEMENT_3D('',#10977,#10978,#10979);
#10977 = CARTESIAN_POINT('',(105.96000839993,-96.64964428203,1.51));
#10978 = DIRECTION('',(0.,0.,-1.));
#10979 = DIRECTION('',(0.853549232709,0.521012195003,0.));
#10980 = ORIENTED_EDGE('',*,*,#10981,.F.);
#10981 = EDGE_CURVE('',#10982,#10973,#10984,.T.);
#10982 = VERTEX_POINT('',#10983);
#10983 = CARTESIAN_POINT('',(106.903345,-95.806066,1.51));
#10984 = CIRCLE('',#10985,0.499999603944);
#10985 = AXIS2_PLACEMENT_3D('',#10986,#10987,#10988);
#10986 = CARTESIAN_POINT('',(106.64284211054,-96.23284211054,1.51));
#10987 = DIRECTION('',(0.,0.,1.));
#10988 = DIRECTION('',(0.521006191616,0.853552897188,-0.));
#10989 = ORIENTED_EDGE('',*,*,#10990,.F.);
#10990 = EDGE_CURVE('',#10991,#10982,#10993,.T.);
#10991 = VERTEX_POINT('',#10992);
#10992 = CARTESIAN_POINT('',(107.059647,-95.85,1.51));
#10993 = CIRCLE('',#10994,0.299991600078);
#10994 = AXIS2_PLACEMENT_3D('',#10995,#10996,#10997);
#10995 = CARTESIAN_POINT('',(107.05964428203,-95.55000839993,1.51));
#10996 = DIRECTION('',(0.,0.,-1.));
#10997 = DIRECTION('',(9.060123572459E-06,-0.999999999959,0.));
#10998 = ORIENTED_EDGE('',*,*,#10999,.F.);
#10999 = EDGE_CURVE('',#11000,#10991,#11002,.T.);
#11000 = VERTEX_POINT('',#11001);
#11001 = CARTESIAN_POINT('',(107.96,-95.85,1.51));
#11002 = LINE('',#11003,#11004);
#11003 = CARTESIAN_POINT('',(107.96,-95.85,1.51));
#11004 = VECTOR('',#11005,1.);
#11005 = DIRECTION('',(-1.,0.,0.));
#11006 = ORIENTED_EDGE('',*,*,#11007,.F.);
#11007 = EDGE_CURVE('',#11008,#11000,#11010,.T.);
#11008 = VERTEX_POINT('',#11009);
#11009 = CARTESIAN_POINT('',(108.860353,-95.85,1.51));
#11010 = LINE('',#11011,#11012);
#11011 = CARTESIAN_POINT('',(108.860353,-95.85,1.51));
#11012 = VECTOR('',#11013,1.);
#11013 = DIRECTION('',(-1.,0.,0.));
#11014 = ORIENTED_EDGE('',*,*,#11015,.F.);
#11015 = EDGE_CURVE('',#10853,#11008,#11016,.T.);
#11016 = CIRCLE('',#11017,0.299966762338);
#11017 = AXIS2_PLACEMENT_3D('',#11018,#11019,#11020);
#11018 = CARTESIAN_POINT('',(108.86036269949,-95.55003323781,1.51));
#11019 = DIRECTION('',(0.,0.,-1.));
#11020 = DIRECTION('',(0.521032061311,-0.853537105863,0.));
#11021 = FACE_BOUND('',#11022,.T.);
#11022 = EDGE_LOOP('',(#11023));
#11023 = ORIENTED_EDGE('',*,*,#11024,.T.);
#11024 = EDGE_CURVE('',#11025,#11025,#11027,.T.);
#11025 = VERTEX_POINT('',#11026);
#11026 = CARTESIAN_POINT('',(102.35,-90.06,1.51));
#11027 = CIRCLE('',#11028,0.5);
#11028 = AXIS2_PLACEMENT_3D('',#11029,#11030,#11031);
#11029 = CARTESIAN_POINT('',(102.35,-89.56,1.51));
#11030 = DIRECTION('',(-0.,0.,-1.));
#11031 = DIRECTION('',(-0.,-1.,0.));
#11032 = FACE_BOUND('',#11033,.T.);
#11033 = EDGE_LOOP('',(#11034));
#11034 = ORIENTED_EDGE('',*,*,#11035,.T.);
#11035 = EDGE_CURVE('',#11036,#11036,#11038,.T.);
#11036 = VERTEX_POINT('',#11037);
#11037 = CARTESIAN_POINT('',(113.7,-90.06,1.51));
#11038 = CIRCLE('',#11039,0.5);
#11039 = AXIS2_PLACEMENT_3D('',#11040,#11041,#11042);
#11040 = CARTESIAN_POINT('',(113.7,-89.56,1.51));
#11041 = DIRECTION('',(-0.,0.,-1.));
#11042 = DIRECTION('',(-0.,-1.,0.));
#11043 = PLANE('',#11044);
#11044 = AXIS2_PLACEMENT_3D('',#11045,#11046,#11047);
#11045 = CARTESIAN_POINT('',(0.,0.,1.51));
#11046 = DIRECTION('',(0.,0.,1.));
#11047 = DIRECTION('',(1.,0.,-0.));
#11048 = ADVANCED_FACE('',(#11049),#11060,.T.);
#11049 = FACE_BOUND('',#11050,.T.);
#11050 = EDGE_LOOP('',(#11051,#11057,#11058,#11059));
#11051 = ORIENTED_EDGE('',*,*,#11052,.T.);
#11052 = EDGE_CURVE('',#10371,#10713,#11053,.T.);
#11053 = LINE('',#11054,#11055);
#11054 = CARTESIAN_POINT('',(101.,-79.,0.));
#11055 = VECTOR('',#11056,1.);
#11056 = DIRECTION('',(0.,0.,1.));
#11057 = ORIENTED_EDGE('',*,*,#10712,.T.);
#11058 = ORIENTED_EDGE('',*,*,#10304,.F.);
#11059 = ORIENTED_EDGE('',*,*,#10370,.F.);
#11060 = PLANE('',#11061);
#11061 = AXIS2_PLACEMENT_3D('',#11062,#11063,#11064);
#11062 = CARTESIAN_POINT('',(101.,-79.,0.));
#11063 = DIRECTION('',(0.,1.,0.));
#11064 = DIRECTION('',(1.,0.,0.));
#11065 = ADVANCED_FACE('',(#11066),#11077,.T.);
#11066 = FACE_BOUND('',#11067,.T.);
#11067 = EDGE_LOOP('',(#11068,#11069,#11070,#11076));
#11068 = ORIENTED_EDGE('',*,*,#10345,.T.);
#11069 = ORIENTED_EDGE('',*,*,#10841,.T.);
#11070 = ORIENTED_EDGE('',*,*,#11071,.F.);
#11071 = EDGE_CURVE('',#10492,#10834,#11072,.T.);
#11072 = LINE('',#11073,#11074);
#11073 = CARTESIAN_POINT('',(116.,-92.,0.));
#11074 = VECTOR('',#11075,1.);
#11075 = DIRECTION('',(0.,0.,1.));
#11076 = ORIENTED_EDGE('',*,*,#10499,.F.);
#11077 = PLANE('',#11078);
#11078 = AXIS2_PLACEMENT_3D('',#11079,#11080,#11081);
#11079 = CARTESIAN_POINT('',(116.,-87.,0.));
#11080 = DIRECTION('',(1.,0.,-0.));
#11081 = DIRECTION('',(0.,-1.,0.));
#11082 = ADVANCED_FACE('',(#11083),#11094,.T.);
#11083 = FACE_BOUND('',#11084,.T.);
#11084 = EDGE_LOOP('',(#11085,#11091,#11092,#11093));
#11085 = ORIENTED_EDGE('',*,*,#11086,.T.);
#11086 = EDGE_CURVE('',#10379,#10721,#11087,.T.);
#11087 = LINE('',#11088,#11089);
#11088 = CARTESIAN_POINT('',(100.,-80.,0.));
#11089 = VECTOR('',#11090,1.);
#11090 = DIRECTION('',(0.,0.,1.));
#11091 = ORIENTED_EDGE('',*,*,#10720,.T.);
#11092 = ORIENTED_EDGE('',*,*,#11052,.F.);
#11093 = ORIENTED_EDGE('',*,*,#10378,.F.);
#11094 = PLANE('',#11095);
#11095 = AXIS2_PLACEMENT_3D('',#11096,#11097,#11098);
#11096 = CARTESIAN_POINT('',(100.,-80.,0.));
#11097 = DIRECTION('',(-0.707106781187,0.707106781187,0.));
#11098 = DIRECTION('',(0.707106781187,0.707106781187,0.));
#11099 = ADVANCED_FACE('',(#11100),#11111,.T.);
#11100 = FACE_BOUND('',#11101,.T.);
#11101 = EDGE_LOOP('',(#11102,#11103,#11104,#11110));
#11102 = ORIENTED_EDGE('',*,*,#11071,.T.);
#11103 = ORIENTED_EDGE('',*,*,#10833,.T.);
#11104 = ORIENTED_EDGE('',*,*,#11105,.F.);
#11105 = EDGE_CURVE('',#10484,#10826,#11106,.T.);
#11106 = LINE('',#11107,#11108);
#11107 = CARTESIAN_POINT('',(115.,-93.,0.));
#11108 = VECTOR('',#11109,1.);
#11109 = DIRECTION('',(0.,0.,1.));
#11110 = ORIENTED_EDGE('',*,*,#10491,.F.);
#11111 = PLANE('',#11112);
#11112 = AXIS2_PLACEMENT_3D('',#11113,#11114,#11115);
#11113 = CARTESIAN_POINT('',(116.,-92.,0.));
#11114 = DIRECTION('',(0.707106781187,-0.707106781187,0.));
#11115 = DIRECTION('',(-0.707106781187,-0.707106781187,0.));
#11116 = ADVANCED_FACE('',(#11117),#11128,.T.);
#11117 = FACE_BOUND('',#11118,.T.);
#11118 = EDGE_LOOP('',(#11119,#11125,#11126,#11127));
#11119 = ORIENTED_EDGE('',*,*,#11120,.T.);
#11120 = EDGE_CURVE('',#10387,#10729,#11121,.T.);
#11121 = LINE('',#11122,#11123);
#11122 = CARTESIAN_POINT('',(100.,-81.,0.));
#11123 = VECTOR('',#11124,1.);
#11124 = DIRECTION('',(0.,0.,1.));
#11125 = ORIENTED_EDGE('',*,*,#10728,.T.);
#11126 = ORIENTED_EDGE('',*,*,#11086,.F.);
#11127 = ORIENTED_EDGE('',*,*,#10386,.F.);
#11128 = PLANE('',#11129);
#11129 = AXIS2_PLACEMENT_3D('',#11130,#11131,#11132);
#11130 = CARTESIAN_POINT('',(100.,-81.,0.));
#11131 = DIRECTION('',(-1.,0.,0.));
#11132 = DIRECTION('',(0.,1.,0.));
#11133 = ADVANCED_FACE('',(#11134),#11145,.T.);
#11134 = FACE_BOUND('',#11135,.T.);
#11135 = EDGE_LOOP('',(#11136,#11137,#11138,#11144));
#11136 = ORIENTED_EDGE('',*,*,#11105,.T.);
#11137 = ORIENTED_EDGE('',*,*,#10825,.T.);
#11138 = ORIENTED_EDGE('',*,*,#11139,.F.);
#11139 = EDGE_CURVE('',#10476,#10818,#11140,.T.);
#11140 = LINE('',#11141,#11142);
#11141 = CARTESIAN_POINT('',(115.,-95.,0.));
#11142 = VECTOR('',#11143,1.);
#11143 = DIRECTION('',(0.,0.,1.));
#11144 = ORIENTED_EDGE('',*,*,#10483,.F.);
#11145 = PLANE('',#11146);
#11146 = AXIS2_PLACEMENT_3D('',#11147,#11148,#11149);
#11147 = CARTESIAN_POINT('',(115.,-93.,0.));
#11148 = DIRECTION('',(1.,0.,-0.));
#11149 = DIRECTION('',(0.,-1.,0.));
#11150 = ADVANCED_FACE('',(#11151),#11162,.F.);
#11151 = FACE_BOUND('',#11152,.T.);
#11152 = EDGE_LOOP('',(#11153,#11159,#11160,#11161));
#11153 = ORIENTED_EDGE('',*,*,#11154,.T.);
#11154 = EDGE_CURVE('',#10395,#10737,#11155,.T.);
#11155 = LINE('',#11156,#11157);
#11156 = CARTESIAN_POINT('',(100.,-87.,0.));
#11157 = VECTOR('',#11158,1.);
#11158 = DIRECTION('',(0.,0.,1.));
#11159 = ORIENTED_EDGE('',*,*,#10736,.T.);
#11160 = ORIENTED_EDGE('',*,*,#11120,.F.);
#11161 = ORIENTED_EDGE('',*,*,#10394,.F.);
#11162 = CYLINDRICAL_SURFACE('',#11163,3.);
#11163 = AXIS2_PLACEMENT_3D('',#11164,#11165,#11166);
#11164 = CARTESIAN_POINT('',(100.,-84.,0.));
#11165 = DIRECTION('',(-0.,-0.,-1.));
#11166 = DIRECTION('',(-0.,-1.,0.));
#11167 = ADVANCED_FACE('',(#11168),#11179,.T.);
#11168 = FACE_BOUND('',#11169,.T.);
#11169 = EDGE_LOOP('',(#11170,#11171,#11172,#11178));
#11170 = ORIENTED_EDGE('',*,*,#11139,.T.);
#11171 = ORIENTED_EDGE('',*,*,#10817,.T.);
#11172 = ORIENTED_EDGE('',*,*,#11173,.F.);
#11173 = EDGE_CURVE('',#10468,#10810,#11174,.T.);
#11174 = LINE('',#11175,#11176);
#11175 = CARTESIAN_POINT('',(116.,-96.,0.));
#11176 = VECTOR('',#11177,1.);
#11177 = DIRECTION('',(0.,0.,1.));
#11178 = ORIENTED_EDGE('',*,*,#10475,.F.);
#11179 = PLANE('',#11180);
#11180 = AXIS2_PLACEMENT_3D('',#11181,#11182,#11183);
#11181 = CARTESIAN_POINT('',(115.,-95.,0.));
#11182 = DIRECTION('',(0.707106781187,0.707106781187,-0.));
#11183 = DIRECTION('',(0.707106781187,-0.707106781187,0.));
#11184 = ADVANCED_FACE('',(#11185),#11196,.T.);
#11185 = FACE_BOUND('',#11186,.T.);
#11186 = EDGE_LOOP('',(#11187,#11193,#11194,#11195));
#11187 = ORIENTED_EDGE('',*,*,#11188,.T.);
#11188 = EDGE_CURVE('',#10404,#10746,#11189,.T.);
#11189 = LINE('',#11190,#11191);
#11190 = CARTESIAN_POINT('',(100.,-92.,0.));
#11191 = VECTOR('',#11192,1.);
#11192 = DIRECTION('',(0.,0.,1.));
#11193 = ORIENTED_EDGE('',*,*,#10745,.T.);
#11194 = ORIENTED_EDGE('',*,*,#11154,.F.);
#11195 = ORIENTED_EDGE('',*,*,#10403,.F.);
#11196 = PLANE('',#11197);
#11197 = AXIS2_PLACEMENT_3D('',#11198,#11199,#11200);
#11198 = CARTESIAN_POINT('',(100.,-92.,0.));
#11199 = DIRECTION('',(-1.,0.,0.));
#11200 = DIRECTION('',(0.,1.,0.));
#11201 = ADVANCED_FACE('',(#11202),#11213,.T.);
#11202 = FACE_BOUND('',#11203,.T.);
#11203 = EDGE_LOOP('',(#11204,#11205,#11206,#11212));
#11204 = ORIENTED_EDGE('',*,*,#11173,.T.);
#11205 = ORIENTED_EDGE('',*,*,#10809,.T.);
#11206 = ORIENTED_EDGE('',*,*,#11207,.F.);
#11207 = EDGE_CURVE('',#10460,#10802,#11208,.T.);
#11208 = LINE('',#11209,#11210);
#11209 = CARTESIAN_POINT('',(116.,-99.,0.));
#11210 = VECTOR('',#11211,1.);
#11211 = DIRECTION('',(0.,0.,1.));
#11212 = ORIENTED_EDGE('',*,*,#10467,.F.);
#11213 = PLANE('',#11214);
#11214 = AXIS2_PLACEMENT_3D('',#11215,#11216,#11217);
#11215 = CARTESIAN_POINT('',(116.,-96.,0.));
#11216 = DIRECTION('',(1.,0.,-0.));
#11217 = DIRECTION('',(0.,-1.,0.));
#11218 = ADVANCED_FACE('',(#11219),#11230,.T.);
#11219 = FACE_BOUND('',#11220,.T.);
#11220 = EDGE_LOOP('',(#11221,#11227,#11228,#11229));
#11221 = ORIENTED_EDGE('',*,*,#11222,.T.);
#11222 = EDGE_CURVE('',#10412,#10754,#11223,.T.);
#11223 = LINE('',#11224,#11225);
#11224 = CARTESIAN_POINT('',(101.,-93.,0.));
#11225 = VECTOR('',#11226,1.);
#11226 = DIRECTION('',(0.,0.,1.));
#11227 = ORIENTED_EDGE('',*,*,#10753,.T.);
#11228 = ORIENTED_EDGE('',*,*,#11188,.F.);
#11229 = ORIENTED_EDGE('',*,*,#10411,.F.);
#11230 = PLANE('',#11231);
#11231 = AXIS2_PLACEMENT_3D('',#11232,#11233,#11234);
#11232 = CARTESIAN_POINT('',(101.,-93.,0.));
#11233 = DIRECTION('',(-0.707106781187,-0.707106781187,0.));
#11234 = DIRECTION('',(-0.707106781187,0.707106781187,0.));
#11235 = ADVANCED_FACE('',(#11236),#11247,.T.);
#11236 = FACE_BOUND('',#11237,.T.);
#11237 = EDGE_LOOP('',(#11238,#11239,#11240,#11246));
#11238 = ORIENTED_EDGE('',*,*,#11207,.T.);
#11239 = ORIENTED_EDGE('',*,*,#10801,.T.);
#11240 = ORIENTED_EDGE('',*,*,#11241,.F.);
#11241 = EDGE_CURVE('',#10452,#10794,#11242,.T.);
#11242 = LINE('',#11243,#11244);
#11243 = CARTESIAN_POINT('',(115.,-100.,0.));
#11244 = VECTOR('',#11245,1.);
#11245 = DIRECTION('',(0.,0.,1.));
#11246 = ORIENTED_EDGE('',*,*,#10459,.F.);
#11247 = PLANE('',#11248);
#11248 = AXIS2_PLACEMENT_3D('',#11249,#11250,#11251);
#11249 = CARTESIAN_POINT('',(116.,-99.,0.));
#11250 = DIRECTION('',(0.707106781187,-0.707106781187,0.));
#11251 = DIRECTION('',(-0.707106781187,-0.707106781187,0.));
#11252 = ADVANCED_FACE('',(#11253),#11264,.T.);
#11253 = FACE_BOUND('',#11254,.T.);
#11254 = EDGE_LOOP('',(#11255,#11261,#11262,#11263));
#11255 = ORIENTED_EDGE('',*,*,#11256,.T.);
#11256 = EDGE_CURVE('',#10420,#10762,#11257,.T.);
#11257 = LINE('',#11258,#11259);
#11258 = CARTESIAN_POINT('',(101.,-95.,0.));
#11259 = VECTOR('',#11260,1.);
#11260 = DIRECTION('',(0.,0.,1.));
#11261 = ORIENTED_EDGE('',*,*,#10761,.T.);
#11262 = ORIENTED_EDGE('',*,*,#11222,.F.);
#11263 = ORIENTED_EDGE('',*,*,#10419,.F.);
#11264 = PLANE('',#11265);
#11265 = AXIS2_PLACEMENT_3D('',#11266,#11267,#11268);
#11266 = CARTESIAN_POINT('',(101.,-95.,0.));
#11267 = DIRECTION('',(-1.,0.,0.));
#11268 = DIRECTION('',(0.,1.,0.));
#11269 = ADVANCED_FACE('',(#11270),#11281,.T.);
#11270 = FACE_BOUND('',#11271,.T.);
#11271 = EDGE_LOOP('',(#11272,#11273,#11274,#11280));
#11272 = ORIENTED_EDGE('',*,*,#11241,.T.);
#11273 = ORIENTED_EDGE('',*,*,#10793,.T.);
#11274 = ORIENTED_EDGE('',*,*,#11275,.F.);
#11275 = EDGE_CURVE('',#10444,#10786,#11276,.T.);
#11276 = LINE('',#11277,#11278);
#11277 = CARTESIAN_POINT('',(101.,-100.,0.));
#11278 = VECTOR('',#11279,1.);
#11279 = DIRECTION('',(0.,0.,1.));
#11280 = ORIENTED_EDGE('',*,*,#10451,.F.);
#11281 = PLANE('',#11282);
#11282 = AXIS2_PLACEMENT_3D('',#11283,#11284,#11285);
#11283 = CARTESIAN_POINT('',(115.,-100.,0.));
#11284 = DIRECTION('',(0.,-1.,0.));
#11285 = DIRECTION('',(-1.,0.,0.));
#11286 = ADVANCED_FACE('',(#11287),#11298,.T.);
#11287 = FACE_BOUND('',#11288,.T.);
#11288 = EDGE_LOOP('',(#11289,#11295,#11296,#11297));
#11289 = ORIENTED_EDGE('',*,*,#11290,.T.);
#11290 = EDGE_CURVE('',#10428,#10770,#11291,.T.);
#11291 = LINE('',#11292,#11293);
#11292 = CARTESIAN_POINT('',(100.,-96.,0.));
#11293 = VECTOR('',#11294,1.);
#11294 = DIRECTION('',(0.,0.,1.));
#11295 = ORIENTED_EDGE('',*,*,#10769,.T.);
#11296 = ORIENTED_EDGE('',*,*,#11256,.F.);
#11297 = ORIENTED_EDGE('',*,*,#10427,.F.);
#11298 = PLANE('',#11299);
#11299 = AXIS2_PLACEMENT_3D('',#11300,#11301,#11302);
#11300 = CARTESIAN_POINT('',(100.,-96.,0.));
#11301 = DIRECTION('',(-0.707106781187,0.707106781187,0.));
#11302 = DIRECTION('',(0.707106781187,0.707106781187,0.));
#11303 = ADVANCED_FACE('',(#11304),#11315,.T.);
#11304 = FACE_BOUND('',#11305,.T.);
#11305 = EDGE_LOOP('',(#11306,#11307,#11308,#11314));
#11306 = ORIENTED_EDGE('',*,*,#11275,.T.);
#11307 = ORIENTED_EDGE('',*,*,#10785,.T.);
#11308 = ORIENTED_EDGE('',*,*,#11309,.F.);
#11309 = EDGE_CURVE('',#10436,#10778,#11310,.T.);
#11310 = LINE('',#11311,#11312);
#11311 = CARTESIAN_POINT('',(100.,-99.,0.));
#11312 = VECTOR('',#11313,1.);
#11313 = DIRECTION('',(0.,0.,1.));
#11314 = ORIENTED_EDGE('',*,*,#10443,.F.);
#11315 = PLANE('',#11316);
#11316 = AXIS2_PLACEMENT_3D('',#11317,#11318,#11319);
#11317 = CARTESIAN_POINT('',(101.,-100.,0.));
#11318 = DIRECTION('',(-0.707106781187,-0.707106781187,0.));
#11319 = DIRECTION('',(-0.707106781187,0.707106781187,0.));
#11320 = ADVANCED_FACE('',(#11321),#11327,.T.);
#11321 = FACE_BOUND('',#11322,.T.);
#11322 = EDGE_LOOP('',(#11323,#11324,#11325,#11326));
#11323 = ORIENTED_EDGE('',*,*,#11309,.T.);
#11324 = ORIENTED_EDGE('',*,*,#10777,.T.);
#11325 = ORIENTED_EDGE('',*,*,#11290,.F.);
#11326 = ORIENTED_EDGE('',*,*,#10435,.F.);
#11327 = PLANE('',#11328);
#11328 = AXIS2_PLACEMENT_3D('',#11329,#11330,#11331);
#11329 = CARTESIAN_POINT('',(100.,-99.,0.));
#11330 = DIRECTION('',(-1.,0.,0.));
#11331 = DIRECTION('',(0.,1.,0.));
#11332 = ADVANCED_FACE('',(#11333),#11349,.F.);
#11333 = FACE_BOUND('',#11334,.T.);
#11334 = EDGE_LOOP('',(#11335,#11341,#11342,#11348));
#11335 = ORIENTED_EDGE('',*,*,#11336,.T.);
#11336 = EDGE_CURVE('',#10509,#10851,#11337,.T.);
#11337 = LINE('',#11338,#11339);
#11338 = CARTESIAN_POINT('',(109.703934,-96.493345,0.));
#11339 = VECTOR('',#11340,1.);
#11340 = DIRECTION('',(0.,0.,1.));
#11341 = ORIENTED_EDGE('',*,*,#10850,.T.);
#11342 = ORIENTED_EDGE('',*,*,#11343,.F.);
#11343 = EDGE_CURVE('',#10511,#10853,#11344,.T.);
#11344 = LINE('',#11345,#11346);
#11345 = CARTESIAN_POINT('',(109.016655,-95.806066,0.));
#11346 = VECTOR('',#11347,1.);
#11347 = DIRECTION('',(0.,0.,1.));
#11348 = ORIENTED_EDGE('',*,*,#10508,.F.);
#11349 = CYLINDRICAL_SURFACE('',#11350,0.499999603944);
#11350 = AXIS2_PLACEMENT_3D('',#11351,#11352,#11353);
#11351 = CARTESIAN_POINT('',(109.27715788946,-96.23284211054,0.));
#11352 = DIRECTION('',(-0.,-0.,-1.));
#11353 = DIRECTION('',(0.853552897188,-0.521006191616,0.));
#11354 = ADVANCED_FACE('',(#11355),#11366,.T.);
#11355 = FACE_BOUND('',#11356,.T.);
#11356 = EDGE_LOOP('',(#11357,#11363,#11364,#11365));
#11357 = ORIENTED_EDGE('',*,*,#11358,.T.);
#11358 = EDGE_CURVE('',#10520,#10862,#11359,.T.);
#11359 = LINE('',#11360,#11361);
#11360 = CARTESIAN_POINT('',(109.66,-96.649647,0.));
#11361 = VECTOR('',#11362,1.);
#11362 = DIRECTION('',(0.,0.,1.));
#11363 = ORIENTED_EDGE('',*,*,#10861,.T.);
#11364 = ORIENTED_EDGE('',*,*,#11336,.F.);
#11365 = ORIENTED_EDGE('',*,*,#10519,.F.);
#11366 = CYLINDRICAL_SURFACE('',#11367,0.299683785035);
#11367 = AXIS2_PLACEMENT_3D('',#11368,#11369,#11370);
#11368 = CARTESIAN_POINT('',(109.95968377174,-96.6495577564,0.));
#11369 = DIRECTION('',(0.,0.,-1.));
#11370 = DIRECTION('',(-0.99999995566,-2.977925314543E-04,-0.));
#11371 = ADVANCED_FACE('',(#11372),#11383,.T.);
#11372 = FACE_BOUND('',#11373,.T.);
#11373 = EDGE_LOOP('',(#11374,#11375,#11376,#11382));
#11374 = ORIENTED_EDGE('',*,*,#11343,.T.);
#11375 = ORIENTED_EDGE('',*,*,#11015,.T.);
#11376 = ORIENTED_EDGE('',*,*,#11377,.F.);
#11377 = EDGE_CURVE('',#10666,#11008,#11378,.T.);
#11378 = LINE('',#11379,#11380);
#11379 = CARTESIAN_POINT('',(108.860353,-95.85,0.));
#11380 = VECTOR('',#11381,1.);
#11381 = DIRECTION('',(0.,0.,1.));
#11382 = ORIENTED_EDGE('',*,*,#10673,.F.);
#11383 = CYLINDRICAL_SURFACE('',#11384,0.299966762338);
#11384 = AXIS2_PLACEMENT_3D('',#11385,#11386,#11387);
#11385 = CARTESIAN_POINT('',(108.86036269949,-95.55003323781,0.));
#11386 = DIRECTION('',(0.,0.,-1.));
#11387 = DIRECTION('',(0.521032061311,-0.853537105863,0.));
#11388 = ADVANCED_FACE('',(#11389),#11400,.T.);
#11389 = FACE_BOUND('',#11390,.T.);
#11390 = EDGE_LOOP('',(#11391,#11397,#11398,#11399));
#11391 = ORIENTED_EDGE('',*,*,#11392,.T.);
#11392 = EDGE_CURVE('',#10529,#10871,#11393,.T.);
#11393 = LINE('',#11394,#11395);
#11394 = CARTESIAN_POINT('',(109.66,-97.35,0.));
#11395 = VECTOR('',#11396,1.);
#11396 = DIRECTION('',(0.,0.,1.));
#11397 = ORIENTED_EDGE('',*,*,#10870,.T.);
#11398 = ORIENTED_EDGE('',*,*,#11358,.F.);
#11399 = ORIENTED_EDGE('',*,*,#10528,.F.);
#11400 = PLANE('',#11401);
#11401 = AXIS2_PLACEMENT_3D('',#11402,#11403,#11404);
#11402 = CARTESIAN_POINT('',(109.66,-97.35,0.));
#11403 = DIRECTION('',(-1.,0.,0.));
#11404 = DIRECTION('',(0.,1.,0.));
#11405 = ADVANCED_FACE('',(#11406),#11417,.T.);
#11406 = FACE_BOUND('',#11407,.T.);
#11407 = EDGE_LOOP('',(#11408,#11409,#11410,#11416));
#11408 = ORIENTED_EDGE('',*,*,#11377,.T.);
#11409 = ORIENTED_EDGE('',*,*,#11007,.T.);
#11410 = ORIENTED_EDGE('',*,*,#11411,.F.);
#11411 = EDGE_CURVE('',#10658,#11000,#11412,.T.);
#11412 = LINE('',#11413,#11414);
#11413 = CARTESIAN_POINT('',(107.96,-95.85,0.));
#11414 = VECTOR('',#11415,1.);
#11415 = DIRECTION('',(0.,0.,1.));
#11416 = ORIENTED_EDGE('',*,*,#10665,.F.);
#11417 = PLANE('',#11418);
#11418 = AXIS2_PLACEMENT_3D('',#11419,#11420,#11421);
#11419 = CARTESIAN_POINT('',(108.860353,-95.85,0.));
#11420 = DIRECTION('',(0.,-1.,0.));
#11421 = DIRECTION('',(-1.,0.,0.));
#11422 = ADVANCED_FACE('',(#11423),#11434,.T.);
#11423 = FACE_BOUND('',#11424,.T.);
#11424 = EDGE_LOOP('',(#11425,#11431,#11432,#11433));
#11425 = ORIENTED_EDGE('',*,*,#11426,.T.);
#11426 = EDGE_CURVE('',#10537,#10879,#11427,.T.);
#11427 = LINE('',#11428,#11429);
#11428 = CARTESIAN_POINT('',(109.66,-98.050353,0.));
#11429 = VECTOR('',#11430,1.);
#11430 = DIRECTION('',(0.,0.,1.));
#11431 = ORIENTED_EDGE('',*,*,#10878,.T.);
#11432 = ORIENTED_EDGE('',*,*,#11392,.F.);
#11433 = ORIENTED_EDGE('',*,*,#10536,.F.);
#11434 = PLANE('',#11435);
#11435 = AXIS2_PLACEMENT_3D('',#11436,#11437,#11438);
#11436 = CARTESIAN_POINT('',(109.66,-98.050353,0.));
#11437 = DIRECTION('',(-1.,0.,0.));
#11438 = DIRECTION('',(0.,1.,0.));
#11439 = ADVANCED_FACE('',(#11440),#11451,.T.);
#11440 = FACE_BOUND('',#11441,.T.);
#11441 = EDGE_LOOP('',(#11442,#11443,#11444,#11450));
#11442 = ORIENTED_EDGE('',*,*,#11411,.T.);
#11443 = ORIENTED_EDGE('',*,*,#10999,.T.);
#11444 = ORIENTED_EDGE('',*,*,#11445,.F.);
#11445 = EDGE_CURVE('',#10649,#10991,#11446,.T.);
#11446 = LINE('',#11447,#11448);
#11447 = CARTESIAN_POINT('',(107.059647,-95.85,0.));
#11448 = VECTOR('',#11449,1.);
#11449 = DIRECTION('',(0.,0.,1.));
#11450 = ORIENTED_EDGE('',*,*,#10657,.F.);
#11451 = PLANE('',#11452);
#11452 = AXIS2_PLACEMENT_3D('',#11453,#11454,#11455);
#11453 = CARTESIAN_POINT('',(107.96,-95.85,0.));
#11454 = DIRECTION('',(0.,-1.,0.));
#11455 = DIRECTION('',(-1.,0.,0.));
#11456 = ADVANCED_FACE('',(#11457),#11468,.T.);
#11457 = FACE_BOUND('',#11458,.T.);
#11458 = EDGE_LOOP('',(#11459,#11465,#11466,#11467));
#11459 = ORIENTED_EDGE('',*,*,#11460,.T.);
#11460 = EDGE_CURVE('',#10545,#10887,#11461,.T.);
#11461 = LINE('',#11462,#11463);
#11462 = CARTESIAN_POINT('',(109.703934,-98.206655,0.));
#11463 = VECTOR('',#11464,1.);
#11464 = DIRECTION('',(0.,0.,1.));
#11465 = ORIENTED_EDGE('',*,*,#10886,.T.);
#11466 = ORIENTED_EDGE('',*,*,#11426,.F.);
#11467 = ORIENTED_EDGE('',*,*,#10544,.F.);
#11468 = CYLINDRICAL_SURFACE('',#11469,0.299966762338);
#11469 = AXIS2_PLACEMENT_3D('',#11470,#11471,#11472);
#11470 = CARTESIAN_POINT('',(109.95996676218,-98.05036269949,0.));
#11471 = DIRECTION('',(0.,0.,-1.));
#11472 = DIRECTION('',(-0.853537105863,-0.521032061311,-0.));
#11473 = ADVANCED_FACE('',(#11474),#11485,.T.);
#11474 = FACE_BOUND('',#11475,.T.);
#11475 = EDGE_LOOP('',(#11476,#11477,#11478,#11484));
#11476 = ORIENTED_EDGE('',*,*,#11445,.T.);
#11477 = ORIENTED_EDGE('',*,*,#10990,.T.);
#11478 = ORIENTED_EDGE('',*,*,#11479,.F.);
#11479 = EDGE_CURVE('',#10640,#10982,#11480,.T.);
#11480 = LINE('',#11481,#11482);
#11481 = CARTESIAN_POINT('',(106.903345,-95.806066,0.));
#11482 = VECTOR('',#11483,1.);
#11483 = DIRECTION('',(0.,0.,1.));
#11484 = ORIENTED_EDGE('',*,*,#10648,.F.);
#11485 = CYLINDRICAL_SURFACE('',#11486,0.299991600078);
#11486 = AXIS2_PLACEMENT_3D('',#11487,#11488,#11489);
#11487 = CARTESIAN_POINT('',(107.05964428203,-95.55000839993,0.));
#11488 = DIRECTION('',(0.,0.,-1.));
#11489 = DIRECTION('',(9.060123572459E-06,-0.999999999959,0.));
#11490 = ADVANCED_FACE('',(#11491),#11502,.F.);
#11491 = FACE_BOUND('',#11492,.T.);
#11492 = EDGE_LOOP('',(#11493,#11499,#11500,#11501));
#11493 = ORIENTED_EDGE('',*,*,#11494,.T.);
#11494 = EDGE_CURVE('',#10554,#10896,#11495,.T.);
#11495 = LINE('',#11496,#11497);
#11496 = CARTESIAN_POINT('',(109.016655,-98.893934,0.));
#11497 = VECTOR('',#11498,1.);
#11498 = DIRECTION('',(0.,0.,1.));
#11499 = ORIENTED_EDGE('',*,*,#10895,.T.);
#11500 = ORIENTED_EDGE('',*,*,#11460,.F.);
#11501 = ORIENTED_EDGE('',*,*,#10553,.F.);
#11502 = CYLINDRICAL_SURFACE('',#11503,0.499998734392);
#11503 = AXIS2_PLACEMENT_3D('',#11504,#11505,#11506);
#11504 = CARTESIAN_POINT('',(109.27716050432,-98.46716050432,0.));
#11505 = DIRECTION('',(-0.,-0.,-1.));
#11506 = DIRECTION('',(-0.521012327448,-0.853549151864,0.));
#11507 = ADVANCED_FACE('',(#11508),#11519,.F.);
#11508 = FACE_BOUND('',#11509,.T.);
#11509 = EDGE_LOOP('',(#11510,#11511,#11512,#11518));
#11510 = ORIENTED_EDGE('',*,*,#11479,.T.);
#11511 = ORIENTED_EDGE('',*,*,#10981,.T.);
#11512 = ORIENTED_EDGE('',*,*,#11513,.F.);
#11513 = EDGE_CURVE('',#10631,#10973,#11514,.T.);
#11514 = LINE('',#11515,#11516);
#11515 = CARTESIAN_POINT('',(106.216066,-96.493345,0.));
#11516 = VECTOR('',#11517,1.);
#11517 = DIRECTION('',(0.,0.,1.));
#11518 = ORIENTED_EDGE('',*,*,#10639,.F.);
#11519 = CYLINDRICAL_SURFACE('',#11520,0.499999603944);
#11520 = AXIS2_PLACEMENT_3D('',#11521,#11522,#11523);
#11521 = CARTESIAN_POINT('',(106.64284211054,-96.23284211054,0.));
#11522 = DIRECTION('',(-0.,-0.,-1.));
#11523 = DIRECTION('',(0.521006191616,0.853552897188,-0.));
#11524 = ADVANCED_FACE('',(#11525),#11536,.T.);
#11525 = FACE_BOUND('',#11526,.T.);
#11526 = EDGE_LOOP('',(#11527,#11533,#11534,#11535));
#11527 = ORIENTED_EDGE('',*,*,#11528,.T.);
#11528 = EDGE_CURVE('',#10563,#10905,#11529,.T.);
#11529 = LINE('',#11530,#11531);
#11530 = CARTESIAN_POINT('',(108.860353,-98.85,0.));
#11531 = VECTOR('',#11532,1.);
#11532 = DIRECTION('',(0.,0.,1.));
#11533 = ORIENTED_EDGE('',*,*,#10904,.T.);
#11534 = ORIENTED_EDGE('',*,*,#11494,.F.);
#11535 = ORIENTED_EDGE('',*,*,#10562,.F.);
#11536 = CYLINDRICAL_SURFACE('',#11537,0.300023425677);
#11537 = AXIS2_PLACEMENT_3D('',#11538,#11539,#11540);
#11538 = CARTESIAN_POINT('',(108.8603467723,-99.15002342561,0.));
#11539 = DIRECTION('',(0.,0.,-1.));
#11540 = DIRECTION('',(2.075735545944E-05,0.999999999785,0.));
#11541 = ADVANCED_FACE('',(#11542),#11553,.T.);
#11542 = FACE_BOUND('',#11543,.T.);
#11543 = EDGE_LOOP('',(#11544,#11545,#11546,#11552));
#11544 = ORIENTED_EDGE('',*,*,#11513,.T.);
#11545 = ORIENTED_EDGE('',*,*,#10972,.T.);
#11546 = ORIENTED_EDGE('',*,*,#11547,.F.);
#11547 = EDGE_CURVE('',#10623,#10965,#11548,.T.);
#11548 = LINE('',#11549,#11550);
#11549 = CARTESIAN_POINT('',(106.26,-96.649647,0.));
#11550 = VECTOR('',#11551,1.);
#11551 = DIRECTION('',(0.,0.,1.));
#11552 = ORIENTED_EDGE('',*,*,#10630,.F.);
#11553 = CYLINDRICAL_SURFACE('',#11554,0.299991600078);
#11554 = AXIS2_PLACEMENT_3D('',#11555,#11556,#11557);
#11555 = CARTESIAN_POINT('',(105.96000839993,-96.64964428203,0.));
#11556 = DIRECTION('',(0.,0.,-1.));
#11557 = DIRECTION('',(0.853549232709,0.521012195003,0.));
#11558 = ADVANCED_FACE('',(#11559),#11570,.T.);
#11559 = FACE_BOUND('',#11560,.T.);
#11560 = EDGE_LOOP('',(#11561,#11567,#11568,#11569));
#11561 = ORIENTED_EDGE('',*,*,#11562,.T.);
#11562 = EDGE_CURVE('',#10572,#10914,#11563,.T.);
#11563 = LINE('',#11564,#11565);
#11564 = CARTESIAN_POINT('',(107.96,-98.85,0.));
#11565 = VECTOR('',#11566,1.);
#11566 = DIRECTION('',(0.,0.,1.));
#11567 = ORIENTED_EDGE('',*,*,#10913,.T.);
#11568 = ORIENTED_EDGE('',*,*,#11528,.F.);
#11569 = ORIENTED_EDGE('',*,*,#10571,.F.);
#11570 = PLANE('',#11571);
#11571 = AXIS2_PLACEMENT_3D('',#11572,#11573,#11574);
#11572 = CARTESIAN_POINT('',(107.96,-98.85,0.));
#11573 = DIRECTION('',(0.,1.,0.));
#11574 = DIRECTION('',(1.,0.,0.));
#11575 = ADVANCED_FACE('',(#11576),#11587,.T.);
#11576 = FACE_BOUND('',#11577,.T.);
#11577 = EDGE_LOOP('',(#11578,#11579,#11580,#11586));
#11578 = ORIENTED_EDGE('',*,*,#11547,.T.);
#11579 = ORIENTED_EDGE('',*,*,#10964,.T.);
#11580 = ORIENTED_EDGE('',*,*,#11581,.F.);
#11581 = EDGE_CURVE('',#10615,#10957,#11582,.T.);
#11582 = LINE('',#11583,#11584);
#11583 = CARTESIAN_POINT('',(106.26,-97.35,0.));
#11584 = VECTOR('',#11585,1.);
#11585 = DIRECTION('',(0.,0.,1.));
#11586 = ORIENTED_EDGE('',*,*,#10622,.F.);
#11587 = PLANE('',#11588);
#11588 = AXIS2_PLACEMENT_3D('',#11589,#11590,#11591);
#11589 = CARTESIAN_POINT('',(106.26,-96.649647,0.));
#11590 = DIRECTION('',(1.,0.,-0.));
#11591 = DIRECTION('',(0.,-1.,0.));
#11592 = ADVANCED_FACE('',(#11593),#11604,.T.);
#11593 = FACE_BOUND('',#11594,.T.);
#11594 = EDGE_LOOP('',(#11595,#11601,#11602,#11603));
#11595 = ORIENTED_EDGE('',*,*,#11596,.T.);
#11596 = EDGE_CURVE('',#10580,#10922,#11597,.T.);
#11597 = LINE('',#11598,#11599);
#11598 = CARTESIAN_POINT('',(107.059647,-98.85,0.));
#11599 = VECTOR('',#11600,1.);
#11600 = DIRECTION('',(0.,0.,1.));
#11601 = ORIENTED_EDGE('',*,*,#10921,.T.);
#11602 = ORIENTED_EDGE('',*,*,#11562,.F.);
#11603 = ORIENTED_EDGE('',*,*,#10579,.F.);
#11604 = PLANE('',#11605);
#11605 = AXIS2_PLACEMENT_3D('',#11606,#11607,#11608);
#11606 = CARTESIAN_POINT('',(107.059647,-98.85,0.));
#11607 = DIRECTION('',(0.,1.,0.));
#11608 = DIRECTION('',(1.,0.,0.));
#11609 = ADVANCED_FACE('',(#11610),#11621,.T.);
#11610 = FACE_BOUND('',#11611,.T.);
#11611 = EDGE_LOOP('',(#11612,#11613,#11614,#11620));
#11612 = ORIENTED_EDGE('',*,*,#11581,.T.);
#11613 = ORIENTED_EDGE('',*,*,#10956,.T.);
#11614 = ORIENTED_EDGE('',*,*,#11615,.F.);
#11615 = EDGE_CURVE('',#10606,#10948,#11616,.T.);
#11616 = LINE('',#11617,#11618);
#11617 = CARTESIAN_POINT('',(106.26,-98.050353,0.));
#11618 = VECTOR('',#11619,1.);
#11619 = DIRECTION('',(0.,0.,1.));
#11620 = ORIENTED_EDGE('',*,*,#10614,.F.);
#11621 = PLANE('',#11622);
#11622 = AXIS2_PLACEMENT_3D('',#11623,#11624,#11625);
#11623 = CARTESIAN_POINT('',(106.26,-97.35,0.));
#11624 = DIRECTION('',(1.,0.,-0.));
#11625 = DIRECTION('',(0.,-1.,0.));
#11626 = ADVANCED_FACE('',(#11627),#11638,.T.);
#11627 = FACE_BOUND('',#11628,.T.);
#11628 = EDGE_LOOP('',(#11629,#11635,#11636,#11637));
#11629 = ORIENTED_EDGE('',*,*,#11630,.T.);
#11630 = EDGE_CURVE('',#10588,#10930,#11631,.T.);
#11631 = LINE('',#11632,#11633);
#11632 = CARTESIAN_POINT('',(106.903345,-98.893934,0.));
#11633 = VECTOR('',#11634,1.);
#11634 = DIRECTION('',(0.,0.,1.));
#11635 = ORIENTED_EDGE('',*,*,#10929,.T.);
#11636 = ORIENTED_EDGE('',*,*,#11596,.F.);
#11637 = ORIENTED_EDGE('',*,*,#10587,.F.);
#11638 = CYLINDRICAL_SURFACE('',#11639,0.299991600078);
#11639 = AXIS2_PLACEMENT_3D('',#11640,#11641,#11642);
#11640 = CARTESIAN_POINT('',(107.05964428203,-99.14999160006,0.));
#11641 = DIRECTION('',(0.,0.,-1.));
#11642 = DIRECTION('',(-0.521012195003,0.853549232709,0.));
#11643 = ADVANCED_FACE('',(#11644),#11655,.T.);
#11644 = FACE_BOUND('',#11645,.T.);
#11645 = EDGE_LOOP('',(#11646,#11647,#11648,#11654));
#11646 = ORIENTED_EDGE('',*,*,#11615,.T.);
#11647 = ORIENTED_EDGE('',*,*,#10947,.T.);
#11648 = ORIENTED_EDGE('',*,*,#11649,.F.);
#11649 = EDGE_CURVE('',#10597,#10939,#11650,.T.);
#11650 = LINE('',#11651,#11652);
#11651 = CARTESIAN_POINT('',(106.216066,-98.206655,0.));
#11652 = VECTOR('',#11653,1.);
#11653 = DIRECTION('',(0.,0.,1.));
#11654 = ORIENTED_EDGE('',*,*,#10605,.F.);
#11655 = CYLINDRICAL_SURFACE('',#11656,0.299991600078);
#11656 = AXIS2_PLACEMENT_3D('',#11657,#11658,#11659);
#11657 = CARTESIAN_POINT('',(105.96000839993,-98.05035571796,0.));
#11658 = DIRECTION('',(0.,0.,-1.));
#11659 = DIRECTION('',(0.999999999959,9.060123382972E-06,0.));
#11660 = ADVANCED_FACE('',(#11661),#11667,.F.);
#11661 = FACE_BOUND('',#11662,.T.);
#11662 = EDGE_LOOP('',(#11663,#11664,#11665,#11666));
#11663 = ORIENTED_EDGE('',*,*,#11649,.T.);
#11664 = ORIENTED_EDGE('',*,*,#10938,.T.);
#11665 = ORIENTED_EDGE('',*,*,#11630,.F.);
#11666 = ORIENTED_EDGE('',*,*,#10596,.F.);
#11667 = CYLINDRICAL_SURFACE('',#11668,0.499999603944);
#11668 = AXIS2_PLACEMENT_3D('',#11669,#11670,#11671);
#11669 = CARTESIAN_POINT('',(106.64284211054,-98.46715788946,0.));
#11670 = DIRECTION('',(-0.,-0.,-1.));
#11671 = DIRECTION('',(-0.853552897188,0.521006191616,0.));
#11672 = ADVANCED_FACE('',(#11673),#11684,.F.);
#11673 = FACE_BOUND('',#11674,.T.);
#11674 = EDGE_LOOP('',(#11675,#11676,#11682,#11683));
#11675 = ORIENTED_EDGE('',*,*,#10682,.T.);
#11676 = ORIENTED_EDGE('',*,*,#11677,.T.);
#11677 = EDGE_CURVE('',#10683,#11025,#11678,.T.);
#11678 = LINE('',#11679,#11680);
#11679 = CARTESIAN_POINT('',(102.35,-90.06,-4.6E-02));
#11680 = VECTOR('',#11681,1.);
#11681 = DIRECTION('',(0.,0.,1.));
#11682 = ORIENTED_EDGE('',*,*,#11024,.F.);
#11683 = ORIENTED_EDGE('',*,*,#11677,.F.);
#11684 = CYLINDRICAL_SURFACE('',#11685,0.5);
#11685 = AXIS2_PLACEMENT_3D('',#11686,#11687,#11688);
#11686 = CARTESIAN_POINT('',(102.35,-89.56,-4.6E-02));
#11687 = DIRECTION('',(-0.,-0.,-1.));
#11688 = DIRECTION('',(-0.,-1.,0.));
#11689 = ADVANCED_FACE('',(#11690),#11701,.F.);
#11690 = FACE_BOUND('',#11691,.T.);
#11691 = EDGE_LOOP('',(#11692,#11693,#11699,#11700));
#11692 = ORIENTED_EDGE('',*,*,#10693,.T.);
#11693 = ORIENTED_EDGE('',*,*,#11694,.T.);
#11694 = EDGE_CURVE('',#10694,#11036,#11695,.T.);
#11695 = LINE('',#11696,#11697);
#11696 = CARTESIAN_POINT('',(113.7,-90.06,-4.6E-02));
#11697 = VECTOR('',#11698,1.);
#11698 = DIRECTION('',(0.,0.,1.));
#11699 = ORIENTED_EDGE('',*,*,#11035,.F.);
#11700 = ORIENTED_EDGE('',*,*,#11694,.F.);
#11701 = CYLINDRICAL_SURFACE('',#11702,0.5);
#11702 = AXIS2_PLACEMENT_3D('',#11703,#11704,#11705);
#11703 = CARTESIAN_POINT('',(113.7,-89.56,-4.6E-02));
#11704 = DIRECTION('',(-0.,-0.,-1.));
#11705 = DIRECTION('',(-0.,-1.,0.));
#11706 = ( GEOMETRIC_REPRESENTATION_CONTEXT(3) 
GLOBAL_UNCERTAINTY_ASSIGNED_CONTEXT((#11710)) 
GLOBAL_UNIT_ASSIGNED_CONTEXT((#11707,#11708,#11709)) 
REPRESENTATION_CONTEXT('Context #1',
  '3D Context with UNIT and UNCERTAINTY') );
#11707 = ( LENGTH_UNIT() NAMED_UNIT(*) SI_UNIT(.MILLI.,.METRE.) );
#11708 = ( NAMED_UNIT(*) PLANE_ANGLE_UNIT() SI_UNIT($,.RADIAN.) );
#11709 = ( NAMED_UNIT(*) SI_UNIT($,.STERADIAN.) SOLID_ANGLE_UNIT() );
#11710 = UNCERTAINTY_MEASURE_WITH_UNIT(LENGTH_MEASURE(1.E-07),#11707,
  'distance_accuracy_value','confusion accuracy');
#11711 = CONTEXT_DEPENDENT_SHAPE_REPRESENTATION(#11712,#11714);
#11712 = ( REPRESENTATION_RELATIONSHIP('','',#10257,#10) 
REPRESENTATION_RELATIONSHIP_WITH_TRANSFORMATION(#11713) 
SHAPE_REPRESENTATION_RELATIONSHIP() );
#11713 = ITEM_DEFINED_TRANSFORMATION('','',#11,#39);
#11714 = PRODUCT_DEFINITION_SHAPE('Placement','Placement of an item',
  #11715);
#11715 = NEXT_ASSEMBLY_USAGE_OCCURRENCE('17','=>[0:1:1:17]','',#5,#10252
  ,$);
#11716 = PRODUCT_RELATED_PRODUCT_CATEGORY('part',$,(#10254));
#11717 = MECHANICAL_DESIGN_GEOMETRIC_PRESENTATION_REPRESENTATION('',(
    #11718),#9901);
#11718 = STYLED_ITEM('color',(#11719),#9718);
#11719 = PRESENTATION_STYLE_ASSIGNMENT((#11720,#11726));
#11720 = SURFACE_STYLE_USAGE(.BOTH.,#11721);
#11721 = SURFACE_SIDE_STYLE('',(#11722));
#11722 = SURFACE_STYLE_FILL_AREA(#11723);
#11723 = FILL_AREA_STYLE('',(#11724));
#11724 = FILL_AREA_STYLE_COLOUR('',#11725);
#11725 = COLOUR_RGB('',0.47058824112,0.47058824112,0.47058824112);
#11726 = CURVE_STYLE('',#11727,POSITIVE_LENGTH_MEASURE(0.1),#11728);
#11727 = DRAUGHTING_PRE_DEFINED_CURVE_FONT('continuous');
#11728 = COLOUR_RGB('',9.803921802644E-02,9.803921802644E-02,
  9.803921802644E-02);
#11729 = MECHANICAL_DESIGN_GEOMETRIC_PRESENTATION_REPRESENTATION('',(
    #11730,#11740,#11750,#11759,#11768,#11777,#11786,#11795,#11804,
    #11813,#11822,#11831,#11840,#11849,#11858,#11867,#11876,#11885,
    #11894,#11903,#11912,#11921,#11930,#11939,#11948,#11957,#11966,
    #11975,#11984,#11993,#12002,#12011,#12020,#12029,#12038,#12047,
    #12056,#12065,#12074,#12083,#12092,#12101,#12110,#12119,#12128,
    #12137,#12146,#12155),#1274);
#11730 = STYLED_ITEM('color',(#11731),#82);
#11731 = PRESENTATION_STYLE_ASSIGNMENT((#11732,#11738));
#11732 = SURFACE_STYLE_USAGE(.BOTH.,#11733);
#11733 = SURFACE_SIDE_STYLE('',(#11734));
#11734 = SURFACE_STYLE_FILL_AREA(#11735);
#11735 = FILL_AREA_STYLE('',(#11736));
#11736 = FILL_AREA_STYLE_COLOUR('',#11737);
#11737 = COLOUR_RGB('',0.858999988747,0.738000004258,0.496000005009);
#11738 = CURVE_STYLE('',#11739,POSITIVE_LENGTH_MEASURE(0.1),#11737);
#11739 = DRAUGHTING_PRE_DEFINED_CURVE_FONT('continuous');
#11740 = STYLED_ITEM('color',(#11741),#122);
#11741 = PRESENTATION_STYLE_ASSIGNMENT((#11742,#11748));
#11742 = SURFACE_STYLE_USAGE(.BOTH.,#11743);
#11743 = SURFACE_SIDE_STYLE('',(#11744));
#11744 = SURFACE_STYLE_FILL_AREA(#11745);
#11745 = FILL_AREA_STYLE('',(#11746));
#11746 = FILL_AREA_STYLE_COLOUR('',#11747);
#11747 = COLOUR_RGB('',0.147999998088,0.145000001626,0.145000001626);
#11748 = CURVE_STYLE('',#11749,POSITIVE_LENGTH_MEASURE(0.1),#11747);
#11749 = DRAUGHTING_PRE_DEFINED_CURVE_FONT('continuous');
#11750 = OVER_RIDING_STYLED_ITEM('overriding color',(#11751),#162,#11740
  );
#11751 = PRESENTATION_STYLE_ASSIGNMENT((#11752,#11757));
#11752 = SURFACE_STYLE_USAGE(.BOTH.,#11753);
#11753 = SURFACE_SIDE_STYLE('',(#11754));
#11754 = SURFACE_STYLE_FILL_AREA(#11755);
#11755 = FILL_AREA_STYLE('',(#11756));
#11756 = FILL_AREA_STYLE_COLOUR('',#11737);
#11757 = CURVE_STYLE('',#11758,POSITIVE_LENGTH_MEASURE(0.1),#11737);
#11758 = DRAUGHTING_PRE_DEFINED_CURVE_FONT('continuous');
#11759 = OVER_RIDING_STYLED_ITEM('overriding color',(#11760),#194,#11740
  );
#11760 = PRESENTATION_STYLE_ASSIGNMENT((#11761,#11766));
#11761 = SURFACE_STYLE_USAGE(.BOTH.,#11762);
#11762 = SURFACE_SIDE_STYLE('',(#11763));
#11763 = SURFACE_STYLE_FILL_AREA(#11764);
#11764 = FILL_AREA_STYLE('',(#11765));
#11765 = FILL_AREA_STYLE_COLOUR('',#11737);
#11766 = CURVE_STYLE('',#11767,POSITIVE_LENGTH_MEASURE(0.1),#11737);
#11767 = DRAUGHTING_PRE_DEFINED_CURVE_FONT('continuous');
#11768 = STYLED_ITEM('color',(#11769),#205);
#11769 = PRESENTATION_STYLE_ASSIGNMENT((#11770,#11775));
#11770 = SURFACE_STYLE_USAGE(.BOTH.,#11771);
#11771 = SURFACE_SIDE_STYLE('',(#11772));
#11772 = SURFACE_STYLE_FILL_AREA(#11773);
#11773 = FILL_AREA_STYLE('',(#11774));
#11774 = FILL_AREA_STYLE_COLOUR('',#11737);
#11775 = CURVE_STYLE('',#11776,POSITIVE_LENGTH_MEASURE(0.1),#11737);
#11776 = DRAUGHTING_PRE_DEFINED_CURVE_FONT('continuous');
#11777 = STYLED_ITEM('color',(#11778),#270);
#11778 = PRESENTATION_STYLE_ASSIGNMENT((#11779,#11784));
#11779 = SURFACE_STYLE_USAGE(.BOTH.,#11780);
#11780 = SURFACE_SIDE_STYLE('',(#11781));
#11781 = SURFACE_STYLE_FILL_AREA(#11782);
#11782 = FILL_AREA_STYLE('',(#11783));
#11783 = FILL_AREA_STYLE_COLOUR('',#11747);
#11784 = CURVE_STYLE('',#11785,POSITIVE_LENGTH_MEASURE(0.1),#11747);
#11785 = DRAUGHTING_PRE_DEFINED_CURVE_FONT('continuous');
#11786 = STYLED_ITEM('color',(#11787),#301);
#11787 = PRESENTATION_STYLE_ASSIGNMENT((#11788,#11793));
#11788 = SURFACE_STYLE_USAGE(.BOTH.,#11789);
#11789 = SURFACE_SIDE_STYLE('',(#11790));
#11790 = SURFACE_STYLE_FILL_AREA(#11791);
#11791 = FILL_AREA_STYLE('',(#11792));
#11792 = FILL_AREA_STYLE_COLOUR('',#11747);
#11793 = CURVE_STYLE('',#11794,POSITIVE_LENGTH_MEASURE(0.1),#11747);
#11794 = DRAUGHTING_PRE_DEFINED_CURVE_FONT('continuous');
#11795 = STYLED_ITEM('color',(#11796),#357);
#11796 = PRESENTATION_STYLE_ASSIGNMENT((#11797,#11802));
#11797 = SURFACE_STYLE_USAGE(.BOTH.,#11798);
#11798 = SURFACE_SIDE_STYLE('',(#11799));
#11799 = SURFACE_STYLE_FILL_AREA(#11800);
#11800 = FILL_AREA_STYLE('',(#11801));
#11801 = FILL_AREA_STYLE_COLOUR('',#11747);
#11802 = CURVE_STYLE('',#11803,POSITIVE_LENGTH_MEASURE(0.1),#11747);
#11803 = DRAUGHTING_PRE_DEFINED_CURVE_FONT('continuous');
#11804 = STYLED_ITEM('color',(#11805),#413);
#11805 = PRESENTATION_STYLE_ASSIGNMENT((#11806,#11811));
#11806 = SURFACE_STYLE_USAGE(.BOTH.,#11807);
#11807 = SURFACE_SIDE_STYLE('',(#11808));
#11808 = SURFACE_STYLE_FILL_AREA(#11809);
#11809 = FILL_AREA_STYLE('',(#11810));
#11810 = FILL_AREA_STYLE_COLOUR('',#11747);
#11811 = CURVE_STYLE('',#11812,POSITIVE_LENGTH_MEASURE(0.1),#11747);
#11812 = DRAUGHTING_PRE_DEFINED_CURVE_FONT('continuous');
#11813 = STYLED_ITEM('color',(#11814),#430);
#11814 = PRESENTATION_STYLE_ASSIGNMENT((#11815,#11820));
#11815 = SURFACE_STYLE_USAGE(.BOTH.,#11816);
#11816 = SURFACE_SIDE_STYLE('',(#11817));
#11817 = SURFACE_STYLE_FILL_AREA(#11818);
#11818 = FILL_AREA_STYLE('',(#11819));
#11819 = FILL_AREA_STYLE_COLOUR('',#11737);
#11820 = CURVE_STYLE('',#11821,POSITIVE_LENGTH_MEASURE(0.1),#11737);
#11821 = DRAUGHTING_PRE_DEFINED_CURVE_FONT('continuous');
#11822 = STYLED_ITEM('color',(#11823),#454);
#11823 = PRESENTATION_STYLE_ASSIGNMENT((#11824,#11829));
#11824 = SURFACE_STYLE_USAGE(.BOTH.,#11825);
#11825 = SURFACE_SIDE_STYLE('',(#11826));
#11826 = SURFACE_STYLE_FILL_AREA(#11827);
#11827 = FILL_AREA_STYLE('',(#11828));
#11828 = FILL_AREA_STYLE_COLOUR('',#11737);
#11829 = CURVE_STYLE('',#11830,POSITIVE_LENGTH_MEASURE(0.1),#11737);
#11830 = DRAUGHTING_PRE_DEFINED_CURVE_FONT('continuous');
#11831 = STYLED_ITEM('color',(#11832),#471);
#11832 = PRESENTATION_STYLE_ASSIGNMENT((#11833,#11838));
#11833 = SURFACE_STYLE_USAGE(.BOTH.,#11834);
#11834 = SURFACE_SIDE_STYLE('',(#11835));
#11835 = SURFACE_STYLE_FILL_AREA(#11836);
#11836 = FILL_AREA_STYLE('',(#11837));
#11837 = FILL_AREA_STYLE_COLOUR('',#11737);
#11838 = CURVE_STYLE('',#11839,POSITIVE_LENGTH_MEASURE(0.1),#11737);
#11839 = DRAUGHTING_PRE_DEFINED_CURVE_FONT('continuous');
#11840 = STYLED_ITEM('color',(#11841),#495);
#11841 = PRESENTATION_STYLE_ASSIGNMENT((#11842,#11847));
#11842 = SURFACE_STYLE_USAGE(.BOTH.,#11843);
#11843 = SURFACE_SIDE_STYLE('',(#11844));
#11844 = SURFACE_STYLE_FILL_AREA(#11845);
#11845 = FILL_AREA_STYLE('',(#11846));
#11846 = FILL_AREA_STYLE_COLOUR('',#11737);
#11847 = CURVE_STYLE('',#11848,POSITIVE_LENGTH_MEASURE(0.1),#11737);
#11848 = DRAUGHTING_PRE_DEFINED_CURVE_FONT('continuous');
#11849 = STYLED_ITEM('color',(#11850),#520);
#11850 = PRESENTATION_STYLE_ASSIGNMENT((#11851,#11856));
#11851 = SURFACE_STYLE_USAGE(.BOTH.,#11852);
#11852 = SURFACE_SIDE_STYLE('',(#11853));
#11853 = SURFACE_STYLE_FILL_AREA(#11854);
#11854 = FILL_AREA_STYLE('',(#11855));
#11855 = FILL_AREA_STYLE_COLOUR('',#11737);
#11856 = CURVE_STYLE('',#11857,POSITIVE_LENGTH_MEASURE(0.1),#11737);
#11857 = DRAUGHTING_PRE_DEFINED_CURVE_FONT('continuous');
#11858 = STYLED_ITEM('color',(#11859),#560);
#11859 = PRESENTATION_STYLE_ASSIGNMENT((#11860,#11865));
#11860 = SURFACE_STYLE_USAGE(.BOTH.,#11861);
#11861 = SURFACE_SIDE_STYLE('',(#11862));
#11862 = SURFACE_STYLE_FILL_AREA(#11863);
#11863 = FILL_AREA_STYLE('',(#11864));
#11864 = FILL_AREA_STYLE_COLOUR('',#11737);
#11865 = CURVE_STYLE('',#11866,POSITIVE_LENGTH_MEASURE(0.1),#11737);
#11866 = DRAUGHTING_PRE_DEFINED_CURVE_FONT('continuous');
#11867 = STYLED_ITEM('color',(#11868),#584);
#11868 = PRESENTATION_STYLE_ASSIGNMENT((#11869,#11874));
#11869 = SURFACE_STYLE_USAGE(.BOTH.,#11870);
#11870 = SURFACE_SIDE_STYLE('',(#11871));
#11871 = SURFACE_STYLE_FILL_AREA(#11872);
#11872 = FILL_AREA_STYLE('',(#11873));
#11873 = FILL_AREA_STYLE_COLOUR('',#11737);
#11874 = CURVE_STYLE('',#11875,POSITIVE_LENGTH_MEASURE(0.1),#11737);
#11875 = DRAUGHTING_PRE_DEFINED_CURVE_FONT('continuous');
#11876 = STYLED_ITEM('color',(#11877),#624);
#11877 = PRESENTATION_STYLE_ASSIGNMENT((#11878,#11883));
#11878 = SURFACE_STYLE_USAGE(.BOTH.,#11879);
#11879 = SURFACE_SIDE_STYLE('',(#11880));
#11880 = SURFACE_STYLE_FILL_AREA(#11881);
#11881 = FILL_AREA_STYLE('',(#11882));
#11882 = FILL_AREA_STYLE_COLOUR('',#11737);
#11883 = CURVE_STYLE('',#11884,POSITIVE_LENGTH_MEASURE(0.1),#11737);
#11884 = DRAUGHTING_PRE_DEFINED_CURVE_FONT('continuous');
#11885 = STYLED_ITEM('color',(#11886),#642);
#11886 = PRESENTATION_STYLE_ASSIGNMENT((#11887,#11892));
#11887 = SURFACE_STYLE_USAGE(.BOTH.,#11888);
#11888 = SURFACE_SIDE_STYLE('',(#11889));
#11889 = SURFACE_STYLE_FILL_AREA(#11890);
#11890 = FILL_AREA_STYLE('',(#11891));
#11891 = FILL_AREA_STYLE_COLOUR('',#11747);
#11892 = CURVE_STYLE('',#11893,POSITIVE_LENGTH_MEASURE(0.1),#11747);
#11893 = DRAUGHTING_PRE_DEFINED_CURVE_FONT('continuous');
#11894 = STYLED_ITEM('color',(#11895),#659);
#11895 = PRESENTATION_STYLE_ASSIGNMENT((#11896,#11901));
#11896 = SURFACE_STYLE_USAGE(.BOTH.,#11897);
#11897 = SURFACE_SIDE_STYLE('',(#11898));
#11898 = SURFACE_STYLE_FILL_AREA(#11899);
#11899 = FILL_AREA_STYLE('',(#11900));
#11900 = FILL_AREA_STYLE_COLOUR('',#11747);
#11901 = CURVE_STYLE('',#11902,POSITIVE_LENGTH_MEASURE(0.1),#11747);
#11902 = DRAUGHTING_PRE_DEFINED_CURVE_FONT('continuous');
#11903 = STYLED_ITEM('color',(#11904),#676);
#11904 = PRESENTATION_STYLE_ASSIGNMENT((#11905,#11910));
#11905 = SURFACE_STYLE_USAGE(.BOTH.,#11906);
#11906 = SURFACE_SIDE_STYLE('',(#11907));
#11907 = SURFACE_STYLE_FILL_AREA(#11908);
#11908 = FILL_AREA_STYLE('',(#11909));
#11909 = FILL_AREA_STYLE_COLOUR('',#11747);
#11910 = CURVE_STYLE('',#11911,POSITIVE_LENGTH_MEASURE(0.1),#11747);
#11911 = DRAUGHTING_PRE_DEFINED_CURVE_FONT('continuous');
#11912 = STYLED_ITEM('color',(#11913),#693);
#11913 = PRESENTATION_STYLE_ASSIGNMENT((#11914,#11919));
#11914 = SURFACE_STYLE_USAGE(.BOTH.,#11915);
#11915 = SURFACE_SIDE_STYLE('',(#11916));
#11916 = SURFACE_STYLE_FILL_AREA(#11917);
#11917 = FILL_AREA_STYLE('',(#11918));
#11918 = FILL_AREA_STYLE_COLOUR('',#11747);
#11919 = CURVE_STYLE('',#11920,POSITIVE_LENGTH_MEASURE(0.1),#11747);
#11920 = DRAUGHTING_PRE_DEFINED_CURVE_FONT('continuous');
#11921 = STYLED_ITEM('color',(#11922),#744);
#11922 = PRESENTATION_STYLE_ASSIGNMENT((#11923,#11928));
#11923 = SURFACE_STYLE_USAGE(.BOTH.,#11924);
#11924 = SURFACE_SIDE_STYLE('',(#11925));
#11925 = SURFACE_STYLE_FILL_AREA(#11926);
#11926 = FILL_AREA_STYLE('',(#11927));
#11927 = FILL_AREA_STYLE_COLOUR('',#11747);
#11928 = CURVE_STYLE('',#11929,POSITIVE_LENGTH_MEASURE(0.1),#11747);
#11929 = DRAUGHTING_PRE_DEFINED_CURVE_FONT('continuous');
#11930 = STYLED_ITEM('color',(#11931),#756);
#11931 = PRESENTATION_STYLE_ASSIGNMENT((#11932,#11937));
#11932 = SURFACE_STYLE_USAGE(.BOTH.,#11933);
#11933 = SURFACE_SIDE_STYLE('',(#11934));
#11934 = SURFACE_STYLE_FILL_AREA(#11935);
#11935 = FILL_AREA_STYLE('',(#11936));
#11936 = FILL_AREA_STYLE_COLOUR('',#11737);
#11937 = CURVE_STYLE('',#11938,POSITIVE_LENGTH_MEASURE(0.1),#11737);
#11938 = DRAUGHTING_PRE_DEFINED_CURVE_FONT('continuous');
#11939 = STYLED_ITEM('color',(#11940),#777);
#11940 = PRESENTATION_STYLE_ASSIGNMENT((#11941,#11946));
#11941 = SURFACE_STYLE_USAGE(.BOTH.,#11942);
#11942 = SURFACE_SIDE_STYLE('',(#11943));
#11943 = SURFACE_STYLE_FILL_AREA(#11944);
#11944 = FILL_AREA_STYLE('',(#11945));
#11945 = FILL_AREA_STYLE_COLOUR('',#11737);
#11946 = CURVE_STYLE('',#11947,POSITIVE_LENGTH_MEASURE(0.1),#11737);
#11947 = DRAUGHTING_PRE_DEFINED_CURVE_FONT('continuous');
#11948 = STYLED_ITEM('color',(#11949),#794);
#11949 = PRESENTATION_STYLE_ASSIGNMENT((#11950,#11955));
#11950 = SURFACE_STYLE_USAGE(.BOTH.,#11951);
#11951 = SURFACE_SIDE_STYLE('',(#11952));
#11952 = SURFACE_STYLE_FILL_AREA(#11953);
#11953 = FILL_AREA_STYLE('',(#11954));
#11954 = FILL_AREA_STYLE_COLOUR('',#11737);
#11955 = CURVE_STYLE('',#11956,POSITIVE_LENGTH_MEASURE(0.1),#11737);
#11956 = DRAUGHTING_PRE_DEFINED_CURVE_FONT('continuous');
#11957 = STYLED_ITEM('color',(#11958),#806);
#11958 = PRESENTATION_STYLE_ASSIGNMENT((#11959,#11964));
#11959 = SURFACE_STYLE_USAGE(.BOTH.,#11960);
#11960 = SURFACE_SIDE_STYLE('',(#11961));
#11961 = SURFACE_STYLE_FILL_AREA(#11962);
#11962 = FILL_AREA_STYLE('',(#11963));
#11963 = FILL_AREA_STYLE_COLOUR('',#11747);
#11964 = CURVE_STYLE('',#11965,POSITIVE_LENGTH_MEASURE(0.1),#11747);
#11965 = DRAUGHTING_PRE_DEFINED_CURVE_FONT('continuous');
#11966 = STYLED_ITEM('color',(#11967),#837);
#11967 = PRESENTATION_STYLE_ASSIGNMENT((#11968,#11973));
#11968 = SURFACE_STYLE_USAGE(.BOTH.,#11969);
#11969 = SURFACE_SIDE_STYLE('',(#11970));
#11970 = SURFACE_STYLE_FILL_AREA(#11971);
#11971 = FILL_AREA_STYLE('',(#11972));
#11972 = FILL_AREA_STYLE_COLOUR('',#11747);
#11973 = CURVE_STYLE('',#11974,POSITIVE_LENGTH_MEASURE(0.1),#11747);
#11974 = DRAUGHTING_PRE_DEFINED_CURVE_FONT('continuous');
#11975 = STYLED_ITEM('color',(#11976),#861);
#11976 = PRESENTATION_STYLE_ASSIGNMENT((#11977,#11982));
#11977 = SURFACE_STYLE_USAGE(.BOTH.,#11978);
#11978 = SURFACE_SIDE_STYLE('',(#11979));
#11979 = SURFACE_STYLE_FILL_AREA(#11980);
#11980 = FILL_AREA_STYLE('',(#11981));
#11981 = FILL_AREA_STYLE_COLOUR('',#11747);
#11982 = CURVE_STYLE('',#11983,POSITIVE_LENGTH_MEASURE(0.1),#11747);
#11983 = DRAUGHTING_PRE_DEFINED_CURVE_FONT('continuous');
#11984 = STYLED_ITEM('color',(#11985),#885);
#11985 = PRESENTATION_STYLE_ASSIGNMENT((#11986,#11991));
#11986 = SURFACE_STYLE_USAGE(.BOTH.,#11987);
#11987 = SURFACE_SIDE_STYLE('',(#11988));
#11988 = SURFACE_STYLE_FILL_AREA(#11989);
#11989 = FILL_AREA_STYLE('',(#11990));
#11990 = FILL_AREA_STYLE_COLOUR('',#11747);
#11991 = CURVE_STYLE('',#11992,POSITIVE_LENGTH_MEASURE(0.1),#11747);
#11992 = DRAUGHTING_PRE_DEFINED_CURVE_FONT('continuous');
#11993 = STYLED_ITEM('color',(#11994),#902);
#11994 = PRESENTATION_STYLE_ASSIGNMENT((#11995,#12000));
#11995 = SURFACE_STYLE_USAGE(.BOTH.,#11996);
#11996 = SURFACE_SIDE_STYLE('',(#11997));
#11997 = SURFACE_STYLE_FILL_AREA(#11998);
#11998 = FILL_AREA_STYLE('',(#11999));
#11999 = FILL_AREA_STYLE_COLOUR('',#11747);
#12000 = CURVE_STYLE('',#12001,POSITIVE_LENGTH_MEASURE(0.1),#11747);
#12001 = DRAUGHTING_PRE_DEFINED_CURVE_FONT('continuous');
#12002 = STYLED_ITEM('color',(#12003),#933);
#12003 = PRESENTATION_STYLE_ASSIGNMENT((#12004,#12009));
#12004 = SURFACE_STYLE_USAGE(.BOTH.,#12005);
#12005 = SURFACE_SIDE_STYLE('',(#12006));
#12006 = SURFACE_STYLE_FILL_AREA(#12007);
#12007 = FILL_AREA_STYLE('',(#12008));
#12008 = FILL_AREA_STYLE_COLOUR('',#11747);
#12009 = CURVE_STYLE('',#12010,POSITIVE_LENGTH_MEASURE(0.1),#11747);
#12010 = DRAUGHTING_PRE_DEFINED_CURVE_FONT('continuous');
#12011 = OVER_RIDING_STYLED_ITEM('overriding color',(#12012),#947,#12002
  );
#12012 = PRESENTATION_STYLE_ASSIGNMENT((#12013,#12018));
#12013 = SURFACE_STYLE_USAGE(.BOTH.,#12014);
#12014 = SURFACE_SIDE_STYLE('',(#12015));
#12015 = SURFACE_STYLE_FILL_AREA(#12016);
#12016 = FILL_AREA_STYLE('',(#12017));
#12017 = FILL_AREA_STYLE_COLOUR('',#11737);
#12018 = CURVE_STYLE('',#12019,POSITIVE_LENGTH_MEASURE(0.1),#11737);
#12019 = DRAUGHTING_PRE_DEFINED_CURVE_FONT('continuous');
#12020 = OVER_RIDING_STYLED_ITEM('overriding color',(#12021),#963,#12002
  );
#12021 = PRESENTATION_STYLE_ASSIGNMENT((#12022,#12027));
#12022 = SURFACE_STYLE_USAGE(.BOTH.,#12023);
#12023 = SURFACE_SIDE_STYLE('',(#12024));
#12024 = SURFACE_STYLE_FILL_AREA(#12025);
#12025 = FILL_AREA_STYLE('',(#12026));
#12026 = FILL_AREA_STYLE_COLOUR('',#11737);
#12027 = CURVE_STYLE('',#12028,POSITIVE_LENGTH_MEASURE(0.1),#11737);
#12028 = DRAUGHTING_PRE_DEFINED_CURVE_FONT('continuous');
#12029 = STYLED_ITEM('color',(#12030),#989);
#12030 = PRESENTATION_STYLE_ASSIGNMENT((#12031,#12036));
#12031 = SURFACE_STYLE_USAGE(.BOTH.,#12032);
#12032 = SURFACE_SIDE_STYLE('',(#12033));
#12033 = SURFACE_STYLE_FILL_AREA(#12034);
#12034 = FILL_AREA_STYLE('',(#12035));
#12035 = FILL_AREA_STYLE_COLOUR('',#11747);
#12036 = CURVE_STYLE('',#12037,POSITIVE_LENGTH_MEASURE(0.1),#11747);
#12037 = DRAUGHTING_PRE_DEFINED_CURVE_FONT('continuous');
#12038 = STYLED_ITEM('color',(#12039),#1013);
#12039 = PRESENTATION_STYLE_ASSIGNMENT((#12040,#12045));
#12040 = SURFACE_STYLE_USAGE(.BOTH.,#12041);
#12041 = SURFACE_SIDE_STYLE('',(#12042));
#12042 = SURFACE_STYLE_FILL_AREA(#12043);
#12043 = FILL_AREA_STYLE('',(#12044));
#12044 = FILL_AREA_STYLE_COLOUR('',#11747);
#12045 = CURVE_STYLE('',#12046,POSITIVE_LENGTH_MEASURE(0.1),#11747);
#12046 = DRAUGHTING_PRE_DEFINED_CURVE_FONT('continuous');
#12047 = OVER_RIDING_STYLED_ITEM('overriding color',(#12048),#1027,
  #12038);
#12048 = PRESENTATION_STYLE_ASSIGNMENT((#12049,#12054));
#12049 = SURFACE_STYLE_USAGE(.BOTH.,#12050);
#12050 = SURFACE_SIDE_STYLE('',(#12051));
#12051 = SURFACE_STYLE_FILL_AREA(#12052);
#12052 = FILL_AREA_STYLE('',(#12053));
#12053 = FILL_AREA_STYLE_COLOUR('',#11737);
#12054 = CURVE_STYLE('',#12055,POSITIVE_LENGTH_MEASURE(0.1),#11737);
#12055 = DRAUGHTING_PRE_DEFINED_CURVE_FONT('continuous');
#12056 = OVER_RIDING_STYLED_ITEM('overriding color',(#12057),#1043,
  #12038);
#12057 = PRESENTATION_STYLE_ASSIGNMENT((#12058,#12063));
#12058 = SURFACE_STYLE_USAGE(.BOTH.,#12059);
#12059 = SURFACE_SIDE_STYLE('',(#12060));
#12060 = SURFACE_STYLE_FILL_AREA(#12061);
#12061 = FILL_AREA_STYLE('',(#12062));
#12062 = FILL_AREA_STYLE_COLOUR('',#11737);
#12063 = CURVE_STYLE('',#12064,POSITIVE_LENGTH_MEASURE(0.1),#11737);
#12064 = DRAUGHTING_PRE_DEFINED_CURVE_FONT('continuous');
#12065 = STYLED_ITEM('color',(#12066),#1062);
#12066 = PRESENTATION_STYLE_ASSIGNMENT((#12067,#12072));
#12067 = SURFACE_STYLE_USAGE(.BOTH.,#12068);
#12068 = SURFACE_SIDE_STYLE('',(#12069));
#12069 = SURFACE_STYLE_FILL_AREA(#12070);
#12070 = FILL_AREA_STYLE('',(#12071));
#12071 = FILL_AREA_STYLE_COLOUR('',#11747);
#12072 = CURVE_STYLE('',#12073,POSITIVE_LENGTH_MEASURE(0.1),#11747);
#12073 = DRAUGHTING_PRE_DEFINED_CURVE_FONT('continuous');
#12074 = OVER_RIDING_STYLED_ITEM('overriding color',(#12075),#1069,
  #12065);
#12075 = PRESENTATION_STYLE_ASSIGNMENT((#12076,#12081));
#12076 = SURFACE_STYLE_USAGE(.BOTH.,#12077);
#12077 = SURFACE_SIDE_STYLE('',(#12078));
#12078 = SURFACE_STYLE_FILL_AREA(#12079);
#12079 = FILL_AREA_STYLE('',(#12080));
#12080 = FILL_AREA_STYLE_COLOUR('',#11737);
#12081 = CURVE_STYLE('',#12082,POSITIVE_LENGTH_MEASURE(0.1),#11737);
#12082 = DRAUGHTING_PRE_DEFINED_CURVE_FONT('continuous');
#12083 = STYLED_ITEM('color',(#12084),#1079);
#12084 = PRESENTATION_STYLE_ASSIGNMENT((#12085,#12090));
#12085 = SURFACE_STYLE_USAGE(.BOTH.,#12086);
#12086 = SURFACE_SIDE_STYLE('',(#12087));
#12087 = SURFACE_STYLE_FILL_AREA(#12088);
#12088 = FILL_AREA_STYLE('',(#12089));
#12089 = FILL_AREA_STYLE_COLOUR('',#11747);
#12090 = CURVE_STYLE('',#12091,POSITIVE_LENGTH_MEASURE(0.1),#11747);
#12091 = DRAUGHTING_PRE_DEFINED_CURVE_FONT('continuous');
#12092 = OVER_RIDING_STYLED_ITEM('overriding color',(#12093),#1084,
  #12083);
#12093 = PRESENTATION_STYLE_ASSIGNMENT((#12094,#12099));
#12094 = SURFACE_STYLE_USAGE(.BOTH.,#12095);
#12095 = SURFACE_SIDE_STYLE('',(#12096));
#12096 = SURFACE_STYLE_FILL_AREA(#12097);
#12097 = FILL_AREA_STYLE('',(#12098));
#12098 = FILL_AREA_STYLE_COLOUR('',#11737);
#12099 = CURVE_STYLE('',#12100,POSITIVE_LENGTH_MEASURE(0.1),#11737);
#12100 = DRAUGHTING_PRE_DEFINED_CURVE_FONT('continuous');
#12101 = STYLED_ITEM('color',(#12102),#1096);
#12102 = PRESENTATION_STYLE_ASSIGNMENT((#12103,#12108));
#12103 = SURFACE_STYLE_USAGE(.BOTH.,#12104);
#12104 = SURFACE_SIDE_STYLE('',(#12105));
#12105 = SURFACE_STYLE_FILL_AREA(#12106);
#12106 = FILL_AREA_STYLE('',(#12107));
#12107 = FILL_AREA_STYLE_COLOUR('',#11737);
#12108 = CURVE_STYLE('',#12109,POSITIVE_LENGTH_MEASURE(0.1),#11737);
#12109 = DRAUGHTING_PRE_DEFINED_CURVE_FONT('continuous');
#12110 = STYLED_ITEM('color',(#12111),#1145);
#12111 = PRESENTATION_STYLE_ASSIGNMENT((#12112,#12117));
#12112 = SURFACE_STYLE_USAGE(.BOTH.,#12113);
#12113 = SURFACE_SIDE_STYLE('',(#12114));
#12114 = SURFACE_STYLE_FILL_AREA(#12115);
#12115 = FILL_AREA_STYLE('',(#12116));
#12116 = FILL_AREA_STYLE_COLOUR('',#11737);
#12117 = CURVE_STYLE('',#12118,POSITIVE_LENGTH_MEASURE(0.1),#11737);
#12118 = DRAUGHTING_PRE_DEFINED_CURVE_FONT('continuous');
#12119 = STYLED_ITEM('color',(#12120),#1169);
#12120 = PRESENTATION_STYLE_ASSIGNMENT((#12121,#12126));
#12121 = SURFACE_STYLE_USAGE(.BOTH.,#12122);
#12122 = SURFACE_SIDE_STYLE('',(#12123));
#12123 = SURFACE_STYLE_FILL_AREA(#12124);
#12124 = FILL_AREA_STYLE('',(#12125));
#12125 = FILL_AREA_STYLE_COLOUR('',#11737);
#12126 = CURVE_STYLE('',#12127,POSITIVE_LENGTH_MEASURE(0.1),#11737);
#12127 = DRAUGHTING_PRE_DEFINED_CURVE_FONT('continuous');
#12128 = STYLED_ITEM('color',(#12129),#1211);
#12129 = PRESENTATION_STYLE_ASSIGNMENT((#12130,#12135));
#12130 = SURFACE_STYLE_USAGE(.BOTH.,#12131);
#12131 = SURFACE_SIDE_STYLE('',(#12132));
#12132 = SURFACE_STYLE_FILL_AREA(#12133);
#12133 = FILL_AREA_STYLE('',(#12134));
#12134 = FILL_AREA_STYLE_COLOUR('',#11737);
#12135 = CURVE_STYLE('',#12136,POSITIVE_LENGTH_MEASURE(0.1),#11737);
#12136 = DRAUGHTING_PRE_DEFINED_CURVE_FONT('continuous');
#12137 = STYLED_ITEM('color',(#12138),#1228);
#12138 = PRESENTATION_STYLE_ASSIGNMENT((#12139,#12144));
#12139 = SURFACE_STYLE_USAGE(.BOTH.,#12140);
#12140 = SURFACE_SIDE_STYLE('',(#12141));
#12141 = SURFACE_STYLE_FILL_AREA(#12142);
#12142 = FILL_AREA_STYLE('',(#12143));
#12143 = FILL_AREA_STYLE_COLOUR('',#11737);
#12144 = CURVE_STYLE('',#12145,POSITIVE_LENGTH_MEASURE(0.1),#11737);
#12145 = DRAUGHTING_PRE_DEFINED_CURVE_FONT('continuous');
#12146 = STYLED_ITEM('color',(#12147),#1245);
#12147 = PRESENTATION_STYLE_ASSIGNMENT((#12148,#12153));
#12148 = SURFACE_STYLE_USAGE(.BOTH.,#12149);
#12149 = SURFACE_SIDE_STYLE('',(#12150));
#12150 = SURFACE_STYLE_FILL_AREA(#12151);
#12151 = FILL_AREA_STYLE('',(#12152));
#12152 = FILL_AREA_STYLE_COLOUR('',#11737);
#12153 = CURVE_STYLE('',#12154,POSITIVE_LENGTH_MEASURE(0.1),#11737);
#12154 = DRAUGHTING_PRE_DEFINED_CURVE_FONT('continuous');
#12155 = STYLED_ITEM('color',(#12156),#1262);
#12156 = PRESENTATION_STYLE_ASSIGNMENT((#12157,#12162));
#12157 = SURFACE_STYLE_USAGE(.BOTH.,#12158);
#12158 = SURFACE_SIDE_STYLE('',(#12159));
#12159 = SURFACE_STYLE_FILL_AREA(#12160);
#12160 = FILL_AREA_STYLE('',(#12161));
#12161 = FILL_AREA_STYLE_COLOUR('',#11737);
#12162 = CURVE_STYLE('',#12163,POSITIVE_LENGTH_MEASURE(0.1),#11737);
#12163 = DRAUGHTING_PRE_DEFINED_CURVE_FONT('continuous');
#12164 = MECHANICAL_DESIGN_GEOMETRIC_PRESENTATION_REPRESENTATION('',(
    #12165),#10239);
#12165 = STYLED_ITEM('color',(#12166),#10089);
#12166 = PRESENTATION_STYLE_ASSIGNMENT((#12167,#12172));
#12167 = SURFACE_STYLE_USAGE(.BOTH.,#12168);
#12168 = SURFACE_SIDE_STYLE('',(#12169));
#12169 = SURFACE_STYLE_FILL_AREA(#12170);
#12170 = FILL_AREA_STYLE('',(#12171));
#12171 = FILL_AREA_STYLE_COLOUR('',#11725);
#12172 = CURVE_STYLE('',#12173,POSITIVE_LENGTH_MEASURE(0.1),#11728);
#12173 = DRAUGHTING_PRE_DEFINED_CURVE_FONT('continuous');
#12174 = MECHANICAL_DESIGN_GEOMETRIC_PRESENTATION_REPRESENTATION('',(
    #12175),#9530);
#12175 = STYLED_ITEM('color',(#12176),#8680);
#12176 = PRESENTATION_STYLE_ASSIGNMENT((#12177,#12183));
#12177 = SURFACE_STYLE_USAGE(.BOTH.,#12178);
#12178 = SURFACE_SIDE_STYLE('',(#12179));
#12179 = SURFACE_STYLE_FILL_AREA(#12180);
#12180 = FILL_AREA_STYLE('',(#12181));
#12181 = FILL_AREA_STYLE_COLOUR('',#12182);
#12182 = COLOUR_RGB('',0.886274513239,0.886274513239,0.886274513239);
#12183 = CURVE_STYLE('',#12184,POSITIVE_LENGTH_MEASURE(0.1),#11728);
#12184 = DRAUGHTING_PRE_DEFINED_CURVE_FONT('continuous');
#12185 = MECHANICAL_DESIGN_GEOMETRIC_PRESENTATION_REPRESENTATION('',(
    #12186),#10070);
#12186 = STYLED_ITEM('color',(#12187),#9920);
#12187 = PRESENTATION_STYLE_ASSIGNMENT((#12188,#12193));
#12188 = SURFACE_STYLE_USAGE(.BOTH.,#12189);
#12189 = SURFACE_SIDE_STYLE('',(#12190));
#12190 = SURFACE_STYLE_FILL_AREA(#12191);
#12191 = FILL_AREA_STYLE('',(#12192));
#12192 = FILL_AREA_STYLE_COLOUR('',#11725);
#12193 = CURVE_STYLE('',#12194,POSITIVE_LENGTH_MEASURE(0.1),#11728);
#12194 = DRAUGHTING_PRE_DEFINED_CURVE_FONT('continuous');
#12195 = MECHANICAL_DESIGN_GEOMETRIC_PRESENTATION_REPRESENTATION('',(
    #12196,#12206,#12215,#12224,#12233,#12242,#12251,#12260,#12269,
    #12278,#12287,#12296,#12305,#12314,#12323,#12332,#12342,#12351,
    #12360,#12369,#12378,#12387,#12396,#12405,#12414,#12423,#12432,
    #12441,#12450,#12459,#12468,#12477,#12486,#12495,#12504,#12513,
    #12522,#12531,#12540,#12549,#12558,#12567,#12576,#12585,#12594,
    #12603,#12612,#12621,#12630,#12639,#12648,#12657,#12666,#12675,
    #12684,#12693,#12702,#12711,#12720,#12729,#12738,#12747,#12756,
    #12765,#12774,#12783,#12792,#12801,#12810,#12819,#12828,#12837,
    #12846,#12855,#12864,#12873,#12882,#12891,#12900,#12909,#12918,
    #12927,#12936,#12945,#12954,#12963,#12972,#12981,#12990,#12999,
    #13008),#4125);
#12196 = STYLED_ITEM('color',(#12197),#1323);
#12197 = PRESENTATION_STYLE_ASSIGNMENT((#12198,#12204));
#12198 = SURFACE_STYLE_USAGE(.BOTH.,#12199);
#12199 = SURFACE_SIDE_STYLE('',(#12200));
#12200 = SURFACE_STYLE_FILL_AREA(#12201);
#12201 = FILL_AREA_STYLE('',(#12202));
#12202 = FILL_AREA_STYLE_COLOUR('',#12203);
#12203 = COLOUR_RGB('',0.894999996726,0.890999991539,0.812999995914);
#12204 = CURVE_STYLE('',#12205,POSITIVE_LENGTH_MEASURE(0.1),#12203);
#12205 = DRAUGHTING_PRE_DEFINED_CURVE_FONT('continuous');
#12206 = STYLED_ITEM('color',(#12207),#1427);
#12207 = PRESENTATION_STYLE_ASSIGNMENT((#12208,#12213));
#12208 = SURFACE_STYLE_USAGE(.BOTH.,#12209);
#12209 = SURFACE_SIDE_STYLE('',(#12210));
#12210 = SURFACE_STYLE_FILL_AREA(#12211);
#12211 = FILL_AREA_STYLE('',(#12212));
#12212 = FILL_AREA_STYLE_COLOUR('',#12203);
#12213 = CURVE_STYLE('',#12214,POSITIVE_LENGTH_MEASURE(0.1),#12203);
#12214 = DRAUGHTING_PRE_DEFINED_CURVE_FONT('continuous');
#12215 = STYLED_ITEM('color',(#12216),#1634);
#12216 = PRESENTATION_STYLE_ASSIGNMENT((#12217,#12222));
#12217 = SURFACE_STYLE_USAGE(.BOTH.,#12218);
#12218 = SURFACE_SIDE_STYLE('',(#12219));
#12219 = SURFACE_STYLE_FILL_AREA(#12220);
#12220 = FILL_AREA_STYLE('',(#12221));
#12221 = FILL_AREA_STYLE_COLOUR('',#12203);
#12222 = CURVE_STYLE('',#12223,POSITIVE_LENGTH_MEASURE(0.1),#12203);
#12223 = DRAUGHTING_PRE_DEFINED_CURVE_FONT('continuous');
#12224 = STYLED_ITEM('color',(#12225),#1658);
#12225 = PRESENTATION_STYLE_ASSIGNMENT((#12226,#12231));
#12226 = SURFACE_STYLE_USAGE(.BOTH.,#12227);
#12227 = SURFACE_SIDE_STYLE('',(#12228));
#12228 = SURFACE_STYLE_FILL_AREA(#12229);
#12229 = FILL_AREA_STYLE('',(#12230));
#12230 = FILL_AREA_STYLE_COLOUR('',#12203);
#12231 = CURVE_STYLE('',#12232,POSITIVE_LENGTH_MEASURE(0.1),#12203);
#12232 = DRAUGHTING_PRE_DEFINED_CURVE_FONT('continuous');
#12233 = STYLED_ITEM('color',(#12234),#1682);
#12234 = PRESENTATION_STYLE_ASSIGNMENT((#12235,#12240));
#12235 = SURFACE_STYLE_USAGE(.BOTH.,#12236);
#12236 = SURFACE_SIDE_STYLE('',(#12237));
#12237 = SURFACE_STYLE_FILL_AREA(#12238);
#12238 = FILL_AREA_STYLE('',(#12239));
#12239 = FILL_AREA_STYLE_COLOUR('',#12203);
#12240 = CURVE_STYLE('',#12241,POSITIVE_LENGTH_MEASURE(0.1),#12203);
#12241 = DRAUGHTING_PRE_DEFINED_CURVE_FONT('continuous');
#12242 = STYLED_ITEM('color',(#12243),#1706);
#12243 = PRESENTATION_STYLE_ASSIGNMENT((#12244,#12249));
#12244 = SURFACE_STYLE_USAGE(.BOTH.,#12245);
#12245 = SURFACE_SIDE_STYLE('',(#12246));
#12246 = SURFACE_STYLE_FILL_AREA(#12247);
#12247 = FILL_AREA_STYLE('',(#12248));
#12248 = FILL_AREA_STYLE_COLOUR('',#12203);
#12249 = CURVE_STYLE('',#12250,POSITIVE_LENGTH_MEASURE(0.1),#12203);
#12250 = DRAUGHTING_PRE_DEFINED_CURVE_FONT('continuous');
#12251 = STYLED_ITEM('color',(#12252),#1730);
#12252 = PRESENTATION_STYLE_ASSIGNMENT((#12253,#12258));
#12253 = SURFACE_STYLE_USAGE(.BOTH.,#12254);
#12254 = SURFACE_SIDE_STYLE('',(#12255));
#12255 = SURFACE_STYLE_FILL_AREA(#12256);
#12256 = FILL_AREA_STYLE('',(#12257));
#12257 = FILL_AREA_STYLE_COLOUR('',#12203);
#12258 = CURVE_STYLE('',#12259,POSITIVE_LENGTH_MEASURE(0.1),#12203);
#12259 = DRAUGHTING_PRE_DEFINED_CURVE_FONT('continuous');
#12260 = STYLED_ITEM('color',(#12261),#1891);
#12261 = PRESENTATION_STYLE_ASSIGNMENT((#12262,#12267));
#12262 = SURFACE_STYLE_USAGE(.BOTH.,#12263);
#12263 = SURFACE_SIDE_STYLE('',(#12264));
#12264 = SURFACE_STYLE_FILL_AREA(#12265);
#12265 = FILL_AREA_STYLE('',(#12266));
#12266 = FILL_AREA_STYLE_COLOUR('',#12203);
#12267 = CURVE_STYLE('',#12268,POSITIVE_LENGTH_MEASURE(0.1),#12203);
#12268 = DRAUGHTING_PRE_DEFINED_CURVE_FONT('continuous');
#12269 = STYLED_ITEM('color',(#12270),#1947);
#12270 = PRESENTATION_STYLE_ASSIGNMENT((#12271,#12276));
#12271 = SURFACE_STYLE_USAGE(.BOTH.,#12272);
#12272 = SURFACE_SIDE_STYLE('',(#12273));
#12273 = SURFACE_STYLE_FILL_AREA(#12274);
#12274 = FILL_AREA_STYLE('',(#12275));
#12275 = FILL_AREA_STYLE_COLOUR('',#12203);
#12276 = CURVE_STYLE('',#12277,POSITIVE_LENGTH_MEASURE(0.1),#12203);
#12277 = DRAUGHTING_PRE_DEFINED_CURVE_FONT('continuous');
#12278 = STYLED_ITEM('color',(#12279),#1971);
#12279 = PRESENTATION_STYLE_ASSIGNMENT((#12280,#12285));
#12280 = SURFACE_STYLE_USAGE(.BOTH.,#12281);
#12281 = SURFACE_SIDE_STYLE('',(#12282));
#12282 = SURFACE_STYLE_FILL_AREA(#12283);
#12283 = FILL_AREA_STYLE('',(#12284));
#12284 = FILL_AREA_STYLE_COLOUR('',#12203);
#12285 = CURVE_STYLE('',#12286,POSITIVE_LENGTH_MEASURE(0.1),#12203);
#12286 = DRAUGHTING_PRE_DEFINED_CURVE_FONT('continuous');
#12287 = STYLED_ITEM('color',(#12288),#1995);
#12288 = PRESENTATION_STYLE_ASSIGNMENT((#12289,#12294));
#12289 = SURFACE_STYLE_USAGE(.BOTH.,#12290);
#12290 = SURFACE_SIDE_STYLE('',(#12291));
#12291 = SURFACE_STYLE_FILL_AREA(#12292);
#12292 = FILL_AREA_STYLE('',(#12293));
#12293 = FILL_AREA_STYLE_COLOUR('',#12203);
#12294 = CURVE_STYLE('',#12295,POSITIVE_LENGTH_MEASURE(0.1),#12203);
#12295 = DRAUGHTING_PRE_DEFINED_CURVE_FONT('continuous');
#12296 = STYLED_ITEM('color',(#12297),#2019);
#12297 = PRESENTATION_STYLE_ASSIGNMENT((#12298,#12303));
#12298 = SURFACE_STYLE_USAGE(.BOTH.,#12299);
#12299 = SURFACE_SIDE_STYLE('',(#12300));
#12300 = SURFACE_STYLE_FILL_AREA(#12301);
#12301 = FILL_AREA_STYLE('',(#12302));
#12302 = FILL_AREA_STYLE_COLOUR('',#12203);
#12303 = CURVE_STYLE('',#12304,POSITIVE_LENGTH_MEASURE(0.1),#12203);
#12304 = DRAUGHTING_PRE_DEFINED_CURVE_FONT('continuous');
#12305 = STYLED_ITEM('color',(#12306),#2043);
#12306 = PRESENTATION_STYLE_ASSIGNMENT((#12307,#12312));
#12307 = SURFACE_STYLE_USAGE(.BOTH.,#12308);
#12308 = SURFACE_SIDE_STYLE('',(#12309));
#12309 = SURFACE_STYLE_FILL_AREA(#12310);
#12310 = FILL_AREA_STYLE('',(#12311));
#12311 = FILL_AREA_STYLE_COLOUR('',#12203);
#12312 = CURVE_STYLE('',#12313,POSITIVE_LENGTH_MEASURE(0.1),#12203);
#12313 = DRAUGHTING_PRE_DEFINED_CURVE_FONT('continuous');
#12314 = STYLED_ITEM('color',(#12315),#2175);
#12315 = PRESENTATION_STYLE_ASSIGNMENT((#12316,#12321));
#12316 = SURFACE_STYLE_USAGE(.BOTH.,#12317);
#12317 = SURFACE_SIDE_STYLE('',(#12318));
#12318 = SURFACE_STYLE_FILL_AREA(#12319);
#12319 = FILL_AREA_STYLE('',(#12320));
#12320 = FILL_AREA_STYLE_COLOUR('',#12203);
#12321 = CURVE_STYLE('',#12322,POSITIVE_LENGTH_MEASURE(0.1),#12203);
#12322 = DRAUGHTING_PRE_DEFINED_CURVE_FONT('continuous');
#12323 = STYLED_ITEM('color',(#12324),#2247);
#12324 = PRESENTATION_STYLE_ASSIGNMENT((#12325,#12330));
#12325 = SURFACE_STYLE_USAGE(.BOTH.,#12326);
#12326 = SURFACE_SIDE_STYLE('',(#12327));
#12327 = SURFACE_STYLE_FILL_AREA(#12328);
#12328 = FILL_AREA_STYLE('',(#12329));
#12329 = FILL_AREA_STYLE_COLOUR('',#12203);
#12330 = CURVE_STYLE('',#12331,POSITIVE_LENGTH_MEASURE(0.1),#12203);
#12331 = DRAUGHTING_PRE_DEFINED_CURVE_FONT('continuous');
#12332 = STYLED_ITEM('color',(#12333),#2271);
#12333 = PRESENTATION_STYLE_ASSIGNMENT((#12334,#12340));
#12334 = SURFACE_STYLE_USAGE(.BOTH.,#12335);
#12335 = SURFACE_SIDE_STYLE('',(#12336));
#12336 = SURFACE_STYLE_FILL_AREA(#12337);
#12337 = FILL_AREA_STYLE('',(#12338));
#12338 = FILL_AREA_STYLE_COLOUR('',#12339);
#12339 = COLOUR_RGB('',0.823999987314,0.819999987296,0.781000009244);
#12340 = CURVE_STYLE('',#12341,POSITIVE_LENGTH_MEASURE(0.1),#12339);
#12341 = DRAUGHTING_PRE_DEFINED_CURVE_FONT('continuous');
#12342 = STYLED_ITEM('color',(#12343),#2302);
#12343 = PRESENTATION_STYLE_ASSIGNMENT((#12344,#12349));
#12344 = SURFACE_STYLE_USAGE(.BOTH.,#12345);
#12345 = SURFACE_SIDE_STYLE('',(#12346));
#12346 = SURFACE_STYLE_FILL_AREA(#12347);
#12347 = FILL_AREA_STYLE('',(#12348));
#12348 = FILL_AREA_STYLE_COLOUR('',#12339);
#12349 = CURVE_STYLE('',#12350,POSITIVE_LENGTH_MEASURE(0.1),#12339);
#12350 = DRAUGHTING_PRE_DEFINED_CURVE_FONT('continuous');
#12351 = STYLED_ITEM('color',(#12352),#2326);
#12352 = PRESENTATION_STYLE_ASSIGNMENT((#12353,#12358));
#12353 = SURFACE_STYLE_USAGE(.BOTH.,#12354);
#12354 = SURFACE_SIDE_STYLE('',(#12355));
#12355 = SURFACE_STYLE_FILL_AREA(#12356);
#12356 = FILL_AREA_STYLE('',(#12357));
#12357 = FILL_AREA_STYLE_COLOUR('',#12339);
#12358 = CURVE_STYLE('',#12359,POSITIVE_LENGTH_MEASURE(0.1),#12339);
#12359 = DRAUGHTING_PRE_DEFINED_CURVE_FONT('continuous');
#12360 = STYLED_ITEM('color',(#12361),#2357);
#12361 = PRESENTATION_STYLE_ASSIGNMENT((#12362,#12367));
#12362 = SURFACE_STYLE_USAGE(.BOTH.,#12363);
#12363 = SURFACE_SIDE_STYLE('',(#12364));
#12364 = SURFACE_STYLE_FILL_AREA(#12365);
#12365 = FILL_AREA_STYLE('',(#12366));
#12366 = FILL_AREA_STYLE_COLOUR('',#12339);
#12367 = CURVE_STYLE('',#12368,POSITIVE_LENGTH_MEASURE(0.1),#12339);
#12368 = DRAUGHTING_PRE_DEFINED_CURVE_FONT('continuous');
#12369 = STYLED_ITEM('color',(#12370),#2381);
#12370 = PRESENTATION_STYLE_ASSIGNMENT((#12371,#12376));
#12371 = SURFACE_STYLE_USAGE(.BOTH.,#12372);
#12372 = SURFACE_SIDE_STYLE('',(#12373));
#12373 = SURFACE_STYLE_FILL_AREA(#12374);
#12374 = FILL_AREA_STYLE('',(#12375));
#12375 = FILL_AREA_STYLE_COLOUR('',#12339);
#12376 = CURVE_STYLE('',#12377,POSITIVE_LENGTH_MEASURE(0.1),#12339);
#12377 = DRAUGHTING_PRE_DEFINED_CURVE_FONT('continuous');
#12378 = STYLED_ITEM('color',(#12379),#2421);
#12379 = PRESENTATION_STYLE_ASSIGNMENT((#12380,#12385));
#12380 = SURFACE_STYLE_USAGE(.BOTH.,#12381);
#12381 = SURFACE_SIDE_STYLE('',(#12382));
#12382 = SURFACE_STYLE_FILL_AREA(#12383);
#12383 = FILL_AREA_STYLE('',(#12384));
#12384 = FILL_AREA_STYLE_COLOUR('',#12339);
#12385 = CURVE_STYLE('',#12386,POSITIVE_LENGTH_MEASURE(0.1),#12339);
#12386 = DRAUGHTING_PRE_DEFINED_CURVE_FONT('continuous');
#12387 = STYLED_ITEM('color',(#12388),#2445);
#12388 = PRESENTATION_STYLE_ASSIGNMENT((#12389,#12394));
#12389 = SURFACE_STYLE_USAGE(.BOTH.,#12390);
#12390 = SURFACE_SIDE_STYLE('',(#12391));
#12391 = SURFACE_STYLE_FILL_AREA(#12392);
#12392 = FILL_AREA_STYLE('',(#12393));
#12393 = FILL_AREA_STYLE_COLOUR('',#12339);
#12394 = CURVE_STYLE('',#12395,POSITIVE_LENGTH_MEASURE(0.1),#12339);
#12395 = DRAUGHTING_PRE_DEFINED_CURVE_FONT('continuous');
#12396 = STYLED_ITEM('color',(#12397),#2478);
#12397 = PRESENTATION_STYLE_ASSIGNMENT((#12398,#12403));
#12398 = SURFACE_STYLE_USAGE(.BOTH.,#12399);
#12399 = SURFACE_SIDE_STYLE('',(#12400));
#12400 = SURFACE_STYLE_FILL_AREA(#12401);
#12401 = FILL_AREA_STYLE('',(#12402));
#12402 = FILL_AREA_STYLE_COLOUR('',#12339);
#12403 = CURVE_STYLE('',#12404,POSITIVE_LENGTH_MEASURE(0.1),#12339);
#12404 = DRAUGHTING_PRE_DEFINED_CURVE_FONT('continuous');
#12405 = STYLED_ITEM('color',(#12406),#2518);
#12406 = PRESENTATION_STYLE_ASSIGNMENT((#12407,#12412));
#12407 = SURFACE_STYLE_USAGE(.BOTH.,#12408);
#12408 = SURFACE_SIDE_STYLE('',(#12409));
#12409 = SURFACE_STYLE_FILL_AREA(#12410);
#12410 = FILL_AREA_STYLE('',(#12411));
#12411 = FILL_AREA_STYLE_COLOUR('',#12339);
#12412 = CURVE_STYLE('',#12413,POSITIVE_LENGTH_MEASURE(0.1),#12339);
#12413 = DRAUGHTING_PRE_DEFINED_CURVE_FONT('continuous');
#12414 = STYLED_ITEM('color',(#12415),#2542);
#12415 = PRESENTATION_STYLE_ASSIGNMENT((#12416,#12421));
#12416 = SURFACE_STYLE_USAGE(.BOTH.,#12417);
#12417 = SURFACE_SIDE_STYLE('',(#12418));
#12418 = SURFACE_STYLE_FILL_AREA(#12419);
#12419 = FILL_AREA_STYLE('',(#12420));
#12420 = FILL_AREA_STYLE_COLOUR('',#12339);
#12421 = CURVE_STYLE('',#12422,POSITIVE_LENGTH_MEASURE(0.1),#12339);
#12422 = DRAUGHTING_PRE_DEFINED_CURVE_FONT('continuous');
#12423 = STYLED_ITEM('color',(#12424),#2575);
#12424 = PRESENTATION_STYLE_ASSIGNMENT((#12425,#12430));
#12425 = SURFACE_STYLE_USAGE(.BOTH.,#12426);
#12426 = SURFACE_SIDE_STYLE('',(#12427));
#12427 = SURFACE_STYLE_FILL_AREA(#12428);
#12428 = FILL_AREA_STYLE('',(#12429));
#12429 = FILL_AREA_STYLE_COLOUR('',#12339);
#12430 = CURVE_STYLE('',#12431,POSITIVE_LENGTH_MEASURE(0.1),#12339);
#12431 = DRAUGHTING_PRE_DEFINED_CURVE_FONT('continuous');
#12432 = STYLED_ITEM('color',(#12433),#2615);
#12433 = PRESENTATION_STYLE_ASSIGNMENT((#12434,#12439));
#12434 = SURFACE_STYLE_USAGE(.BOTH.,#12435);
#12435 = SURFACE_SIDE_STYLE('',(#12436));
#12436 = SURFACE_STYLE_FILL_AREA(#12437);
#12437 = FILL_AREA_STYLE('',(#12438));
#12438 = FILL_AREA_STYLE_COLOUR('',#12339);
#12439 = CURVE_STYLE('',#12440,POSITIVE_LENGTH_MEASURE(0.1),#12339);
#12440 = DRAUGHTING_PRE_DEFINED_CURVE_FONT('continuous');
#12441 = STYLED_ITEM('color',(#12442),#2639);
#12442 = PRESENTATION_STYLE_ASSIGNMENT((#12443,#12448));
#12443 = SURFACE_STYLE_USAGE(.BOTH.,#12444);
#12444 = SURFACE_SIDE_STYLE('',(#12445));
#12445 = SURFACE_STYLE_FILL_AREA(#12446);
#12446 = FILL_AREA_STYLE('',(#12447));
#12447 = FILL_AREA_STYLE_COLOUR('',#12339);
#12448 = CURVE_STYLE('',#12449,POSITIVE_LENGTH_MEASURE(0.1),#12339);
#12449 = DRAUGHTING_PRE_DEFINED_CURVE_FONT('continuous');
#12450 = STYLED_ITEM('color',(#12451),#2672);
#12451 = PRESENTATION_STYLE_ASSIGNMENT((#12452,#12457));
#12452 = SURFACE_STYLE_USAGE(.BOTH.,#12453);
#12453 = SURFACE_SIDE_STYLE('',(#12454));
#12454 = SURFACE_STYLE_FILL_AREA(#12455);
#12455 = FILL_AREA_STYLE('',(#12456));
#12456 = FILL_AREA_STYLE_COLOUR('',#12339);
#12457 = CURVE_STYLE('',#12458,POSITIVE_LENGTH_MEASURE(0.1),#12339);
#12458 = DRAUGHTING_PRE_DEFINED_CURVE_FONT('continuous');
#12459 = STYLED_ITEM('color',(#12460),#2712);
#12460 = PRESENTATION_STYLE_ASSIGNMENT((#12461,#12466));
#12461 = SURFACE_STYLE_USAGE(.BOTH.,#12462);
#12462 = SURFACE_SIDE_STYLE('',(#12463));
#12463 = SURFACE_STYLE_FILL_AREA(#12464);
#12464 = FILL_AREA_STYLE('',(#12465));
#12465 = FILL_AREA_STYLE_COLOUR('',#12339);
#12466 = CURVE_STYLE('',#12467,POSITIVE_LENGTH_MEASURE(0.1),#12339);
#12467 = DRAUGHTING_PRE_DEFINED_CURVE_FONT('continuous');
#12468 = STYLED_ITEM('color',(#12469),#2736);
#12469 = PRESENTATION_STYLE_ASSIGNMENT((#12470,#12475));
#12470 = SURFACE_STYLE_USAGE(.BOTH.,#12471);
#12471 = SURFACE_SIDE_STYLE('',(#12472));
#12472 = SURFACE_STYLE_FILL_AREA(#12473);
#12473 = FILL_AREA_STYLE('',(#12474));
#12474 = FILL_AREA_STYLE_COLOUR('',#12339);
#12475 = CURVE_STYLE('',#12476,POSITIVE_LENGTH_MEASURE(0.1),#12339);
#12476 = DRAUGHTING_PRE_DEFINED_CURVE_FONT('continuous');
#12477 = STYLED_ITEM('color',(#12478),#2769);
#12478 = PRESENTATION_STYLE_ASSIGNMENT((#12479,#12484));
#12479 = SURFACE_STYLE_USAGE(.BOTH.,#12480);
#12480 = SURFACE_SIDE_STYLE('',(#12481));
#12481 = SURFACE_STYLE_FILL_AREA(#12482);
#12482 = FILL_AREA_STYLE('',(#12483));
#12483 = FILL_AREA_STYLE_COLOUR('',#12339);
#12484 = CURVE_STYLE('',#12485,POSITIVE_LENGTH_MEASURE(0.1),#12339);
#12485 = DRAUGHTING_PRE_DEFINED_CURVE_FONT('continuous');
#12486 = STYLED_ITEM('color',(#12487),#2796);
#12487 = PRESENTATION_STYLE_ASSIGNMENT((#12488,#12493));
#12488 = SURFACE_STYLE_USAGE(.BOTH.,#12489);
#12489 = SURFACE_SIDE_STYLE('',(#12490));
#12490 = SURFACE_STYLE_FILL_AREA(#12491);
#12491 = FILL_AREA_STYLE('',(#12492));
#12492 = FILL_AREA_STYLE_COLOUR('',#12339);
#12493 = CURVE_STYLE('',#12494,POSITIVE_LENGTH_MEASURE(0.1),#12339);
#12494 = DRAUGHTING_PRE_DEFINED_CURVE_FONT('continuous');
#12495 = STYLED_ITEM('color',(#12496),#2814);
#12496 = PRESENTATION_STYLE_ASSIGNMENT((#12497,#12502));
#12497 = SURFACE_STYLE_USAGE(.BOTH.,#12498);
#12498 = SURFACE_SIDE_STYLE('',(#12499));
#12499 = SURFACE_STYLE_FILL_AREA(#12500);
#12500 = FILL_AREA_STYLE('',(#12501));
#12501 = FILL_AREA_STYLE_COLOUR('',#12339);
#12502 = CURVE_STYLE('',#12503,POSITIVE_LENGTH_MEASURE(0.1),#12339);
#12503 = DRAUGHTING_PRE_DEFINED_CURVE_FONT('continuous');
#12504 = STYLED_ITEM('color',(#12505),#2839);
#12505 = PRESENTATION_STYLE_ASSIGNMENT((#12506,#12511));
#12506 = SURFACE_STYLE_USAGE(.BOTH.,#12507);
#12507 = SURFACE_SIDE_STYLE('',(#12508));
#12508 = SURFACE_STYLE_FILL_AREA(#12509);
#12509 = FILL_AREA_STYLE('',(#12510));
#12510 = FILL_AREA_STYLE_COLOUR('',#12203);
#12511 = CURVE_STYLE('',#12512,POSITIVE_LENGTH_MEASURE(0.1),#12203);
#12512 = DRAUGHTING_PRE_DEFINED_CURVE_FONT('continuous');
#12513 = STYLED_ITEM('color',(#12514),#2863);
#12514 = PRESENTATION_STYLE_ASSIGNMENT((#12515,#12520));
#12515 = SURFACE_STYLE_USAGE(.BOTH.,#12516);
#12516 = SURFACE_SIDE_STYLE('',(#12517));
#12517 = SURFACE_STYLE_FILL_AREA(#12518);
#12518 = FILL_AREA_STYLE('',(#12519));
#12519 = FILL_AREA_STYLE_COLOUR('',#12203);
#12520 = CURVE_STYLE('',#12521,POSITIVE_LENGTH_MEASURE(0.1),#12203);
#12521 = DRAUGHTING_PRE_DEFINED_CURVE_FONT('continuous');
#12522 = STYLED_ITEM('color',(#12523),#2917);
#12523 = PRESENTATION_STYLE_ASSIGNMENT((#12524,#12529));
#12524 = SURFACE_STYLE_USAGE(.BOTH.,#12525);
#12525 = SURFACE_SIDE_STYLE('',(#12526));
#12526 = SURFACE_STYLE_FILL_AREA(#12527);
#12527 = FILL_AREA_STYLE('',(#12528));
#12528 = FILL_AREA_STYLE_COLOUR('',#12203);
#12529 = CURVE_STYLE('',#12530,POSITIVE_LENGTH_MEASURE(0.1),#12203);
#12530 = DRAUGHTING_PRE_DEFINED_CURVE_FONT('continuous');
#12531 = STYLED_ITEM('color',(#12532),#2941);
#12532 = PRESENTATION_STYLE_ASSIGNMENT((#12533,#12538));
#12533 = SURFACE_STYLE_USAGE(.BOTH.,#12534);
#12534 = SURFACE_SIDE_STYLE('',(#12535));
#12535 = SURFACE_STYLE_FILL_AREA(#12536);
#12536 = FILL_AREA_STYLE('',(#12537));
#12537 = FILL_AREA_STYLE_COLOUR('',#12203);
#12538 = CURVE_STYLE('',#12539,POSITIVE_LENGTH_MEASURE(0.1),#12203);
#12539 = DRAUGHTING_PRE_DEFINED_CURVE_FONT('continuous');
#12540 = STYLED_ITEM('color',(#12541),#2965);
#12541 = PRESENTATION_STYLE_ASSIGNMENT((#12542,#12547));
#12542 = SURFACE_STYLE_USAGE(.BOTH.,#12543);
#12543 = SURFACE_SIDE_STYLE('',(#12544));
#12544 = SURFACE_STYLE_FILL_AREA(#12545);
#12545 = FILL_AREA_STYLE('',(#12546));
#12546 = FILL_AREA_STYLE_COLOUR('',#12203);
#12547 = CURVE_STYLE('',#12548,POSITIVE_LENGTH_MEASURE(0.1),#12203);
#12548 = DRAUGHTING_PRE_DEFINED_CURVE_FONT('continuous');
#12549 = STYLED_ITEM('color',(#12550),#2982);
#12550 = PRESENTATION_STYLE_ASSIGNMENT((#12551,#12556));
#12551 = SURFACE_STYLE_USAGE(.BOTH.,#12552);
#12552 = SURFACE_SIDE_STYLE('',(#12553));
#12553 = SURFACE_STYLE_FILL_AREA(#12554);
#12554 = FILL_AREA_STYLE('',(#12555));
#12555 = FILL_AREA_STYLE_COLOUR('',#12203);
#12556 = CURVE_STYLE('',#12557,POSITIVE_LENGTH_MEASURE(0.1),#12203);
#12557 = DRAUGHTING_PRE_DEFINED_CURVE_FONT('continuous');
#12558 = STYLED_ITEM('color',(#12559),#3006);
#12559 = PRESENTATION_STYLE_ASSIGNMENT((#12560,#12565));
#12560 = SURFACE_STYLE_USAGE(.BOTH.,#12561);
#12561 = SURFACE_SIDE_STYLE('',(#12562));
#12562 = SURFACE_STYLE_FILL_AREA(#12563);
#12563 = FILL_AREA_STYLE('',(#12564));
#12564 = FILL_AREA_STYLE_COLOUR('',#12203);
#12565 = CURVE_STYLE('',#12566,POSITIVE_LENGTH_MEASURE(0.1),#12203);
#12566 = DRAUGHTING_PRE_DEFINED_CURVE_FONT('continuous');
#12567 = STYLED_ITEM('color',(#12568),#3053);
#12568 = PRESENTATION_STYLE_ASSIGNMENT((#12569,#12574));
#12569 = SURFACE_STYLE_USAGE(.BOTH.,#12570);
#12570 = SURFACE_SIDE_STYLE('',(#12571));
#12571 = SURFACE_STYLE_FILL_AREA(#12572);
#12572 = FILL_AREA_STYLE('',(#12573));
#12573 = FILL_AREA_STYLE_COLOUR('',#12203);
#12574 = CURVE_STYLE('',#12575,POSITIVE_LENGTH_MEASURE(0.1),#12203);
#12575 = DRAUGHTING_PRE_DEFINED_CURVE_FONT('continuous');
#12576 = STYLED_ITEM('color',(#12577),#3077);
#12577 = PRESENTATION_STYLE_ASSIGNMENT((#12578,#12583));
#12578 = SURFACE_STYLE_USAGE(.BOTH.,#12579);
#12579 = SURFACE_SIDE_STYLE('',(#12580));
#12580 = SURFACE_STYLE_FILL_AREA(#12581);
#12581 = FILL_AREA_STYLE('',(#12582));
#12582 = FILL_AREA_STYLE_COLOUR('',#12203);
#12583 = CURVE_STYLE('',#12584,POSITIVE_LENGTH_MEASURE(0.1),#12203);
#12584 = DRAUGHTING_PRE_DEFINED_CURVE_FONT('continuous');
#12585 = STYLED_ITEM('color',(#12586),#3101);
#12586 = PRESENTATION_STYLE_ASSIGNMENT((#12587,#12592));
#12587 = SURFACE_STYLE_USAGE(.BOTH.,#12588);
#12588 = SURFACE_SIDE_STYLE('',(#12589));
#12589 = SURFACE_STYLE_FILL_AREA(#12590);
#12590 = FILL_AREA_STYLE('',(#12591));
#12591 = FILL_AREA_STYLE_COLOUR('',#12203);
#12592 = CURVE_STYLE('',#12593,POSITIVE_LENGTH_MEASURE(0.1),#12203);
#12593 = DRAUGHTING_PRE_DEFINED_CURVE_FONT('continuous');
#12594 = STYLED_ITEM('color',(#12595),#3118);
#12595 = PRESENTATION_STYLE_ASSIGNMENT((#12596,#12601));
#12596 = SURFACE_STYLE_USAGE(.BOTH.,#12597);
#12597 = SURFACE_SIDE_STYLE('',(#12598));
#12598 = SURFACE_STYLE_FILL_AREA(#12599);
#12599 = FILL_AREA_STYLE('',(#12600));
#12600 = FILL_AREA_STYLE_COLOUR('',#12203);
#12601 = CURVE_STYLE('',#12602,POSITIVE_LENGTH_MEASURE(0.1),#12203);
#12602 = DRAUGHTING_PRE_DEFINED_CURVE_FONT('continuous');
#12603 = STYLED_ITEM('color',(#12604),#3135);
#12604 = PRESENTATION_STYLE_ASSIGNMENT((#12605,#12610));
#12605 = SURFACE_STYLE_USAGE(.BOTH.,#12606);
#12606 = SURFACE_SIDE_STYLE('',(#12607));
#12607 = SURFACE_STYLE_FILL_AREA(#12608);
#12608 = FILL_AREA_STYLE('',(#12609));
#12609 = FILL_AREA_STYLE_COLOUR('',#12203);
#12610 = CURVE_STYLE('',#12611,POSITIVE_LENGTH_MEASURE(0.1),#12203);
#12611 = DRAUGHTING_PRE_DEFINED_CURVE_FONT('continuous');
#12612 = STYLED_ITEM('color',(#12613),#3175);
#12613 = PRESENTATION_STYLE_ASSIGNMENT((#12614,#12619));
#12614 = SURFACE_STYLE_USAGE(.BOTH.,#12615);
#12615 = SURFACE_SIDE_STYLE('',(#12616));
#12616 = SURFACE_STYLE_FILL_AREA(#12617);
#12617 = FILL_AREA_STYLE('',(#12618));
#12618 = FILL_AREA_STYLE_COLOUR('',#12203);
#12619 = CURVE_STYLE('',#12620,POSITIVE_LENGTH_MEASURE(0.1),#12203);
#12620 = DRAUGHTING_PRE_DEFINED_CURVE_FONT('continuous');
#12621 = STYLED_ITEM('color',(#12622),#3192);
#12622 = PRESENTATION_STYLE_ASSIGNMENT((#12623,#12628));
#12623 = SURFACE_STYLE_USAGE(.BOTH.,#12624);
#12624 = SURFACE_SIDE_STYLE('',(#12625));
#12625 = SURFACE_STYLE_FILL_AREA(#12626);
#12626 = FILL_AREA_STYLE('',(#12627));
#12627 = FILL_AREA_STYLE_COLOUR('',#12203);
#12628 = CURVE_STYLE('',#12629,POSITIVE_LENGTH_MEASURE(0.1),#12203);
#12629 = DRAUGHTING_PRE_DEFINED_CURVE_FONT('continuous');
#12630 = STYLED_ITEM('color',(#12631),#3206);
#12631 = PRESENTATION_STYLE_ASSIGNMENT((#12632,#12637));
#12632 = SURFACE_STYLE_USAGE(.BOTH.,#12633);
#12633 = SURFACE_SIDE_STYLE('',(#12634));
#12634 = SURFACE_STYLE_FILL_AREA(#12635);
#12635 = FILL_AREA_STYLE('',(#12636));
#12636 = FILL_AREA_STYLE_COLOUR('',#12203);
#12637 = CURVE_STYLE('',#12638,POSITIVE_LENGTH_MEASURE(0.1),#12203);
#12638 = DRAUGHTING_PRE_DEFINED_CURVE_FONT('continuous');
#12639 = STYLED_ITEM('color',(#12640),#3223);
#12640 = PRESENTATION_STYLE_ASSIGNMENT((#12641,#12646));
#12641 = SURFACE_STYLE_USAGE(.BOTH.,#12642);
#12642 = SURFACE_SIDE_STYLE('',(#12643));
#12643 = SURFACE_STYLE_FILL_AREA(#12644);
#12644 = FILL_AREA_STYLE('',(#12645));
#12645 = FILL_AREA_STYLE_COLOUR('',#12339);
#12646 = CURVE_STYLE('',#12647,POSITIVE_LENGTH_MEASURE(0.1),#12339);
#12647 = DRAUGHTING_PRE_DEFINED_CURVE_FONT('continuous');
#12648 = STYLED_ITEM('color',(#12649),#3240);
#12649 = PRESENTATION_STYLE_ASSIGNMENT((#12650,#12655));
#12650 = SURFACE_STYLE_USAGE(.BOTH.,#12651);
#12651 = SURFACE_SIDE_STYLE('',(#12652));
#12652 = SURFACE_STYLE_FILL_AREA(#12653);
#12653 = FILL_AREA_STYLE('',(#12654));
#12654 = FILL_AREA_STYLE_COLOUR('',#12339);
#12655 = CURVE_STYLE('',#12656,POSITIVE_LENGTH_MEASURE(0.1),#12339);
#12656 = DRAUGHTING_PRE_DEFINED_CURVE_FONT('continuous');
#12657 = STYLED_ITEM('color',(#12658),#3257);
#12658 = PRESENTATION_STYLE_ASSIGNMENT((#12659,#12664));
#12659 = SURFACE_STYLE_USAGE(.BOTH.,#12660);
#12660 = SURFACE_SIDE_STYLE('',(#12661));
#12661 = SURFACE_STYLE_FILL_AREA(#12662);
#12662 = FILL_AREA_STYLE('',(#12663));
#12663 = FILL_AREA_STYLE_COLOUR('',#12339);
#12664 = CURVE_STYLE('',#12665,POSITIVE_LENGTH_MEASURE(0.1),#12339);
#12665 = DRAUGHTING_PRE_DEFINED_CURVE_FONT('continuous');
#12666 = STYLED_ITEM('color',(#12667),#3274);
#12667 = PRESENTATION_STYLE_ASSIGNMENT((#12668,#12673));
#12668 = SURFACE_STYLE_USAGE(.BOTH.,#12669);
#12669 = SURFACE_SIDE_STYLE('',(#12670));
#12670 = SURFACE_STYLE_FILL_AREA(#12671);
#12671 = FILL_AREA_STYLE('',(#12672));
#12672 = FILL_AREA_STYLE_COLOUR('',#12339);
#12673 = CURVE_STYLE('',#12674,POSITIVE_LENGTH_MEASURE(0.1),#12339);
#12674 = DRAUGHTING_PRE_DEFINED_CURVE_FONT('continuous');
#12675 = STYLED_ITEM('color',(#12676),#3291);
#12676 = PRESENTATION_STYLE_ASSIGNMENT((#12677,#12682));
#12677 = SURFACE_STYLE_USAGE(.BOTH.,#12678);
#12678 = SURFACE_SIDE_STYLE('',(#12679));
#12679 = SURFACE_STYLE_FILL_AREA(#12680);
#12680 = FILL_AREA_STYLE('',(#12681));
#12681 = FILL_AREA_STYLE_COLOUR('',#12203);
#12682 = CURVE_STYLE('',#12683,POSITIVE_LENGTH_MEASURE(0.1),#12203);
#12683 = DRAUGHTING_PRE_DEFINED_CURVE_FONT('continuous');
#12684 = STYLED_ITEM('color',(#12685),#3315);
#12685 = PRESENTATION_STYLE_ASSIGNMENT((#12686,#12691));
#12686 = SURFACE_STYLE_USAGE(.BOTH.,#12687);
#12687 = SURFACE_SIDE_STYLE('',(#12688));
#12688 = SURFACE_STYLE_FILL_AREA(#12689);
#12689 = FILL_AREA_STYLE('',(#12690));
#12690 = FILL_AREA_STYLE_COLOUR('',#12203);
#12691 = CURVE_STYLE('',#12692,POSITIVE_LENGTH_MEASURE(0.1),#12203);
#12692 = DRAUGHTING_PRE_DEFINED_CURVE_FONT('continuous');
#12693 = STYLED_ITEM('color',(#12694),#3332);
#12694 = PRESENTATION_STYLE_ASSIGNMENT((#12695,#12700));
#12695 = SURFACE_STYLE_USAGE(.BOTH.,#12696);
#12696 = SURFACE_SIDE_STYLE('',(#12697));
#12697 = SURFACE_STYLE_FILL_AREA(#12698);
#12698 = FILL_AREA_STYLE('',(#12699));
#12699 = FILL_AREA_STYLE_COLOUR('',#12203);
#12700 = CURVE_STYLE('',#12701,POSITIVE_LENGTH_MEASURE(0.1),#12203);
#12701 = DRAUGHTING_PRE_DEFINED_CURVE_FONT('continuous');
#12702 = STYLED_ITEM('color',(#12703),#3349);
#12703 = PRESENTATION_STYLE_ASSIGNMENT((#12704,#12709));
#12704 = SURFACE_STYLE_USAGE(.BOTH.,#12705);
#12705 = SURFACE_SIDE_STYLE('',(#12706));
#12706 = SURFACE_STYLE_FILL_AREA(#12707);
#12707 = FILL_AREA_STYLE('',(#12708));
#12708 = FILL_AREA_STYLE_COLOUR('',#12203);
#12709 = CURVE_STYLE('',#12710,POSITIVE_LENGTH_MEASURE(0.1),#12203);
#12710 = DRAUGHTING_PRE_DEFINED_CURVE_FONT('continuous');
#12711 = STYLED_ITEM('color',(#12712),#3361);
#12712 = PRESENTATION_STYLE_ASSIGNMENT((#12713,#12718));
#12713 = SURFACE_STYLE_USAGE(.BOTH.,#12714);
#12714 = SURFACE_SIDE_STYLE('',(#12715));
#12715 = SURFACE_STYLE_FILL_AREA(#12716);
#12716 = FILL_AREA_STYLE('',(#12717));
#12717 = FILL_AREA_STYLE_COLOUR('',#12339);
#12718 = CURVE_STYLE('',#12719,POSITIVE_LENGTH_MEASURE(0.1),#12339);
#12719 = DRAUGHTING_PRE_DEFINED_CURVE_FONT('continuous');
#12720 = STYLED_ITEM('color',(#12721),#3381);
#12721 = PRESENTATION_STYLE_ASSIGNMENT((#12722,#12727));
#12722 = SURFACE_STYLE_USAGE(.BOTH.,#12723);
#12723 = SURFACE_SIDE_STYLE('',(#12724));
#12724 = SURFACE_STYLE_FILL_AREA(#12725);
#12725 = FILL_AREA_STYLE('',(#12726));
#12726 = FILL_AREA_STYLE_COLOUR('',#12339);
#12727 = CURVE_STYLE('',#12728,POSITIVE_LENGTH_MEASURE(0.1),#12339);
#12728 = DRAUGHTING_PRE_DEFINED_CURVE_FONT('continuous');
#12729 = STYLED_ITEM('color',(#12730),#3393);
#12730 = PRESENTATION_STYLE_ASSIGNMENT((#12731,#12736));
#12731 = SURFACE_STYLE_USAGE(.BOTH.,#12732);
#12732 = SURFACE_SIDE_STYLE('',(#12733));
#12733 = SURFACE_STYLE_FILL_AREA(#12734);
#12734 = FILL_AREA_STYLE('',(#12735));
#12735 = FILL_AREA_STYLE_COLOUR('',#12339);
#12736 = CURVE_STYLE('',#12737,POSITIVE_LENGTH_MEASURE(0.1),#12339);
#12737 = DRAUGHTING_PRE_DEFINED_CURVE_FONT('continuous');
#12738 = STYLED_ITEM('color',(#12739),#3405);
#12739 = PRESENTATION_STYLE_ASSIGNMENT((#12740,#12745));
#12740 = SURFACE_STYLE_USAGE(.BOTH.,#12741);
#12741 = SURFACE_SIDE_STYLE('',(#12742));
#12742 = SURFACE_STYLE_FILL_AREA(#12743);
#12743 = FILL_AREA_STYLE('',(#12744));
#12744 = FILL_AREA_STYLE_COLOUR('',#12339);
#12745 = CURVE_STYLE('',#12746,POSITIVE_LENGTH_MEASURE(0.1),#12339);
#12746 = DRAUGHTING_PRE_DEFINED_CURVE_FONT('continuous');
#12747 = STYLED_ITEM('color',(#12748),#3422);
#12748 = PRESENTATION_STYLE_ASSIGNMENT((#12749,#12754));
#12749 = SURFACE_STYLE_USAGE(.BOTH.,#12750);
#12750 = SURFACE_SIDE_STYLE('',(#12751));
#12751 = SURFACE_STYLE_FILL_AREA(#12752);
#12752 = FILL_AREA_STYLE('',(#12753));
#12753 = FILL_AREA_STYLE_COLOUR('',#12339);
#12754 = CURVE_STYLE('',#12755,POSITIVE_LENGTH_MEASURE(0.1),#12339);
#12755 = DRAUGHTING_PRE_DEFINED_CURVE_FONT('continuous');
#12756 = STYLED_ITEM('color',(#12757),#3434);
#12757 = PRESENTATION_STYLE_ASSIGNMENT((#12758,#12763));
#12758 = SURFACE_STYLE_USAGE(.BOTH.,#12759);
#12759 = SURFACE_SIDE_STYLE('',(#12760));
#12760 = SURFACE_STYLE_FILL_AREA(#12761);
#12761 = FILL_AREA_STYLE('',(#12762));
#12762 = FILL_AREA_STYLE_COLOUR('',#12339);
#12763 = CURVE_STYLE('',#12764,POSITIVE_LENGTH_MEASURE(0.1),#12339);
#12764 = DRAUGHTING_PRE_DEFINED_CURVE_FONT('continuous');
#12765 = STYLED_ITEM('color',(#12766),#3451);
#12766 = PRESENTATION_STYLE_ASSIGNMENT((#12767,#12772));
#12767 = SURFACE_STYLE_USAGE(.BOTH.,#12768);
#12768 = SURFACE_SIDE_STYLE('',(#12769));
#12769 = SURFACE_STYLE_FILL_AREA(#12770);
#12770 = FILL_AREA_STYLE('',(#12771));
#12771 = FILL_AREA_STYLE_COLOUR('',#12339);
#12772 = CURVE_STYLE('',#12773,POSITIVE_LENGTH_MEASURE(0.1),#12339);
#12773 = DRAUGHTING_PRE_DEFINED_CURVE_FONT('continuous');
#12774 = STYLED_ITEM('color',(#12775),#3463);
#12775 = PRESENTATION_STYLE_ASSIGNMENT((#12776,#12781));
#12776 = SURFACE_STYLE_USAGE(.BOTH.,#12777);
#12777 = SURFACE_SIDE_STYLE('',(#12778));
#12778 = SURFACE_STYLE_FILL_AREA(#12779);
#12779 = FILL_AREA_STYLE('',(#12780));
#12780 = FILL_AREA_STYLE_COLOUR('',#12339);
#12781 = CURVE_STYLE('',#12782,POSITIVE_LENGTH_MEASURE(0.1),#12339);
#12782 = DRAUGHTING_PRE_DEFINED_CURVE_FONT('continuous');
#12783 = STYLED_ITEM('color',(#12784),#3480);
#12784 = PRESENTATION_STYLE_ASSIGNMENT((#12785,#12790));
#12785 = SURFACE_STYLE_USAGE(.BOTH.,#12786);
#12786 = SURFACE_SIDE_STYLE('',(#12787));
#12787 = SURFACE_STYLE_FILL_AREA(#12788);
#12788 = FILL_AREA_STYLE('',(#12789));
#12789 = FILL_AREA_STYLE_COLOUR('',#12339);
#12790 = CURVE_STYLE('',#12791,POSITIVE_LENGTH_MEASURE(0.1),#12339);
#12791 = DRAUGHTING_PRE_DEFINED_CURVE_FONT('continuous');
#12792 = STYLED_ITEM('color',(#12793),#3492);
#12793 = PRESENTATION_STYLE_ASSIGNMENT((#12794,#12799));
#12794 = SURFACE_STYLE_USAGE(.BOTH.,#12795);
#12795 = SURFACE_SIDE_STYLE('',(#12796));
#12796 = SURFACE_STYLE_FILL_AREA(#12797);
#12797 = FILL_AREA_STYLE('',(#12798));
#12798 = FILL_AREA_STYLE_COLOUR('',#12339);
#12799 = CURVE_STYLE('',#12800,POSITIVE_LENGTH_MEASURE(0.1),#12339);
#12800 = DRAUGHTING_PRE_DEFINED_CURVE_FONT('continuous');
#12801 = STYLED_ITEM('color',(#12802),#3509);
#12802 = PRESENTATION_STYLE_ASSIGNMENT((#12803,#12808));
#12803 = SURFACE_STYLE_USAGE(.BOTH.,#12804);
#12804 = SURFACE_SIDE_STYLE('',(#12805));
#12805 = SURFACE_STYLE_FILL_AREA(#12806);
#12806 = FILL_AREA_STYLE('',(#12807));
#12807 = FILL_AREA_STYLE_COLOUR('',#12339);
#12808 = CURVE_STYLE('',#12809,POSITIVE_LENGTH_MEASURE(0.1),#12339);
#12809 = DRAUGHTING_PRE_DEFINED_CURVE_FONT('continuous');
#12810 = STYLED_ITEM('color',(#12811),#3521);
#12811 = PRESENTATION_STYLE_ASSIGNMENT((#12812,#12817));
#12812 = SURFACE_STYLE_USAGE(.BOTH.,#12813);
#12813 = SURFACE_SIDE_STYLE('',(#12814));
#12814 = SURFACE_STYLE_FILL_AREA(#12815);
#12815 = FILL_AREA_STYLE('',(#12816));
#12816 = FILL_AREA_STYLE_COLOUR('',#12203);
#12817 = CURVE_STYLE('',#12818,POSITIVE_LENGTH_MEASURE(0.1),#12203);
#12818 = DRAUGHTING_PRE_DEFINED_CURVE_FONT('continuous');
#12819 = STYLED_ITEM('color',(#12820),#3533);
#12820 = PRESENTATION_STYLE_ASSIGNMENT((#12821,#12826));
#12821 = SURFACE_STYLE_USAGE(.BOTH.,#12822);
#12822 = SURFACE_SIDE_STYLE('',(#12823));
#12823 = SURFACE_STYLE_FILL_AREA(#12824);
#12824 = FILL_AREA_STYLE('',(#12825));
#12825 = FILL_AREA_STYLE_COLOUR('',#12203);
#12826 = CURVE_STYLE('',#12827,POSITIVE_LENGTH_MEASURE(0.1),#12203);
#12827 = DRAUGHTING_PRE_DEFINED_CURVE_FONT('continuous');
#12828 = STYLED_ITEM('color',(#12829),#3681);
#12829 = PRESENTATION_STYLE_ASSIGNMENT((#12830,#12835));
#12830 = SURFACE_STYLE_USAGE(.BOTH.,#12831);
#12831 = SURFACE_SIDE_STYLE('',(#12832));
#12832 = SURFACE_STYLE_FILL_AREA(#12833);
#12833 = FILL_AREA_STYLE('',(#12834));
#12834 = FILL_AREA_STYLE_COLOUR('',#12203);
#12835 = CURVE_STYLE('',#12836,POSITIVE_LENGTH_MEASURE(0.1),#12203);
#12836 = DRAUGHTING_PRE_DEFINED_CURVE_FONT('continuous');
#12837 = STYLED_ITEM('color',(#12838),#3693);
#12838 = PRESENTATION_STYLE_ASSIGNMENT((#12839,#12844));
#12839 = SURFACE_STYLE_USAGE(.BOTH.,#12840);
#12840 = SURFACE_SIDE_STYLE('',(#12841));
#12841 = SURFACE_STYLE_FILL_AREA(#12842);
#12842 = FILL_AREA_STYLE('',(#12843));
#12843 = FILL_AREA_STYLE_COLOUR('',#12339);
#12844 = CURVE_STYLE('',#12845,POSITIVE_LENGTH_MEASURE(0.1),#12339);
#12845 = DRAUGHTING_PRE_DEFINED_CURVE_FONT('continuous');
#12846 = STYLED_ITEM('color',(#12847),#3724);
#12847 = PRESENTATION_STYLE_ASSIGNMENT((#12848,#12853));
#12848 = SURFACE_STYLE_USAGE(.BOTH.,#12849);
#12849 = SURFACE_SIDE_STYLE('',(#12850));
#12850 = SURFACE_STYLE_FILL_AREA(#12851);
#12851 = FILL_AREA_STYLE('',(#12852));
#12852 = FILL_AREA_STYLE_COLOUR('',#12339);
#12853 = CURVE_STYLE('',#12854,POSITIVE_LENGTH_MEASURE(0.1),#12339);
#12854 = DRAUGHTING_PRE_DEFINED_CURVE_FONT('continuous');
#12855 = STYLED_ITEM('color',(#12856),#3748);
#12856 = PRESENTATION_STYLE_ASSIGNMENT((#12857,#12862));
#12857 = SURFACE_STYLE_USAGE(.BOTH.,#12858);
#12858 = SURFACE_SIDE_STYLE('',(#12859));
#12859 = SURFACE_STYLE_FILL_AREA(#12860);
#12860 = FILL_AREA_STYLE('',(#12861));
#12861 = FILL_AREA_STYLE_COLOUR('',#12339);
#12862 = CURVE_STYLE('',#12863,POSITIVE_LENGTH_MEASURE(0.1),#12339);
#12863 = DRAUGHTING_PRE_DEFINED_CURVE_FONT('continuous');
#12864 = STYLED_ITEM('color',(#12865),#3772);
#12865 = PRESENTATION_STYLE_ASSIGNMENT((#12866,#12871));
#12866 = SURFACE_STYLE_USAGE(.BOTH.,#12867);
#12867 = SURFACE_SIDE_STYLE('',(#12868));
#12868 = SURFACE_STYLE_FILL_AREA(#12869);
#12869 = FILL_AREA_STYLE('',(#12870));
#12870 = FILL_AREA_STYLE_COLOUR('',#12339);
#12871 = CURVE_STYLE('',#12872,POSITIVE_LENGTH_MEASURE(0.1),#12339);
#12872 = DRAUGHTING_PRE_DEFINED_CURVE_FONT('continuous');
#12873 = STYLED_ITEM('color',(#12874),#3789);
#12874 = PRESENTATION_STYLE_ASSIGNMENT((#12875,#12880));
#12875 = SURFACE_STYLE_USAGE(.BOTH.,#12876);
#12876 = SURFACE_SIDE_STYLE('',(#12877));
#12877 = SURFACE_STYLE_FILL_AREA(#12878);
#12878 = FILL_AREA_STYLE('',(#12879));
#12879 = FILL_AREA_STYLE_COLOUR('',#12339);
#12880 = CURVE_STYLE('',#12881,POSITIVE_LENGTH_MEASURE(0.1),#12339);
#12881 = DRAUGHTING_PRE_DEFINED_CURVE_FONT('continuous');
#12882 = STYLED_ITEM('color',(#12883),#3820);
#12883 = PRESENTATION_STYLE_ASSIGNMENT((#12884,#12889));
#12884 = SURFACE_STYLE_USAGE(.BOTH.,#12885);
#12885 = SURFACE_SIDE_STYLE('',(#12886));
#12886 = SURFACE_STYLE_FILL_AREA(#12887);
#12887 = FILL_AREA_STYLE('',(#12888));
#12888 = FILL_AREA_STYLE_COLOUR('',#12339);
#12889 = CURVE_STYLE('',#12890,POSITIVE_LENGTH_MEASURE(0.1),#12339);
#12890 = DRAUGHTING_PRE_DEFINED_CURVE_FONT('continuous');
#12891 = STYLED_ITEM('color',(#12892),#3844);
#12892 = PRESENTATION_STYLE_ASSIGNMENT((#12893,#12898));
#12893 = SURFACE_STYLE_USAGE(.BOTH.,#12894);
#12894 = SURFACE_SIDE_STYLE('',(#12895));
#12895 = SURFACE_STYLE_FILL_AREA(#12896);
#12896 = FILL_AREA_STYLE('',(#12897));
#12897 = FILL_AREA_STYLE_COLOUR('',#12339);
#12898 = CURVE_STYLE('',#12899,POSITIVE_LENGTH_MEASURE(0.1),#12339);
#12899 = DRAUGHTING_PRE_DEFINED_CURVE_FONT('continuous');
#12900 = STYLED_ITEM('color',(#12901),#3868);
#12901 = PRESENTATION_STYLE_ASSIGNMENT((#12902,#12907));
#12902 = SURFACE_STYLE_USAGE(.BOTH.,#12903);
#12903 = SURFACE_SIDE_STYLE('',(#12904));
#12904 = SURFACE_STYLE_FILL_AREA(#12905);
#12905 = FILL_AREA_STYLE('',(#12906));
#12906 = FILL_AREA_STYLE_COLOUR('',#12339);
#12907 = CURVE_STYLE('',#12908,POSITIVE_LENGTH_MEASURE(0.1),#12339);
#12908 = DRAUGHTING_PRE_DEFINED_CURVE_FONT('continuous');
#12909 = STYLED_ITEM('color',(#12910),#3885);
#12910 = PRESENTATION_STYLE_ASSIGNMENT((#12911,#12916));
#12911 = SURFACE_STYLE_USAGE(.BOTH.,#12912);
#12912 = SURFACE_SIDE_STYLE('',(#12913));
#12913 = SURFACE_STYLE_FILL_AREA(#12914);
#12914 = FILL_AREA_STYLE('',(#12915));
#12915 = FILL_AREA_STYLE_COLOUR('',#12339);
#12916 = CURVE_STYLE('',#12917,POSITIVE_LENGTH_MEASURE(0.1),#12339);
#12917 = DRAUGHTING_PRE_DEFINED_CURVE_FONT('continuous');
#12918 = STYLED_ITEM('color',(#12919),#3916);
#12919 = PRESENTATION_STYLE_ASSIGNMENT((#12920,#12925));
#12920 = SURFACE_STYLE_USAGE(.BOTH.,#12921);
#12921 = SURFACE_SIDE_STYLE('',(#12922));
#12922 = SURFACE_STYLE_FILL_AREA(#12923);
#12923 = FILL_AREA_STYLE('',(#12924));
#12924 = FILL_AREA_STYLE_COLOUR('',#12339);
#12925 = CURVE_STYLE('',#12926,POSITIVE_LENGTH_MEASURE(0.1),#12339);
#12926 = DRAUGHTING_PRE_DEFINED_CURVE_FONT('continuous');
#12927 = STYLED_ITEM('color',(#12928),#3940);
#12928 = PRESENTATION_STYLE_ASSIGNMENT((#12929,#12934));
#12929 = SURFACE_STYLE_USAGE(.BOTH.,#12930);
#12930 = SURFACE_SIDE_STYLE('',(#12931));
#12931 = SURFACE_STYLE_FILL_AREA(#12932);
#12932 = FILL_AREA_STYLE('',(#12933));
#12933 = FILL_AREA_STYLE_COLOUR('',#12339);
#12934 = CURVE_STYLE('',#12935,POSITIVE_LENGTH_MEASURE(0.1),#12339);
#12935 = DRAUGHTING_PRE_DEFINED_CURVE_FONT('continuous');
#12936 = STYLED_ITEM('color',(#12937),#3964);
#12937 = PRESENTATION_STYLE_ASSIGNMENT((#12938,#12943));
#12938 = SURFACE_STYLE_USAGE(.BOTH.,#12939);
#12939 = SURFACE_SIDE_STYLE('',(#12940));
#12940 = SURFACE_STYLE_FILL_AREA(#12941);
#12941 = FILL_AREA_STYLE('',(#12942));
#12942 = FILL_AREA_STYLE_COLOUR('',#12339);
#12943 = CURVE_STYLE('',#12944,POSITIVE_LENGTH_MEASURE(0.1),#12339);
#12944 = DRAUGHTING_PRE_DEFINED_CURVE_FONT('continuous');
#12945 = STYLED_ITEM('color',(#12946),#3981);
#12946 = PRESENTATION_STYLE_ASSIGNMENT((#12947,#12952));
#12947 = SURFACE_STYLE_USAGE(.BOTH.,#12948);
#12948 = SURFACE_SIDE_STYLE('',(#12949));
#12949 = SURFACE_STYLE_FILL_AREA(#12950);
#12950 = FILL_AREA_STYLE('',(#12951));
#12951 = FILL_AREA_STYLE_COLOUR('',#12339);
#12952 = CURVE_STYLE('',#12953,POSITIVE_LENGTH_MEASURE(0.1),#12339);
#12953 = DRAUGHTING_PRE_DEFINED_CURVE_FONT('continuous');
#12954 = STYLED_ITEM('color',(#12955),#4012);
#12955 = PRESENTATION_STYLE_ASSIGNMENT((#12956,#12961));
#12956 = SURFACE_STYLE_USAGE(.BOTH.,#12957);
#12957 = SURFACE_SIDE_STYLE('',(#12958));
#12958 = SURFACE_STYLE_FILL_AREA(#12959);
#12959 = FILL_AREA_STYLE('',(#12960));
#12960 = FILL_AREA_STYLE_COLOUR('',#12339);
#12961 = CURVE_STYLE('',#12962,POSITIVE_LENGTH_MEASURE(0.1),#12339);
#12962 = DRAUGHTING_PRE_DEFINED_CURVE_FONT('continuous');
#12963 = STYLED_ITEM('color',(#12964),#4036);
#12964 = PRESENTATION_STYLE_ASSIGNMENT((#12965,#12970));
#12965 = SURFACE_STYLE_USAGE(.BOTH.,#12966);
#12966 = SURFACE_SIDE_STYLE('',(#12967));
#12967 = SURFACE_STYLE_FILL_AREA(#12968);
#12968 = FILL_AREA_STYLE('',(#12969));
#12969 = FILL_AREA_STYLE_COLOUR('',#12339);
#12970 = CURVE_STYLE('',#12971,POSITIVE_LENGTH_MEASURE(0.1),#12339);
#12971 = DRAUGHTING_PRE_DEFINED_CURVE_FONT('continuous');
#12972 = STYLED_ITEM('color',(#12973),#4060);
#12973 = PRESENTATION_STYLE_ASSIGNMENT((#12974,#12979));
#12974 = SURFACE_STYLE_USAGE(.BOTH.,#12975);
#12975 = SURFACE_SIDE_STYLE('',(#12976));
#12976 = SURFACE_STYLE_FILL_AREA(#12977);
#12977 = FILL_AREA_STYLE('',(#12978));
#12978 = FILL_AREA_STYLE_COLOUR('',#12339);
#12979 = CURVE_STYLE('',#12980,POSITIVE_LENGTH_MEASURE(0.1),#12339);
#12980 = DRAUGHTING_PRE_DEFINED_CURVE_FONT('continuous');
#12981 = STYLED_ITEM('color',(#12982),#4077);
#12982 = PRESENTATION_STYLE_ASSIGNMENT((#12983,#12988));
#12983 = SURFACE_STYLE_USAGE(.BOTH.,#12984);
#12984 = SURFACE_SIDE_STYLE('',(#12985));
#12985 = SURFACE_STYLE_FILL_AREA(#12986);
#12986 = FILL_AREA_STYLE('',(#12987));
#12987 = FILL_AREA_STYLE_COLOUR('',#12339);
#12988 = CURVE_STYLE('',#12989,POSITIVE_LENGTH_MEASURE(0.1),#12339);
#12989 = DRAUGHTING_PRE_DEFINED_CURVE_FONT('continuous');
#12990 = STYLED_ITEM('color',(#12991),#4089);
#12991 = PRESENTATION_STYLE_ASSIGNMENT((#12992,#12997));
#12992 = SURFACE_STYLE_USAGE(.BOTH.,#12993);
#12993 = SURFACE_SIDE_STYLE('',(#12994));
#12994 = SURFACE_STYLE_FILL_AREA(#12995);
#12995 = FILL_AREA_STYLE('',(#12996));
#12996 = FILL_AREA_STYLE_COLOUR('',#12339);
#12997 = CURVE_STYLE('',#12998,POSITIVE_LENGTH_MEASURE(0.1),#12339);
#12998 = DRAUGHTING_PRE_DEFINED_CURVE_FONT('continuous');
#12999 = STYLED_ITEM('color',(#13000),#4101);
#13000 = PRESENTATION_STYLE_ASSIGNMENT((#13001,#13006));
#13001 = SURFACE_STYLE_USAGE(.BOTH.,#13002);
#13002 = SURFACE_SIDE_STYLE('',(#13003));
#13003 = SURFACE_STYLE_FILL_AREA(#13004);
#13004 = FILL_AREA_STYLE('',(#13005));
#13005 = FILL_AREA_STYLE_COLOUR('',#12339);
#13006 = CURVE_STYLE('',#13007,POSITIVE_LENGTH_MEASURE(0.1),#12339);
#13007 = DRAUGHTING_PRE_DEFINED_CURVE_FONT('continuous');
#13008 = STYLED_ITEM('color',(#13009),#4113);
#13009 = PRESENTATION_STYLE_ASSIGNMENT((#13010,#13015));
#13010 = SURFACE_STYLE_USAGE(.BOTH.,#13011);
#13011 = SURFACE_SIDE_STYLE('',(#13012));
#13012 = SURFACE_STYLE_FILL_AREA(#13013);
#13013 = FILL_AREA_STYLE('',(#13014));
#13014 = FILL_AREA_STYLE_COLOUR('',#12339);
#13015 = CURVE_STYLE('',#13016,POSITIVE_LENGTH_MEASURE(0.1),#12339);
#13016 = DRAUGHTING_PRE_DEFINED_CURVE_FONT('continuous');
#13017 = MECHANICAL_DESIGN_GEOMETRIC_PRESENTATION_REPRESENTATION('',(
    #13018,#13025,#13032,#13039,#13046,#13053,#13060,#13067,#13074,
    #13081,#13088,#13096,#13103,#13110,#13117,#13124,#13131,#13138,
    #13145,#13152,#13159,#13166,#13173,#13180,#13187,#13194,#13201,
    #13208),#5021);
#13018 = STYLED_ITEM('color',(#13019),#4169);
#13019 = PRESENTATION_STYLE_ASSIGNMENT((#13020));
#13020 = SURFACE_STYLE_USAGE(.BOTH.,#13021);
#13021 = SURFACE_SIDE_STYLE('',(#13022));
#13022 = SURFACE_STYLE_FILL_AREA(#13023);
#13023 = FILL_AREA_STYLE('',(#13024));
#13024 = FILL_AREA_STYLE_COLOUR('',#12339);
#13025 = STYLED_ITEM('color',(#13026),#4245);
#13026 = PRESENTATION_STYLE_ASSIGNMENT((#13027));
#13027 = SURFACE_STYLE_USAGE(.BOTH.,#13028);
#13028 = SURFACE_SIDE_STYLE('',(#13029));
#13029 = SURFACE_STYLE_FILL_AREA(#13030);
#13030 = FILL_AREA_STYLE('',(#13031));
#13031 = FILL_AREA_STYLE_COLOUR('',#12339);
#13032 = STYLED_ITEM('color',(#13033),#4276);
#13033 = PRESENTATION_STYLE_ASSIGNMENT((#13034));
#13034 = SURFACE_STYLE_USAGE(.BOTH.,#13035);
#13035 = SURFACE_SIDE_STYLE('',(#13036));
#13036 = SURFACE_STYLE_FILL_AREA(#13037);
#13037 = FILL_AREA_STYLE('',(#13038));
#13038 = FILL_AREA_STYLE_COLOUR('',#12339);
#13039 = STYLED_ITEM('color',(#13040),#4301);
#13040 = PRESENTATION_STYLE_ASSIGNMENT((#13041));
#13041 = SURFACE_STYLE_USAGE(.BOTH.,#13042);
#13042 = SURFACE_SIDE_STYLE('',(#13043));
#13043 = SURFACE_STYLE_FILL_AREA(#13044);
#13044 = FILL_AREA_STYLE('',(#13045));
#13045 = FILL_AREA_STYLE_COLOUR('',#12339);
#13046 = STYLED_ITEM('color',(#13047),#4326);
#13047 = PRESENTATION_STYLE_ASSIGNMENT((#13048));
#13048 = SURFACE_STYLE_USAGE(.BOTH.,#13049);
#13049 = SURFACE_SIDE_STYLE('',(#13050));
#13050 = SURFACE_STYLE_FILL_AREA(#13051);
#13051 = FILL_AREA_STYLE('',(#13052));
#13052 = FILL_AREA_STYLE_COLOUR('',#12339);
#13053 = STYLED_ITEM('color',(#13054),#4350);
#13054 = PRESENTATION_STYLE_ASSIGNMENT((#13055));
#13055 = SURFACE_STYLE_USAGE(.BOTH.,#13056);
#13056 = SURFACE_SIDE_STYLE('',(#13057));
#13057 = SURFACE_STYLE_FILL_AREA(#13058);
#13058 = FILL_AREA_STYLE('',(#13059));
#13059 = FILL_AREA_STYLE_COLOUR('',#12339);
#13060 = STYLED_ITEM('color',(#13061),#4374);
#13061 = PRESENTATION_STYLE_ASSIGNMENT((#13062));
#13062 = SURFACE_STYLE_USAGE(.BOTH.,#13063);
#13063 = SURFACE_SIDE_STYLE('',(#13064));
#13064 = SURFACE_STYLE_FILL_AREA(#13065);
#13065 = FILL_AREA_STYLE('',(#13066));
#13066 = FILL_AREA_STYLE_COLOUR('',#12339);
#13067 = STYLED_ITEM('color',(#13068),#4399);
#13068 = PRESENTATION_STYLE_ASSIGNMENT((#13069));
#13069 = SURFACE_STYLE_USAGE(.BOTH.,#13070);
#13070 = SURFACE_SIDE_STYLE('',(#13071));
#13071 = SURFACE_STYLE_FILL_AREA(#13072);
#13072 = FILL_AREA_STYLE('',(#13073));
#13073 = FILL_AREA_STYLE_COLOUR('',#12339);
#13074 = STYLED_ITEM('color',(#13075),#4424);
#13075 = PRESENTATION_STYLE_ASSIGNMENT((#13076));
#13076 = SURFACE_STYLE_USAGE(.BOTH.,#13077);
#13077 = SURFACE_SIDE_STYLE('',(#13078));
#13078 = SURFACE_STYLE_FILL_AREA(#13079);
#13079 = FILL_AREA_STYLE('',(#13080));
#13080 = FILL_AREA_STYLE_COLOUR('',#12339);
#13081 = STYLED_ITEM('color',(#13082),#4441);
#13082 = PRESENTATION_STYLE_ASSIGNMENT((#13083));
#13083 = SURFACE_STYLE_USAGE(.BOTH.,#13084);
#13084 = SURFACE_SIDE_STYLE('',(#13085));
#13085 = SURFACE_STYLE_FILL_AREA(#13086);
#13086 = FILL_AREA_STYLE('',(#13087));
#13087 = FILL_AREA_STYLE_COLOUR('',#12339);
#13088 = STYLED_ITEM('color',(#13089),#4527);
#13089 = PRESENTATION_STYLE_ASSIGNMENT((#13090));
#13090 = SURFACE_STYLE_USAGE(.BOTH.,#13091);
#13091 = SURFACE_SIDE_STYLE('',(#13092));
#13092 = SURFACE_STYLE_FILL_AREA(#13093);
#13093 = FILL_AREA_STYLE('',(#13094));
#13094 = FILL_AREA_STYLE_COLOUR('',#13095);
#13095 = COLOUR_RGB('',0.379000005575,0.270000008848,0.214999999939);
#13096 = STYLED_ITEM('color',(#13097),#4559);
#13097 = PRESENTATION_STYLE_ASSIGNMENT((#13098));
#13098 = SURFACE_STYLE_USAGE(.BOTH.,#13099);
#13099 = SURFACE_SIDE_STYLE('',(#13100));
#13100 = SURFACE_STYLE_FILL_AREA(#13101);
#13101 = FILL_AREA_STYLE('',(#13102));
#13102 = FILL_AREA_STYLE_COLOUR('',#13095);
#13103 = STYLED_ITEM('color',(#13104),#4583);
#13104 = PRESENTATION_STYLE_ASSIGNMENT((#13105));
#13105 = SURFACE_STYLE_USAGE(.BOTH.,#13106);
#13106 = SURFACE_SIDE_STYLE('',(#13107));
#13107 = SURFACE_STYLE_FILL_AREA(#13108);
#13108 = FILL_AREA_STYLE('',(#13109));
#13109 = FILL_AREA_STYLE_COLOUR('',#13095);
#13110 = STYLED_ITEM('color',(#13111),#4608);
#13111 = PRESENTATION_STYLE_ASSIGNMENT((#13112));
#13112 = SURFACE_STYLE_USAGE(.BOTH.,#13113);
#13113 = SURFACE_SIDE_STYLE('',(#13114));
#13114 = SURFACE_STYLE_FILL_AREA(#13115);
#13115 = FILL_AREA_STYLE('',(#13116));
#13116 = FILL_AREA_STYLE_COLOUR('',#13095);
#13117 = STYLED_ITEM('color',(#13118),#4632);
#13118 = PRESENTATION_STYLE_ASSIGNMENT((#13119));
#13119 = SURFACE_STYLE_USAGE(.BOTH.,#13120);
#13120 = SURFACE_SIDE_STYLE('',(#13121));
#13121 = SURFACE_STYLE_FILL_AREA(#13122);
#13122 = FILL_AREA_STYLE('',(#13123));
#13123 = FILL_AREA_STYLE_COLOUR('',#13095);
#13124 = STYLED_ITEM('color',(#13125),#4657);
#13125 = PRESENTATION_STYLE_ASSIGNMENT((#13126));
#13126 = SURFACE_STYLE_USAGE(.BOTH.,#13127);
#13127 = SURFACE_SIDE_STYLE('',(#13128));
#13128 = SURFACE_STYLE_FILL_AREA(#13129);
#13129 = FILL_AREA_STYLE('',(#13130));
#13130 = FILL_AREA_STYLE_COLOUR('',#13095);
#13131 = STYLED_ITEM('color',(#13132),#4681);
#13132 = PRESENTATION_STYLE_ASSIGNMENT((#13133));
#13133 = SURFACE_STYLE_USAGE(.BOTH.,#13134);
#13134 = SURFACE_SIDE_STYLE('',(#13135));
#13135 = SURFACE_STYLE_FILL_AREA(#13136);
#13136 = FILL_AREA_STYLE('',(#13137));
#13137 = FILL_AREA_STYLE_COLOUR('',#13095);
#13138 = STYLED_ITEM('color',(#13139),#4706);
#13139 = PRESENTATION_STYLE_ASSIGNMENT((#13140));
#13140 = SURFACE_STYLE_USAGE(.BOTH.,#13141);
#13141 = SURFACE_SIDE_STYLE('',(#13142));
#13142 = SURFACE_STYLE_FILL_AREA(#13143);
#13143 = FILL_AREA_STYLE('',(#13144));
#13144 = FILL_AREA_STYLE_COLOUR('',#13095);
#13145 = STYLED_ITEM('color',(#13146),#4723);
#13146 = PRESENTATION_STYLE_ASSIGNMENT((#13147));
#13147 = SURFACE_STYLE_USAGE(.BOTH.,#13148);
#13148 = SURFACE_SIDE_STYLE('',(#13149));
#13149 = SURFACE_STYLE_FILL_AREA(#13150);
#13150 = FILL_AREA_STYLE('',(#13151));
#13151 = FILL_AREA_STYLE_COLOUR('',#12339);
#13152 = STYLED_ITEM('color',(#13153),#4809);
#13153 = PRESENTATION_STYLE_ASSIGNMENT((#13154));
#13154 = SURFACE_STYLE_USAGE(.BOTH.,#13155);
#13155 = SURFACE_SIDE_STYLE('',(#13156));
#13156 = SURFACE_STYLE_FILL_AREA(#13157);
#13157 = FILL_AREA_STYLE('',(#13158));
#13158 = FILL_AREA_STYLE_COLOUR('',#12339);
#13159 = STYLED_ITEM('color',(#13160),#4840);
#13160 = PRESENTATION_STYLE_ASSIGNMENT((#13161));
#13161 = SURFACE_STYLE_USAGE(.BOTH.,#13162);
#13162 = SURFACE_SIDE_STYLE('',(#13163));
#13163 = SURFACE_STYLE_FILL_AREA(#13164);
#13164 = FILL_AREA_STYLE('',(#13165));
#13165 = FILL_AREA_STYLE_COLOUR('',#12339);
#13166 = STYLED_ITEM('color',(#13167),#4865);
#13167 = PRESENTATION_STYLE_ASSIGNMENT((#13168));
#13168 = SURFACE_STYLE_USAGE(.BOTH.,#13169);
#13169 = SURFACE_SIDE_STYLE('',(#13170));
#13170 = SURFACE_STYLE_FILL_AREA(#13171);
#13171 = FILL_AREA_STYLE('',(#13172));
#13172 = FILL_AREA_STYLE_COLOUR('',#12339);
#13173 = STYLED_ITEM('color',(#13174),#4890);
#13174 = PRESENTATION_STYLE_ASSIGNMENT((#13175));
#13175 = SURFACE_STYLE_USAGE(.BOTH.,#13176);
#13176 = SURFACE_SIDE_STYLE('',(#13177));
#13177 = SURFACE_STYLE_FILL_AREA(#13178);
#13178 = FILL_AREA_STYLE('',(#13179));
#13179 = FILL_AREA_STYLE_COLOUR('',#12339);
#13180 = STYLED_ITEM('color',(#13181),#4914);
#13181 = PRESENTATION_STYLE_ASSIGNMENT((#13182));
#13182 = SURFACE_STYLE_USAGE(.BOTH.,#13183);
#13183 = SURFACE_SIDE_STYLE('',(#13184));
#13184 = SURFACE_STYLE_FILL_AREA(#13185);
#13185 = FILL_AREA_STYLE('',(#13186));
#13186 = FILL_AREA_STYLE_COLOUR('',#12339);
#13187 = STYLED_ITEM('color',(#13188),#4938);
#13188 = PRESENTATION_STYLE_ASSIGNMENT((#13189));
#13189 = SURFACE_STYLE_USAGE(.BOTH.,#13190);
#13190 = SURFACE_SIDE_STYLE('',(#13191));
#13191 = SURFACE_STYLE_FILL_AREA(#13192);
#13192 = FILL_AREA_STYLE('',(#13193));
#13193 = FILL_AREA_STYLE_COLOUR('',#12339);
#13194 = STYLED_ITEM('color',(#13195),#4963);
#13195 = PRESENTATION_STYLE_ASSIGNMENT((#13196));
#13196 = SURFACE_STYLE_USAGE(.BOTH.,#13197);
#13197 = SURFACE_SIDE_STYLE('',(#13198));
#13198 = SURFACE_STYLE_FILL_AREA(#13199);
#13199 = FILL_AREA_STYLE('',(#13200));
#13200 = FILL_AREA_STYLE_COLOUR('',#12339);
#13201 = STYLED_ITEM('color',(#13202),#4988);
#13202 = PRESENTATION_STYLE_ASSIGNMENT((#13203));
#13203 = SURFACE_STYLE_USAGE(.BOTH.,#13204);
#13204 = SURFACE_SIDE_STYLE('',(#13205));
#13205 = SURFACE_STYLE_FILL_AREA(#13206);
#13206 = FILL_AREA_STYLE('',(#13207));
#13207 = FILL_AREA_STYLE_COLOUR('',#12339);
#13208 = STYLED_ITEM('color',(#13209),#5005);
#13209 = PRESENTATION_STYLE_ASSIGNMENT((#13210));
#13210 = SURFACE_STYLE_USAGE(.BOTH.,#13211);
#13211 = SURFACE_SIDE_STYLE('',(#13212));
#13212 = SURFACE_STYLE_FILL_AREA(#13213);
#13213 = FILL_AREA_STYLE('',(#13214));
#13214 = FILL_AREA_STYLE_COLOUR('',#12339);
#13215 = MECHANICAL_DESIGN_GEOMETRIC_PRESENTATION_REPRESENTATION('',(
    #13216),#11706);
#13216 = STYLED_ITEM('color',(#13217),#10258);
#13217 = PRESENTATION_STYLE_ASSIGNMENT((#13218));
#13218 = SURFACE_STYLE_USAGE(.BOTH.,#13219);
#13219 = SURFACE_SIDE_STYLE('',(#13220));
#13220 = SURFACE_STYLE_FILL_AREA(#13221);
#13221 = FILL_AREA_STYLE('',(#13222));
#13222 = FILL_AREA_STYLE_COLOUR('',#13223);
#13223 = COLOUR_RGB('',0.313304153717,0.484529207832,0.410020903123);
#13224 = MECHANICAL_DESIGN_GEOMETRIC_PRESENTATION_REPRESENTATION('',(
    #13225,#13234,#13243,#13252,#13261,#13270,#13279,#13288,#13297,
    #13306,#13315,#13324,#13333,#13342,#13351,#13360,#13369,#13378,
    #13387,#13396,#13405,#13414,#13423,#13432,#13441,#13450,#13459,
    #13468,#13477,#13486,#13495,#13504,#13513,#13522,#13531,#13540,
    #13549,#13558,#13567,#13576,#13585,#13594,#13603,#13612,#13621,
    #13630,#13639,#13648,#13657,#13666,#13675,#13684,#13693,#13702,
    #13711,#13720,#13729,#13738,#13747,#13756,#13765,#13774,#13783,
    #13792,#13801,#13810,#13819,#13828,#13837,#13846,#13855,#13864,
    #13873,#13882,#13891,#13900,#13909,#13918,#13927,#13936,#13945,
    #13954,#13963,#13972,#13981,#13990,#13999,#14008,#14017,#14026,
    #14035,#14044,#14053,#14062,#14071,#14080,#14089,#14098,#14107,
    #14116,#14125,#14134,#14143,#14152,#14161,#14170,#14179,#14188,
    #14197,#14206,#14215,#14224,#14233,#14242,#14251,#14260,#14269),
  #8599);
#13225 = STYLED_ITEM('color',(#13226),#5065);
#13226 = PRESENTATION_STYLE_ASSIGNMENT((#13227,#13232));
#13227 = SURFACE_STYLE_USAGE(.BOTH.,#13228);
#13228 = SURFACE_SIDE_STYLE('',(#13229));
#13229 = SURFACE_STYLE_FILL_AREA(#13230);
#13230 = FILL_AREA_STYLE('',(#13231));
#13231 = FILL_AREA_STYLE_COLOUR('',#11747);
#13232 = CURVE_STYLE('',#13233,POSITIVE_LENGTH_MEASURE(0.1),#11747);
#13233 = DRAUGHTING_PRE_DEFINED_CURVE_FONT('continuous');
#13234 = STYLED_ITEM('color',(#13235),#5103);
#13235 = PRESENTATION_STYLE_ASSIGNMENT((#13236,#13241));
#13236 = SURFACE_STYLE_USAGE(.BOTH.,#13237);
#13237 = SURFACE_SIDE_STYLE('',(#13238));
#13238 = SURFACE_STYLE_FILL_AREA(#13239);
#13239 = FILL_AREA_STYLE('',(#13240));
#13240 = FILL_AREA_STYLE_COLOUR('',#11747);
#13241 = CURVE_STYLE('',#13242,POSITIVE_LENGTH_MEASURE(0.1),#11747);
#13242 = DRAUGHTING_PRE_DEFINED_CURVE_FONT('continuous');
#13243 = STYLED_ITEM('color',(#13244),#5166);
#13244 = PRESENTATION_STYLE_ASSIGNMENT((#13245,#13250));
#13245 = SURFACE_STYLE_USAGE(.BOTH.,#13246);
#13246 = SURFACE_SIDE_STYLE('',(#13247));
#13247 = SURFACE_STYLE_FILL_AREA(#13248);
#13248 = FILL_AREA_STYLE('',(#13249));
#13249 = FILL_AREA_STYLE_COLOUR('',#11747);
#13250 = CURVE_STYLE('',#13251,POSITIVE_LENGTH_MEASURE(0.1),#11747);
#13251 = DRAUGHTING_PRE_DEFINED_CURVE_FONT('continuous');
#13252 = STYLED_ITEM('color',(#13253),#5189);
#13253 = PRESENTATION_STYLE_ASSIGNMENT((#13254,#13259));
#13254 = SURFACE_STYLE_USAGE(.BOTH.,#13255);
#13255 = SURFACE_SIDE_STYLE('',(#13256));
#13256 = SURFACE_STYLE_FILL_AREA(#13257);
#13257 = FILL_AREA_STYLE('',(#13258));
#13258 = FILL_AREA_STYLE_COLOUR('',#11747);
#13259 = CURVE_STYLE('',#13260,POSITIVE_LENGTH_MEASURE(0.1),#11747);
#13260 = DRAUGHTING_PRE_DEFINED_CURVE_FONT('continuous');
#13261 = STYLED_ITEM('color',(#13262),#5218);
#13262 = PRESENTATION_STYLE_ASSIGNMENT((#13263,#13268));
#13263 = SURFACE_STYLE_USAGE(.BOTH.,#13264);
#13264 = SURFACE_SIDE_STYLE('',(#13265));
#13265 = SURFACE_STYLE_FILL_AREA(#13266);
#13266 = FILL_AREA_STYLE('',(#13267));
#13267 = FILL_AREA_STYLE_COLOUR('',#11747);
#13268 = CURVE_STYLE('',#13269,POSITIVE_LENGTH_MEASURE(0.1),#11747);
#13269 = DRAUGHTING_PRE_DEFINED_CURVE_FONT('continuous');
#13270 = STYLED_ITEM('color',(#13271),#5241);
#13271 = PRESENTATION_STYLE_ASSIGNMENT((#13272,#13277));
#13272 = SURFACE_STYLE_USAGE(.BOTH.,#13273);
#13273 = SURFACE_SIDE_STYLE('',(#13274));
#13274 = SURFACE_STYLE_FILL_AREA(#13275);
#13275 = FILL_AREA_STYLE('',(#13276));
#13276 = FILL_AREA_STYLE_COLOUR('',#11747);
#13277 = CURVE_STYLE('',#13278,POSITIVE_LENGTH_MEASURE(0.1),#11747);
#13278 = DRAUGHTING_PRE_DEFINED_CURVE_FONT('continuous');
#13279 = STYLED_ITEM('color',(#13280),#5312);
#13280 = PRESENTATION_STYLE_ASSIGNMENT((#13281,#13286));
#13281 = SURFACE_STYLE_USAGE(.BOTH.,#13282);
#13282 = SURFACE_SIDE_STYLE('',(#13283));
#13283 = SURFACE_STYLE_FILL_AREA(#13284);
#13284 = FILL_AREA_STYLE('',(#13285));
#13285 = FILL_AREA_STYLE_COLOUR('',#11747);
#13286 = CURVE_STYLE('',#13287,POSITIVE_LENGTH_MEASURE(0.1),#11747);
#13287 = DRAUGHTING_PRE_DEFINED_CURVE_FONT('continuous');
#13288 = STYLED_ITEM('color',(#13289),#5383);
#13289 = PRESENTATION_STYLE_ASSIGNMENT((#13290,#13295));
#13290 = SURFACE_STYLE_USAGE(.BOTH.,#13291);
#13291 = SURFACE_SIDE_STYLE('',(#13292));
#13292 = SURFACE_STYLE_FILL_AREA(#13293);
#13293 = FILL_AREA_STYLE('',(#13294));
#13294 = FILL_AREA_STYLE_COLOUR('',#11747);
#13295 = CURVE_STYLE('',#13296,POSITIVE_LENGTH_MEASURE(0.1),#11747);
#13296 = DRAUGHTING_PRE_DEFINED_CURVE_FONT('continuous');
#13297 = STYLED_ITEM('color',(#13298),#5406);
#13298 = PRESENTATION_STYLE_ASSIGNMENT((#13299,#13304));
#13299 = SURFACE_STYLE_USAGE(.BOTH.,#13300);
#13300 = SURFACE_SIDE_STYLE('',(#13301));
#13301 = SURFACE_STYLE_FILL_AREA(#13302);
#13302 = FILL_AREA_STYLE('',(#13303));
#13303 = FILL_AREA_STYLE_COLOUR('',#11747);
#13304 = CURVE_STYLE('',#13305,POSITIVE_LENGTH_MEASURE(0.1),#11747);
#13305 = DRAUGHTING_PRE_DEFINED_CURVE_FONT('continuous');
#13306 = STYLED_ITEM('color',(#13307),#5429);
#13307 = PRESENTATION_STYLE_ASSIGNMENT((#13308,#13313));
#13308 = SURFACE_STYLE_USAGE(.BOTH.,#13309);
#13309 = SURFACE_SIDE_STYLE('',(#13310));
#13310 = SURFACE_STYLE_FILL_AREA(#13311);
#13311 = FILL_AREA_STYLE('',(#13312));
#13312 = FILL_AREA_STYLE_COLOUR('',#11747);
#13313 = CURVE_STYLE('',#13314,POSITIVE_LENGTH_MEASURE(0.1),#11747);
#13314 = DRAUGHTING_PRE_DEFINED_CURVE_FONT('continuous');
#13315 = STYLED_ITEM('color',(#13316),#5446);
#13316 = PRESENTATION_STYLE_ASSIGNMENT((#13317,#13322));
#13317 = SURFACE_STYLE_USAGE(.BOTH.,#13318);
#13318 = SURFACE_SIDE_STYLE('',(#13319));
#13319 = SURFACE_STYLE_FILL_AREA(#13320);
#13320 = FILL_AREA_STYLE('',(#13321));
#13321 = FILL_AREA_STYLE_COLOUR('',#11747);
#13322 = CURVE_STYLE('',#13323,POSITIVE_LENGTH_MEASURE(0.1),#11747);
#13323 = DRAUGHTING_PRE_DEFINED_CURVE_FONT('continuous');
#13324 = STYLED_ITEM('color',(#13325),#5469);
#13325 = PRESENTATION_STYLE_ASSIGNMENT((#13326,#13331));
#13326 = SURFACE_STYLE_USAGE(.BOTH.,#13327);
#13327 = SURFACE_SIDE_STYLE('',(#13328));
#13328 = SURFACE_STYLE_FILL_AREA(#13329);
#13329 = FILL_AREA_STYLE('',(#13330));
#13330 = FILL_AREA_STYLE_COLOUR('',#11747);
#13331 = CURVE_STYLE('',#13332,POSITIVE_LENGTH_MEASURE(0.1),#11747);
#13332 = DRAUGHTING_PRE_DEFINED_CURVE_FONT('continuous');
#13333 = STYLED_ITEM('color',(#13334),#5557);
#13334 = PRESENTATION_STYLE_ASSIGNMENT((#13335,#13340));
#13335 = SURFACE_STYLE_USAGE(.BOTH.,#13336);
#13336 = SURFACE_SIDE_STYLE('',(#13337));
#13337 = SURFACE_STYLE_FILL_AREA(#13338);
#13338 = FILL_AREA_STYLE('',(#13339));
#13339 = FILL_AREA_STYLE_COLOUR('',#11747);
#13340 = CURVE_STYLE('',#13341,POSITIVE_LENGTH_MEASURE(0.1),#11747);
#13341 = DRAUGHTING_PRE_DEFINED_CURVE_FONT('continuous');
#13342 = STYLED_ITEM('color',(#13343),#5573);
#13343 = PRESENTATION_STYLE_ASSIGNMENT((#13344,#13349));
#13344 = SURFACE_STYLE_USAGE(.BOTH.,#13345);
#13345 = SURFACE_SIDE_STYLE('',(#13346));
#13346 = SURFACE_STYLE_FILL_AREA(#13347);
#13347 = FILL_AREA_STYLE('',(#13348));
#13348 = FILL_AREA_STYLE_COLOUR('',#11747);
#13349 = CURVE_STYLE('',#13350,POSITIVE_LENGTH_MEASURE(0.1),#11747);
#13350 = DRAUGHTING_PRE_DEFINED_CURVE_FONT('continuous');
#13351 = STYLED_ITEM('color',(#13352),#5603);
#13352 = PRESENTATION_STYLE_ASSIGNMENT((#13353,#13358));
#13353 = SURFACE_STYLE_USAGE(.BOTH.,#13354);
#13354 = SURFACE_SIDE_STYLE('',(#13355));
#13355 = SURFACE_STYLE_FILL_AREA(#13356);
#13356 = FILL_AREA_STYLE('',(#13357));
#13357 = FILL_AREA_STYLE_COLOUR('',#12339);
#13358 = CURVE_STYLE('',#13359,POSITIVE_LENGTH_MEASURE(0.1),#12339);
#13359 = DRAUGHTING_PRE_DEFINED_CURVE_FONT('continuous');
#13360 = STYLED_ITEM('color',(#13361),#5634);
#13361 = PRESENTATION_STYLE_ASSIGNMENT((#13362,#13367));
#13362 = SURFACE_STYLE_USAGE(.BOTH.,#13363);
#13363 = SURFACE_SIDE_STYLE('',(#13364));
#13364 = SURFACE_STYLE_FILL_AREA(#13365);
#13365 = FILL_AREA_STYLE('',(#13366));
#13366 = FILL_AREA_STYLE_COLOUR('',#11747);
#13367 = CURVE_STYLE('',#13368,POSITIVE_LENGTH_MEASURE(0.1),#11747);
#13368 = DRAUGHTING_PRE_DEFINED_CURVE_FONT('continuous');
#13369 = STYLED_ITEM('color',(#13370),#5665);
#13370 = PRESENTATION_STYLE_ASSIGNMENT((#13371,#13376));
#13371 = SURFACE_STYLE_USAGE(.BOTH.,#13372);
#13372 = SURFACE_SIDE_STYLE('',(#13373));
#13373 = SURFACE_STYLE_FILL_AREA(#13374);
#13374 = FILL_AREA_STYLE('',(#13375));
#13375 = FILL_AREA_STYLE_COLOUR('',#12339);
#13376 = CURVE_STYLE('',#13377,POSITIVE_LENGTH_MEASURE(0.1),#12339);
#13377 = DRAUGHTING_PRE_DEFINED_CURVE_FONT('continuous');
#13378 = STYLED_ITEM('color',(#13379),#5696);
#13379 = PRESENTATION_STYLE_ASSIGNMENT((#13380,#13385));
#13380 = SURFACE_STYLE_USAGE(.BOTH.,#13381);
#13381 = SURFACE_SIDE_STYLE('',(#13382));
#13382 = SURFACE_STYLE_FILL_AREA(#13383);
#13383 = FILL_AREA_STYLE('',(#13384));
#13384 = FILL_AREA_STYLE_COLOUR('',#11747);
#13385 = CURVE_STYLE('',#13386,POSITIVE_LENGTH_MEASURE(0.1),#11747);
#13386 = DRAUGHTING_PRE_DEFINED_CURVE_FONT('continuous');
#13387 = STYLED_ITEM('color',(#13388),#5727);
#13388 = PRESENTATION_STYLE_ASSIGNMENT((#13389,#13394));
#13389 = SURFACE_STYLE_USAGE(.BOTH.,#13390);
#13390 = SURFACE_SIDE_STYLE('',(#13391));
#13391 = SURFACE_STYLE_FILL_AREA(#13392);
#13392 = FILL_AREA_STYLE('',(#13393));
#13393 = FILL_AREA_STYLE_COLOUR('',#12339);
#13394 = CURVE_STYLE('',#13395,POSITIVE_LENGTH_MEASURE(0.1),#12339);
#13395 = DRAUGHTING_PRE_DEFINED_CURVE_FONT('continuous');
#13396 = STYLED_ITEM('color',(#13397),#5758);
#13397 = PRESENTATION_STYLE_ASSIGNMENT((#13398,#13403));
#13398 = SURFACE_STYLE_USAGE(.BOTH.,#13399);
#13399 = SURFACE_SIDE_STYLE('',(#13400));
#13400 = SURFACE_STYLE_FILL_AREA(#13401);
#13401 = FILL_AREA_STYLE('',(#13402));
#13402 = FILL_AREA_STYLE_COLOUR('',#11747);
#13403 = CURVE_STYLE('',#13404,POSITIVE_LENGTH_MEASURE(0.1),#11747);
#13404 = DRAUGHTING_PRE_DEFINED_CURVE_FONT('continuous');
#13405 = STYLED_ITEM('color',(#13406),#5775);
#13406 = PRESENTATION_STYLE_ASSIGNMENT((#13407,#13412));
#13407 = SURFACE_STYLE_USAGE(.BOTH.,#13408);
#13408 = SURFACE_SIDE_STYLE('',(#13409));
#13409 = SURFACE_STYLE_FILL_AREA(#13410);
#13410 = FILL_AREA_STYLE('',(#13411));
#13411 = FILL_AREA_STYLE_COLOUR('',#11747);
#13412 = CURVE_STYLE('',#13413,POSITIVE_LENGTH_MEASURE(0.1),#11747);
#13413 = DRAUGHTING_PRE_DEFINED_CURVE_FONT('continuous');
#13414 = STYLED_ITEM('color',(#13415),#5792);
#13415 = PRESENTATION_STYLE_ASSIGNMENT((#13416,#13421));
#13416 = SURFACE_STYLE_USAGE(.BOTH.,#13417);
#13417 = SURFACE_SIDE_STYLE('',(#13418));
#13418 = SURFACE_STYLE_FILL_AREA(#13419);
#13419 = FILL_AREA_STYLE('',(#13420));
#13420 = FILL_AREA_STYLE_COLOUR('',#12339);
#13421 = CURVE_STYLE('',#13422,POSITIVE_LENGTH_MEASURE(0.1),#12339);
#13422 = DRAUGHTING_PRE_DEFINED_CURVE_FONT('continuous');
#13423 = STYLED_ITEM('color',(#13424),#5823);
#13424 = PRESENTATION_STYLE_ASSIGNMENT((#13425,#13430));
#13425 = SURFACE_STYLE_USAGE(.BOTH.,#13426);
#13426 = SURFACE_SIDE_STYLE('',(#13427));
#13427 = SURFACE_STYLE_FILL_AREA(#13428);
#13428 = FILL_AREA_STYLE('',(#13429));
#13429 = FILL_AREA_STYLE_COLOUR('',#11747);
#13430 = CURVE_STYLE('',#13431,POSITIVE_LENGTH_MEASURE(0.1),#11747);
#13431 = DRAUGHTING_PRE_DEFINED_CURVE_FONT('continuous');
#13432 = STYLED_ITEM('color',(#13433),#5854);
#13433 = PRESENTATION_STYLE_ASSIGNMENT((#13434,#13439));
#13434 = SURFACE_STYLE_USAGE(.BOTH.,#13435);
#13435 = SURFACE_SIDE_STYLE('',(#13436));
#13436 = SURFACE_STYLE_FILL_AREA(#13437);
#13437 = FILL_AREA_STYLE('',(#13438));
#13438 = FILL_AREA_STYLE_COLOUR('',#12339);
#13439 = CURVE_STYLE('',#13440,POSITIVE_LENGTH_MEASURE(0.1),#12339);
#13440 = DRAUGHTING_PRE_DEFINED_CURVE_FONT('continuous');
#13441 = STYLED_ITEM('color',(#13442),#5885);
#13442 = PRESENTATION_STYLE_ASSIGNMENT((#13443,#13448));
#13443 = SURFACE_STYLE_USAGE(.BOTH.,#13444);
#13444 = SURFACE_SIDE_STYLE('',(#13445));
#13445 = SURFACE_STYLE_FILL_AREA(#13446);
#13446 = FILL_AREA_STYLE('',(#13447));
#13447 = FILL_AREA_STYLE_COLOUR('',#11747);
#13448 = CURVE_STYLE('',#13449,POSITIVE_LENGTH_MEASURE(0.1),#11747);
#13449 = DRAUGHTING_PRE_DEFINED_CURVE_FONT('continuous');
#13450 = STYLED_ITEM('color',(#13451),#5916);
#13451 = PRESENTATION_STYLE_ASSIGNMENT((#13452,#13457));
#13452 = SURFACE_STYLE_USAGE(.BOTH.,#13453);
#13453 = SURFACE_SIDE_STYLE('',(#13454));
#13454 = SURFACE_STYLE_FILL_AREA(#13455);
#13455 = FILL_AREA_STYLE('',(#13456));
#13456 = FILL_AREA_STYLE_COLOUR('',#12339);
#13457 = CURVE_STYLE('',#13458,POSITIVE_LENGTH_MEASURE(0.1),#12339);
#13458 = DRAUGHTING_PRE_DEFINED_CURVE_FONT('continuous');
#13459 = STYLED_ITEM('color',(#13460),#5947);
#13460 = PRESENTATION_STYLE_ASSIGNMENT((#13461,#13466));
#13461 = SURFACE_STYLE_USAGE(.BOTH.,#13462);
#13462 = SURFACE_SIDE_STYLE('',(#13463));
#13463 = SURFACE_STYLE_FILL_AREA(#13464);
#13464 = FILL_AREA_STYLE('',(#13465));
#13465 = FILL_AREA_STYLE_COLOUR('',#11747);
#13466 = CURVE_STYLE('',#13467,POSITIVE_LENGTH_MEASURE(0.1),#11747);
#13467 = DRAUGHTING_PRE_DEFINED_CURVE_FONT('continuous');
#13468 = STYLED_ITEM('color',(#13469),#5977);
#13469 = PRESENTATION_STYLE_ASSIGNMENT((#13470,#13475));
#13470 = SURFACE_STYLE_USAGE(.BOTH.,#13471);
#13471 = SURFACE_SIDE_STYLE('',(#13472));
#13472 = SURFACE_STYLE_FILL_AREA(#13473);
#13473 = FILL_AREA_STYLE('',(#13474));
#13474 = FILL_AREA_STYLE_COLOUR('',#11747);
#13475 = CURVE_STYLE('',#13476,POSITIVE_LENGTH_MEASURE(0.1),#11747);
#13476 = DRAUGHTING_PRE_DEFINED_CURVE_FONT('continuous');
#13477 = STYLED_ITEM('color',(#13478),#6000);
#13478 = PRESENTATION_STYLE_ASSIGNMENT((#13479,#13484));
#13479 = SURFACE_STYLE_USAGE(.BOTH.,#13480);
#13480 = SURFACE_SIDE_STYLE('',(#13481));
#13481 = SURFACE_STYLE_FILL_AREA(#13482);
#13482 = FILL_AREA_STYLE('',(#13483));
#13483 = FILL_AREA_STYLE_COLOUR('',#11747);
#13484 = CURVE_STYLE('',#13485,POSITIVE_LENGTH_MEASURE(0.1),#11747);
#13485 = DRAUGHTING_PRE_DEFINED_CURVE_FONT('continuous');
#13486 = STYLED_ITEM('color',(#13487),#6023);
#13487 = PRESENTATION_STYLE_ASSIGNMENT((#13488,#13493));
#13488 = SURFACE_STYLE_USAGE(.BOTH.,#13489);
#13489 = SURFACE_SIDE_STYLE('',(#13490));
#13490 = SURFACE_STYLE_FILL_AREA(#13491);
#13491 = FILL_AREA_STYLE('',(#13492));
#13492 = FILL_AREA_STYLE_COLOUR('',#11747);
#13493 = CURVE_STYLE('',#13494,POSITIVE_LENGTH_MEASURE(0.1),#11747);
#13494 = DRAUGHTING_PRE_DEFINED_CURVE_FONT('continuous');
#13495 = STYLED_ITEM('color',(#13496),#6040);
#13496 = PRESENTATION_STYLE_ASSIGNMENT((#13497,#13502));
#13497 = SURFACE_STYLE_USAGE(.BOTH.,#13498);
#13498 = SURFACE_SIDE_STYLE('',(#13499));
#13499 = SURFACE_STYLE_FILL_AREA(#13500);
#13500 = FILL_AREA_STYLE('',(#13501));
#13501 = FILL_AREA_STYLE_COLOUR('',#12339);
#13502 = CURVE_STYLE('',#13503,POSITIVE_LENGTH_MEASURE(0.1),#12339);
#13503 = DRAUGHTING_PRE_DEFINED_CURVE_FONT('continuous');
#13504 = STYLED_ITEM('color',(#13505),#6085);
#13505 = PRESENTATION_STYLE_ASSIGNMENT((#13506,#13511));
#13506 = SURFACE_STYLE_USAGE(.BOTH.,#13507);
#13507 = SURFACE_SIDE_STYLE('',(#13508));
#13508 = SURFACE_STYLE_FILL_AREA(#13509);
#13509 = FILL_AREA_STYLE('',(#13510));
#13510 = FILL_AREA_STYLE_COLOUR('',#11747);
#13511 = CURVE_STYLE('',#13512,POSITIVE_LENGTH_MEASURE(0.1),#11747);
#13512 = DRAUGHTING_PRE_DEFINED_CURVE_FONT('continuous');
#13513 = STYLED_ITEM('color',(#13514),#6155);
#13514 = PRESENTATION_STYLE_ASSIGNMENT((#13515,#13520));
#13515 = SURFACE_STYLE_USAGE(.BOTH.,#13516);
#13516 = SURFACE_SIDE_STYLE('',(#13517));
#13517 = SURFACE_STYLE_FILL_AREA(#13518);
#13518 = FILL_AREA_STYLE('',(#13519));
#13519 = FILL_AREA_STYLE_COLOUR('',#11747);
#13520 = CURVE_STYLE('',#13521,POSITIVE_LENGTH_MEASURE(0.1),#11747);
#13521 = DRAUGHTING_PRE_DEFINED_CURVE_FONT('continuous');
#13522 = STYLED_ITEM('color',(#13523),#6178);
#13523 = PRESENTATION_STYLE_ASSIGNMENT((#13524,#13529));
#13524 = SURFACE_STYLE_USAGE(.BOTH.,#13525);
#13525 = SURFACE_SIDE_STYLE('',(#13526));
#13526 = SURFACE_STYLE_FILL_AREA(#13527);
#13527 = FILL_AREA_STYLE('',(#13528));
#13528 = FILL_AREA_STYLE_COLOUR('',#11747);
#13529 = CURVE_STYLE('',#13530,POSITIVE_LENGTH_MEASURE(0.1),#11747);
#13530 = DRAUGHTING_PRE_DEFINED_CURVE_FONT('continuous');
#13531 = STYLED_ITEM('color',(#13532),#6201);
#13532 = PRESENTATION_STYLE_ASSIGNMENT((#13533,#13538));
#13533 = SURFACE_STYLE_USAGE(.BOTH.,#13534);
#13534 = SURFACE_SIDE_STYLE('',(#13535));
#13535 = SURFACE_STYLE_FILL_AREA(#13536);
#13536 = FILL_AREA_STYLE('',(#13537));
#13537 = FILL_AREA_STYLE_COLOUR('',#11747);
#13538 = CURVE_STYLE('',#13539,POSITIVE_LENGTH_MEASURE(0.1),#11747);
#13539 = DRAUGHTING_PRE_DEFINED_CURVE_FONT('continuous');
#13540 = STYLED_ITEM('color',(#13541),#6224);
#13541 = PRESENTATION_STYLE_ASSIGNMENT((#13542,#13547));
#13542 = SURFACE_STYLE_USAGE(.BOTH.,#13543);
#13543 = SURFACE_SIDE_STYLE('',(#13544));
#13544 = SURFACE_STYLE_FILL_AREA(#13545);
#13545 = FILL_AREA_STYLE('',(#13546));
#13546 = FILL_AREA_STYLE_COLOUR('',#11747);
#13547 = CURVE_STYLE('',#13548,POSITIVE_LENGTH_MEASURE(0.1),#11747);
#13548 = DRAUGHTING_PRE_DEFINED_CURVE_FONT('continuous');
#13549 = STYLED_ITEM('color',(#13550),#6295);
#13550 = PRESENTATION_STYLE_ASSIGNMENT((#13551,#13556));
#13551 = SURFACE_STYLE_USAGE(.BOTH.,#13552);
#13552 = SURFACE_SIDE_STYLE('',(#13553));
#13553 = SURFACE_STYLE_FILL_AREA(#13554);
#13554 = FILL_AREA_STYLE('',(#13555));
#13555 = FILL_AREA_STYLE_COLOUR('',#12339);
#13556 = CURVE_STYLE('',#13557,POSITIVE_LENGTH_MEASURE(0.1),#12339);
#13557 = DRAUGHTING_PRE_DEFINED_CURVE_FONT('continuous');
#13558 = STYLED_ITEM('color',(#13559),#6333);
#13559 = PRESENTATION_STYLE_ASSIGNMENT((#13560,#13565));
#13560 = SURFACE_STYLE_USAGE(.BOTH.,#13561);
#13561 = SURFACE_SIDE_STYLE('',(#13562));
#13562 = SURFACE_STYLE_FILL_AREA(#13563);
#13563 = FILL_AREA_STYLE('',(#13564));
#13564 = FILL_AREA_STYLE_COLOUR('',#11747);
#13565 = CURVE_STYLE('',#13566,POSITIVE_LENGTH_MEASURE(0.1),#11747);
#13566 = DRAUGHTING_PRE_DEFINED_CURVE_FONT('continuous');
#13567 = STYLED_ITEM('color',(#13568),#6382);
#13568 = PRESENTATION_STYLE_ASSIGNMENT((#13569,#13574));
#13569 = SURFACE_STYLE_USAGE(.BOTH.,#13570);
#13570 = SURFACE_SIDE_STYLE('',(#13571));
#13571 = SURFACE_STYLE_FILL_AREA(#13572);
#13572 = FILL_AREA_STYLE('',(#13573));
#13573 = FILL_AREA_STYLE_COLOUR('',#12339);
#13574 = CURVE_STYLE('',#13575,POSITIVE_LENGTH_MEASURE(0.1),#12339);
#13575 = DRAUGHTING_PRE_DEFINED_CURVE_FONT('continuous');
#13576 = STYLED_ITEM('color',(#13577),#6474);
#13577 = PRESENTATION_STYLE_ASSIGNMENT((#13578,#13583));
#13578 = SURFACE_STYLE_USAGE(.BOTH.,#13579);
#13579 = SURFACE_SIDE_STYLE('',(#13580));
#13580 = SURFACE_STYLE_FILL_AREA(#13581);
#13581 = FILL_AREA_STYLE('',(#13582));
#13582 = FILL_AREA_STYLE_COLOUR('',#12339);
#13583 = CURVE_STYLE('',#13584,POSITIVE_LENGTH_MEASURE(0.1),#12339);
#13584 = DRAUGHTING_PRE_DEFINED_CURVE_FONT('continuous');
#13585 = STYLED_ITEM('color',(#13586),#6499);
#13586 = PRESENTATION_STYLE_ASSIGNMENT((#13587,#13592));
#13587 = SURFACE_STYLE_USAGE(.BOTH.,#13588);
#13588 = SURFACE_SIDE_STYLE('',(#13589));
#13589 = SURFACE_STYLE_FILL_AREA(#13590);
#13590 = FILL_AREA_STYLE('',(#13591));
#13591 = FILL_AREA_STYLE_COLOUR('',#12339);
#13592 = CURVE_STYLE('',#13593,POSITIVE_LENGTH_MEASURE(0.1),#12339);
#13593 = DRAUGHTING_PRE_DEFINED_CURVE_FONT('continuous');
#13594 = STYLED_ITEM('color',(#13595),#6583);
#13595 = PRESENTATION_STYLE_ASSIGNMENT((#13596,#13601));
#13596 = SURFACE_STYLE_USAGE(.BOTH.,#13597);
#13597 = SURFACE_SIDE_STYLE('',(#13598));
#13598 = SURFACE_STYLE_FILL_AREA(#13599);
#13599 = FILL_AREA_STYLE('',(#13600));
#13600 = FILL_AREA_STYLE_COLOUR('',#11747);
#13601 = CURVE_STYLE('',#13602,POSITIVE_LENGTH_MEASURE(0.1),#11747);
#13602 = DRAUGHTING_PRE_DEFINED_CURVE_FONT('continuous');
#13603 = STYLED_ITEM('color',(#13604),#6605);
#13604 = PRESENTATION_STYLE_ASSIGNMENT((#13605,#13610));
#13605 = SURFACE_STYLE_USAGE(.BOTH.,#13606);
#13606 = SURFACE_SIDE_STYLE('',(#13607));
#13607 = SURFACE_STYLE_FILL_AREA(#13608);
#13608 = FILL_AREA_STYLE('',(#13609));
#13609 = FILL_AREA_STYLE_COLOUR('',#12339);
#13610 = CURVE_STYLE('',#13611,POSITIVE_LENGTH_MEASURE(0.1),#12339);
#13611 = DRAUGHTING_PRE_DEFINED_CURVE_FONT('continuous');
#13612 = STYLED_ITEM('color',(#13613),#6697);
#13613 = PRESENTATION_STYLE_ASSIGNMENT((#13614,#13619));
#13614 = SURFACE_STYLE_USAGE(.BOTH.,#13615);
#13615 = SURFACE_SIDE_STYLE('',(#13616));
#13616 = SURFACE_STYLE_FILL_AREA(#13617);
#13617 = FILL_AREA_STYLE('',(#13618));
#13618 = FILL_AREA_STYLE_COLOUR('',#12339);
#13619 = CURVE_STYLE('',#13620,POSITIVE_LENGTH_MEASURE(0.1),#12339);
#13620 = DRAUGHTING_PRE_DEFINED_CURVE_FONT('continuous');
#13621 = STYLED_ITEM('color',(#13622),#6722);
#13622 = PRESENTATION_STYLE_ASSIGNMENT((#13623,#13628));
#13623 = SURFACE_STYLE_USAGE(.BOTH.,#13624);
#13624 = SURFACE_SIDE_STYLE('',(#13625));
#13625 = SURFACE_STYLE_FILL_AREA(#13626);
#13626 = FILL_AREA_STYLE('',(#13627));
#13627 = FILL_AREA_STYLE_COLOUR('',#12339);
#13628 = CURVE_STYLE('',#13629,POSITIVE_LENGTH_MEASURE(0.1),#12339);
#13629 = DRAUGHTING_PRE_DEFINED_CURVE_FONT('continuous');
#13630 = STYLED_ITEM('color',(#13631),#6806);
#13631 = PRESENTATION_STYLE_ASSIGNMENT((#13632,#13637));
#13632 = SURFACE_STYLE_USAGE(.BOTH.,#13633);
#13633 = SURFACE_SIDE_STYLE('',(#13634));
#13634 = SURFACE_STYLE_FILL_AREA(#13635);
#13635 = FILL_AREA_STYLE('',(#13636));
#13636 = FILL_AREA_STYLE_COLOUR('',#11747);
#13637 = CURVE_STYLE('',#13638,POSITIVE_LENGTH_MEASURE(0.1),#11747);
#13638 = DRAUGHTING_PRE_DEFINED_CURVE_FONT('continuous');
#13639 = STYLED_ITEM('color',(#13640),#6823);
#13640 = PRESENTATION_STYLE_ASSIGNMENT((#13641,#13646));
#13641 = SURFACE_STYLE_USAGE(.BOTH.,#13642);
#13642 = SURFACE_SIDE_STYLE('',(#13643));
#13643 = SURFACE_STYLE_FILL_AREA(#13644);
#13644 = FILL_AREA_STYLE('',(#13645));
#13645 = FILL_AREA_STYLE_COLOUR('',#12339);
#13646 = CURVE_STYLE('',#13647,POSITIVE_LENGTH_MEASURE(0.1),#12339);
#13647 = DRAUGHTING_PRE_DEFINED_CURVE_FONT('continuous');
#13648 = STYLED_ITEM('color',(#13649),#6908);
#13649 = PRESENTATION_STYLE_ASSIGNMENT((#13650,#13655));
#13650 = SURFACE_STYLE_USAGE(.BOTH.,#13651);
#13651 = SURFACE_SIDE_STYLE('',(#13652));
#13652 = SURFACE_STYLE_FILL_AREA(#13653);
#13653 = FILL_AREA_STYLE('',(#13654));
#13654 = FILL_AREA_STYLE_COLOUR('',#12339);
#13655 = CURVE_STYLE('',#13656,POSITIVE_LENGTH_MEASURE(0.1),#12339);
#13656 = DRAUGHTING_PRE_DEFINED_CURVE_FONT('continuous');
#13657 = STYLED_ITEM('color',(#13658),#6933);
#13658 = PRESENTATION_STYLE_ASSIGNMENT((#13659,#13664));
#13659 = SURFACE_STYLE_USAGE(.BOTH.,#13660);
#13660 = SURFACE_SIDE_STYLE('',(#13661));
#13661 = SURFACE_STYLE_FILL_AREA(#13662);
#13662 = FILL_AREA_STYLE('',(#13663));
#13663 = FILL_AREA_STYLE_COLOUR('',#12339);
#13664 = CURVE_STYLE('',#13665,POSITIVE_LENGTH_MEASURE(0.1),#12339);
#13665 = DRAUGHTING_PRE_DEFINED_CURVE_FONT('continuous');
#13666 = STYLED_ITEM('color',(#13667),#7010);
#13667 = PRESENTATION_STYLE_ASSIGNMENT((#13668,#13673));
#13668 = SURFACE_STYLE_USAGE(.BOTH.,#13669);
#13669 = SURFACE_SIDE_STYLE('',(#13670));
#13670 = SURFACE_STYLE_FILL_AREA(#13671);
#13671 = FILL_AREA_STYLE('',(#13672));
#13672 = FILL_AREA_STYLE_COLOUR('',#12339);
#13673 = CURVE_STYLE('',#13674,POSITIVE_LENGTH_MEASURE(0.1),#12339);
#13674 = DRAUGHTING_PRE_DEFINED_CURVE_FONT('continuous');
#13675 = STYLED_ITEM('color',(#13676),#7095);
#13676 = PRESENTATION_STYLE_ASSIGNMENT((#13677,#13682));
#13677 = SURFACE_STYLE_USAGE(.BOTH.,#13678);
#13678 = SURFACE_SIDE_STYLE('',(#13679));
#13679 = SURFACE_STYLE_FILL_AREA(#13680);
#13680 = FILL_AREA_STYLE('',(#13681));
#13681 = FILL_AREA_STYLE_COLOUR('',#12339);
#13682 = CURVE_STYLE('',#13683,POSITIVE_LENGTH_MEASURE(0.1),#12339);
#13683 = DRAUGHTING_PRE_DEFINED_CURVE_FONT('continuous');
#13684 = STYLED_ITEM('color',(#13685),#7120);
#13685 = PRESENTATION_STYLE_ASSIGNMENT((#13686,#13691));
#13686 = SURFACE_STYLE_USAGE(.BOTH.,#13687);
#13687 = SURFACE_SIDE_STYLE('',(#13688));
#13688 = SURFACE_STYLE_FILL_AREA(#13689);
#13689 = FILL_AREA_STYLE('',(#13690));
#13690 = FILL_AREA_STYLE_COLOUR('',#12339);
#13691 = CURVE_STYLE('',#13692,POSITIVE_LENGTH_MEASURE(0.1),#12339);
#13692 = DRAUGHTING_PRE_DEFINED_CURVE_FONT('continuous');
#13693 = STYLED_ITEM('color',(#13694),#7197);
#13694 = PRESENTATION_STYLE_ASSIGNMENT((#13695,#13700));
#13695 = SURFACE_STYLE_USAGE(.BOTH.,#13696);
#13696 = SURFACE_SIDE_STYLE('',(#13697));
#13697 = SURFACE_STYLE_FILL_AREA(#13698);
#13698 = FILL_AREA_STYLE('',(#13699));
#13699 = FILL_AREA_STYLE_COLOUR('',#11747);
#13700 = CURVE_STYLE('',#13701,POSITIVE_LENGTH_MEASURE(0.1),#11747);
#13701 = DRAUGHTING_PRE_DEFINED_CURVE_FONT('continuous');
#13702 = STYLED_ITEM('color',(#13703),#7214);
#13703 = PRESENTATION_STYLE_ASSIGNMENT((#13704,#13709));
#13704 = SURFACE_STYLE_USAGE(.BOTH.,#13705);
#13705 = SURFACE_SIDE_STYLE('',(#13706));
#13706 = SURFACE_STYLE_FILL_AREA(#13707);
#13707 = FILL_AREA_STYLE('',(#13708));
#13708 = FILL_AREA_STYLE_COLOUR('',#12339);
#13709 = CURVE_STYLE('',#13710,POSITIVE_LENGTH_MEASURE(0.1),#12339);
#13710 = DRAUGHTING_PRE_DEFINED_CURVE_FONT('continuous');
#13711 = STYLED_ITEM('color',(#13712),#7306);
#13712 = PRESENTATION_STYLE_ASSIGNMENT((#13713,#13718));
#13713 = SURFACE_STYLE_USAGE(.BOTH.,#13714);
#13714 = SURFACE_SIDE_STYLE('',(#13715));
#13715 = SURFACE_STYLE_FILL_AREA(#13716);
#13716 = FILL_AREA_STYLE('',(#13717));
#13717 = FILL_AREA_STYLE_COLOUR('',#12339);
#13718 = CURVE_STYLE('',#13719,POSITIVE_LENGTH_MEASURE(0.1),#12339);
#13719 = DRAUGHTING_PRE_DEFINED_CURVE_FONT('continuous');
#13720 = STYLED_ITEM('color',(#13721),#7331);
#13721 = PRESENTATION_STYLE_ASSIGNMENT((#13722,#13727));
#13722 = SURFACE_STYLE_USAGE(.BOTH.,#13723);
#13723 = SURFACE_SIDE_STYLE('',(#13724));
#13724 = SURFACE_STYLE_FILL_AREA(#13725);
#13725 = FILL_AREA_STYLE('',(#13726));
#13726 = FILL_AREA_STYLE_COLOUR('',#12339);
#13727 = CURVE_STYLE('',#13728,POSITIVE_LENGTH_MEASURE(0.1),#12339);
#13728 = DRAUGHTING_PRE_DEFINED_CURVE_FONT('continuous');
#13729 = STYLED_ITEM('color',(#13730),#7415);
#13730 = PRESENTATION_STYLE_ASSIGNMENT((#13731,#13736));
#13731 = SURFACE_STYLE_USAGE(.BOTH.,#13732);
#13732 = SURFACE_SIDE_STYLE('',(#13733));
#13733 = SURFACE_STYLE_FILL_AREA(#13734);
#13734 = FILL_AREA_STYLE('',(#13735));
#13735 = FILL_AREA_STYLE_COLOUR('',#11747);
#13736 = CURVE_STYLE('',#13737,POSITIVE_LENGTH_MEASURE(0.1),#11747);
#13737 = DRAUGHTING_PRE_DEFINED_CURVE_FONT('continuous');
#13738 = STYLED_ITEM('color',(#13739),#7437);
#13739 = PRESENTATION_STYLE_ASSIGNMENT((#13740,#13745));
#13740 = SURFACE_STYLE_USAGE(.BOTH.,#13741);
#13741 = SURFACE_SIDE_STYLE('',(#13742));
#13742 = SURFACE_STYLE_FILL_AREA(#13743);
#13743 = FILL_AREA_STYLE('',(#13744));
#13744 = FILL_AREA_STYLE_COLOUR('',#12339);
#13745 = CURVE_STYLE('',#13746,POSITIVE_LENGTH_MEASURE(0.1),#12339);
#13746 = DRAUGHTING_PRE_DEFINED_CURVE_FONT('continuous');
#13747 = STYLED_ITEM('color',(#13748),#7529);
#13748 = PRESENTATION_STYLE_ASSIGNMENT((#13749,#13754));
#13749 = SURFACE_STYLE_USAGE(.BOTH.,#13750);
#13750 = SURFACE_SIDE_STYLE('',(#13751));
#13751 = SURFACE_STYLE_FILL_AREA(#13752);
#13752 = FILL_AREA_STYLE('',(#13753));
#13753 = FILL_AREA_STYLE_COLOUR('',#12339);
#13754 = CURVE_STYLE('',#13755,POSITIVE_LENGTH_MEASURE(0.1),#12339);
#13755 = DRAUGHTING_PRE_DEFINED_CURVE_FONT('continuous');
#13756 = STYLED_ITEM('color',(#13757),#7554);
#13757 = PRESENTATION_STYLE_ASSIGNMENT((#13758,#13763));
#13758 = SURFACE_STYLE_USAGE(.BOTH.,#13759);
#13759 = SURFACE_SIDE_STYLE('',(#13760));
#13760 = SURFACE_STYLE_FILL_AREA(#13761);
#13761 = FILL_AREA_STYLE('',(#13762));
#13762 = FILL_AREA_STYLE_COLOUR('',#12339);
#13763 = CURVE_STYLE('',#13764,POSITIVE_LENGTH_MEASURE(0.1),#12339);
#13764 = DRAUGHTING_PRE_DEFINED_CURVE_FONT('continuous');
#13765 = STYLED_ITEM('color',(#13766),#7638);
#13766 = PRESENTATION_STYLE_ASSIGNMENT((#13767,#13772));
#13767 = SURFACE_STYLE_USAGE(.BOTH.,#13768);
#13768 = SURFACE_SIDE_STYLE('',(#13769));
#13769 = SURFACE_STYLE_FILL_AREA(#13770);
#13770 = FILL_AREA_STYLE('',(#13771));
#13771 = FILL_AREA_STYLE_COLOUR('',#12339);
#13772 = CURVE_STYLE('',#13773,POSITIVE_LENGTH_MEASURE(0.1),#12339);
#13773 = DRAUGHTING_PRE_DEFINED_CURVE_FONT('continuous');
#13774 = STYLED_ITEM('color',(#13775),#7655);
#13775 = PRESENTATION_STYLE_ASSIGNMENT((#13776,#13781));
#13776 = SURFACE_STYLE_USAGE(.BOTH.,#13777);
#13777 = SURFACE_SIDE_STYLE('',(#13778));
#13778 = SURFACE_STYLE_FILL_AREA(#13779);
#13779 = FILL_AREA_STYLE('',(#13780));
#13780 = FILL_AREA_STYLE_COLOUR('',#12339);
#13781 = CURVE_STYLE('',#13782,POSITIVE_LENGTH_MEASURE(0.1),#12339);
#13782 = DRAUGHTING_PRE_DEFINED_CURVE_FONT('continuous');
#13783 = STYLED_ITEM('color',(#13784),#7674);
#13784 = PRESENTATION_STYLE_ASSIGNMENT((#13785,#13790));
#13785 = SURFACE_STYLE_USAGE(.BOTH.,#13786);
#13786 = SURFACE_SIDE_STYLE('',(#13787));
#13787 = SURFACE_STYLE_FILL_AREA(#13788);
#13788 = FILL_AREA_STYLE('',(#13789));
#13789 = FILL_AREA_STYLE_COLOUR('',#12339);
#13790 = CURVE_STYLE('',#13791,POSITIVE_LENGTH_MEASURE(0.1),#12339);
#13791 = DRAUGHTING_PRE_DEFINED_CURVE_FONT('continuous');
#13792 = STYLED_ITEM('color',(#13793),#7693);
#13793 = PRESENTATION_STYLE_ASSIGNMENT((#13794,#13799));
#13794 = SURFACE_STYLE_USAGE(.BOTH.,#13795);
#13795 = SURFACE_SIDE_STYLE('',(#13796));
#13796 = SURFACE_STYLE_FILL_AREA(#13797);
#13797 = FILL_AREA_STYLE('',(#13798));
#13798 = FILL_AREA_STYLE_COLOUR('',#11747);
#13799 = CURVE_STYLE('',#13800,POSITIVE_LENGTH_MEASURE(0.1),#11747);
#13800 = DRAUGHTING_PRE_DEFINED_CURVE_FONT('continuous');
#13801 = STYLED_ITEM('color',(#13802),#7739);
#13802 = PRESENTATION_STYLE_ASSIGNMENT((#13803,#13808));
#13803 = SURFACE_STYLE_USAGE(.BOTH.,#13804);
#13804 = SURFACE_SIDE_STYLE('',(#13805));
#13805 = SURFACE_STYLE_FILL_AREA(#13806);
#13806 = FILL_AREA_STYLE('',(#13807));
#13807 = FILL_AREA_STYLE_COLOUR('',#11747);
#13808 = CURVE_STYLE('',#13809,POSITIVE_LENGTH_MEASURE(0.1),#11747);
#13809 = DRAUGHTING_PRE_DEFINED_CURVE_FONT('continuous');
#13810 = STYLED_ITEM('color',(#13811),#7755);
#13811 = PRESENTATION_STYLE_ASSIGNMENT((#13812,#13817));
#13812 = SURFACE_STYLE_USAGE(.BOTH.,#13813);
#13813 = SURFACE_SIDE_STYLE('',(#13814));
#13814 = SURFACE_STYLE_FILL_AREA(#13815);
#13815 = FILL_AREA_STYLE('',(#13816));
#13816 = FILL_AREA_STYLE_COLOUR('',#12339);
#13817 = CURVE_STYLE('',#13818,POSITIVE_LENGTH_MEASURE(0.1),#12339);
#13818 = DRAUGHTING_PRE_DEFINED_CURVE_FONT('continuous');
#13819 = STYLED_ITEM('color',(#13820),#7774);
#13820 = PRESENTATION_STYLE_ASSIGNMENT((#13821,#13826));
#13821 = SURFACE_STYLE_USAGE(.BOTH.,#13822);
#13822 = SURFACE_SIDE_STYLE('',(#13823));
#13823 = SURFACE_STYLE_FILL_AREA(#13824);
#13824 = FILL_AREA_STYLE('',(#13825));
#13825 = FILL_AREA_STYLE_COLOUR('',#12339);
#13826 = CURVE_STYLE('',#13827,POSITIVE_LENGTH_MEASURE(0.1),#12339);
#13827 = DRAUGHTING_PRE_DEFINED_CURVE_FONT('continuous');
#13828 = STYLED_ITEM('color',(#13829),#7793);
#13829 = PRESENTATION_STYLE_ASSIGNMENT((#13830,#13835));
#13830 = SURFACE_STYLE_USAGE(.BOTH.,#13831);
#13831 = SURFACE_SIDE_STYLE('',(#13832));
#13832 = SURFACE_STYLE_FILL_AREA(#13833);
#13833 = FILL_AREA_STYLE('',(#13834));
#13834 = FILL_AREA_STYLE_COLOUR('',#11747);
#13835 = CURVE_STYLE('',#13836,POSITIVE_LENGTH_MEASURE(0.1),#11747);
#13836 = DRAUGHTING_PRE_DEFINED_CURVE_FONT('continuous');
#13837 = STYLED_ITEM('color',(#13838),#7809);
#13838 = PRESENTATION_STYLE_ASSIGNMENT((#13839,#13844));
#13839 = SURFACE_STYLE_USAGE(.BOTH.,#13840);
#13840 = SURFACE_SIDE_STYLE('',(#13841));
#13841 = SURFACE_STYLE_FILL_AREA(#13842);
#13842 = FILL_AREA_STYLE('',(#13843));
#13843 = FILL_AREA_STYLE_COLOUR('',#12339);
#13844 = CURVE_STYLE('',#13845,POSITIVE_LENGTH_MEASURE(0.1),#12339);
#13845 = DRAUGHTING_PRE_DEFINED_CURVE_FONT('continuous');
#13846 = STYLED_ITEM('color',(#13847),#7826);
#13847 = PRESENTATION_STYLE_ASSIGNMENT((#13848,#13853));
#13848 = SURFACE_STYLE_USAGE(.BOTH.,#13849);
#13849 = SURFACE_SIDE_STYLE('',(#13850));
#13850 = SURFACE_STYLE_FILL_AREA(#13851);
#13851 = FILL_AREA_STYLE('',(#13852));
#13852 = FILL_AREA_STYLE_COLOUR('',#11747);
#13853 = CURVE_STYLE('',#13854,POSITIVE_LENGTH_MEASURE(0.1),#11747);
#13854 = DRAUGHTING_PRE_DEFINED_CURVE_FONT('continuous');
#13855 = STYLED_ITEM('color',(#13856),#7838);
#13856 = PRESENTATION_STYLE_ASSIGNMENT((#13857,#13862));
#13857 = SURFACE_STYLE_USAGE(.BOTH.,#13858);
#13858 = SURFACE_SIDE_STYLE('',(#13859));
#13859 = SURFACE_STYLE_FILL_AREA(#13860);
#13860 = FILL_AREA_STYLE('',(#13861));
#13861 = FILL_AREA_STYLE_COLOUR('',#12339);
#13862 = CURVE_STYLE('',#13863,POSITIVE_LENGTH_MEASURE(0.1),#12339);
#13863 = DRAUGHTING_PRE_DEFINED_CURVE_FONT('continuous');
#13864 = STYLED_ITEM('color',(#13865),#7855);
#13865 = PRESENTATION_STYLE_ASSIGNMENT((#13866,#13871));
#13866 = SURFACE_STYLE_USAGE(.BOTH.,#13867);
#13867 = SURFACE_SIDE_STYLE('',(#13868));
#13868 = SURFACE_STYLE_FILL_AREA(#13869);
#13869 = FILL_AREA_STYLE('',(#13870));
#13870 = FILL_AREA_STYLE_COLOUR('',#12339);
#13871 = CURVE_STYLE('',#13872,POSITIVE_LENGTH_MEASURE(0.1),#12339);
#13872 = DRAUGHTING_PRE_DEFINED_CURVE_FONT('continuous');
#13873 = STYLED_ITEM('color',(#13874),#7872);
#13874 = PRESENTATION_STYLE_ASSIGNMENT((#13875,#13880));
#13875 = SURFACE_STYLE_USAGE(.BOTH.,#13876);
#13876 = SURFACE_SIDE_STYLE('',(#13877));
#13877 = SURFACE_STYLE_FILL_AREA(#13878);
#13878 = FILL_AREA_STYLE('',(#13879));
#13879 = FILL_AREA_STYLE_COLOUR('',#12339);
#13880 = CURVE_STYLE('',#13881,POSITIVE_LENGTH_MEASURE(0.1),#12339);
#13881 = DRAUGHTING_PRE_DEFINED_CURVE_FONT('continuous');
#13882 = STYLED_ITEM('color',(#13883),#7889);
#13883 = PRESENTATION_STYLE_ASSIGNMENT((#13884,#13889));
#13884 = SURFACE_STYLE_USAGE(.BOTH.,#13885);
#13885 = SURFACE_SIDE_STYLE('',(#13886));
#13886 = SURFACE_STYLE_FILL_AREA(#13887);
#13887 = FILL_AREA_STYLE('',(#13888));
#13888 = FILL_AREA_STYLE_COLOUR('',#12339);
#13889 = CURVE_STYLE('',#13890,POSITIVE_LENGTH_MEASURE(0.1),#12339);
#13890 = DRAUGHTING_PRE_DEFINED_CURVE_FONT('continuous');
#13891 = STYLED_ITEM('color',(#13892),#7906);
#13892 = PRESENTATION_STYLE_ASSIGNMENT((#13893,#13898));
#13893 = SURFACE_STYLE_USAGE(.BOTH.,#13894);
#13894 = SURFACE_SIDE_STYLE('',(#13895));
#13895 = SURFACE_STYLE_FILL_AREA(#13896);
#13896 = FILL_AREA_STYLE('',(#13897));
#13897 = FILL_AREA_STYLE_COLOUR('',#12339);
#13898 = CURVE_STYLE('',#13899,POSITIVE_LENGTH_MEASURE(0.1),#12339);
#13899 = DRAUGHTING_PRE_DEFINED_CURVE_FONT('continuous');
#13900 = STYLED_ITEM('color',(#13901),#7923);
#13901 = PRESENTATION_STYLE_ASSIGNMENT((#13902,#13907));
#13902 = SURFACE_STYLE_USAGE(.BOTH.,#13903);
#13903 = SURFACE_SIDE_STYLE('',(#13904));
#13904 = SURFACE_STYLE_FILL_AREA(#13905);
#13905 = FILL_AREA_STYLE('',(#13906));
#13906 = FILL_AREA_STYLE_COLOUR('',#12339);
#13907 = CURVE_STYLE('',#13908,POSITIVE_LENGTH_MEASURE(0.1),#12339);
#13908 = DRAUGHTING_PRE_DEFINED_CURVE_FONT('continuous');
#13909 = STYLED_ITEM('color',(#13910),#7940);
#13910 = PRESENTATION_STYLE_ASSIGNMENT((#13911,#13916));
#13911 = SURFACE_STYLE_USAGE(.BOTH.,#13912);
#13912 = SURFACE_SIDE_STYLE('',(#13913));
#13913 = SURFACE_STYLE_FILL_AREA(#13914);
#13914 = FILL_AREA_STYLE('',(#13915));
#13915 = FILL_AREA_STYLE_COLOUR('',#12339);
#13916 = CURVE_STYLE('',#13917,POSITIVE_LENGTH_MEASURE(0.1),#12339);
#13917 = DRAUGHTING_PRE_DEFINED_CURVE_FONT('continuous');
#13918 = STYLED_ITEM('color',(#13919),#7957);
#13919 = PRESENTATION_STYLE_ASSIGNMENT((#13920,#13925));
#13920 = SURFACE_STYLE_USAGE(.BOTH.,#13921);
#13921 = SURFACE_SIDE_STYLE('',(#13922));
#13922 = SURFACE_STYLE_FILL_AREA(#13923);
#13923 = FILL_AREA_STYLE('',(#13924));
#13924 = FILL_AREA_STYLE_COLOUR('',#12339);
#13925 = CURVE_STYLE('',#13926,POSITIVE_LENGTH_MEASURE(0.1),#12339);
#13926 = DRAUGHTING_PRE_DEFINED_CURVE_FONT('continuous');
#13927 = STYLED_ITEM('color',(#13928),#7969);
#13928 = PRESENTATION_STYLE_ASSIGNMENT((#13929,#13934));
#13929 = SURFACE_STYLE_USAGE(.BOTH.,#13930);
#13930 = SURFACE_SIDE_STYLE('',(#13931));
#13931 = SURFACE_STYLE_FILL_AREA(#13932);
#13932 = FILL_AREA_STYLE('',(#13933));
#13933 = FILL_AREA_STYLE_COLOUR('',#12339);
#13934 = CURVE_STYLE('',#13935,POSITIVE_LENGTH_MEASURE(0.1),#12339);
#13935 = DRAUGHTING_PRE_DEFINED_CURVE_FONT('continuous');
#13936 = STYLED_ITEM('color',(#13937),#7986);
#13937 = PRESENTATION_STYLE_ASSIGNMENT((#13938,#13943));
#13938 = SURFACE_STYLE_USAGE(.BOTH.,#13939);
#13939 = SURFACE_SIDE_STYLE('',(#13940));
#13940 = SURFACE_STYLE_FILL_AREA(#13941);
#13941 = FILL_AREA_STYLE('',(#13942));
#13942 = FILL_AREA_STYLE_COLOUR('',#12339);
#13943 = CURVE_STYLE('',#13944,POSITIVE_LENGTH_MEASURE(0.1),#12339);
#13944 = DRAUGHTING_PRE_DEFINED_CURVE_FONT('continuous');
#13945 = STYLED_ITEM('color',(#13946),#8003);
#13946 = PRESENTATION_STYLE_ASSIGNMENT((#13947,#13952));
#13947 = SURFACE_STYLE_USAGE(.BOTH.,#13948);
#13948 = SURFACE_SIDE_STYLE('',(#13949));
#13949 = SURFACE_STYLE_FILL_AREA(#13950);
#13950 = FILL_AREA_STYLE('',(#13951));
#13951 = FILL_AREA_STYLE_COLOUR('',#12339);
#13952 = CURVE_STYLE('',#13953,POSITIVE_LENGTH_MEASURE(0.1),#12339);
#13953 = DRAUGHTING_PRE_DEFINED_CURVE_FONT('continuous');
#13954 = STYLED_ITEM('color',(#13955),#8020);
#13955 = PRESENTATION_STYLE_ASSIGNMENT((#13956,#13961));
#13956 = SURFACE_STYLE_USAGE(.BOTH.,#13957);
#13957 = SURFACE_SIDE_STYLE('',(#13958));
#13958 = SURFACE_STYLE_FILL_AREA(#13959);
#13959 = FILL_AREA_STYLE('',(#13960));
#13960 = FILL_AREA_STYLE_COLOUR('',#12339);
#13961 = CURVE_STYLE('',#13962,POSITIVE_LENGTH_MEASURE(0.1),#12339);
#13962 = DRAUGHTING_PRE_DEFINED_CURVE_FONT('continuous');
#13963 = STYLED_ITEM('color',(#13964),#8037);
#13964 = PRESENTATION_STYLE_ASSIGNMENT((#13965,#13970));
#13965 = SURFACE_STYLE_USAGE(.BOTH.,#13966);
#13966 = SURFACE_SIDE_STYLE('',(#13967));
#13967 = SURFACE_STYLE_FILL_AREA(#13968);
#13968 = FILL_AREA_STYLE('',(#13969));
#13969 = FILL_AREA_STYLE_COLOUR('',#12339);
#13970 = CURVE_STYLE('',#13971,POSITIVE_LENGTH_MEASURE(0.1),#12339);
#13971 = DRAUGHTING_PRE_DEFINED_CURVE_FONT('continuous');
#13972 = STYLED_ITEM('color',(#13973),#8054);
#13973 = PRESENTATION_STYLE_ASSIGNMENT((#13974,#13979));
#13974 = SURFACE_STYLE_USAGE(.BOTH.,#13975);
#13975 = SURFACE_SIDE_STYLE('',(#13976));
#13976 = SURFACE_STYLE_FILL_AREA(#13977);
#13977 = FILL_AREA_STYLE('',(#13978));
#13978 = FILL_AREA_STYLE_COLOUR('',#12339);
#13979 = CURVE_STYLE('',#13980,POSITIVE_LENGTH_MEASURE(0.1),#12339);
#13980 = DRAUGHTING_PRE_DEFINED_CURVE_FONT('continuous');
#13981 = STYLED_ITEM('color',(#13982),#8071);
#13982 = PRESENTATION_STYLE_ASSIGNMENT((#13983,#13988));
#13983 = SURFACE_STYLE_USAGE(.BOTH.,#13984);
#13984 = SURFACE_SIDE_STYLE('',(#13985));
#13985 = SURFACE_STYLE_FILL_AREA(#13986);
#13986 = FILL_AREA_STYLE('',(#13987));
#13987 = FILL_AREA_STYLE_COLOUR('',#12339);
#13988 = CURVE_STYLE('',#13989,POSITIVE_LENGTH_MEASURE(0.1),#12339);
#13989 = DRAUGHTING_PRE_DEFINED_CURVE_FONT('continuous');
#13990 = STYLED_ITEM('color',(#13991),#8088);
#13991 = PRESENTATION_STYLE_ASSIGNMENT((#13992,#13997));
#13992 = SURFACE_STYLE_USAGE(.BOTH.,#13993);
#13993 = SURFACE_SIDE_STYLE('',(#13994));
#13994 = SURFACE_STYLE_FILL_AREA(#13995);
#13995 = FILL_AREA_STYLE('',(#13996));
#13996 = FILL_AREA_STYLE_COLOUR('',#12339);
#13997 = CURVE_STYLE('',#13998,POSITIVE_LENGTH_MEASURE(0.1),#12339);
#13998 = DRAUGHTING_PRE_DEFINED_CURVE_FONT('continuous');
#13999 = STYLED_ITEM('color',(#14000),#8100);
#14000 = PRESENTATION_STYLE_ASSIGNMENT((#14001,#14006));
#14001 = SURFACE_STYLE_USAGE(.BOTH.,#14002);
#14002 = SURFACE_SIDE_STYLE('',(#14003));
#14003 = SURFACE_STYLE_FILL_AREA(#14004);
#14004 = FILL_AREA_STYLE('',(#14005));
#14005 = FILL_AREA_STYLE_COLOUR('',#12339);
#14006 = CURVE_STYLE('',#14007,POSITIVE_LENGTH_MEASURE(0.1),#12339);
#14007 = DRAUGHTING_PRE_DEFINED_CURVE_FONT('continuous');
#14008 = STYLED_ITEM('color',(#14009),#8117);
#14009 = PRESENTATION_STYLE_ASSIGNMENT((#14010,#14015));
#14010 = SURFACE_STYLE_USAGE(.BOTH.,#14011);
#14011 = SURFACE_SIDE_STYLE('',(#14012));
#14012 = SURFACE_STYLE_FILL_AREA(#14013);
#14013 = FILL_AREA_STYLE('',(#14014));
#14014 = FILL_AREA_STYLE_COLOUR('',#12339);
#14015 = CURVE_STYLE('',#14016,POSITIVE_LENGTH_MEASURE(0.1),#12339);
#14016 = DRAUGHTING_PRE_DEFINED_CURVE_FONT('continuous');
#14017 = STYLED_ITEM('color',(#14018),#8134);
#14018 = PRESENTATION_STYLE_ASSIGNMENT((#14019,#14024));
#14019 = SURFACE_STYLE_USAGE(.BOTH.,#14020);
#14020 = SURFACE_SIDE_STYLE('',(#14021));
#14021 = SURFACE_STYLE_FILL_AREA(#14022);
#14022 = FILL_AREA_STYLE('',(#14023));
#14023 = FILL_AREA_STYLE_COLOUR('',#12339);
#14024 = CURVE_STYLE('',#14025,POSITIVE_LENGTH_MEASURE(0.1),#12339);
#14025 = DRAUGHTING_PRE_DEFINED_CURVE_FONT('continuous');
#14026 = STYLED_ITEM('color',(#14027),#8151);
#14027 = PRESENTATION_STYLE_ASSIGNMENT((#14028,#14033));
#14028 = SURFACE_STYLE_USAGE(.BOTH.,#14029);
#14029 = SURFACE_SIDE_STYLE('',(#14030));
#14030 = SURFACE_STYLE_FILL_AREA(#14031);
#14031 = FILL_AREA_STYLE('',(#14032));
#14032 = FILL_AREA_STYLE_COLOUR('',#12339);
#14033 = CURVE_STYLE('',#14034,POSITIVE_LENGTH_MEASURE(0.1),#12339);
#14034 = DRAUGHTING_PRE_DEFINED_CURVE_FONT('continuous');
#14035 = STYLED_ITEM('color',(#14036),#8168);
#14036 = PRESENTATION_STYLE_ASSIGNMENT((#14037,#14042));
#14037 = SURFACE_STYLE_USAGE(.BOTH.,#14038);
#14038 = SURFACE_SIDE_STYLE('',(#14039));
#14039 = SURFACE_STYLE_FILL_AREA(#14040);
#14040 = FILL_AREA_STYLE('',(#14041));
#14041 = FILL_AREA_STYLE_COLOUR('',#12339);
#14042 = CURVE_STYLE('',#14043,POSITIVE_LENGTH_MEASURE(0.1),#12339);
#14043 = DRAUGHTING_PRE_DEFINED_CURVE_FONT('continuous');
#14044 = STYLED_ITEM('color',(#14045),#8185);
#14045 = PRESENTATION_STYLE_ASSIGNMENT((#14046,#14051));
#14046 = SURFACE_STYLE_USAGE(.BOTH.,#14047);
#14047 = SURFACE_SIDE_STYLE('',(#14048));
#14048 = SURFACE_STYLE_FILL_AREA(#14049);
#14049 = FILL_AREA_STYLE('',(#14050));
#14050 = FILL_AREA_STYLE_COLOUR('',#12339);
#14051 = CURVE_STYLE('',#14052,POSITIVE_LENGTH_MEASURE(0.1),#12339);
#14052 = DRAUGHTING_PRE_DEFINED_CURVE_FONT('continuous');
#14053 = STYLED_ITEM('color',(#14054),#8202);
#14054 = PRESENTATION_STYLE_ASSIGNMENT((#14055,#14060));
#14055 = SURFACE_STYLE_USAGE(.BOTH.,#14056);
#14056 = SURFACE_SIDE_STYLE('',(#14057));
#14057 = SURFACE_STYLE_FILL_AREA(#14058);
#14058 = FILL_AREA_STYLE('',(#14059));
#14059 = FILL_AREA_STYLE_COLOUR('',#12339);
#14060 = CURVE_STYLE('',#14061,POSITIVE_LENGTH_MEASURE(0.1),#12339);
#14061 = DRAUGHTING_PRE_DEFINED_CURVE_FONT('continuous');
#14062 = STYLED_ITEM('color',(#14063),#8214);
#14063 = PRESENTATION_STYLE_ASSIGNMENT((#14064,#14069));
#14064 = SURFACE_STYLE_USAGE(.BOTH.,#14065);
#14065 = SURFACE_SIDE_STYLE('',(#14066));
#14066 = SURFACE_STYLE_FILL_AREA(#14067);
#14067 = FILL_AREA_STYLE('',(#14068));
#14068 = FILL_AREA_STYLE_COLOUR('',#12339);
#14069 = CURVE_STYLE('',#14070,POSITIVE_LENGTH_MEASURE(0.1),#12339);
#14070 = DRAUGHTING_PRE_DEFINED_CURVE_FONT('continuous');
#14071 = STYLED_ITEM('color',(#14072),#8231);
#14072 = PRESENTATION_STYLE_ASSIGNMENT((#14073,#14078));
#14073 = SURFACE_STYLE_USAGE(.BOTH.,#14074);
#14074 = SURFACE_SIDE_STYLE('',(#14075));
#14075 = SURFACE_STYLE_FILL_AREA(#14076);
#14076 = FILL_AREA_STYLE('',(#14077));
#14077 = FILL_AREA_STYLE_COLOUR('',#12339);
#14078 = CURVE_STYLE('',#14079,POSITIVE_LENGTH_MEASURE(0.1),#12339);
#14079 = DRAUGHTING_PRE_DEFINED_CURVE_FONT('continuous');
#14080 = STYLED_ITEM('color',(#14081),#8248);
#14081 = PRESENTATION_STYLE_ASSIGNMENT((#14082,#14087));
#14082 = SURFACE_STYLE_USAGE(.BOTH.,#14083);
#14083 = SURFACE_SIDE_STYLE('',(#14084));
#14084 = SURFACE_STYLE_FILL_AREA(#14085);
#14085 = FILL_AREA_STYLE('',(#14086));
#14086 = FILL_AREA_STYLE_COLOUR('',#12339);
#14087 = CURVE_STYLE('',#14088,POSITIVE_LENGTH_MEASURE(0.1),#12339);
#14088 = DRAUGHTING_PRE_DEFINED_CURVE_FONT('continuous');
#14089 = STYLED_ITEM('color',(#14090),#8265);
#14090 = PRESENTATION_STYLE_ASSIGNMENT((#14091,#14096));
#14091 = SURFACE_STYLE_USAGE(.BOTH.,#14092);
#14092 = SURFACE_SIDE_STYLE('',(#14093));
#14093 = SURFACE_STYLE_FILL_AREA(#14094);
#14094 = FILL_AREA_STYLE('',(#14095));
#14095 = FILL_AREA_STYLE_COLOUR('',#12339);
#14096 = CURVE_STYLE('',#14097,POSITIVE_LENGTH_MEASURE(0.1),#12339);
#14097 = DRAUGHTING_PRE_DEFINED_CURVE_FONT('continuous');
#14098 = STYLED_ITEM('color',(#14099),#8282);
#14099 = PRESENTATION_STYLE_ASSIGNMENT((#14100,#14105));
#14100 = SURFACE_STYLE_USAGE(.BOTH.,#14101);
#14101 = SURFACE_SIDE_STYLE('',(#14102));
#14102 = SURFACE_STYLE_FILL_AREA(#14103);
#14103 = FILL_AREA_STYLE('',(#14104));
#14104 = FILL_AREA_STYLE_COLOUR('',#12339);
#14105 = CURVE_STYLE('',#14106,POSITIVE_LENGTH_MEASURE(0.1),#12339);
#14106 = DRAUGHTING_PRE_DEFINED_CURVE_FONT('continuous');
#14107 = STYLED_ITEM('color',(#14108),#8299);
#14108 = PRESENTATION_STYLE_ASSIGNMENT((#14109,#14114));
#14109 = SURFACE_STYLE_USAGE(.BOTH.,#14110);
#14110 = SURFACE_SIDE_STYLE('',(#14111));
#14111 = SURFACE_STYLE_FILL_AREA(#14112);
#14112 = FILL_AREA_STYLE('',(#14113));
#14113 = FILL_AREA_STYLE_COLOUR('',#12339);
#14114 = CURVE_STYLE('',#14115,POSITIVE_LENGTH_MEASURE(0.1),#12339);
#14115 = DRAUGHTING_PRE_DEFINED_CURVE_FONT('continuous');
#14116 = STYLED_ITEM('color',(#14117),#8316);
#14117 = PRESENTATION_STYLE_ASSIGNMENT((#14118,#14123));
#14118 = SURFACE_STYLE_USAGE(.BOTH.,#14119);
#14119 = SURFACE_SIDE_STYLE('',(#14120));
#14120 = SURFACE_STYLE_FILL_AREA(#14121);
#14121 = FILL_AREA_STYLE('',(#14122));
#14122 = FILL_AREA_STYLE_COLOUR('',#12339);
#14123 = CURVE_STYLE('',#14124,POSITIVE_LENGTH_MEASURE(0.1),#12339);
#14124 = DRAUGHTING_PRE_DEFINED_CURVE_FONT('continuous');
#14125 = STYLED_ITEM('color',(#14126),#8328);
#14126 = PRESENTATION_STYLE_ASSIGNMENT((#14127,#14132));
#14127 = SURFACE_STYLE_USAGE(.BOTH.,#14128);
#14128 = SURFACE_SIDE_STYLE('',(#14129));
#14129 = SURFACE_STYLE_FILL_AREA(#14130);
#14130 = FILL_AREA_STYLE('',(#14131));
#14131 = FILL_AREA_STYLE_COLOUR('',#12339);
#14132 = CURVE_STYLE('',#14133,POSITIVE_LENGTH_MEASURE(0.1),#12339);
#14133 = DRAUGHTING_PRE_DEFINED_CURVE_FONT('continuous');
#14134 = STYLED_ITEM('color',(#14135),#8345);
#14135 = PRESENTATION_STYLE_ASSIGNMENT((#14136,#14141));
#14136 = SURFACE_STYLE_USAGE(.BOTH.,#14137);
#14137 = SURFACE_SIDE_STYLE('',(#14138));
#14138 = SURFACE_STYLE_FILL_AREA(#14139);
#14139 = FILL_AREA_STYLE('',(#14140));
#14140 = FILL_AREA_STYLE_COLOUR('',#12339);
#14141 = CURVE_STYLE('',#14142,POSITIVE_LENGTH_MEASURE(0.1),#12339);
#14142 = DRAUGHTING_PRE_DEFINED_CURVE_FONT('continuous');
#14143 = STYLED_ITEM('color',(#14144),#8362);
#14144 = PRESENTATION_STYLE_ASSIGNMENT((#14145,#14150));
#14145 = SURFACE_STYLE_USAGE(.BOTH.,#14146);
#14146 = SURFACE_SIDE_STYLE('',(#14147));
#14147 = SURFACE_STYLE_FILL_AREA(#14148);
#14148 = FILL_AREA_STYLE('',(#14149));
#14149 = FILL_AREA_STYLE_COLOUR('',#12339);
#14150 = CURVE_STYLE('',#14151,POSITIVE_LENGTH_MEASURE(0.1),#12339);
#14151 = DRAUGHTING_PRE_DEFINED_CURVE_FONT('continuous');
#14152 = STYLED_ITEM('color',(#14153),#8379);
#14153 = PRESENTATION_STYLE_ASSIGNMENT((#14154,#14159));
#14154 = SURFACE_STYLE_USAGE(.BOTH.,#14155);
#14155 = SURFACE_SIDE_STYLE('',(#14156));
#14156 = SURFACE_STYLE_FILL_AREA(#14157);
#14157 = FILL_AREA_STYLE('',(#14158));
#14158 = FILL_AREA_STYLE_COLOUR('',#12339);
#14159 = CURVE_STYLE('',#14160,POSITIVE_LENGTH_MEASURE(0.1),#12339);
#14160 = DRAUGHTING_PRE_DEFINED_CURVE_FONT('continuous');
#14161 = STYLED_ITEM('color',(#14162),#8396);
#14162 = PRESENTATION_STYLE_ASSIGNMENT((#14163,#14168));
#14163 = SURFACE_STYLE_USAGE(.BOTH.,#14164);
#14164 = SURFACE_SIDE_STYLE('',(#14165));
#14165 = SURFACE_STYLE_FILL_AREA(#14166);
#14166 = FILL_AREA_STYLE('',(#14167));
#14167 = FILL_AREA_STYLE_COLOUR('',#12339);
#14168 = CURVE_STYLE('',#14169,POSITIVE_LENGTH_MEASURE(0.1),#12339);
#14169 = DRAUGHTING_PRE_DEFINED_CURVE_FONT('continuous');
#14170 = STYLED_ITEM('color',(#14171),#8413);
#14171 = PRESENTATION_STYLE_ASSIGNMENT((#14172,#14177));
#14172 = SURFACE_STYLE_USAGE(.BOTH.,#14173);
#14173 = SURFACE_SIDE_STYLE('',(#14174));
#14174 = SURFACE_STYLE_FILL_AREA(#14175);
#14175 = FILL_AREA_STYLE('',(#14176));
#14176 = FILL_AREA_STYLE_COLOUR('',#12339);
#14177 = CURVE_STYLE('',#14178,POSITIVE_LENGTH_MEASURE(0.1),#12339);
#14178 = DRAUGHTING_PRE_DEFINED_CURVE_FONT('continuous');
#14179 = STYLED_ITEM('color',(#14180),#8430);
#14180 = PRESENTATION_STYLE_ASSIGNMENT((#14181,#14186));
#14181 = SURFACE_STYLE_USAGE(.BOTH.,#14182);
#14182 = SURFACE_SIDE_STYLE('',(#14183));
#14183 = SURFACE_STYLE_FILL_AREA(#14184);
#14184 = FILL_AREA_STYLE('',(#14185));
#14185 = FILL_AREA_STYLE_COLOUR('',#12339);
#14186 = CURVE_STYLE('',#14187,POSITIVE_LENGTH_MEASURE(0.1),#12339);
#14187 = DRAUGHTING_PRE_DEFINED_CURVE_FONT('continuous');
#14188 = STYLED_ITEM('color',(#14189),#8447);
#14189 = PRESENTATION_STYLE_ASSIGNMENT((#14190,#14195));
#14190 = SURFACE_STYLE_USAGE(.BOTH.,#14191);
#14191 = SURFACE_SIDE_STYLE('',(#14192));
#14192 = SURFACE_STYLE_FILL_AREA(#14193);
#14193 = FILL_AREA_STYLE('',(#14194));
#14194 = FILL_AREA_STYLE_COLOUR('',#12339);
#14195 = CURVE_STYLE('',#14196,POSITIVE_LENGTH_MEASURE(0.1),#12339);
#14196 = DRAUGHTING_PRE_DEFINED_CURVE_FONT('continuous');
#14197 = STYLED_ITEM('color',(#14198),#8459);
#14198 = PRESENTATION_STYLE_ASSIGNMENT((#14199,#14204));
#14199 = SURFACE_STYLE_USAGE(.BOTH.,#14200);
#14200 = SURFACE_SIDE_STYLE('',(#14201));
#14201 = SURFACE_STYLE_FILL_AREA(#14202);
#14202 = FILL_AREA_STYLE('',(#14203));
#14203 = FILL_AREA_STYLE_COLOUR('',#12339);
#14204 = CURVE_STYLE('',#14205,POSITIVE_LENGTH_MEASURE(0.1),#12339);
#14205 = DRAUGHTING_PRE_DEFINED_CURVE_FONT('continuous');
#14206 = STYLED_ITEM('color',(#14207),#8476);
#14207 = PRESENTATION_STYLE_ASSIGNMENT((#14208,#14213));
#14208 = SURFACE_STYLE_USAGE(.BOTH.,#14209);
#14209 = SURFACE_SIDE_STYLE('',(#14210));
#14210 = SURFACE_STYLE_FILL_AREA(#14211);
#14211 = FILL_AREA_STYLE('',(#14212));
#14212 = FILL_AREA_STYLE_COLOUR('',#12339);
#14213 = CURVE_STYLE('',#14214,POSITIVE_LENGTH_MEASURE(0.1),#12339);
#14214 = DRAUGHTING_PRE_DEFINED_CURVE_FONT('continuous');
#14215 = STYLED_ITEM('color',(#14216),#8493);
#14216 = PRESENTATION_STYLE_ASSIGNMENT((#14217,#14222));
#14217 = SURFACE_STYLE_USAGE(.BOTH.,#14218);
#14218 = SURFACE_SIDE_STYLE('',(#14219));
#14219 = SURFACE_STYLE_FILL_AREA(#14220);
#14220 = FILL_AREA_STYLE('',(#14221));
#14221 = FILL_AREA_STYLE_COLOUR('',#12339);
#14222 = CURVE_STYLE('',#14223,POSITIVE_LENGTH_MEASURE(0.1),#12339);
#14223 = DRAUGHTING_PRE_DEFINED_CURVE_FONT('continuous');
#14224 = STYLED_ITEM('color',(#14225),#8510);
#14225 = PRESENTATION_STYLE_ASSIGNMENT((#14226,#14231));
#14226 = SURFACE_STYLE_USAGE(.BOTH.,#14227);
#14227 = SURFACE_SIDE_STYLE('',(#14228));
#14228 = SURFACE_STYLE_FILL_AREA(#14229);
#14229 = FILL_AREA_STYLE('',(#14230));
#14230 = FILL_AREA_STYLE_COLOUR('',#12339);
#14231 = CURVE_STYLE('',#14232,POSITIVE_LENGTH_MEASURE(0.1),#12339);
#14232 = DRAUGHTING_PRE_DEFINED_CURVE_FONT('continuous');
#14233 = STYLED_ITEM('color',(#14234),#8527);
#14234 = PRESENTATION_STYLE_ASSIGNMENT((#14235,#14240));
#14235 = SURFACE_STYLE_USAGE(.BOTH.,#14236);
#14236 = SURFACE_SIDE_STYLE('',(#14237));
#14237 = SURFACE_STYLE_FILL_AREA(#14238);
#14238 = FILL_AREA_STYLE('',(#14239));
#14239 = FILL_AREA_STYLE_COLOUR('',#12339);
#14240 = CURVE_STYLE('',#14241,POSITIVE_LENGTH_MEASURE(0.1),#12339);
#14241 = DRAUGHTING_PRE_DEFINED_CURVE_FONT('continuous');
#14242 = STYLED_ITEM('color',(#14243),#8544);
#14243 = PRESENTATION_STYLE_ASSIGNMENT((#14244,#14249));
#14244 = SURFACE_STYLE_USAGE(.BOTH.,#14245);
#14245 = SURFACE_SIDE_STYLE('',(#14246));
#14246 = SURFACE_STYLE_FILL_AREA(#14247);
#14247 = FILL_AREA_STYLE('',(#14248));
#14248 = FILL_AREA_STYLE_COLOUR('',#12339);
#14249 = CURVE_STYLE('',#14250,POSITIVE_LENGTH_MEASURE(0.1),#12339);
#14250 = DRAUGHTING_PRE_DEFINED_CURVE_FONT('continuous');
#14251 = STYLED_ITEM('color',(#14252),#8561);
#14252 = PRESENTATION_STYLE_ASSIGNMENT((#14253,#14258));
#14253 = SURFACE_STYLE_USAGE(.BOTH.,#14254);
#14254 = SURFACE_SIDE_STYLE('',(#14255));
#14255 = SURFACE_STYLE_FILL_AREA(#14256);
#14256 = FILL_AREA_STYLE('',(#14257));
#14257 = FILL_AREA_STYLE_COLOUR('',#12339);
#14258 = CURVE_STYLE('',#14259,POSITIVE_LENGTH_MEASURE(0.1),#12339);
#14259 = DRAUGHTING_PRE_DEFINED_CURVE_FONT('continuous');
#14260 = STYLED_ITEM('color',(#14261),#8578);
#14261 = PRESENTATION_STYLE_ASSIGNMENT((#14262,#14267));
#14262 = SURFACE_STYLE_USAGE(.BOTH.,#14263);
#14263 = SURFACE_SIDE_STYLE('',(#14264));
#14264 = SURFACE_STYLE_FILL_AREA(#14265);
#14265 = FILL_AREA_STYLE('',(#14266));
#14266 = FILL_AREA_STYLE_COLOUR('',#12339);
#14267 = CURVE_STYLE('',#14268,POSITIVE_LENGTH_MEASURE(0.1),#12339);
#14268 = DRAUGHTING_PRE_DEFINED_CURVE_FONT('continuous');
#14269 = STYLED_ITEM('color',(#14270),#8590);
#14270 = PRESENTATION_STYLE_ASSIGNMENT((#14271,#14277));
#14271 = SURFACE_STYLE_USAGE(.BOTH.,#14272);
#14272 = SURFACE_SIDE_STYLE('',(#14273));
#14273 = SURFACE_STYLE_FILL_AREA(#14274);
#14274 = FILL_AREA_STYLE('',(#14275));
#14275 = FILL_AREA_STYLE_COLOUR('',#14276);
#14276 = COLOUR_RGB('',0.690999998585,0.664000007176,0.597999987832);
#14277 = CURVE_STYLE('',#14278,POSITIVE_LENGTH_MEASURE(0.1),#14276);
#14278 = DRAUGHTING_PRE_DEFINED_CURVE_FONT('continuous');
#14279 = MECHANICAL_DESIGN_GEOMETRIC_PRESENTATION_REPRESENTATION('',(
    #14280),#9699);
#14280 = STYLED_ITEM('color',(#14281),#9549);
#14281 = PRESENTATION_STYLE_ASSIGNMENT((#14282,#14287));
#14282 = SURFACE_STYLE_USAGE(.BOTH.,#14283);
#14283 = SURFACE_SIDE_STYLE('',(#14284));
#14284 = SURFACE_STYLE_FILL_AREA(#14285);
#14285 = FILL_AREA_STYLE('',(#14286));
#14286 = FILL_AREA_STYLE_COLOUR('',#11725);
#14287 = CURVE_STYLE('',#14288,POSITIVE_LENGTH_MEASURE(0.1),#11728);
#14288 = DRAUGHTING_PRE_DEFINED_CURVE_FONT('continuous');
ENDSEC;
END-ISO-10303-21;
