ISO-10303-21;
HEADER;
/* Generated by software containing ST-Developer
 * from STEP Tools, Inc. (www.steptools.com) 
 */

FILE_DESCRIPTION(
/* description */ ('KiCad electronic assembly'),
/* implementation_level */ '2;1');

FILE_NAME(
/* name */ 'mpe32sensor key small.step',
/* time_stamp */ '2026-06-10T00:45:38-05:00',
/* author */ (''),
/* organization */ (''),
/* preprocessor_version */ 'ST-DEVELOPER v20.1',
/* originating_system */ 'Autodesk Translation Framework v15.8.0.0',
/* authorisation */ '');

FILE_SCHEMA (('AUTOMOTIVE_DESIGN { 1 0 10303 214 3 1 1 }'));
ENDSEC;

DATA;
#10=MECHANICAL_DESIGN_GEOMETRIC_PRESENTATION_REPRESENTATION('',(#494,#495,
#496,#497,#498,#499,#500,#501,#502,#503,#504,#505,#506,#507,#508,#509,#510,
#511,#512,#513,#514,#515,#516,#517,#518,#519,#520,#521,#522,#523,#524,#525,
#526,#527,#528,#529,#530,#531,#532,#533,#534,#535,#536,#537,#538,#539,#540,
#541,#542,#543,#544,#545,#546,#547,#548,#549,#550,#551,#552,#553,#554,#555,
#556,#557,#558,#559,#560,#561,#562,#563,#564,#565,#566,#567,#568,#569,#570,
#571,#572,#573,#574,#575,#576,#577,#578,#579,#580,#581,#582,#583,#584,#585,
#586,#587,#588,#589,#590,#591,#592,#593,#594,#595,#596,#597,#598,#599,#600,
#601,#602,#603,#604,#605,#606,#607,#608,#609,#610,#611,#612,#613,#614,#615,
#616,#617,#618,#619,#620,#621,#622,#623,#624,#625,#626,#627,#628,#629,#630,
#631,#632,#633,#634,#635,#636,#637,#638,#639,#640,#641,#642,#643,#644,#645,
#646,#647,#648,#649,#650,#651,#652,#653,#654,#655,#656,#657,#658,#659,#660,
#661,#662,#663,#664,#665,#666,#667,#668,#669,#670,#671,#672,#673,#674,#675,
#676,#677,#678,#679,#680,#681,#682,#683,#684,#685,#686,#687,#688,#689,#690,
#691,#692,#693,#694,#695,#696,#697,#698,#699,#700,#701,#702,#703,#704,#705,
#706,#707,#708,#709,#710,#711,#712,#713,#714,#715,#716,#717,#718,#719,#720,
#721,#722,#723,#724,#725,#726,#727,#728,#729,#730,#731,#732,#733,#734,#735,
#736,#737,#738,#739,#740,#741,#742,#743,#744,#745),#17410);
#11=SPHERICAL_SURFACE('',#11458,0.199999999999996);
#12=SPHERICAL_SURFACE('',#11462,0.199999999999996);
#13=SPHERICAL_SURFACE('',#11466,0.199999999999996);
#14=SPHERICAL_SURFACE('',#11470,0.199999999999996);
#15=SPHERICAL_SURFACE('',#11474,0.199999999999996);
#16=SPHERICAL_SURFACE('',#11478,0.199999999999996);
#17=SPHERICAL_SURFACE('',#11484,0.199999999999996);
#18=SPHERICAL_SURFACE('',#11488,0.2);
#19=B_SPLINE_CURVE_WITH_KNOTS('',3,(#16388,#16389,#16390,#16391,#16392,
#16393,#16394,#16395),.UNSPECIFIED.,.F.,.F.,(4,2,2,4),(0.932477226162461,
0.983421878352579,1.04538497160534,1.13865969497313),.UNSPECIFIED.);
#20=B_SPLINE_CURVE_WITH_KNOTS('',3,(#16405,#16406,#16407,#16408,#16409,
#16410,#16411,#16412,#16413,#16414,#16415,#16416),.UNSPECIFIED.,.F.,.F.,
(4,2,2,2,2,4),(0.359042398827745,0.38118520290257,0.403328006977395,0.447613615127044,
0.498343420916969,0.549073226706895),.UNSPECIFIED.);
#21=B_SPLINE_CURVE_WITH_KNOTS('',3,(#16469,#16470,#16471,#16472,#16473,
#16474,#16475,#16476,#16477,#16478,#16479,#16480),.UNSPECIFIED.,.F.,.F.,
(4,2,2,2,2,4),(0.169011570948595,0.21974137673852,0.270471182528446,0.314756790678096,
0.33689959475292,0.359042398827745),.UNSPECIFIED.);
#22=B_SPLINE_CURVE_WITH_KNOTS('',3,(#16960,#16961,#16962,#16963,#16964,
#16965,#16966,#16967),.UNSPECIFIED.,.F.,.F.,(4,2,2,4),(0.0306514631378032,
0.123926186505531,0.185889279758297,0.236833931948409),.UNSPECIFIED.);
#23=CONICAL_SURFACE('',#11060,0.9,0.294234565111);
#24=ELLIPSE('',#11022,7.071067811865E-5,5.E-5);
#25=ELLIPSE('',#11023,7.07106781186548E-5,5.E-5);
#26=ELLIPSE('',#11026,7.07106781186548E-5,5.E-5);
#27=ELLIPSE('',#11030,7.071067811865E-5,5.E-5);
#28=ELLIPSE('',#11033,0.101542661187,0.1);
#29=ELLIPSE('',#11034,0.101542661187,0.1);
#30=ELLIPSE('',#11035,0.101542661187,0.1);
#31=ELLIPSE('',#11036,0.101542661187,0.1);
#32=ELLIPSE('',#11042,7.071067811865E-5,5.E-5);
#33=ELLIPSE('',#11044,0.101542661187,0.1);
#34=ELLIPSE('',#11045,0.101542661187,0.1);
#35=ELLIPSE('',#11046,0.101542661187,0.1);
#36=ELLIPSE('',#11047,0.101542661187,0.1);
#37=CYLINDRICAL_SURFACE('',#10800,0.03);
#38=CYLINDRICAL_SURFACE('',#10802,0.03);
#39=CYLINDRICAL_SURFACE('',#10806,0.03);
#40=CYLINDRICAL_SURFACE('',#10808,0.03);
#41=CYLINDRICAL_SURFACE('',#10816,0.03);
#42=CYLINDRICAL_SURFACE('',#10819,0.03);
#43=CYLINDRICAL_SURFACE('',#10822,0.03);
#44=CYLINDRICAL_SURFACE('',#10825,0.03);
#45=CYLINDRICAL_SURFACE('',#10834,0.03);
#46=CYLINDRICAL_SURFACE('',#10836,0.03);
#47=CYLINDRICAL_SURFACE('',#10840,0.03);
#48=CYLINDRICAL_SURFACE('',#10842,0.03);
#49=CYLINDRICAL_SURFACE('',#10892,0.1);
#50=CYLINDRICAL_SURFACE('',#10904,0.1);
#51=CYLINDRICAL_SURFACE('',#10916,0.1);
#52=CYLINDRICAL_SURFACE('',#10927,0.1);
#53=CYLINDRICAL_SURFACE('',#10939,0.1);
#54=CYLINDRICAL_SURFACE('',#10951,0.1);
#55=CYLINDRICAL_SURFACE('',#10957,0.25);
#56=CYLINDRICAL_SURFACE('',#10966,0.25);
#57=CYLINDRICAL_SURFACE('',#10968,0.25);
#58=CYLINDRICAL_SURFACE('',#10970,0.1);
#59=CYLINDRICAL_SURFACE('',#10974,0.25);
#60=CYLINDRICAL_SURFACE('',#10976,0.25);
#61=CYLINDRICAL_SURFACE('',#10978,0.1);
#62=CYLINDRICAL_SURFACE('',#10982,0.25);
#63=CYLINDRICAL_SURFACE('',#10985,0.1);
#64=CYLINDRICAL_SURFACE('',#10989,0.25);
#65=CYLINDRICAL_SURFACE('',#10992,0.1);
#66=CYLINDRICAL_SURFACE('',#10996,0.25);
#67=CYLINDRICAL_SURFACE('',#10998,0.25);
#68=CYLINDRICAL_SURFACE('',#11000,0.1);
#69=CYLINDRICAL_SURFACE('',#11004,0.25);
#70=CYLINDRICAL_SURFACE('',#11006,0.25);
#71=CYLINDRICAL_SURFACE('',#11008,0.1);
#72=CYLINDRICAL_SURFACE('',#11012,0.25);
#73=CYLINDRICAL_SURFACE('',#11021,5.E-5);
#74=CYLINDRICAL_SURFACE('',#11029,5.E-5);
#75=CYLINDRICAL_SURFACE('',#11041,5.E-5);
#76=CYLINDRICAL_SURFACE('',#11048,5.E-5);
#77=CYLINDRICAL_SURFACE('',#11050,0.1);
#78=CYLINDRICAL_SURFACE('',#11053,0.1);
#79=CYLINDRICAL_SURFACE('',#11056,0.1);
#80=CYLINDRICAL_SURFACE('',#11059,0.1);
#81=CYLINDRICAL_SURFACE('',#11062,0.475);
#82=CYLINDRICAL_SURFACE('',#11104,3.);
#83=CYLINDRICAL_SURFACE('',#11145,3.);
#84=CYLINDRICAL_SURFACE('',#11156,0.499999603944);
#85=CYLINDRICAL_SURFACE('',#11157,0.299683785035);
#86=CYLINDRICAL_SURFACE('',#11158,0.299966762338);
#87=CYLINDRICAL_SURFACE('',#11163,0.299966762338);
#88=CYLINDRICAL_SURFACE('',#11164,0.299991600078);
#89=CYLINDRICAL_SURFACE('',#11165,0.499998734392);
#90=CYLINDRICAL_SURFACE('',#11166,0.499999603944);
#91=CYLINDRICAL_SURFACE('',#11167,0.300023425677);
#92=CYLINDRICAL_SURFACE('',#11168,0.299991600078);
#93=CYLINDRICAL_SURFACE('',#11173,0.299991600078);
#94=CYLINDRICAL_SURFACE('',#11174,0.299991600078);
#95=CYLINDRICAL_SURFACE('',#11175,0.499999603944);
#96=CYLINDRICAL_SURFACE('',#11176,0.5);
#97=CYLINDRICAL_SURFACE('',#11177,0.5);
#98=CYLINDRICAL_SURFACE('',#11192,0.3);
#99=CYLINDRICAL_SURFACE('',#11197,0.1);
#100=CYLINDRICAL_SURFACE('',#11225,2.50000000000003);
#101=CYLINDRICAL_SURFACE('',#11228,1.105);
#102=CYLINDRICAL_SURFACE('',#11232,1.105);
#103=CYLINDRICAL_SURFACE('',#11237,1.105);
#104=CYLINDRICAL_SURFACE('',#11245,1.105);
#105=CYLINDRICAL_SURFACE('',#11249,0.3);
#106=CYLINDRICAL_SURFACE('',#11252,0.8);
#107=CYLINDRICAL_SURFACE('',#11256,0.8);
#108=CYLINDRICAL_SURFACE('',#11259,0.8);
#109=CYLINDRICAL_SURFACE('',#11263,0.8);
#110=CYLINDRICAL_SURFACE('',#11266,1.);
#111=CYLINDRICAL_SURFACE('',#11270,1.);
#112=CYLINDRICAL_SURFACE('',#11277,1.);
#113=CYLINDRICAL_SURFACE('',#11279,1.);
#114=CYLINDRICAL_SURFACE('',#11281,1.);
#115=CYLINDRICAL_SURFACE('',#11289,1.);
#116=CYLINDRICAL_SURFACE('',#11292,1.);
#117=CYLINDRICAL_SURFACE('',#11295,1.);
#118=CYLINDRICAL_SURFACE('',#11301,4.);
#119=CYLINDRICAL_SURFACE('',#11304,4.);
#120=CYLINDRICAL_SURFACE('',#11308,4.);
#121=CYLINDRICAL_SURFACE('',#11312,0.3);
#122=CYLINDRICAL_SURFACE('',#11316,0.3);
#123=CYLINDRICAL_SURFACE('',#11319,0.3);
#124=CYLINDRICAL_SURFACE('',#11322,0.3);
#125=CYLINDRICAL_SURFACE('',#11326,0.3);
#126=CYLINDRICAL_SURFACE('',#11330,0.3);
#127=CYLINDRICAL_SURFACE('',#11333,0.3);
#128=CYLINDRICAL_SURFACE('',#11337,0.3);
#129=CYLINDRICAL_SURFACE('',#11340,0.3);
#130=CYLINDRICAL_SURFACE('',#11344,0.3);
#131=CYLINDRICAL_SURFACE('',#11347,0.3);
#132=CYLINDRICAL_SURFACE('',#11350,0.3);
#133=CYLINDRICAL_SURFACE('',#11354,0.3);
#134=CYLINDRICAL_SURFACE('',#11358,0.3);
#135=CYLINDRICAL_SURFACE('',#11361,0.3);
#136=CYLINDRICAL_SURFACE('',#11364,0.3);
#137=CYLINDRICAL_SURFACE('',#11368,1.99999999999999);
#138=CYLINDRICAL_SURFACE('',#11370,1.99999999999999);
#139=CYLINDRICAL_SURFACE('',#11372,1.99999999999999);
#140=CYLINDRICAL_SURFACE('',#11378,2.5);
#141=CYLINDRICAL_SURFACE('',#11409,1.5);
#142=CYLINDRICAL_SURFACE('',#11411,3.62500000000001);
#143=CYLINDRICAL_SURFACE('',#11413,1.5);
#144=CYLINDRICAL_SURFACE('',#11425,2.8);
#145=CYLINDRICAL_SURFACE('',#11431,2.8);
#146=CYLINDRICAL_SURFACE('',#11449,2.30000005133589);
#147=CYLINDRICAL_SURFACE('',#11453,2.30000000000015);
#148=CYLINDRICAL_SURFACE('',#11482,0.2);
#149=CYLINDRICAL_SURFACE('',#11483,0.2);
#150=CYLINDRICAL_SURFACE('',#11492,0.2);
#151=CYLINDRICAL_SURFACE('',#11493,0.2);
#152=CYLINDRICAL_SURFACE('',#11494,0.2);
#153=CYLINDRICAL_SURFACE('',#11495,0.2);
#154=CYLINDRICAL_SURFACE('',#11496,0.2);
#155=CYLINDRICAL_SURFACE('',#11497,0.2);
#156=CYLINDRICAL_SURFACE('',#11498,0.2);
#157=CYLINDRICAL_SURFACE('',#11499,0.2);
#158=CYLINDRICAL_SURFACE('',#11500,0.2);
#159=CYLINDRICAL_SURFACE('',#11501,0.2);
#160=CIRCLE('',#10795,0.03);
#161=CIRCLE('',#10796,0.03);
#162=CIRCLE('',#10797,0.03);
#163=CIRCLE('',#10798,0.03);
#164=CIRCLE('',#10801,0.03);
#165=CIRCLE('',#10803,0.03);
#166=CIRCLE('',#10807,0.03);
#167=CIRCLE('',#10809,0.03);
#168=CIRCLE('',#10812,0.03);
#169=CIRCLE('',#10813,0.03);
#170=CIRCLE('',#10814,0.03);
#171=CIRCLE('',#10815,0.03);
#172=CIRCLE('',#10817,0.03);
#173=CIRCLE('',#10820,0.03);
#174=CIRCLE('',#10823,0.03);
#175=CIRCLE('',#10826,0.03);
#176=CIRCLE('',#10829,0.03);
#177=CIRCLE('',#10830,0.03);
#178=CIRCLE('',#10831,0.03);
#179=CIRCLE('',#10832,0.03);
#180=CIRCLE('',#10835,0.03);
#181=CIRCLE('',#10837,0.03);
#182=CIRCLE('',#10841,0.03);
#183=CIRCLE('',#10843,0.03);
#184=CIRCLE('',#10888,0.25);
#185=CIRCLE('',#10889,0.1);
#186=CIRCLE('',#10890,0.25);
#187=CIRCLE('',#10891,0.1);
#188=CIRCLE('',#10893,0.1);
#189=CIRCLE('',#10895,0.25);
#190=CIRCLE('',#10896,0.1);
#191=CIRCLE('',#10897,0.25);
#192=CIRCLE('',#10900,0.25);
#193=CIRCLE('',#10901,0.1);
#194=CIRCLE('',#10902,0.25);
#195=CIRCLE('',#10903,0.1);
#196=CIRCLE('',#10905,0.1);
#197=CIRCLE('',#10907,0.25);
#198=CIRCLE('',#10908,0.1);
#199=CIRCLE('',#10909,0.25);
#200=CIRCLE('',#10912,0.25);
#201=CIRCLE('',#10913,0.1);
#202=CIRCLE('',#10914,0.25);
#203=CIRCLE('',#10915,0.1);
#204=CIRCLE('',#10917,0.1);
#205=CIRCLE('',#10919,0.25);
#206=CIRCLE('',#10920,0.1);
#207=CIRCLE('',#10921,0.25);
#208=CIRCLE('',#10923,0.25);
#209=CIRCLE('',#10924,0.1);
#210=CIRCLE('',#10925,0.25);
#211=CIRCLE('',#10926,0.1);
#212=CIRCLE('',#10928,0.1);
#213=CIRCLE('',#10930,0.25);
#214=CIRCLE('',#10931,0.1);
#215=CIRCLE('',#10932,0.25);
#216=CIRCLE('',#10935,0.25);
#217=CIRCLE('',#10936,0.1);
#218=CIRCLE('',#10937,0.25);
#219=CIRCLE('',#10938,0.1);
#220=CIRCLE('',#10940,0.1);
#221=CIRCLE('',#10942,0.25);
#222=CIRCLE('',#10943,0.1);
#223=CIRCLE('',#10944,0.25);
#224=CIRCLE('',#10947,0.25);
#225=CIRCLE('',#10948,0.1);
#226=CIRCLE('',#10949,0.25);
#227=CIRCLE('',#10950,0.1);
#228=CIRCLE('',#10952,0.1);
#229=CIRCLE('',#10954,0.25);
#230=CIRCLE('',#10955,0.1);
#231=CIRCLE('',#10956,0.25);
#232=CIRCLE('',#10961,0.125);
#233=CIRCLE('',#11039,1.2);
#234=CIRCLE('',#11055,0.475);
#235=CIRCLE('',#11061,0.9);
#236=CIRCLE('',#11063,0.475);
#237=CIRCLE('',#11105,3.);
#238=CIRCLE('',#11106,3.);
#239=CIRCLE('',#11108,3.);
#240=CIRCLE('',#11109,0.499999603944);
#241=CIRCLE('',#11110,0.299966762338);
#242=CIRCLE('',#11111,0.299991600078);
#243=CIRCLE('',#11112,0.499999603944);
#244=CIRCLE('',#11113,0.299991600078);
#245=CIRCLE('',#11114,0.299991600078);
#246=CIRCLE('',#11115,0.499999603944);
#247=CIRCLE('',#11116,0.299991600078);
#248=CIRCLE('',#11117,0.300023425677);
#249=CIRCLE('',#11118,0.499998734392);
#250=CIRCLE('',#11119,0.299966762338);
#251=CIRCLE('',#11120,0.299683785035);
#252=CIRCLE('',#11121,0.5);
#253=CIRCLE('',#11122,0.5);
#254=CIRCLE('',#11124,3.);
#255=CIRCLE('',#11125,0.499999603944);
#256=CIRCLE('',#11126,0.299683785035);
#257=CIRCLE('',#11127,0.299966762338);
#258=CIRCLE('',#11128,0.499998734392);
#259=CIRCLE('',#11129,0.300023425677);
#260=CIRCLE('',#11130,0.299991600078);
#261=CIRCLE('',#11131,0.499999603944);
#262=CIRCLE('',#11132,0.299991600078);
#263=CIRCLE('',#11133,0.299991600078);
#264=CIRCLE('',#11134,0.499999603944);
#265=CIRCLE('',#11135,0.299991600078);
#266=CIRCLE('',#11136,0.299966762338);
#267=CIRCLE('',#11137,0.5);
#268=CIRCLE('',#11138,0.5);
#269=CIRCLE('',#11183,0.1);
#270=CIRCLE('',#11184,0.3);
#271=CIRCLE('',#11193,0.3);
#272=CIRCLE('',#11198,0.1);
#273=CIRCLE('',#11226,2.50000000000003);
#274=CIRCLE('',#11227,2.50000000000003);
#275=CIRCLE('',#11229,1.105);
#276=CIRCLE('',#11230,1.105);
#277=CIRCLE('',#11233,1.105);
#278=CIRCLE('',#11234,1.105);
#279=CIRCLE('',#11236,2.5);
#280=CIRCLE('',#11238,1.105);
#281=CIRCLE('',#11240,2.8);
#282=CIRCLE('',#11241,2.8);
#283=CIRCLE('',#11242,1.99999999999999);
#284=CIRCLE('',#11243,1.99999999999999);
#285=CIRCLE('',#11244,1.99999999999999);
#286=CIRCLE('',#11246,1.105);
#287=CIRCLE('',#11248,2.5);
#288=CIRCLE('',#11250,0.3);
#289=CIRCLE('',#11251,0.3);
#290=CIRCLE('',#11253,0.8);
#291=CIRCLE('',#11254,0.8);
#292=CIRCLE('',#11257,0.8);
#293=CIRCLE('',#11258,0.8);
#294=CIRCLE('',#11260,0.8);
#295=CIRCLE('',#11261,0.8);
#296=CIRCLE('',#11264,0.8);
#297=CIRCLE('',#11265,0.8);
#298=CIRCLE('',#11267,1.);
#299=CIRCLE('',#11268,1.);
#300=CIRCLE('',#11271,1.);
#301=CIRCLE('',#11272,1.);
#302=CIRCLE('',#11275,1.);
#303=CIRCLE('',#11276,1.);
#304=CIRCLE('',#11278,1.);
#305=CIRCLE('',#11280,1.);
#306=CIRCLE('',#11282,1.);
#307=CIRCLE('',#11283,1.);
#308=CIRCLE('',#11286,1.);
#309=CIRCLE('',#11287,1.);
#310=CIRCLE('',#11288,1.);
#311=CIRCLE('',#11290,1.);
#312=CIRCLE('',#11293,1.);
#313=CIRCLE('',#11296,1.);
#314=CIRCLE('',#11302,4.);
#315=CIRCLE('',#11303,4.);
#316=CIRCLE('',#11305,4.);
#317=CIRCLE('',#11306,4.);
#318=CIRCLE('',#11309,4.);
#319=CIRCLE('',#11310,4.);
#320=CIRCLE('',#11313,0.3);
#321=CIRCLE('',#11314,0.3);
#322=CIRCLE('',#11317,0.3);
#323=CIRCLE('',#11318,0.3);
#324=CIRCLE('',#11320,0.3);
#325=CIRCLE('',#11321,0.3);
#326=CIRCLE('',#11323,0.3);
#327=CIRCLE('',#11324,0.3);
#328=CIRCLE('',#11327,0.3);
#329=CIRCLE('',#11328,0.3);
#330=CIRCLE('',#11331,0.3);
#331=CIRCLE('',#11332,0.3);
#332=CIRCLE('',#11334,0.3);
#333=CIRCLE('',#11335,0.3);
#334=CIRCLE('',#11338,0.3);
#335=CIRCLE('',#11339,0.3);
#336=CIRCLE('',#11341,0.3);
#337=CIRCLE('',#11342,0.3);
#338=CIRCLE('',#11345,0.3);
#339=CIRCLE('',#11346,0.3);
#340=CIRCLE('',#11348,0.3);
#341=CIRCLE('',#11349,0.3);
#342=CIRCLE('',#11351,0.3);
#343=CIRCLE('',#11352,0.3);
#344=CIRCLE('',#11355,0.3);
#345=CIRCLE('',#11356,0.3);
#346=CIRCLE('',#11359,0.3);
#347=CIRCLE('',#11360,0.3);
#348=CIRCLE('',#11362,0.3);
#349=CIRCLE('',#11363,0.3);
#350=CIRCLE('',#11365,0.3);
#351=CIRCLE('',#11366,0.3);
#352=CIRCLE('',#11369,1.99999999999999);
#353=CIRCLE('',#11371,1.99999999999999);
#354=CIRCLE('',#11373,1.99999999999999);
#355=CIRCLE('',#11403,2.8);
#356=CIRCLE('',#11404,2.8);
#357=CIRCLE('',#11405,1.5);
#358=CIRCLE('',#11406,3.62500000000001);
#359=CIRCLE('',#11407,1.5);
#360=CIRCLE('',#11410,1.5);
#361=CIRCLE('',#11412,3.62500000000001);
#362=CIRCLE('',#11414,1.5);
#363=CIRCLE('',#11450,2.30000005133589);
#364=CIRCLE('',#11451,2.30000005133589);
#365=CIRCLE('',#11454,2.30000000000015);
#366=CIRCLE('',#11455,2.30000000000015);
#367=CIRCLE('',#11459,0.199999999999996);
#368=CIRCLE('',#11460,0.199999999999996);
#369=CIRCLE('',#11461,0.2);
#370=CIRCLE('',#11463,0.199999999999996);
#371=CIRCLE('',#11464,0.199999999999996);
#372=CIRCLE('',#11465,0.2);
#373=CIRCLE('',#11467,0.199999999999996);
#374=CIRCLE('',#11468,0.199999999999996);
#375=CIRCLE('',#11469,0.2);
#376=CIRCLE('',#11471,0.2);
#377=CIRCLE('',#11472,0.199999999999996);
#378=CIRCLE('',#11473,0.199999999999996);
#379=CIRCLE('',#11475,0.199999999999996);
#380=CIRCLE('',#11476,0.199999999999996);
#381=CIRCLE('',#11477,0.2);
#382=CIRCLE('',#11479,0.2);
#383=CIRCLE('',#11480,0.199999999999996);
#384=CIRCLE('',#11481,0.199999999999996);
#385=CIRCLE('',#11485,0.2);
#386=CIRCLE('',#11486,0.199999999999996);
#387=CIRCLE('',#11487,0.199999999999996);
#388=CIRCLE('',#11489,0.199999999999996);
#389=CIRCLE('',#11490,0.2);
#390=CIRCLE('',#11491,0.199999999999996);
#391=ITEM_DEFINED_TRANSFORMATION($,$,#10699,#10791);
#392=ITEM_DEFINED_TRANSFORMATION($,$,#10793,#10846);
#393=ITEM_DEFINED_TRANSFORMATION($,$,#10848,#11015);
#394=ITEM_DEFINED_TRANSFORMATION($,$,#11018,#11095);
#395=ITEM_DEFINED_TRANSFORMATION($,$,#11066,#11096);
#396=ITEM_DEFINED_TRANSFORMATION($,$,#11073,#11097);
#397=ITEM_DEFINED_TRANSFORMATION($,$,#11081,#11098);
#398=ITEM_DEFINED_TRANSFORMATION($,$,#11088,#11099);
#399=ITEM_DEFINED_TRANSFORMATION($,$,#11017,#11100);
#400=ITEM_DEFINED_TRANSFORMATION($,$,#11179,#11224);
#401=ITEM_DEFINED_TRANSFORMATION($,$,#11178,#11508);
#402=ITEM_DEFINED_TRANSFORMATION($,$,#10698,#11509);
#403=ITEM_DEFINED_TRANSFORMATION($,$,#10792,#11510);
#404=ITEM_DEFINED_TRANSFORMATION($,$,#10847,#11511);
#405=ITEM_DEFINED_TRANSFORMATION($,$,#11016,#11512);
#406=ITEM_DEFINED_TRANSFORMATION($,$,#11101,#11513);
#407=ITEM_DEFINED_TRANSFORMATION($,$,#11178,#11514);
#408=(
REPRESENTATION_RELATIONSHIP($,$,#17468,#17467)
REPRESENTATION_RELATIONSHIP_WITH_TRANSFORMATION(#391)
SHAPE_REPRESENTATION_RELATIONSHIP()
);
#409=(
REPRESENTATION_RELATIONSHIP($,$,#17470,#17469)
REPRESENTATION_RELATIONSHIP_WITH_TRANSFORMATION(#392)
SHAPE_REPRESENTATION_RELATIONSHIP()
);
#410=(
REPRESENTATION_RELATIONSHIP($,$,#17472,#17471)
REPRESENTATION_RELATIONSHIP_WITH_TRANSFORMATION(#393)
SHAPE_REPRESENTATION_RELATIONSHIP()
);
#411=(
REPRESENTATION_RELATIONSHIP($,$,#17475,#17474)
REPRESENTATION_RELATIONSHIP_WITH_TRANSFORMATION(#394)
SHAPE_REPRESENTATION_RELATIONSHIP()
);
#412=(
REPRESENTATION_RELATIONSHIP($,$,#17476,#17474)
REPRESENTATION_RELATIONSHIP_WITH_TRANSFORMATION(#395)
SHAPE_REPRESENTATION_RELATIONSHIP()
);
#413=(
REPRESENTATION_RELATIONSHIP($,$,#17477,#17474)
REPRESENTATION_RELATIONSHIP_WITH_TRANSFORMATION(#396)
SHAPE_REPRESENTATION_RELATIONSHIP()
);
#414=(
REPRESENTATION_RELATIONSHIP($,$,#17478,#17474)
REPRESENTATION_RELATIONSHIP_WITH_TRANSFORMATION(#397)
SHAPE_REPRESENTATION_RELATIONSHIP()
);
#415=(
REPRESENTATION_RELATIONSHIP($,$,#17479,#17474)
REPRESENTATION_RELATIONSHIP_WITH_TRANSFORMATION(#398)
SHAPE_REPRESENTATION_RELATIONSHIP()
);
#416=(
REPRESENTATION_RELATIONSHIP($,$,#17474,#17473)
REPRESENTATION_RELATIONSHIP_WITH_TRANSFORMATION(#399)
SHAPE_REPRESENTATION_RELATIONSHIP()
);
#417=(
REPRESENTATION_RELATIONSHIP($,$,#17482,#17481)
REPRESENTATION_RELATIONSHIP_WITH_TRANSFORMATION(#400)
SHAPE_REPRESENTATION_RELATIONSHIP()
);
#418=(
REPRESENTATION_RELATIONSHIP($,$,#17481,#17466)
REPRESENTATION_RELATIONSHIP_WITH_TRANSFORMATION(#401)
SHAPE_REPRESENTATION_RELATIONSHIP()
);
#419=(
REPRESENTATION_RELATIONSHIP($,$,#17467,#17466)
REPRESENTATION_RELATIONSHIP_WITH_TRANSFORMATION(#402)
SHAPE_REPRESENTATION_RELATIONSHIP()
);
#420=(
REPRESENTATION_RELATIONSHIP($,$,#17469,#17466)
REPRESENTATION_RELATIONSHIP_WITH_TRANSFORMATION(#403)
SHAPE_REPRESENTATION_RELATIONSHIP()
);
#421=(
REPRESENTATION_RELATIONSHIP($,$,#17471,#17466)
REPRESENTATION_RELATIONSHIP_WITH_TRANSFORMATION(#404)
SHAPE_REPRESENTATION_RELATIONSHIP()
);
#422=(
REPRESENTATION_RELATIONSHIP($,$,#17473,#17466)
REPRESENTATION_RELATIONSHIP_WITH_TRANSFORMATION(#405)
SHAPE_REPRESENTATION_RELATIONSHIP()
);
#423=(
REPRESENTATION_RELATIONSHIP($,$,#17480,#17466)
REPRESENTATION_RELATIONSHIP_WITH_TRANSFORMATION(#406)
SHAPE_REPRESENTATION_RELATIONSHIP()
);
#424=(
REPRESENTATION_RELATIONSHIP($,$,#17481,#17466)
REPRESENTATION_RELATIONSHIP_WITH_TRANSFORMATION(#407)
SHAPE_REPRESENTATION_RELATIONSHIP()
);
#425=CONTEXT_DEPENDENT_SHAPE_REPRESENTATION(#408,#17435);
#426=CONTEXT_DEPENDENT_SHAPE_REPRESENTATION(#409,#17438);
#427=CONTEXT_DEPENDENT_SHAPE_REPRESENTATION(#410,#17441);
#428=CONTEXT_DEPENDENT_SHAPE_REPRESENTATION(#411,#17449);
#429=CONTEXT_DEPENDENT_SHAPE_REPRESENTATION(#412,#17450);
#430=CONTEXT_DEPENDENT_SHAPE_REPRESENTATION(#413,#17451);
#431=CONTEXT_DEPENDENT_SHAPE_REPRESENTATION(#414,#17452);
#432=CONTEXT_DEPENDENT_SHAPE_REPRESENTATION(#415,#17453);
#433=CONTEXT_DEPENDENT_SHAPE_REPRESENTATION(#416,#17454);
#434=CONTEXT_DEPENDENT_SHAPE_REPRESENTATION(#417,#17458);
#435=CONTEXT_DEPENDENT_SHAPE_REPRESENTATION(#418,#17459);
#436=CONTEXT_DEPENDENT_SHAPE_REPRESENTATION(#419,#17460);
#437=CONTEXT_DEPENDENT_SHAPE_REPRESENTATION(#420,#17461);
#438=CONTEXT_DEPENDENT_SHAPE_REPRESENTATION(#421,#17462);
#439=CONTEXT_DEPENDENT_SHAPE_REPRESENTATION(#422,#17463);
#440=CONTEXT_DEPENDENT_SHAPE_REPRESENTATION(#423,#17464);
#441=CONTEXT_DEPENDENT_SHAPE_REPRESENTATION(#424,#17465);
#442=NEXT_ASSEMBLY_USAGE_OCCURRENCE(
'JST_SH_SM04B-SRSS-TB_1x04-1MP_P1.00mm_Horizontal:1',
'JST_SH_SM04B-SRSS-TB_1x04-1MP_P1.00mm_Horizontal:1',
'JST_SH_SM04B-SRSS-TB_1x04-1MP_P1.00mm_Horizontal:1',#17485,#17486,
'JST_SH_SM04B-SRSS-TB_1x04-1MP_P1.00mm_Horizontal:1');
#443=NEXT_ASSEMBLY_USAGE_OCCURRENCE('C_0603_1608Metric:1',
'C_0603_1608Metric:1','C_0603_1608Metric:1',#17487,#17488,
'C_0603_1608Metric:1');
#444=NEXT_ASSEMBLY_USAGE_OCCURRENCE('SOT-23-6:1','SOT-23-6:1',
'SOT-23-6:1',#17489,#17490,'SOT-23-6:1');
#445=NEXT_ASSEMBLY_USAGE_OCCURRENCE('Body:1','Body:1','Body:1',#17492,#17493,
'Body:1');
#446=NEXT_ASSEMBLY_USAGE_OCCURRENCE('Pin1:1','Pin1:1','Pin1:1',#17492,#17494,
'Pin1:1');
#447=NEXT_ASSEMBLY_USAGE_OCCURRENCE('Pin2:1','Pin2:1','Pin2:1',#17492,#17495,
'Pin2:1');
#448=NEXT_ASSEMBLY_USAGE_OCCURRENCE('Pin3:1','Pin3:1','Pin3:1',#17492,#17496,
'Pin3:1');
#449=NEXT_ASSEMBLY_USAGE_OCCURRENCE('Pin4:1','Pin4:1','Pin4:1',#17492,#17497,
'Pin4:1');
#450=NEXT_ASSEMBLY_USAGE_OCCURRENCE(
'LED_SK6812MINI_E_3_2x2_8mm_P1_5mm:1',
'LED_SK6812MINI_E_3_2x2_8mm_P1_5mm:1',
'LED_SK6812MINI_E_3_2x2_8mm_P1_5mm:1',#17491,#17492,
'LED_SK6812MINI_E_3_2x2_8mm_P1_5mm:1');
#451=NEXT_ASSEMBLY_USAGE_OCCURRENCE(
'PinSocket_1x01_P2.54mm_Horizontal:1',
'PinSocket_1x01_P2.54mm_Horizontal:1',
'PinSocket_1x01_P2.54mm_Horizontal:1',#17499,#17500,
'PinSocket_1x01_P2.54mm_Horizontal:1');
#452=NEXT_ASSEMBLY_USAGE_OCCURRENCE(
'PinSocket_1x01_P2.54mm_Horizontal (1):1',
'PinSocket_1x01_P2.54mm_Horizontal (1):1',
'PinSocket_1x01_P2.54mm_Horizontal (1):1',#17484,#17499,
'PinSocket_1x01_P2.54mm_Horizontal (1):1');
#453=NEXT_ASSEMBLY_USAGE_OCCURRENCE(
'JST_SH_SM04B-SRSS-TB_1x04-1MP_P1.00mm_Horizontal (1):1',
'JST_SH_SM04B-SRSS-TB_1x04-1MP_P1.00mm_Horizontal (1):1',
'JST_SH_SM04B-SRSS-TB_1x04-1MP_P1.00mm_Horizontal (1):1',#17484,#17485,
'JST_SH_SM04B-SRSS-TB_1x04-1MP_P1.00mm_Horizontal (1):1');
#454=NEXT_ASSEMBLY_USAGE_OCCURRENCE('C_0603_1608Metric (1):1',
'C_0603_1608Metric (1):1','C_0603_1608Metric (1):1',#17484,#17487,
'C_0603_1608Metric (1):1');
#455=NEXT_ASSEMBLY_USAGE_OCCURRENCE('SOT-23-6 (1):1','SOT-23-6 (1):1',
'SOT-23-6 (1):1',#17484,#17489,'SOT-23-6 (1):1');
#456=NEXT_ASSEMBLY_USAGE_OCCURRENCE(
'LED_SK6812MINI-E_3.2x2.8mm_P1.5mm_ReverseMount:1',
'LED_SK6812MINI-E_3.2x2.8mm_P1.5mm_ReverseMount:1',
'LED_SK6812MINI-E_3.2x2.8mm_P1.5mm_ReverseMount:1',#17484,#17491,
'LED_SK6812MINI-E_3.2x2.8mm_P1.5mm_ReverseMount:1');
#457=NEXT_ASSEMBLY_USAGE_OCCURRENCE('mpe32sensor_PCB:1',
'mpe32sensor_PCB:1','mpe32sensor_PCB:1',#17484,#17498,
'mpe32sensor_PCB:1');
#458=NEXT_ASSEMBLY_USAGE_OCCURRENCE(
'PinSocket_1x01_P2.54mm_Horizontal (1):2',
'PinSocket_1x01_P2.54mm_Horizontal (1):2',
'PinSocket_1x01_P2.54mm_Horizontal (1):2',#17484,#17499,
'PinSocket_1x01_P2.54mm_Horizontal (1):2');
#459=SHAPE_REPRESENTATION_RELATIONSHIP('SRR','None',#17468,#470);
#460=SHAPE_REPRESENTATION_RELATIONSHIP('SRR','None',#17470,#471);
#461=SHAPE_REPRESENTATION_RELATIONSHIP('SRR','None',#17472,#472);
#462=SHAPE_REPRESENTATION_RELATIONSHIP('SRR','None',#17475,#473);
#463=SHAPE_REPRESENTATION_RELATIONSHIP('SRR','None',#17476,#474);
#464=SHAPE_REPRESENTATION_RELATIONSHIP('SRR','None',#17477,#475);
#465=SHAPE_REPRESENTATION_RELATIONSHIP('SRR','None',#17478,#476);
#466=SHAPE_REPRESENTATION_RELATIONSHIP('SRR','None',#17479,#477);
#467=SHAPE_REPRESENTATION_RELATIONSHIP('SRR','None',#17480,#478);
#468=SHAPE_REPRESENTATION_RELATIONSHIP('SRR','None',#17482,#479);
#469=SHAPE_REPRESENTATION_RELATIONSHIP('SRR','None',#17466,#480);
#470=ADVANCED_BREP_SHAPE_REPRESENTATION('',(#481),#17395);
#471=ADVANCED_BREP_SHAPE_REPRESENTATION('',(#482),#17397);
#472=ADVANCED_BREP_SHAPE_REPRESENTATION('',(#483),#17399);
#473=ADVANCED_BREP_SHAPE_REPRESENTATION('',(#484),#17402);
#474=ADVANCED_BREP_SHAPE_REPRESENTATION('',(#485),#17403);
#475=ADVANCED_BREP_SHAPE_REPRESENTATION('',(#486),#17404);
#476=ADVANCED_BREP_SHAPE_REPRESENTATION('',(#487),#17405);
#477=ADVANCED_BREP_SHAPE_REPRESENTATION('',(#488),#17406);
#478=ADVANCED_BREP_SHAPE_REPRESENTATION('',(#489),#17407);
#479=ADVANCED_BREP_SHAPE_REPRESENTATION('',(#490),#17409);
#480=ADVANCED_BREP_SHAPE_REPRESENTATION('',(#491,#492,#493),#17393);
#481=MANIFOLD_SOLID_BREP('Body1',#10573);
#482=MANIFOLD_SOLID_BREP('Body1',#10574);
#483=MANIFOLD_SOLID_BREP('Body1',#10575);
#484=MANIFOLD_SOLID_BREP('Body1',#10576);
#485=MANIFOLD_SOLID_BREP('Body1',#10577);
#486=MANIFOLD_SOLID_BREP('Body1',#10578);
#487=MANIFOLD_SOLID_BREP('Body1',#10579);
#488=MANIFOLD_SOLID_BREP('Body1',#10580);
#489=MANIFOLD_SOLID_BREP('Body1',#10581);
#490=MANIFOLD_SOLID_BREP('Body1',#10582);
#491=MANIFOLD_SOLID_BREP('Flexure Body',#10583);
#492=MANIFOLD_SOLID_BREP('PCB Spacer Fix',#10584);
#493=MANIFOLD_SOLID_BREP('Neodymium Cube Magnet',#10585);
#494=STYLED_ITEM('',(#17557),#10048);
#495=STYLED_ITEM('',(#17557),#10049);
#496=STYLED_ITEM('',(#17557),#10050);
#497=STYLED_ITEM('',(#17557),#10051);
#498=STYLED_ITEM('',(#17557),#10052);
#499=STYLED_ITEM('',(#17557),#10053);
#500=STYLED_ITEM('',(#17557),#10054);
#501=STYLED_ITEM('',(#17557),#10055);
#502=STYLED_ITEM('',(#17557),#10056);
#503=STYLED_ITEM('',(#17557),#10057);
#504=STYLED_ITEM('',(#17557),#10058);
#505=STYLED_ITEM('',(#17557),#10059);
#506=STYLED_ITEM('',(#17557),#10060);
#507=STYLED_ITEM('',(#17557),#10061);
#508=STYLED_ITEM('',(#17557),#10062);
#509=STYLED_ITEM('',(#17557),#10063);
#510=STYLED_ITEM('',(#17557),#10064);
#511=STYLED_ITEM('',(#17557),#10065);
#512=STYLED_ITEM('',(#17557),#10066);
#513=STYLED_ITEM('',(#17557),#10082);
#514=STYLED_ITEM('',(#17557),#10083);
#515=STYLED_ITEM('',(#17557),#10084);
#516=STYLED_ITEM('',(#17557),#10085);
#517=STYLED_ITEM('',(#17557),#10090);
#518=STYLED_ITEM('',(#17557),#10091);
#519=STYLED_ITEM('',(#17557),#10092);
#520=STYLED_ITEM('',(#17557),#10093);
#521=STYLED_ITEM('',(#17557),#10094);
#522=STYLED_ITEM('',(#17557),#10095);
#523=STYLED_ITEM('',(#17557),#10096);
#524=STYLED_ITEM('',(#17557),#10097);
#525=STYLED_ITEM('',(#17557),#10098);
#526=STYLED_ITEM('',(#17557),#10099);
#527=STYLED_ITEM('',(#17557),#10100);
#528=STYLED_ITEM('',(#17557),#10104);
#529=STYLED_ITEM('',(#17557),#10105);
#530=STYLED_ITEM('',(#17557),#10106);
#531=STYLED_ITEM('',(#17557),#10107);
#532=STYLED_ITEM('',(#17557),#10108);
#533=STYLED_ITEM('',(#17557),#10109);
#534=STYLED_ITEM('',(#17557),#10110);
#535=STYLED_ITEM('',(#17557),#10111);
#536=STYLED_ITEM('',(#17557),#10112);
#537=STYLED_ITEM('',(#17557),#10113);
#538=STYLED_ITEM('',(#17557),#10114);
#539=STYLED_ITEM('',(#17557),#10115);
#540=STYLED_ITEM('',(#17557),#10116);
#541=STYLED_ITEM('',(#17557),#10117);
#542=STYLED_ITEM('',(#17557),#10118);
#543=STYLED_ITEM('',(#17557),#10119);
#544=STYLED_ITEM('',(#17557),#10120);
#545=STYLED_ITEM('',(#17557),#10121);
#546=STYLED_ITEM('',(#17557),#10122);
#547=STYLED_ITEM('',(#17557),#10123);
#548=STYLED_ITEM('',(#17555),#481);
#549=STYLED_ITEM('',(#17557),#10124);
#550=STYLED_ITEM('',(#17557),#10125);
#551=STYLED_ITEM('',(#17557),#10126);
#552=STYLED_ITEM('',(#17557),#10127);
#553=STYLED_ITEM('',(#17557),#10128);
#554=STYLED_ITEM('',(#17557),#10129);
#555=STYLED_ITEM('',(#17557),#10130);
#556=STYLED_ITEM('',(#17557),#10131);
#557=STYLED_ITEM('',(#17557),#10132);
#558=STYLED_ITEM('',(#17557),#10133);
#559=STYLED_ITEM('',(#17558),#10134);
#560=STYLED_ITEM('',(#17558),#10135);
#561=STYLED_ITEM('',(#17558),#10136);
#562=STYLED_ITEM('',(#17558),#10137);
#563=STYLED_ITEM('',(#17558),#10138);
#564=STYLED_ITEM('',(#17558),#10139);
#565=STYLED_ITEM('',(#17558),#10140);
#566=STYLED_ITEM('',(#17558),#10141);
#567=STYLED_ITEM('',(#17557),#10142);
#568=STYLED_ITEM('',(#17557),#10143);
#569=STYLED_ITEM('',(#17557),#10144);
#570=STYLED_ITEM('',(#17557),#10145);
#571=STYLED_ITEM('',(#17557),#10146);
#572=STYLED_ITEM('',(#17557),#10147);
#573=STYLED_ITEM('',(#17557),#10148);
#574=STYLED_ITEM('',(#17557),#10149);
#575=STYLED_ITEM('',(#17557),#10150);
#576=STYLED_ITEM('',(#17557),#10151);
#577=STYLED_ITEM('',(#17555),#482);
#578=STYLED_ITEM('',(#17559),#10152);
#579=STYLED_ITEM('',(#17559),#10153);
#580=STYLED_ITEM('',(#17559),#10154);
#581=STYLED_ITEM('',(#17559),#10155);
#582=STYLED_ITEM('',(#17559),#10156);
#583=STYLED_ITEM('',(#17559),#10157);
#584=STYLED_ITEM('',(#17559),#10158);
#585=STYLED_ITEM('',(#17559),#10159);
#586=STYLED_ITEM('',(#17559),#10160);
#587=STYLED_ITEM('',(#17559),#10161);
#588=STYLED_ITEM('',(#17559),#10162);
#589=STYLED_ITEM('',(#17559),#10163);
#590=STYLED_ITEM('',(#17559),#10164);
#591=STYLED_ITEM('',(#17559),#10165);
#592=STYLED_ITEM('',(#17557),#10166);
#593=STYLED_ITEM('',(#17559),#10167);
#594=STYLED_ITEM('',(#17557),#10168);
#595=STYLED_ITEM('',(#17559),#10169);
#596=STYLED_ITEM('',(#17557),#10170);
#597=STYLED_ITEM('',(#17559),#10171);
#598=STYLED_ITEM('',(#17559),#10172);
#599=STYLED_ITEM('',(#17557),#10173);
#600=STYLED_ITEM('',(#17559),#10174);
#601=STYLED_ITEM('',(#17557),#10175);
#602=STYLED_ITEM('',(#17559),#10176);
#603=STYLED_ITEM('',(#17557),#10177);
#604=STYLED_ITEM('',(#17559),#10178);
#605=STYLED_ITEM('',(#17559),#10179);
#606=STYLED_ITEM('',(#17559),#10180);
#607=STYLED_ITEM('',(#17559),#10181);
#608=STYLED_ITEM('',(#17557),#10182);
#609=STYLED_ITEM('',(#17559),#10183);
#610=STYLED_ITEM('',(#17559),#10184);
#611=STYLED_ITEM('',(#17559),#10185);
#612=STYLED_ITEM('',(#17559),#10186);
#613=STYLED_ITEM('',(#17559),#10187);
#614=STYLED_ITEM('',(#17557),#10188);
#615=STYLED_ITEM('',(#17559),#10189);
#616=STYLED_ITEM('',(#17557),#10190);
#617=STYLED_ITEM('',(#17557),#10191);
#618=STYLED_ITEM('',(#17557),#10192);
#619=STYLED_ITEM('',(#17559),#10193);
#620=STYLED_ITEM('',(#17557),#10194);
#621=STYLED_ITEM('',(#17557),#10195);
#622=STYLED_ITEM('',(#17557),#10196);
#623=STYLED_ITEM('',(#17559),#10197);
#624=STYLED_ITEM('',(#17557),#10198);
#625=STYLED_ITEM('',(#17557),#10199);
#626=STYLED_ITEM('',(#17557),#10200);
#627=STYLED_ITEM('',(#17557),#10201);
#628=STYLED_ITEM('',(#17557),#10202);
#629=STYLED_ITEM('',(#17557),#10203);
#630=STYLED_ITEM('',(#17559),#10204);
#631=STYLED_ITEM('',(#17557),#10205);
#632=STYLED_ITEM('',(#17557),#10206);
#633=STYLED_ITEM('',(#17557),#10207);
#634=STYLED_ITEM('',(#17559),#10208);
#635=STYLED_ITEM('',(#17557),#10209);
#636=STYLED_ITEM('',(#17557),#10210);
#637=STYLED_ITEM('',(#17557),#10211);
#638=STYLED_ITEM('',(#17557),#10212);
#639=STYLED_ITEM('',(#17557),#10213);
#640=STYLED_ITEM('',(#17557),#10214);
#641=STYLED_ITEM('',(#17559),#10215);
#642=STYLED_ITEM('',(#17559),#10216);
#643=STYLED_ITEM('',(#17557),#10217);
#644=STYLED_ITEM('',(#17557),#10218);
#645=STYLED_ITEM('',(#17559),#10219);
#646=STYLED_ITEM('',(#17557),#10220);
#647=STYLED_ITEM('',(#17559),#10221);
#648=STYLED_ITEM('',(#17557),#10222);
#649=STYLED_ITEM('',(#17557),#10223);
#650=STYLED_ITEM('',(#17557),#10224);
#651=STYLED_ITEM('',(#17557),#10225);
#652=STYLED_ITEM('',(#17557),#10226);
#653=STYLED_ITEM('',(#17557),#10227);
#654=STYLED_ITEM('',(#17557),#10228);
#655=STYLED_ITEM('',(#17557),#10229);
#656=STYLED_ITEM('',(#17557),#10230);
#657=STYLED_ITEM('',(#17557),#10231);
#658=STYLED_ITEM('',(#17557),#10232);
#659=STYLED_ITEM('',(#17557),#10233);
#660=STYLED_ITEM('',(#17557),#10234);
#661=STYLED_ITEM('',(#17557),#10235);
#662=STYLED_ITEM('',(#17557),#10236);
#663=STYLED_ITEM('',(#17557),#10237);
#664=STYLED_ITEM('',(#17557),#10238);
#665=STYLED_ITEM('',(#17557),#10239);
#666=STYLED_ITEM('',(#17557),#10240);
#667=STYLED_ITEM('',(#17557),#10241);
#668=STYLED_ITEM('',(#17557),#10242);
#669=STYLED_ITEM('',(#17557),#10243);
#670=STYLED_ITEM('',(#17557),#10244);
#671=STYLED_ITEM('',(#17557),#10245);
#672=STYLED_ITEM('',(#17557),#10246);
#673=STYLED_ITEM('',(#17557),#10247);
#674=STYLED_ITEM('',(#17557),#10248);
#675=STYLED_ITEM('',(#17557),#10249);
#676=STYLED_ITEM('',(#17557),#10250);
#677=STYLED_ITEM('',(#17557),#10251);
#678=STYLED_ITEM('',(#17557),#10252);
#679=STYLED_ITEM('',(#17557),#10253);
#680=STYLED_ITEM('',(#17557),#10254);
#681=STYLED_ITEM('',(#17557),#10255);
#682=STYLED_ITEM('',(#17557),#10256);
#683=STYLED_ITEM('',(#17557),#10257);
#684=STYLED_ITEM('',(#17557),#10258);
#685=STYLED_ITEM('',(#17557),#10259);
#686=STYLED_ITEM('',(#17557),#10260);
#687=STYLED_ITEM('',(#17557),#10261);
#688=STYLED_ITEM('',(#17557),#10262);
#689=STYLED_ITEM('',(#17557),#10263);
#690=STYLED_ITEM('',(#17557),#10264);
#691=STYLED_ITEM('',(#17557),#10265);
#692=STYLED_ITEM('',(#17557),#10266);
#693=STYLED_ITEM('',(#17557),#10267);
#694=STYLED_ITEM('',(#17560),#10268);
#695=STYLED_ITEM('',(#17555),#483);
#696=STYLED_ITEM('',(#17561),#484);
#697=STYLED_ITEM('',(#17562),#485);
#698=STYLED_ITEM('',(#17562),#486);
#699=STYLED_ITEM('',(#17562),#487);
#700=STYLED_ITEM('',(#17562),#488);
#701=STYLED_ITEM('',(#17563),#489);
#702=STYLED_ITEM('',(#17564),#10368);
#703=STYLED_ITEM('',(#17559),#10369);
#704=STYLED_ITEM('',(#17564),#10370);
#705=STYLED_ITEM('',(#17559),#10371);
#706=STYLED_ITEM('',(#17559),#10372);
#707=STYLED_ITEM('',(#17559),#10373);
#708=STYLED_ITEM('',(#17559),#10374);
#709=STYLED_ITEM('',(#17564),#10375);
#710=STYLED_ITEM('',(#17564),#10376);
#711=STYLED_ITEM('',(#17564),#10377);
#712=STYLED_ITEM('',(#17564),#10378);
#713=STYLED_ITEM('',(#17564),#10379);
#714=STYLED_ITEM('',(#17564),#10380);
#715=STYLED_ITEM('',(#17564),#10381);
#716=STYLED_ITEM('',(#17564),#10382);
#717=STYLED_ITEM('',(#17559),#10383);
#718=STYLED_ITEM('',(#17559),#10384);
#719=STYLED_ITEM('',(#17559),#10385);
#720=STYLED_ITEM('',(#17559),#10386);
#721=STYLED_ITEM('',(#17559),#10387);
#722=STYLED_ITEM('',(#17564),#10388);
#723=STYLED_ITEM('',(#17564),#10389);
#724=STYLED_ITEM('',(#17564),#10390);
#725=STYLED_ITEM('',(#17559),#10391);
#726=STYLED_ITEM('',(#17559),#10392);
#727=STYLED_ITEM('',(#17559),#10393);
#728=STYLED_ITEM('',(#17559),#10394);
#729=STYLED_ITEM('',(#17559),#10395);
#730=STYLED_ITEM('',(#17559),#10396);
#731=STYLED_ITEM('',(#17559),#10397);
#732=STYLED_ITEM('',(#17559),#10398);
#733=STYLED_ITEM('',(#17559),#10399);
#734=STYLED_ITEM('',(#17559),#10400);
#735=STYLED_ITEM('',(#17564),#10401);
#736=STYLED_ITEM('',(#17564),#10402);
#737=STYLED_ITEM('',(#17564),#10403);
#738=STYLED_ITEM('',(#17564),#10404);
#739=STYLED_ITEM('',(#17564),#10405);
#740=STYLED_ITEM('',(#17564),#10406);
#741=STYLED_ITEM('',(#17564),#10407);
#742=STYLED_ITEM('',(#17555),#490);
#743=STYLED_ITEM('',(#17556),#491);
#744=STYLED_ITEM('',(#17556),#492);
#745=STYLED_ITEM('',(#17555),#493);
#746=FACE_BOUND('',#1324,.T.);
#747=FACE_BOUND('',#1388,.T.);
#748=FACE_BOUND('',#1389,.T.);
#749=FACE_BOUND('',#1390,.T.);
#750=FACE_BOUND('',#1391,.T.);
#751=FACE_BOUND('',#1423,.T.);
#752=FACE_BOUND('',#1433,.T.);
#753=FACE_BOUND('',#1507,.T.);
#754=FACE_BOUND('',#1573,.T.);
#755=FACE_BOUND('',#1584,.T.);
#756=FACE_BOUND('',#1622,.T.);
#757=FACE_BOUND('',#1623,.T.);
#758=FACE_BOUND('',#1624,.T.);
#759=FACE_BOUND('',#1626,.T.);
#760=FACE_BOUND('',#1627,.T.);
#761=FACE_BOUND('',#1628,.T.);
#762=FACE_BOUND('',#1670,.T.);
#763=FACE_BOUND('',#1688,.T.);
#764=FACE_BOUND('',#1717,.T.);
#765=FACE_BOUND('',#1780,.T.);
#766=FACE_BOUND('',#1800,.T.);
#767=FACE_BOUND('',#1803,.T.);
#768=FACE_BOUND('',#1810,.T.);
#769=FACE_BOUND('',#1811,.T.);
#770=FACE_BOUND('',#1812,.T.);
#771=FACE_BOUND('',#1818,.T.);
#772=FACE_BOUND('',#1819,.T.);
#773=FACE_BOUND('',#1820,.T.);
#774=FACE_BOUND('',#1821,.T.);
#775=FACE_BOUND('',#1824,.T.);
#776=FACE_BOUND('',#1826,.T.);
#777=FACE_OUTER_BOUND('',#1317,.T.);
#778=FACE_OUTER_BOUND('',#1318,.T.);
#779=FACE_OUTER_BOUND('',#1319,.T.);
#780=FACE_OUTER_BOUND('',#1320,.T.);
#781=FACE_OUTER_BOUND('',#1321,.T.);
#782=FACE_OUTER_BOUND('',#1322,.T.);
#783=FACE_OUTER_BOUND('',#1323,.T.);
#784=FACE_OUTER_BOUND('',#1325,.T.);
#785=FACE_OUTER_BOUND('',#1326,.T.);
#786=FACE_OUTER_BOUND('',#1327,.T.);
#787=FACE_OUTER_BOUND('',#1328,.T.);
#788=FACE_OUTER_BOUND('',#1329,.T.);
#789=FACE_OUTER_BOUND('',#1330,.T.);
#790=FACE_OUTER_BOUND('',#1331,.T.);
#791=FACE_OUTER_BOUND('',#1332,.T.);
#792=FACE_OUTER_BOUND('',#1333,.T.);
#793=FACE_OUTER_BOUND('',#1334,.T.);
#794=FACE_OUTER_BOUND('',#1335,.T.);
#795=FACE_OUTER_BOUND('',#1336,.T.);
#796=FACE_OUTER_BOUND('',#1337,.T.);
#797=FACE_OUTER_BOUND('',#1338,.T.);
#798=FACE_OUTER_BOUND('',#1339,.T.);
#799=FACE_OUTER_BOUND('',#1340,.T.);
#800=FACE_OUTER_BOUND('',#1341,.T.);
#801=FACE_OUTER_BOUND('',#1342,.T.);
#802=FACE_OUTER_BOUND('',#1343,.T.);
#803=FACE_OUTER_BOUND('',#1344,.T.);
#804=FACE_OUTER_BOUND('',#1345,.T.);
#805=FACE_OUTER_BOUND('',#1346,.T.);
#806=FACE_OUTER_BOUND('',#1347,.T.);
#807=FACE_OUTER_BOUND('',#1348,.T.);
#808=FACE_OUTER_BOUND('',#1349,.T.);
#809=FACE_OUTER_BOUND('',#1350,.T.);
#810=FACE_OUTER_BOUND('',#1351,.T.);
#811=FACE_OUTER_BOUND('',#1352,.T.);
#812=FACE_OUTER_BOUND('',#1353,.T.);
#813=FACE_OUTER_BOUND('',#1354,.T.);
#814=FACE_OUTER_BOUND('',#1355,.T.);
#815=FACE_OUTER_BOUND('',#1356,.T.);
#816=FACE_OUTER_BOUND('',#1357,.T.);
#817=FACE_OUTER_BOUND('',#1358,.T.);
#818=FACE_OUTER_BOUND('',#1359,.T.);
#819=FACE_OUTER_BOUND('',#1360,.T.);
#820=FACE_OUTER_BOUND('',#1361,.T.);
#821=FACE_OUTER_BOUND('',#1362,.T.);
#822=FACE_OUTER_BOUND('',#1363,.T.);
#823=FACE_OUTER_BOUND('',#1364,.T.);
#824=FACE_OUTER_BOUND('',#1365,.T.);
#825=FACE_OUTER_BOUND('',#1366,.T.);
#826=FACE_OUTER_BOUND('',#1367,.T.);
#827=FACE_OUTER_BOUND('',#1368,.T.);
#828=FACE_OUTER_BOUND('',#1369,.T.);
#829=FACE_OUTER_BOUND('',#1370,.T.);
#830=FACE_OUTER_BOUND('',#1371,.T.);
#831=FACE_OUTER_BOUND('',#1372,.T.);
#832=FACE_OUTER_BOUND('',#1373,.T.);
#833=FACE_OUTER_BOUND('',#1374,.T.);
#834=FACE_OUTER_BOUND('',#1375,.T.);
#835=FACE_OUTER_BOUND('',#1376,.T.);
#836=FACE_OUTER_BOUND('',#1377,.T.);
#837=FACE_OUTER_BOUND('',#1378,.T.);
#838=FACE_OUTER_BOUND('',#1379,.T.);
#839=FACE_OUTER_BOUND('',#1380,.T.);
#840=FACE_OUTER_BOUND('',#1381,.T.);
#841=FACE_OUTER_BOUND('',#1382,.T.);
#842=FACE_OUTER_BOUND('',#1383,.T.);
#843=FACE_OUTER_BOUND('',#1384,.T.);
#844=FACE_OUTER_BOUND('',#1385,.T.);
#845=FACE_OUTER_BOUND('',#1386,.T.);
#846=FACE_OUTER_BOUND('',#1387,.T.);
#847=FACE_OUTER_BOUND('',#1392,.T.);
#848=FACE_OUTER_BOUND('',#1393,.T.);
#849=FACE_OUTER_BOUND('',#1394,.T.);
#850=FACE_OUTER_BOUND('',#1395,.T.);
#851=FACE_OUTER_BOUND('',#1396,.T.);
#852=FACE_OUTER_BOUND('',#1397,.T.);
#853=FACE_OUTER_BOUND('',#1398,.T.);
#854=FACE_OUTER_BOUND('',#1399,.T.);
#855=FACE_OUTER_BOUND('',#1400,.T.);
#856=FACE_OUTER_BOUND('',#1401,.T.);
#857=FACE_OUTER_BOUND('',#1402,.T.);
#858=FACE_OUTER_BOUND('',#1403,.T.);
#859=FACE_OUTER_BOUND('',#1404,.T.);
#860=FACE_OUTER_BOUND('',#1405,.T.);
#861=FACE_OUTER_BOUND('',#1406,.T.);
#862=FACE_OUTER_BOUND('',#1407,.T.);
#863=FACE_OUTER_BOUND('',#1408,.T.);
#864=FACE_OUTER_BOUND('',#1409,.T.);
#865=FACE_OUTER_BOUND('',#1410,.T.);
#866=FACE_OUTER_BOUND('',#1411,.T.);
#867=FACE_OUTER_BOUND('',#1412,.T.);
#868=FACE_OUTER_BOUND('',#1413,.T.);
#869=FACE_OUTER_BOUND('',#1414,.T.);
#870=FACE_OUTER_BOUND('',#1415,.T.);
#871=FACE_OUTER_BOUND('',#1416,.T.);
#872=FACE_OUTER_BOUND('',#1417,.T.);
#873=FACE_OUTER_BOUND('',#1418,.T.);
#874=FACE_OUTER_BOUND('',#1419,.T.);
#875=FACE_OUTER_BOUND('',#1420,.T.);
#876=FACE_OUTER_BOUND('',#1421,.T.);
#877=FACE_OUTER_BOUND('',#1422,.T.);
#878=FACE_OUTER_BOUND('',#1424,.T.);
#879=FACE_OUTER_BOUND('',#1425,.T.);
#880=FACE_OUTER_BOUND('',#1426,.T.);
#881=FACE_OUTER_BOUND('',#1427,.T.);
#882=FACE_OUTER_BOUND('',#1428,.T.);
#883=FACE_OUTER_BOUND('',#1429,.T.);
#884=FACE_OUTER_BOUND('',#1430,.T.);
#885=FACE_OUTER_BOUND('',#1431,.T.);
#886=FACE_OUTER_BOUND('',#1432,.T.);
#887=FACE_OUTER_BOUND('',#1434,.T.);
#888=FACE_OUTER_BOUND('',#1435,.T.);
#889=FACE_OUTER_BOUND('',#1436,.T.);
#890=FACE_OUTER_BOUND('',#1437,.T.);
#891=FACE_OUTER_BOUND('',#1438,.T.);
#892=FACE_OUTER_BOUND('',#1439,.T.);
#893=FACE_OUTER_BOUND('',#1440,.T.);
#894=FACE_OUTER_BOUND('',#1441,.T.);
#895=FACE_OUTER_BOUND('',#1442,.T.);
#896=FACE_OUTER_BOUND('',#1443,.T.);
#897=FACE_OUTER_BOUND('',#1444,.T.);
#898=FACE_OUTER_BOUND('',#1445,.T.);
#899=FACE_OUTER_BOUND('',#1446,.T.);
#900=FACE_OUTER_BOUND('',#1447,.T.);
#901=FACE_OUTER_BOUND('',#1448,.T.);
#902=FACE_OUTER_BOUND('',#1449,.T.);
#903=FACE_OUTER_BOUND('',#1450,.T.);
#904=FACE_OUTER_BOUND('',#1451,.T.);
#905=FACE_OUTER_BOUND('',#1452,.T.);
#906=FACE_OUTER_BOUND('',#1453,.T.);
#907=FACE_OUTER_BOUND('',#1454,.T.);
#908=FACE_OUTER_BOUND('',#1455,.T.);
#909=FACE_OUTER_BOUND('',#1456,.T.);
#910=FACE_OUTER_BOUND('',#1457,.T.);
#911=FACE_OUTER_BOUND('',#1458,.T.);
#912=FACE_OUTER_BOUND('',#1459,.T.);
#913=FACE_OUTER_BOUND('',#1460,.T.);
#914=FACE_OUTER_BOUND('',#1461,.T.);
#915=FACE_OUTER_BOUND('',#1462,.T.);
#916=FACE_OUTER_BOUND('',#1463,.T.);
#917=FACE_OUTER_BOUND('',#1464,.T.);
#918=FACE_OUTER_BOUND('',#1465,.T.);
#919=FACE_OUTER_BOUND('',#1466,.T.);
#920=FACE_OUTER_BOUND('',#1467,.T.);
#921=FACE_OUTER_BOUND('',#1468,.T.);
#922=FACE_OUTER_BOUND('',#1469,.T.);
#923=FACE_OUTER_BOUND('',#1470,.T.);
#924=FACE_OUTER_BOUND('',#1471,.T.);
#925=FACE_OUTER_BOUND('',#1472,.T.);
#926=FACE_OUTER_BOUND('',#1473,.T.);
#927=FACE_OUTER_BOUND('',#1474,.T.);
#928=FACE_OUTER_BOUND('',#1475,.T.);
#929=FACE_OUTER_BOUND('',#1476,.T.);
#930=FACE_OUTER_BOUND('',#1477,.T.);
#931=FACE_OUTER_BOUND('',#1478,.T.);
#932=FACE_OUTER_BOUND('',#1479,.T.);
#933=FACE_OUTER_BOUND('',#1480,.T.);
#934=FACE_OUTER_BOUND('',#1481,.T.);
#935=FACE_OUTER_BOUND('',#1482,.T.);
#936=FACE_OUTER_BOUND('',#1483,.T.);
#937=FACE_OUTER_BOUND('',#1484,.T.);
#938=FACE_OUTER_BOUND('',#1485,.T.);
#939=FACE_OUTER_BOUND('',#1486,.T.);
#940=FACE_OUTER_BOUND('',#1487,.T.);
#941=FACE_OUTER_BOUND('',#1488,.T.);
#942=FACE_OUTER_BOUND('',#1489,.T.);
#943=FACE_OUTER_BOUND('',#1490,.T.);
#944=FACE_OUTER_BOUND('',#1491,.T.);
#945=FACE_OUTER_BOUND('',#1492,.T.);
#946=FACE_OUTER_BOUND('',#1493,.T.);
#947=FACE_OUTER_BOUND('',#1494,.T.);
#948=FACE_OUTER_BOUND('',#1495,.T.);
#949=FACE_OUTER_BOUND('',#1496,.T.);
#950=FACE_OUTER_BOUND('',#1497,.T.);
#951=FACE_OUTER_BOUND('',#1498,.T.);
#952=FACE_OUTER_BOUND('',#1499,.T.);
#953=FACE_OUTER_BOUND('',#1500,.T.);
#954=FACE_OUTER_BOUND('',#1501,.T.);
#955=FACE_OUTER_BOUND('',#1502,.T.);
#956=FACE_OUTER_BOUND('',#1503,.T.);
#957=FACE_OUTER_BOUND('',#1504,.T.);
#958=FACE_OUTER_BOUND('',#1505,.T.);
#959=FACE_OUTER_BOUND('',#1506,.T.);
#960=FACE_OUTER_BOUND('',#1508,.T.);
#961=FACE_OUTER_BOUND('',#1509,.T.);
#962=FACE_OUTER_BOUND('',#1510,.T.);
#963=FACE_OUTER_BOUND('',#1511,.T.);
#964=FACE_OUTER_BOUND('',#1512,.T.);
#965=FACE_OUTER_BOUND('',#1513,.T.);
#966=FACE_OUTER_BOUND('',#1514,.T.);
#967=FACE_OUTER_BOUND('',#1515,.T.);
#968=FACE_OUTER_BOUND('',#1516,.T.);
#969=FACE_OUTER_BOUND('',#1517,.T.);
#970=FACE_OUTER_BOUND('',#1518,.T.);
#971=FACE_OUTER_BOUND('',#1519,.T.);
#972=FACE_OUTER_BOUND('',#1520,.T.);
#973=FACE_OUTER_BOUND('',#1521,.T.);
#974=FACE_OUTER_BOUND('',#1522,.T.);
#975=FACE_OUTER_BOUND('',#1523,.T.);
#976=FACE_OUTER_BOUND('',#1524,.T.);
#977=FACE_OUTER_BOUND('',#1525,.T.);
#978=FACE_OUTER_BOUND('',#1526,.T.);
#979=FACE_OUTER_BOUND('',#1527,.T.);
#980=FACE_OUTER_BOUND('',#1528,.T.);
#981=FACE_OUTER_BOUND('',#1529,.T.);
#982=FACE_OUTER_BOUND('',#1530,.T.);
#983=FACE_OUTER_BOUND('',#1531,.T.);
#984=FACE_OUTER_BOUND('',#1532,.T.);
#985=FACE_OUTER_BOUND('',#1533,.T.);
#986=FACE_OUTER_BOUND('',#1534,.T.);
#987=FACE_OUTER_BOUND('',#1535,.T.);
#988=FACE_OUTER_BOUND('',#1536,.T.);
#989=FACE_OUTER_BOUND('',#1537,.T.);
#990=FACE_OUTER_BOUND('',#1538,.T.);
#991=FACE_OUTER_BOUND('',#1539,.T.);
#992=FACE_OUTER_BOUND('',#1540,.T.);
#993=FACE_OUTER_BOUND('',#1541,.T.);
#994=FACE_OUTER_BOUND('',#1542,.T.);
#995=FACE_OUTER_BOUND('',#1543,.T.);
#996=FACE_OUTER_BOUND('',#1544,.T.);
#997=FACE_OUTER_BOUND('',#1545,.T.);
#998=FACE_OUTER_BOUND('',#1546,.T.);
#999=FACE_OUTER_BOUND('',#1547,.T.);
#1000=FACE_OUTER_BOUND('',#1548,.T.);
#1001=FACE_OUTER_BOUND('',#1549,.T.);
#1002=FACE_OUTER_BOUND('',#1550,.T.);
#1003=FACE_OUTER_BOUND('',#1551,.T.);
#1004=FACE_OUTER_BOUND('',#1552,.T.);
#1005=FACE_OUTER_BOUND('',#1553,.T.);
#1006=FACE_OUTER_BOUND('',#1554,.T.);
#1007=FACE_OUTER_BOUND('',#1555,.T.);
#1008=FACE_OUTER_BOUND('',#1556,.T.);
#1009=FACE_OUTER_BOUND('',#1557,.T.);
#1010=FACE_OUTER_BOUND('',#1558,.T.);
#1011=FACE_OUTER_BOUND('',#1559,.T.);
#1012=FACE_OUTER_BOUND('',#1560,.T.);
#1013=FACE_OUTER_BOUND('',#1561,.T.);
#1014=FACE_OUTER_BOUND('',#1562,.T.);
#1015=FACE_OUTER_BOUND('',#1563,.T.);
#1016=FACE_OUTER_BOUND('',#1564,.T.);
#1017=FACE_OUTER_BOUND('',#1565,.T.);
#1018=FACE_OUTER_BOUND('',#1566,.T.);
#1019=FACE_OUTER_BOUND('',#1567,.T.);
#1020=FACE_OUTER_BOUND('',#1568,.T.);
#1021=FACE_OUTER_BOUND('',#1569,.T.);
#1022=FACE_OUTER_BOUND('',#1570,.T.);
#1023=FACE_OUTER_BOUND('',#1571,.T.);
#1024=FACE_OUTER_BOUND('',#1572,.T.);
#1025=FACE_OUTER_BOUND('',#1574,.T.);
#1026=FACE_OUTER_BOUND('',#1575,.T.);
#1027=FACE_OUTER_BOUND('',#1576,.T.);
#1028=FACE_OUTER_BOUND('',#1577,.T.);
#1029=FACE_OUTER_BOUND('',#1578,.T.);
#1030=FACE_OUTER_BOUND('',#1579,.T.);
#1031=FACE_OUTER_BOUND('',#1580,.T.);
#1032=FACE_OUTER_BOUND('',#1581,.T.);
#1033=FACE_OUTER_BOUND('',#1582,.T.);
#1034=FACE_OUTER_BOUND('',#1583,.T.);
#1035=FACE_OUTER_BOUND('',#1585,.T.);
#1036=FACE_OUTER_BOUND('',#1586,.T.);
#1037=FACE_OUTER_BOUND('',#1587,.T.);
#1038=FACE_OUTER_BOUND('',#1588,.T.);
#1039=FACE_OUTER_BOUND('',#1589,.T.);
#1040=FACE_OUTER_BOUND('',#1590,.T.);
#1041=FACE_OUTER_BOUND('',#1591,.T.);
#1042=FACE_OUTER_BOUND('',#1592,.T.);
#1043=FACE_OUTER_BOUND('',#1593,.T.);
#1044=FACE_OUTER_BOUND('',#1594,.T.);
#1045=FACE_OUTER_BOUND('',#1595,.T.);
#1046=FACE_OUTER_BOUND('',#1596,.T.);
#1047=FACE_OUTER_BOUND('',#1597,.T.);
#1048=FACE_OUTER_BOUND('',#1598,.T.);
#1049=FACE_OUTER_BOUND('',#1599,.T.);
#1050=FACE_OUTER_BOUND('',#1600,.T.);
#1051=FACE_OUTER_BOUND('',#1601,.T.);
#1052=FACE_OUTER_BOUND('',#1602,.T.);
#1053=FACE_OUTER_BOUND('',#1603,.T.);
#1054=FACE_OUTER_BOUND('',#1604,.T.);
#1055=FACE_OUTER_BOUND('',#1605,.T.);
#1056=FACE_OUTER_BOUND('',#1606,.T.);
#1057=FACE_OUTER_BOUND('',#1607,.T.);
#1058=FACE_OUTER_BOUND('',#1608,.T.);
#1059=FACE_OUTER_BOUND('',#1609,.T.);
#1060=FACE_OUTER_BOUND('',#1610,.T.);
#1061=FACE_OUTER_BOUND('',#1611,.T.);
#1062=FACE_OUTER_BOUND('',#1612,.T.);
#1063=FACE_OUTER_BOUND('',#1613,.T.);
#1064=FACE_OUTER_BOUND('',#1614,.T.);
#1065=FACE_OUTER_BOUND('',#1615,.T.);
#1066=FACE_OUTER_BOUND('',#1616,.T.);
#1067=FACE_OUTER_BOUND('',#1617,.T.);
#1068=FACE_OUTER_BOUND('',#1618,.T.);
#1069=FACE_OUTER_BOUND('',#1619,.T.);
#1070=FACE_OUTER_BOUND('',#1620,.T.);
#1071=FACE_OUTER_BOUND('',#1621,.T.);
#1072=FACE_OUTER_BOUND('',#1625,.T.);
#1073=FACE_OUTER_BOUND('',#1629,.T.);
#1074=FACE_OUTER_BOUND('',#1630,.T.);
#1075=FACE_OUTER_BOUND('',#1631,.T.);
#1076=FACE_OUTER_BOUND('',#1632,.T.);
#1077=FACE_OUTER_BOUND('',#1633,.T.);
#1078=FACE_OUTER_BOUND('',#1634,.T.);
#1079=FACE_OUTER_BOUND('',#1635,.T.);
#1080=FACE_OUTER_BOUND('',#1636,.T.);
#1081=FACE_OUTER_BOUND('',#1637,.T.);
#1082=FACE_OUTER_BOUND('',#1638,.T.);
#1083=FACE_OUTER_BOUND('',#1639,.T.);
#1084=FACE_OUTER_BOUND('',#1640,.T.);
#1085=FACE_OUTER_BOUND('',#1641,.T.);
#1086=FACE_OUTER_BOUND('',#1642,.T.);
#1087=FACE_OUTER_BOUND('',#1643,.T.);
#1088=FACE_OUTER_BOUND('',#1644,.T.);
#1089=FACE_OUTER_BOUND('',#1645,.T.);
#1090=FACE_OUTER_BOUND('',#1646,.T.);
#1091=FACE_OUTER_BOUND('',#1647,.T.);
#1092=FACE_OUTER_BOUND('',#1648,.T.);
#1093=FACE_OUTER_BOUND('',#1649,.T.);
#1094=FACE_OUTER_BOUND('',#1650,.T.);
#1095=FACE_OUTER_BOUND('',#1651,.T.);
#1096=FACE_OUTER_BOUND('',#1652,.T.);
#1097=FACE_OUTER_BOUND('',#1653,.T.);
#1098=FACE_OUTER_BOUND('',#1654,.T.);
#1099=FACE_OUTER_BOUND('',#1655,.T.);
#1100=FACE_OUTER_BOUND('',#1656,.T.);
#1101=FACE_OUTER_BOUND('',#1657,.T.);
#1102=FACE_OUTER_BOUND('',#1658,.T.);
#1103=FACE_OUTER_BOUND('',#1659,.T.);
#1104=FACE_OUTER_BOUND('',#1660,.T.);
#1105=FACE_OUTER_BOUND('',#1661,.T.);
#1106=FACE_OUTER_BOUND('',#1662,.T.);
#1107=FACE_OUTER_BOUND('',#1663,.T.);
#1108=FACE_OUTER_BOUND('',#1664,.T.);
#1109=FACE_OUTER_BOUND('',#1665,.T.);
#1110=FACE_OUTER_BOUND('',#1666,.T.);
#1111=FACE_OUTER_BOUND('',#1667,.T.);
#1112=FACE_OUTER_BOUND('',#1668,.T.);
#1113=FACE_OUTER_BOUND('',#1669,.T.);
#1114=FACE_OUTER_BOUND('',#1671,.T.);
#1115=FACE_OUTER_BOUND('',#1672,.T.);
#1116=FACE_OUTER_BOUND('',#1673,.T.);
#1117=FACE_OUTER_BOUND('',#1674,.T.);
#1118=FACE_OUTER_BOUND('',#1675,.T.);
#1119=FACE_OUTER_BOUND('',#1676,.T.);
#1120=FACE_OUTER_BOUND('',#1677,.T.);
#1121=FACE_OUTER_BOUND('',#1678,.T.);
#1122=FACE_OUTER_BOUND('',#1679,.T.);
#1123=FACE_OUTER_BOUND('',#1680,.T.);
#1124=FACE_OUTER_BOUND('',#1681,.T.);
#1125=FACE_OUTER_BOUND('',#1682,.T.);
#1126=FACE_OUTER_BOUND('',#1683,.T.);
#1127=FACE_OUTER_BOUND('',#1684,.T.);
#1128=FACE_OUTER_BOUND('',#1685,.T.);
#1129=FACE_OUTER_BOUND('',#1686,.T.);
#1130=FACE_OUTER_BOUND('',#1687,.T.);
#1131=FACE_OUTER_BOUND('',#1689,.T.);
#1132=FACE_OUTER_BOUND('',#1690,.T.);
#1133=FACE_OUTER_BOUND('',#1691,.T.);
#1134=FACE_OUTER_BOUND('',#1692,.T.);
#1135=FACE_OUTER_BOUND('',#1693,.T.);
#1136=FACE_OUTER_BOUND('',#1694,.T.);
#1137=FACE_OUTER_BOUND('',#1695,.T.);
#1138=FACE_OUTER_BOUND('',#1696,.T.);
#1139=FACE_OUTER_BOUND('',#1697,.T.);
#1140=FACE_OUTER_BOUND('',#1698,.T.);
#1141=FACE_OUTER_BOUND('',#1699,.T.);
#1142=FACE_OUTER_BOUND('',#1700,.T.);
#1143=FACE_OUTER_BOUND('',#1701,.T.);
#1144=FACE_OUTER_BOUND('',#1702,.T.);
#1145=FACE_OUTER_BOUND('',#1703,.T.);
#1146=FACE_OUTER_BOUND('',#1704,.T.);
#1147=FACE_OUTER_BOUND('',#1705,.T.);
#1148=FACE_OUTER_BOUND('',#1706,.T.);
#1149=FACE_OUTER_BOUND('',#1707,.T.);
#1150=FACE_OUTER_BOUND('',#1708,.T.);
#1151=FACE_OUTER_BOUND('',#1709,.T.);
#1152=FACE_OUTER_BOUND('',#1710,.T.);
#1153=FACE_OUTER_BOUND('',#1711,.T.);
#1154=FACE_OUTER_BOUND('',#1712,.T.);
#1155=FACE_OUTER_BOUND('',#1713,.T.);
#1156=FACE_OUTER_BOUND('',#1714,.T.);
#1157=FACE_OUTER_BOUND('',#1715,.T.);
#1158=FACE_OUTER_BOUND('',#1716,.T.);
#1159=FACE_OUTER_BOUND('',#1718,.T.);
#1160=FACE_OUTER_BOUND('',#1719,.T.);
#1161=FACE_OUTER_BOUND('',#1720,.T.);
#1162=FACE_OUTER_BOUND('',#1721,.T.);
#1163=FACE_OUTER_BOUND('',#1722,.T.);
#1164=FACE_OUTER_BOUND('',#1723,.T.);
#1165=FACE_OUTER_BOUND('',#1724,.T.);
#1166=FACE_OUTER_BOUND('',#1725,.T.);
#1167=FACE_OUTER_BOUND('',#1726,.T.);
#1168=FACE_OUTER_BOUND('',#1727,.T.);
#1169=FACE_OUTER_BOUND('',#1728,.T.);
#1170=FACE_OUTER_BOUND('',#1729,.T.);
#1171=FACE_OUTER_BOUND('',#1730,.T.);
#1172=FACE_OUTER_BOUND('',#1731,.T.);
#1173=FACE_OUTER_BOUND('',#1732,.T.);
#1174=FACE_OUTER_BOUND('',#1733,.T.);
#1175=FACE_OUTER_BOUND('',#1734,.T.);
#1176=FACE_OUTER_BOUND('',#1735,.T.);
#1177=FACE_OUTER_BOUND('',#1736,.T.);
#1178=FACE_OUTER_BOUND('',#1737,.T.);
#1179=FACE_OUTER_BOUND('',#1738,.T.);
#1180=FACE_OUTER_BOUND('',#1739,.T.);
#1181=FACE_OUTER_BOUND('',#1740,.T.);
#1182=FACE_OUTER_BOUND('',#1741,.T.);
#1183=FACE_OUTER_BOUND('',#1742,.T.);
#1184=FACE_OUTER_BOUND('',#1743,.T.);
#1185=FACE_OUTER_BOUND('',#1744,.T.);
#1186=FACE_OUTER_BOUND('',#1745,.T.);
#1187=FACE_OUTER_BOUND('',#1746,.T.);
#1188=FACE_OUTER_BOUND('',#1747,.T.);
#1189=FACE_OUTER_BOUND('',#1748,.T.);
#1190=FACE_OUTER_BOUND('',#1749,.T.);
#1191=FACE_OUTER_BOUND('',#1750,.T.);
#1192=FACE_OUTER_BOUND('',#1751,.T.);
#1193=FACE_OUTER_BOUND('',#1752,.T.);
#1194=FACE_OUTER_BOUND('',#1753,.T.);
#1195=FACE_OUTER_BOUND('',#1754,.T.);
#1196=FACE_OUTER_BOUND('',#1755,.T.);
#1197=FACE_OUTER_BOUND('',#1756,.T.);
#1198=FACE_OUTER_BOUND('',#1757,.T.);
#1199=FACE_OUTER_BOUND('',#1758,.T.);
#1200=FACE_OUTER_BOUND('',#1759,.T.);
#1201=FACE_OUTER_BOUND('',#1760,.T.);
#1202=FACE_OUTER_BOUND('',#1761,.T.);
#1203=FACE_OUTER_BOUND('',#1762,.T.);
#1204=FACE_OUTER_BOUND('',#1763,.T.);
#1205=FACE_OUTER_BOUND('',#1764,.T.);
#1206=FACE_OUTER_BOUND('',#1765,.T.);
#1207=FACE_OUTER_BOUND('',#1766,.T.);
#1208=FACE_OUTER_BOUND('',#1767,.T.);
#1209=FACE_OUTER_BOUND('',#1768,.T.);
#1210=FACE_OUTER_BOUND('',#1769,.T.);
#1211=FACE_OUTER_BOUND('',#1770,.T.);
#1212=FACE_OUTER_BOUND('',#1771,.T.);
#1213=FACE_OUTER_BOUND('',#1772,.T.);
#1214=FACE_OUTER_BOUND('',#1773,.T.);
#1215=FACE_OUTER_BOUND('',#1774,.T.);
#1216=FACE_OUTER_BOUND('',#1775,.T.);
#1217=FACE_OUTER_BOUND('',#1776,.T.);
#1218=FACE_OUTER_BOUND('',#1777,.T.);
#1219=FACE_OUTER_BOUND('',#1778,.T.);
#1220=FACE_OUTER_BOUND('',#1779,.T.);
#1221=FACE_OUTER_BOUND('',#1781,.T.);
#1222=FACE_OUTER_BOUND('',#1782,.T.);
#1223=FACE_OUTER_BOUND('',#1783,.T.);
#1224=FACE_OUTER_BOUND('',#1784,.T.);
#1225=FACE_OUTER_BOUND('',#1785,.T.);
#1226=FACE_OUTER_BOUND('',#1786,.T.);
#1227=FACE_OUTER_BOUND('',#1787,.T.);
#1228=FACE_OUTER_BOUND('',#1788,.T.);
#1229=FACE_OUTER_BOUND('',#1789,.T.);
#1230=FACE_OUTER_BOUND('',#1790,.T.);
#1231=FACE_OUTER_BOUND('',#1791,.T.);
#1232=FACE_OUTER_BOUND('',#1792,.T.);
#1233=FACE_OUTER_BOUND('',#1793,.T.);
#1234=FACE_OUTER_BOUND('',#1794,.T.);
#1235=FACE_OUTER_BOUND('',#1795,.T.);
#1236=FACE_OUTER_BOUND('',#1796,.T.);
#1237=FACE_OUTER_BOUND('',#1797,.T.);
#1238=FACE_OUTER_BOUND('',#1798,.T.);
#1239=FACE_OUTER_BOUND('',#1799,.T.);
#1240=FACE_OUTER_BOUND('',#1801,.T.);
#1241=FACE_OUTER_BOUND('',#1802,.T.);
#1242=FACE_OUTER_BOUND('',#1804,.T.);
#1243=FACE_OUTER_BOUND('',#1805,.T.);
#1244=FACE_OUTER_BOUND('',#1806,.T.);
#1245=FACE_OUTER_BOUND('',#1807,.T.);
#1246=FACE_OUTER_BOUND('',#1808,.T.);
#1247=FACE_OUTER_BOUND('',#1809,.T.);
#1248=FACE_OUTER_BOUND('',#1813,.T.);
#1249=FACE_OUTER_BOUND('',#1814,.T.);
#1250=FACE_OUTER_BOUND('',#1815,.T.);
#1251=FACE_OUTER_BOUND('',#1816,.T.);
#1252=FACE_OUTER_BOUND('',#1817,.T.);
#1253=FACE_OUTER_BOUND('',#1822,.T.);
#1254=FACE_OUTER_BOUND('',#1823,.T.);
#1255=FACE_OUTER_BOUND('',#1825,.T.);
#1256=FACE_OUTER_BOUND('',#1827,.T.);
#1257=FACE_OUTER_BOUND('',#1828,.T.);
#1258=FACE_OUTER_BOUND('',#1829,.T.);
#1259=FACE_OUTER_BOUND('',#1830,.T.);
#1260=FACE_OUTER_BOUND('',#1831,.T.);
#1261=FACE_OUTER_BOUND('',#1832,.T.);
#1262=FACE_OUTER_BOUND('',#1833,.T.);
#1263=FACE_OUTER_BOUND('',#1834,.T.);
#1264=FACE_OUTER_BOUND('',#1835,.T.);
#1265=FACE_OUTER_BOUND('',#1836,.T.);
#1266=FACE_OUTER_BOUND('',#1837,.T.);
#1267=FACE_OUTER_BOUND('',#1838,.T.);
#1268=FACE_OUTER_BOUND('',#1839,.T.);
#1269=FACE_OUTER_BOUND('',#1840,.T.);
#1270=FACE_OUTER_BOUND('',#1841,.T.);
#1271=FACE_OUTER_BOUND('',#1842,.T.);
#1272=FACE_OUTER_BOUND('',#1843,.T.);
#1273=FACE_OUTER_BOUND('',#1844,.T.);
#1274=FACE_OUTER_BOUND('',#1845,.T.);
#1275=FACE_OUTER_BOUND('',#1846,.T.);
#1276=FACE_OUTER_BOUND('',#1847,.T.);
#1277=FACE_OUTER_BOUND('',#1848,.T.);
#1278=FACE_OUTER_BOUND('',#1849,.T.);
#1279=FACE_OUTER_BOUND('',#1850,.T.);
#1280=FACE_OUTER_BOUND('',#1851,.T.);
#1281=FACE_OUTER_BOUND('',#1852,.T.);
#1282=FACE_OUTER_BOUND('',#1853,.T.);
#1283=FACE_OUTER_BOUND('',#1854,.T.);
#1284=FACE_OUTER_BOUND('',#1855,.T.);
#1285=FACE_OUTER_BOUND('',#1856,.T.);
#1286=FACE_OUTER_BOUND('',#1857,.T.);
#1287=FACE_OUTER_BOUND('',#1858,.T.);
#1288=FACE_OUTER_BOUND('',#1859,.T.);
#1289=FACE_OUTER_BOUND('',#1860,.T.);
#1290=FACE_OUTER_BOUND('',#1861,.T.);
#1291=FACE_OUTER_BOUND('',#1862,.T.);
#1292=FACE_OUTER_BOUND('',#1863,.T.);
#1293=FACE_OUTER_BOUND('',#1864,.T.);
#1294=FACE_OUTER_BOUND('',#1865,.T.);
#1295=FACE_OUTER_BOUND('',#1866,.T.);
#1296=FACE_OUTER_BOUND('',#1867,.T.);
#1297=FACE_OUTER_BOUND('',#1868,.T.);
#1298=FACE_OUTER_BOUND('',#1869,.T.);
#1299=FACE_OUTER_BOUND('',#1870,.T.);
#1300=FACE_OUTER_BOUND('',#1871,.T.);
#1301=FACE_OUTER_BOUND('',#1872,.T.);
#1302=FACE_OUTER_BOUND('',#1873,.T.);
#1303=FACE_OUTER_BOUND('',#1874,.T.);
#1304=FACE_OUTER_BOUND('',#1875,.T.);
#1305=FACE_OUTER_BOUND('',#1876,.T.);
#1306=FACE_OUTER_BOUND('',#1877,.T.);
#1307=FACE_OUTER_BOUND('',#1878,.T.);
#1308=FACE_OUTER_BOUND('',#1879,.T.);
#1309=FACE_OUTER_BOUND('',#1880,.T.);
#1310=FACE_OUTER_BOUND('',#1881,.T.);
#1311=FACE_OUTER_BOUND('',#1882,.T.);
#1312=FACE_OUTER_BOUND('',#1883,.T.);
#1313=FACE_OUTER_BOUND('',#1884,.T.);
#1314=FACE_OUTER_BOUND('',#1885,.T.);
#1315=FACE_OUTER_BOUND('',#1886,.T.);
#1316=FACE_OUTER_BOUND('',#1887,.T.);
#1317=EDGE_LOOP('',(#6711,#6712,#6713,#6714,#6715,#6716,#6717,#6718,#6719,
#6720,#6721,#6722));
#1318=EDGE_LOOP('',(#6723,#6724,#6725,#6726,#6727,#6728,#6729,#6730,#6731,
#6732,#6733,#6734,#6735,#6736,#6737,#6738,#6739,#6740,#6741,#6742,#6743,
#6744,#6745,#6746,#6747,#6748));
#1319=EDGE_LOOP('',(#6749,#6750,#6751,#6752));
#1320=EDGE_LOOP('',(#6753,#6754,#6755,#6756));
#1321=EDGE_LOOP('',(#6757,#6758,#6759,#6760));
#1322=EDGE_LOOP('',(#6761,#6762,#6763,#6764));
#1323=EDGE_LOOP('',(#6765,#6766,#6767,#6768,#6769,#6770,#6771,#6772,#6773,
#6774));
#1324=EDGE_LOOP('',(#6775,#6776,#6777,#6778,#6779,#6780,#6781,#6782,#6783,
#6784,#6785,#6786));
#1325=EDGE_LOOP('',(#6787,#6788,#6789,#6790,#6791,#6792,#6793,#6794));
#1326=EDGE_LOOP('',(#6795,#6796,#6797,#6798));
#1327=EDGE_LOOP('',(#6799,#6800,#6801,#6802));
#1328=EDGE_LOOP('',(#6803,#6804,#6805,#6806));
#1329=EDGE_LOOP('',(#6807,#6808,#6809,#6810));
#1330=EDGE_LOOP('',(#6811,#6812,#6813,#6814,#6815,#6816,#6817,#6818,#6819,
#6820,#6821,#6822,#6823,#6824,#6825,#6826,#6827,#6828,#6829,#6830,#6831,
#6832,#6833,#6834));
#1331=EDGE_LOOP('',(#6835,#6836,#6837,#6838,#6839,#6840,#6841,#6842,#6843,
#6844,#6845,#6846));
#1332=EDGE_LOOP('',(#6847,#6848,#6849,#6850));
#1333=EDGE_LOOP('',(#6851,#6852,#6853,#6854));
#1334=EDGE_LOOP('',(#6855,#6856,#6857,#6858));
#1335=EDGE_LOOP('',(#6859,#6860,#6861,#6862));
#1336=EDGE_LOOP('',(#6863,#6864,#6865,#6866));
#1337=EDGE_LOOP('',(#6867,#6868,#6869,#6870,#6871,#6872));
#1338=EDGE_LOOP('',(#6873,#6874,#6875,#6876));
#1339=EDGE_LOOP('',(#6877,#6878,#6879,#6880,#6881,#6882));
#1340=EDGE_LOOP('',(#6883,#6884,#6885,#6886,#6887,#6888));
#1341=EDGE_LOOP('',(#6889,#6890,#6891,#6892));
#1342=EDGE_LOOP('',(#6893,#6894,#6895,#6896,#6897,#6898));
#1343=EDGE_LOOP('',(#6899,#6900,#6901,#6902,#6903,#6904));
#1344=EDGE_LOOP('',(#6905,#6906,#6907,#6908));
#1345=EDGE_LOOP('',(#6909,#6910,#6911,#6912,#6913,#6914));
#1346=EDGE_LOOP('',(#6915,#6916,#6917,#6918,#6919,#6920));
#1347=EDGE_LOOP('',(#6921,#6922,#6923,#6924));
#1348=EDGE_LOOP('',(#6925,#6926,#6927,#6928,#6929,#6930));
#1349=EDGE_LOOP('',(#6931,#6932,#6933,#6934,#6935,#6936,#6937));
#1350=EDGE_LOOP('',(#6938,#6939,#6940,#6941,#6942));
#1351=EDGE_LOOP('',(#6943,#6944,#6945,#6946,#6947));
#1352=EDGE_LOOP('',(#6948,#6949,#6950,#6951));
#1353=EDGE_LOOP('',(#6952,#6953,#6954,#6955,#6956,#6957,#6958,#6959));
#1354=EDGE_LOOP('',(#6960,#6961,#6962,#6963));
#1355=EDGE_LOOP('',(#6964,#6965,#6966,#6967));
#1356=EDGE_LOOP('',(#6968,#6969,#6970,#6971));
#1357=EDGE_LOOP('',(#6972,#6973,#6974,#6975));
#1358=EDGE_LOOP('',(#6976,#6977,#6978,#6979,#6980,#6981,#6982,#6983));
#1359=EDGE_LOOP('',(#6984,#6985,#6986,#6987));
#1360=EDGE_LOOP('',(#6988,#6989,#6990,#6991));
#1361=EDGE_LOOP('',(#6992,#6993,#6994,#6995));
#1362=EDGE_LOOP('',(#6996,#6997,#6998,#6999));
#1363=EDGE_LOOP('',(#7000,#7001,#7002,#7003,#7004,#7005));
#1364=EDGE_LOOP('',(#7006,#7007,#7008,#7009));
#1365=EDGE_LOOP('',(#7010,#7011,#7012,#7013,#7014,#7015));
#1366=EDGE_LOOP('',(#7016,#7017,#7018,#7019));
#1367=EDGE_LOOP('',(#7020,#7021,#7022,#7023));
#1368=EDGE_LOOP('',(#7024,#7025,#7026,#7027));
#1369=EDGE_LOOP('',(#7028,#7029,#7030,#7031));
#1370=EDGE_LOOP('',(#7032,#7033,#7034,#7035));
#1371=EDGE_LOOP('',(#7036,#7037,#7038,#7039));
#1372=EDGE_LOOP('',(#7040,#7041,#7042,#7043));
#1373=EDGE_LOOP('',(#7044,#7045,#7046,#7047));
#1374=EDGE_LOOP('',(#7048,#7049,#7050,#7051));
#1375=EDGE_LOOP('',(#7052,#7053,#7054,#7055,#7056,#7057,#7058));
#1376=EDGE_LOOP('',(#7059,#7060,#7061,#7062));
#1377=EDGE_LOOP('',(#7063,#7064,#7065,#7066));
#1378=EDGE_LOOP('',(#7067,#7068,#7069,#7070));
#1379=EDGE_LOOP('',(#7071,#7072,#7073,#7074));
#1380=EDGE_LOOP('',(#7075,#7076,#7077,#7078));
#1381=EDGE_LOOP('',(#7079,#7080,#7081,#7082));
#1382=EDGE_LOOP('',(#7083,#7084,#7085,#7086));
#1383=EDGE_LOOP('',(#7087,#7088,#7089,#7090));
#1384=EDGE_LOOP('',(#7091,#7092,#7093,#7094));
#1385=EDGE_LOOP('',(#7095,#7096,#7097,#7098));
#1386=EDGE_LOOP('',(#7099,#7100,#7101,#7102));
#1387=EDGE_LOOP('',(#7103,#7104,#7105,#7106));
#1388=EDGE_LOOP('',(#7107,#7108,#7109,#7110));
#1389=EDGE_LOOP('',(#7111,#7112,#7113,#7114));
#1390=EDGE_LOOP('',(#7115,#7116,#7117,#7118));
#1391=EDGE_LOOP('',(#7119,#7120,#7121,#7122));
#1392=EDGE_LOOP('',(#7123,#7124,#7125,#7126));
#1393=EDGE_LOOP('',(#7127,#7128,#7129,#7130));
#1394=EDGE_LOOP('',(#7131,#7132,#7133,#7134));
#1395=EDGE_LOOP('',(#7135,#7136,#7137,#7138));
#1396=EDGE_LOOP('',(#7139,#7140,#7141,#7142));
#1397=EDGE_LOOP('',(#7143,#7144,#7145,#7146));
#1398=EDGE_LOOP('',(#7147,#7148,#7149,#7150));
#1399=EDGE_LOOP('',(#7151,#7152,#7153,#7154));
#1400=EDGE_LOOP('',(#7155,#7156,#7157,#7158));
#1401=EDGE_LOOP('',(#7159,#7160,#7161,#7162));
#1402=EDGE_LOOP('',(#7163,#7164,#7165,#7166));
#1403=EDGE_LOOP('',(#7167,#7168,#7169,#7170));
#1404=EDGE_LOOP('',(#7171,#7172,#7173,#7174));
#1405=EDGE_LOOP('',(#7175,#7176,#7177,#7178));
#1406=EDGE_LOOP('',(#7179,#7180,#7181,#7182));
#1407=EDGE_LOOP('',(#7183,#7184,#7185,#7186));
#1408=EDGE_LOOP('',(#7187,#7188,#7189,#7190));
#1409=EDGE_LOOP('',(#7191,#7192,#7193,#7194));
#1410=EDGE_LOOP('',(#7195,#7196,#7197,#7198));
#1411=EDGE_LOOP('',(#7199,#7200,#7201,#7202));
#1412=EDGE_LOOP('',(#7203,#7204,#7205,#7206));
#1413=EDGE_LOOP('',(#7207,#7208,#7209,#7210,#7211,#7212,#7213,#7214));
#1414=EDGE_LOOP('',(#7215,#7216,#7217,#7218));
#1415=EDGE_LOOP('',(#7219,#7220,#7221,#7222));
#1416=EDGE_LOOP('',(#7223,#7224,#7225,#7226));
#1417=EDGE_LOOP('',(#7227,#7228,#7229,#7230));
#1418=EDGE_LOOP('',(#7231,#7232,#7233,#7234));
#1419=EDGE_LOOP('',(#7235,#7236,#7237,#7238));
#1420=EDGE_LOOP('',(#7239,#7240,#7241,#7242));
#1421=EDGE_LOOP('',(#7243,#7244,#7245,#7246));
#1422=EDGE_LOOP('',(#7247,#7248,#7249,#7250,#7251,#7252,#7253,#7254));
#1423=EDGE_LOOP('',(#7255,#7256,#7257,#7258,#7259,#7260,#7261,#7262));
#1424=EDGE_LOOP('',(#7263,#7264,#7265,#7266));
#1425=EDGE_LOOP('',(#7267,#7268,#7269,#7270));
#1426=EDGE_LOOP('',(#7271,#7272,#7273,#7274));
#1427=EDGE_LOOP('',(#7275,#7276,#7277,#7278));
#1428=EDGE_LOOP('',(#7279,#7280,#7281,#7282));
#1429=EDGE_LOOP('',(#7283,#7284,#7285,#7286));
#1430=EDGE_LOOP('',(#7287,#7288,#7289,#7290));
#1431=EDGE_LOOP('',(#7291,#7292,#7293,#7294));
#1432=EDGE_LOOP('',(#7295,#7296,#7297,#7298,#7299,#7300,#7301,#7302));
#1433=EDGE_LOOP('',(#7303,#7304,#7305,#7306,#7307,#7308,#7309,#7310));
#1434=EDGE_LOOP('',(#7311,#7312,#7313,#7314));
#1435=EDGE_LOOP('',(#7315,#7316,#7317,#7318));
#1436=EDGE_LOOP('',(#7319,#7320,#7321,#7322));
#1437=EDGE_LOOP('',(#7323,#7324,#7325,#7326));
#1438=EDGE_LOOP('',(#7327,#7328,#7329,#7330));
#1439=EDGE_LOOP('',(#7331,#7332,#7333,#7334));
#1440=EDGE_LOOP('',(#7335,#7336,#7337,#7338));
#1441=EDGE_LOOP('',(#7339,#7340,#7341,#7342));
#1442=EDGE_LOOP('',(#7343,#7344,#7345,#7346,#7347,#7348,#7349,#7350));
#1443=EDGE_LOOP('',(#7351,#7352,#7353,#7354));
#1444=EDGE_LOOP('',(#7355,#7356,#7357,#7358,#7359,#7360,#7361,#7362));
#1445=EDGE_LOOP('',(#7363,#7364,#7365,#7366));
#1446=EDGE_LOOP('',(#7367,#7368,#7369,#7370));
#1447=EDGE_LOOP('',(#7371,#7372,#7373,#7374));
#1448=EDGE_LOOP('',(#7375,#7376,#7377,#7378,#7379,#7380,#7381,#7382,#7383,
#7384));
#1449=EDGE_LOOP('',(#7385,#7386,#7387,#7388,#7389,#7390,#7391,#7392,#7393,
#7394));
#1450=EDGE_LOOP('',(#7395,#7396,#7397,#7398));
#1451=EDGE_LOOP('',(#7399,#7400,#7401,#7402));
#1452=EDGE_LOOP('',(#7403,#7404,#7405,#7406));
#1453=EDGE_LOOP('',(#7407,#7408,#7409,#7410));
#1454=EDGE_LOOP('',(#7411,#7412,#7413,#7414,#7415,#7416,#7417,#7418,#7419,
#7420,#7421,#7422));
#1455=EDGE_LOOP('',(#7423,#7424,#7425,#7426));
#1456=EDGE_LOOP('',(#7427,#7428,#7429,#7430));
#1457=EDGE_LOOP('',(#7431,#7432,#7433,#7434));
#1458=EDGE_LOOP('',(#7435,#7436,#7437,#7438));
#1459=EDGE_LOOP('',(#7439,#7440,#7441,#7442));
#1460=EDGE_LOOP('',(#7443,#7444,#7445,#7446));
#1461=EDGE_LOOP('',(#7447,#7448,#7449,#7450));
#1462=EDGE_LOOP('',(#7451,#7452,#7453,#7454));
#1463=EDGE_LOOP('',(#7455,#7456,#7457,#7458));
#1464=EDGE_LOOP('',(#7459,#7460,#7461,#7462));
#1465=EDGE_LOOP('',(#7463,#7464,#7465,#7466));
#1466=EDGE_LOOP('',(#7467,#7468,#7469,#7470));
#1467=EDGE_LOOP('',(#7471,#7472,#7473,#7474));
#1468=EDGE_LOOP('',(#7475,#7476,#7477,#7478));
#1469=EDGE_LOOP('',(#7479,#7480,#7481,#7482));
#1470=EDGE_LOOP('',(#7483,#7484,#7485,#7486));
#1471=EDGE_LOOP('',(#7487,#7488,#7489,#7490));
#1472=EDGE_LOOP('',(#7491,#7492,#7493,#7494));
#1473=EDGE_LOOP('',(#7495,#7496,#7497,#7498,#7499,#7500));
#1474=EDGE_LOOP('',(#7501,#7502,#7503,#7504,#7505,#7506,#7507,#7508,#7509,
#7510));
#1475=EDGE_LOOP('',(#7511,#7512,#7513,#7514));
#1476=EDGE_LOOP('',(#7515,#7516,#7517,#7518));
#1477=EDGE_LOOP('',(#7519,#7520,#7521,#7522));
#1478=EDGE_LOOP('',(#7523,#7524,#7525,#7526,#7527,#7528,#7529,#7530,#7531,
#7532));
#1479=EDGE_LOOP('',(#7533,#7534,#7535,#7536,#7537,#7538));
#1480=EDGE_LOOP('',(#7539,#7540,#7541,#7542,#7543,#7544,#7545,#7546,#7547,
#7548,#7549,#7550));
#1481=EDGE_LOOP('',(#7551,#7552,#7553,#7554,#7555,#7556,#7557,#7558,#7559,
#7560,#7561,#7562));
#1482=EDGE_LOOP('',(#7563,#7564,#7565,#7566));
#1483=EDGE_LOOP('',(#7567,#7568,#7569,#7570,#7571,#7572,#7573,#7574,#7575,
#7576,#7577,#7578));
#1484=EDGE_LOOP('',(#7579,#7580,#7581,#7582));
#1485=EDGE_LOOP('',(#7583,#7584,#7585,#7586,#7587,#7588,#7589,#7590,#7591,
#7592,#7593,#7594));
#1486=EDGE_LOOP('',(#7595,#7596,#7597,#7598));
#1487=EDGE_LOOP('',(#7599,#7600,#7601,#7602,#7603,#7604,#7605,#7606,#7607,
#7608,#7609,#7610));
#1488=EDGE_LOOP('',(#7611,#7612,#7613,#7614));
#1489=EDGE_LOOP('',(#7615,#7616,#7617,#7618,#7619,#7620,#7621,#7622,#7623,
#7624,#7625,#7626));
#1490=EDGE_LOOP('',(#7627,#7628,#7629,#7630));
#1491=EDGE_LOOP('',(#7631,#7632,#7633,#7634,#7635,#7636,#7637,#7638,#7639,
#7640,#7641,#7642));
#1492=EDGE_LOOP('',(#7643,#7644,#7645,#7646,#7647,#7648,#7649,#7650,#7651,
#7652,#7653,#7654));
#1493=EDGE_LOOP('',(#7655,#7656,#7657,#7658));
#1494=EDGE_LOOP('',(#7659,#7660,#7661,#7662,#7663,#7664,#7665,#7666,#7667,
#7668,#7669,#7670));
#1495=EDGE_LOOP('',(#7671,#7672,#7673,#7674));
#1496=EDGE_LOOP('',(#7675,#7676,#7677,#7678,#7679,#7680,#7681,#7682,#7683,
#7684,#7685,#7686));
#1497=EDGE_LOOP('',(#7687,#7688,#7689,#7690));
#1498=EDGE_LOOP('',(#7691,#7692,#7693,#7694,#7695,#7696,#7697,#7698,#7699,
#7700,#7701,#7702));
#1499=EDGE_LOOP('',(#7703,#7704,#7705,#7706));
#1500=EDGE_LOOP('',(#7707,#7708,#7709,#7710,#7711,#7712,#7713,#7714,#7715,
#7716,#7717,#7718));
#1501=EDGE_LOOP('',(#7719,#7720,#7721,#7722));
#1502=EDGE_LOOP('',(#7723,#7724,#7725,#7726,#7727,#7728,#7729,#7730,#7731,
#7732,#7733,#7734));
#1503=EDGE_LOOP('',(#7735,#7736,#7737,#7738));
#1504=EDGE_LOOP('',(#7739,#7740,#7741,#7742,#7743,#7744));
#1505=EDGE_LOOP('',(#7745,#7746,#7747,#7748,#7749,#7750));
#1506=EDGE_LOOP('',(#7751,#7752,#7753,#7754,#7755,#7756,#7757,#7758));
#1507=EDGE_LOOP('',(#7759));
#1508=EDGE_LOOP('',(#7760,#7761,#7762,#7763));
#1509=EDGE_LOOP('',(#7764,#7765,#7766,#7767,#7768,#7769));
#1510=EDGE_LOOP('',(#7770,#7771,#7772,#7773,#7774,#7775));
#1511=EDGE_LOOP('',(#7776,#7777,#7778,#7779));
#1512=EDGE_LOOP('',(#7780,#7781,#7782,#7783));
#1513=EDGE_LOOP('',(#7784,#7785,#7786,#7787));
#1514=EDGE_LOOP('',(#7788,#7789,#7790,#7791));
#1515=EDGE_LOOP('',(#7792,#7793,#7794,#7795));
#1516=EDGE_LOOP('',(#7796,#7797,#7798,#7799));
#1517=EDGE_LOOP('',(#7800,#7801,#7802,#7803));
#1518=EDGE_LOOP('',(#7804,#7805,#7806,#7807));
#1519=EDGE_LOOP('',(#7808,#7809,#7810,#7811));
#1520=EDGE_LOOP('',(#7812,#7813,#7814,#7815));
#1521=EDGE_LOOP('',(#7816,#7817,#7818,#7819));
#1522=EDGE_LOOP('',(#7820,#7821,#7822,#7823));
#1523=EDGE_LOOP('',(#7824,#7825,#7826,#7827));
#1524=EDGE_LOOP('',(#7828,#7829,#7830,#7831));
#1525=EDGE_LOOP('',(#7832,#7833,#7834,#7835));
#1526=EDGE_LOOP('',(#7836,#7837,#7838,#7839));
#1527=EDGE_LOOP('',(#7840,#7841,#7842,#7843));
#1528=EDGE_LOOP('',(#7844,#7845,#7846,#7847));
#1529=EDGE_LOOP('',(#7848,#7849,#7850,#7851));
#1530=EDGE_LOOP('',(#7852,#7853,#7854,#7855));
#1531=EDGE_LOOP('',(#7856,#7857,#7858,#7859));
#1532=EDGE_LOOP('',(#7860,#7861,#7862,#7863));
#1533=EDGE_LOOP('',(#7864,#7865,#7866,#7867));
#1534=EDGE_LOOP('',(#7868,#7869,#7870,#7871));
#1535=EDGE_LOOP('',(#7872,#7873,#7874,#7875));
#1536=EDGE_LOOP('',(#7876,#7877,#7878,#7879));
#1537=EDGE_LOOP('',(#7880,#7881,#7882,#7883));
#1538=EDGE_LOOP('',(#7884,#7885,#7886,#7887));
#1539=EDGE_LOOP('',(#7888,#7889,#7890,#7891));
#1540=EDGE_LOOP('',(#7892,#7893,#7894,#7895));
#1541=EDGE_LOOP('',(#7896,#7897,#7898,#7899));
#1542=EDGE_LOOP('',(#7900,#7901,#7902,#7903));
#1543=EDGE_LOOP('',(#7904,#7905,#7906,#7907));
#1544=EDGE_LOOP('',(#7908,#7909,#7910,#7911));
#1545=EDGE_LOOP('',(#7912,#7913,#7914,#7915));
#1546=EDGE_LOOP('',(#7916,#7917,#7918,#7919));
#1547=EDGE_LOOP('',(#7920,#7921,#7922,#7923));
#1548=EDGE_LOOP('',(#7924,#7925,#7926,#7927));
#1549=EDGE_LOOP('',(#7928,#7929,#7930,#7931));
#1550=EDGE_LOOP('',(#7932,#7933,#7934,#7935));
#1551=EDGE_LOOP('',(#7936,#7937,#7938,#7939));
#1552=EDGE_LOOP('',(#7940,#7941,#7942,#7943));
#1553=EDGE_LOOP('',(#7944,#7945,#7946,#7947));
#1554=EDGE_LOOP('',(#7948,#7949,#7950,#7951));
#1555=EDGE_LOOP('',(#7952,#7953,#7954,#7955));
#1556=EDGE_LOOP('',(#7956,#7957,#7958,#7959));
#1557=EDGE_LOOP('',(#7960,#7961,#7962,#7963));
#1558=EDGE_LOOP('',(#7964,#7965,#7966,#7967));
#1559=EDGE_LOOP('',(#7968,#7969,#7970,#7971));
#1560=EDGE_LOOP('',(#7972));
#1561=EDGE_LOOP('',(#7973,#7974,#7975,#7976,#7977,#7978));
#1562=EDGE_LOOP('',(#7979,#7980,#7981,#7982,#7983,#7984));
#1563=EDGE_LOOP('',(#7985,#7986,#7987,#7988));
#1564=EDGE_LOOP('',(#7989,#7990,#7991,#7992));
#1565=EDGE_LOOP('',(#7993,#7994,#7995,#7996,#7997,#7998));
#1566=EDGE_LOOP('',(#7999,#8000,#8001,#8002,#8003,#8004,#8005,#8006));
#1567=EDGE_LOOP('',(#8007,#8008,#8009));
#1568=EDGE_LOOP('',(#8010,#8011,#8012,#8013));
#1569=EDGE_LOOP('',(#8014,#8015,#8016,#8017));
#1570=EDGE_LOOP('',(#8018,#8019,#8020,#8021,#8022,#8023,#8024,#8025,#8026,
#8027,#8028,#8029));
#1571=EDGE_LOOP('',(#8030,#8031,#8032,#8033));
#1572=EDGE_LOOP('',(#8034,#8035,#8036,#8037,#8038));
#1573=EDGE_LOOP('',(#8039));
#1574=EDGE_LOOP('',(#8040,#8041,#8042,#8043));
#1575=EDGE_LOOP('',(#8044,#8045,#8046,#8047));
#1576=EDGE_LOOP('',(#8048,#8049,#8050,#8051,#8052,#8053,#8054,#8055,#8056,
#8057,#8058,#8059));
#1577=EDGE_LOOP('',(#8060,#8061,#8062,#8063));
#1578=EDGE_LOOP('',(#8064,#8065,#8066,#8067));
#1579=EDGE_LOOP('',(#8068,#8069,#8070,#8071));
#1580=EDGE_LOOP('',(#8072,#8073,#8074,#8075));
#1581=EDGE_LOOP('',(#8076,#8077,#8078,#8079));
#1582=EDGE_LOOP('',(#8080,#8081,#8082,#8083));
#1583=EDGE_LOOP('',(#8084,#8085,#8086,#8087));
#1584=EDGE_LOOP('',(#8088));
#1585=EDGE_LOOP('',(#8089,#8090,#8091,#8092));
#1586=EDGE_LOOP('',(#8093,#8094,#8095,#8096));
#1587=EDGE_LOOP('',(#8097,#8098,#8099,#8100));
#1588=EDGE_LOOP('',(#8101,#8102,#8103,#8104));
#1589=EDGE_LOOP('',(#8105,#8106,#8107,#8108));
#1590=EDGE_LOOP('',(#8109,#8110,#8111,#8112));
#1591=EDGE_LOOP('',(#8113));
#1592=EDGE_LOOP('',(#8114));
#1593=EDGE_LOOP('',(#8115,#8116,#8117,#8118));
#1594=EDGE_LOOP('',(#8119,#8120,#8121,#8122));
#1595=EDGE_LOOP('',(#8123,#8124,#8125,#8126));
#1596=EDGE_LOOP('',(#8127,#8128,#8129,#8130));
#1597=EDGE_LOOP('',(#8131,#8132,#8133,#8134));
#1598=EDGE_LOOP('',(#8135,#8136,#8137,#8138));
#1599=EDGE_LOOP('',(#8139,#8140,#8141,#8142));
#1600=EDGE_LOOP('',(#8143,#8144,#8145,#8146));
#1601=EDGE_LOOP('',(#8147,#8148,#8149,#8150));
#1602=EDGE_LOOP('',(#8151,#8152,#8153,#8154));
#1603=EDGE_LOOP('',(#8155,#8156,#8157,#8158));
#1604=EDGE_LOOP('',(#8159,#8160,#8161,#8162,#8163));
#1605=EDGE_LOOP('',(#8164,#8165,#8166,#8167,#8168));
#1606=EDGE_LOOP('',(#8169,#8170,#8171,#8172));
#1607=EDGE_LOOP('',(#8173,#8174,#8175,#8176));
#1608=EDGE_LOOP('',(#8177,#8178,#8179,#8180));
#1609=EDGE_LOOP('',(#8181,#8182,#8183,#8184));
#1610=EDGE_LOOP('',(#8185,#8186,#8187,#8188));
#1611=EDGE_LOOP('',(#8189,#8190,#8191,#8192));
#1612=EDGE_LOOP('',(#8193,#8194,#8195,#8196));
#1613=EDGE_LOOP('',(#8197,#8198,#8199,#8200));
#1614=EDGE_LOOP('',(#8201,#8202,#8203,#8204));
#1615=EDGE_LOOP('',(#8205,#8206,#8207,#8208));
#1616=EDGE_LOOP('',(#8209,#8210,#8211,#8212));
#1617=EDGE_LOOP('',(#8213,#8214,#8215,#8216));
#1618=EDGE_LOOP('',(#8217,#8218,#8219,#8220));
#1619=EDGE_LOOP('',(#8221,#8222,#8223,#8224));
#1620=EDGE_LOOP('',(#8225,#8226,#8227,#8228));
#1621=EDGE_LOOP('',(#8229,#8230,#8231,#8232,#8233,#8234,#8235,#8236,#8237,
#8238,#8239,#8240,#8241,#8242,#8243,#8244,#8245,#8246,#8247,#8248));
#1622=EDGE_LOOP('',(#8249,#8250,#8251,#8252,#8253,#8254,#8255,#8256,#8257,
#8258,#8259,#8260,#8261,#8262,#8263,#8264,#8265,#8266,#8267,#8268));
#1623=EDGE_LOOP('',(#8269));
#1624=EDGE_LOOP('',(#8270));
#1625=EDGE_LOOP('',(#8271,#8272,#8273,#8274,#8275,#8276,#8277,#8278,#8279,
#8280,#8281,#8282,#8283,#8284,#8285,#8286,#8287,#8288,#8289,#8290));
#1626=EDGE_LOOP('',(#8291,#8292,#8293,#8294,#8295,#8296,#8297,#8298,#8299,
#8300,#8301,#8302,#8303,#8304,#8305,#8306,#8307,#8308,#8309,#8310));
#1627=EDGE_LOOP('',(#8311));
#1628=EDGE_LOOP('',(#8312));
#1629=EDGE_LOOP('',(#8313,#8314,#8315,#8316));
#1630=EDGE_LOOP('',(#8317,#8318,#8319,#8320));
#1631=EDGE_LOOP('',(#8321,#8322,#8323,#8324));
#1632=EDGE_LOOP('',(#8325,#8326,#8327,#8328));
#1633=EDGE_LOOP('',(#8329,#8330,#8331,#8332));
#1634=EDGE_LOOP('',(#8333,#8334,#8335,#8336));
#1635=EDGE_LOOP('',(#8337,#8338,#8339,#8340));
#1636=EDGE_LOOP('',(#8341,#8342,#8343,#8344));
#1637=EDGE_LOOP('',(#8345,#8346,#8347,#8348));
#1638=EDGE_LOOP('',(#8349,#8350,#8351,#8352));
#1639=EDGE_LOOP('',(#8353,#8354,#8355,#8356));
#1640=EDGE_LOOP('',(#8357,#8358,#8359,#8360));
#1641=EDGE_LOOP('',(#8361,#8362,#8363,#8364));
#1642=EDGE_LOOP('',(#8365,#8366,#8367,#8368));
#1643=EDGE_LOOP('',(#8369,#8370,#8371,#8372));
#1644=EDGE_LOOP('',(#8373,#8374,#8375,#8376));
#1645=EDGE_LOOP('',(#8377,#8378,#8379,#8380));
#1646=EDGE_LOOP('',(#8381,#8382,#8383,#8384));
#1647=EDGE_LOOP('',(#8385,#8386,#8387,#8388));
#1648=EDGE_LOOP('',(#8389,#8390,#8391,#8392));
#1649=EDGE_LOOP('',(#8393,#8394,#8395,#8396));
#1650=EDGE_LOOP('',(#8397,#8398,#8399,#8400));
#1651=EDGE_LOOP('',(#8401,#8402,#8403,#8404));
#1652=EDGE_LOOP('',(#8405,#8406,#8407,#8408));
#1653=EDGE_LOOP('',(#8409,#8410,#8411,#8412));
#1654=EDGE_LOOP('',(#8413,#8414,#8415,#8416));
#1655=EDGE_LOOP('',(#8417,#8418,#8419,#8420));
#1656=EDGE_LOOP('',(#8421,#8422,#8423,#8424));
#1657=EDGE_LOOP('',(#8425,#8426,#8427,#8428));
#1658=EDGE_LOOP('',(#8429,#8430,#8431,#8432));
#1659=EDGE_LOOP('',(#8433,#8434,#8435,#8436));
#1660=EDGE_LOOP('',(#8437,#8438,#8439,#8440));
#1661=EDGE_LOOP('',(#8441,#8442,#8443,#8444));
#1662=EDGE_LOOP('',(#8445,#8446,#8447,#8448));
#1663=EDGE_LOOP('',(#8449,#8450,#8451,#8452));
#1664=EDGE_LOOP('',(#8453,#8454,#8455,#8456));
#1665=EDGE_LOOP('',(#8457,#8458,#8459,#8460));
#1666=EDGE_LOOP('',(#8461,#8462,#8463,#8464));
#1667=EDGE_LOOP('',(#8465,#8466,#8467,#8468));
#1668=EDGE_LOOP('',(#8469,#8470,#8471,#8472));
#1669=EDGE_LOOP('',(#8473,#8474,#8475,#8476));
#1670=EDGE_LOOP('',(#8477,#8478,#8479,#8480,#8481,#8482,#8483,#8484));
#1671=EDGE_LOOP('',(#8485,#8486,#8487,#8488,#8489,#8490,#8491,#8492));
#1672=EDGE_LOOP('',(#8493,#8494,#8495,#8496));
#1673=EDGE_LOOP('',(#8497,#8498,#8499,#8500,#8501,#8502,#8503,#8504));
#1674=EDGE_LOOP('',(#8505,#8506,#8507,#8508,#8509,#8510,#8511,#8512));
#1675=EDGE_LOOP('',(#8513,#8514,#8515,#8516));
#1676=EDGE_LOOP('',(#8517,#8518,#8519,#8520));
#1677=EDGE_LOOP('',(#8521,#8522,#8523,#8524));
#1678=EDGE_LOOP('',(#8525,#8526,#8527,#8528));
#1679=EDGE_LOOP('',(#8529,#8530,#8531,#8532));
#1680=EDGE_LOOP('',(#8533,#8534,#8535,#8536,#8537,#8538));
#1681=EDGE_LOOP('',(#8539,#8540,#8541,#8542));
#1682=EDGE_LOOP('',(#8543,#8544,#8545,#8546,#8547,#8548));
#1683=EDGE_LOOP('',(#8549,#8550,#8551,#8552));
#1684=EDGE_LOOP('',(#8553,#8554,#8555,#8556));
#1685=EDGE_LOOP('',(#8557,#8558,#8559,#8560));
#1686=EDGE_LOOP('',(#8561,#8562,#8563,#8564));
#1687=EDGE_LOOP('',(#8565,#8566,#8567,#8568));
#1688=EDGE_LOOP('',(#8569,#8570,#8571,#8572));
#1689=EDGE_LOOP('',(#8573,#8574,#8575,#8576));
#1690=EDGE_LOOP('',(#8577,#8578,#8579,#8580,#8581,#8582,#8583,#8584));
#1691=EDGE_LOOP('',(#8585,#8586,#8587,#8588));
#1692=EDGE_LOOP('',(#8589,#8590,#8591,#8592));
#1693=EDGE_LOOP('',(#8593,#8594,#8595,#8596));
#1694=EDGE_LOOP('',(#8597,#8598,#8599,#8600));
#1695=EDGE_LOOP('',(#8601,#8602,#8603,#8604));
#1696=EDGE_LOOP('',(#8605,#8606,#8607,#8608));
#1697=EDGE_LOOP('',(#8609,#8610,#8611,#8612));
#1698=EDGE_LOOP('',(#8613,#8614,#8615,#8616,#8617,#8618,#8619,#8620));
#1699=EDGE_LOOP('',(#8621,#8622,#8623,#8624));
#1700=EDGE_LOOP('',(#8625,#8626,#8627,#8628,#8629,#8630,#8631,#8632));
#1701=EDGE_LOOP('',(#8633,#8634,#8635,#8636));
#1702=EDGE_LOOP('',(#8637,#8638,#8639,#8640));
#1703=EDGE_LOOP('',(#8641,#8642,#8643,#8644,#8645,#8646,#8647,#8648));
#1704=EDGE_LOOP('',(#8649,#8650,#8651,#8652));
#1705=EDGE_LOOP('',(#8653,#8654,#8655,#8656,#8657,#8658,#8659,#8660));
#1706=EDGE_LOOP('',(#8661,#8662,#8663,#8664));
#1707=EDGE_LOOP('',(#8665,#8666,#8667,#8668));
#1708=EDGE_LOOP('',(#8669,#8670,#8671,#8672));
#1709=EDGE_LOOP('',(#8673,#8674,#8675,#8676));
#1710=EDGE_LOOP('',(#8677,#8678,#8679,#8680,#8681,#8682,#8683));
#1711=EDGE_LOOP('',(#8684,#8685,#8686,#8687));
#1712=EDGE_LOOP('',(#8688,#8689,#8690,#8691,#8692,#8693,#8694,#8695,#8696,
#8697));
#1713=EDGE_LOOP('',(#8698,#8699,#8700,#8701));
#1714=EDGE_LOOP('',(#8702,#8703,#8704,#8705,#8706,#8707,#8708,#8709,#8710,
#8711));
#1715=EDGE_LOOP('',(#8712,#8713,#8714,#8715));
#1716=EDGE_LOOP('',(#8716,#8717,#8718,#8719,#8720,#8721,#8722,#8723,#8724,
#8725,#8726,#8727,#8728,#8729,#8730,#8731,#8732,#8733,#8734,#8735,#8736,
#8737,#8738,#8739,#8740,#8741));
#1717=EDGE_LOOP('',(#8742));
#1718=EDGE_LOOP('',(#8743,#8744,#8745,#8746));
#1719=EDGE_LOOP('',(#8747,#8748,#8749,#8750,#8751,#8752,#8753,#8754,#8755,
#8756,#8757,#8758,#8759,#8760,#8761,#8762,#8763,#8764,#8765,#8766,#8767,
#8768,#8769,#8770));
#1720=EDGE_LOOP('',(#8771,#8772,#8773,#8774));
#1721=EDGE_LOOP('',(#8775,#8776,#8777,#8778));
#1722=EDGE_LOOP('',(#8779,#8780,#8781,#8782));
#1723=EDGE_LOOP('',(#8783,#8784,#8785,#8786));
#1724=EDGE_LOOP('',(#8787,#8788,#8789,#8790));
#1725=EDGE_LOOP('',(#8791,#8792,#8793,#8794));
#1726=EDGE_LOOP('',(#8795,#8796,#8797,#8798));
#1727=EDGE_LOOP('',(#8799,#8800,#8801,#8802));
#1728=EDGE_LOOP('',(#8803,#8804,#8805,#8806));
#1729=EDGE_LOOP('',(#8807,#8808,#8809,#8810));
#1730=EDGE_LOOP('',(#8811,#8812,#8813,#8814));
#1731=EDGE_LOOP('',(#8815,#8816,#8817,#8818,#8819,#8820,#8821,#8822,#8823,
#8824,#8825,#8826,#8827,#8828,#8829,#8830));
#1732=EDGE_LOOP('',(#8831,#8832,#8833,#8834));
#1733=EDGE_LOOP('',(#8835,#8836,#8837,#8838));
#1734=EDGE_LOOP('',(#8839,#8840,#8841,#8842));
#1735=EDGE_LOOP('',(#8843,#8844,#8845,#8846));
#1736=EDGE_LOOP('',(#8847,#8848,#8849,#8850,#8851,#8852,#8853,#8854,#8855,
#8856,#8857,#8858,#8859,#8860,#8861,#8862,#8863,#8864,#8865,#8866,#8867,
#8868,#8869,#8870,#8871,#8872,#8873,#8874));
#1737=EDGE_LOOP('',(#8875,#8876,#8877,#8878));
#1738=EDGE_LOOP('',(#8879,#8880,#8881,#8882));
#1739=EDGE_LOOP('',(#8883,#8884,#8885,#8886));
#1740=EDGE_LOOP('',(#8887,#8888,#8889,#8890));
#1741=EDGE_LOOP('',(#8891,#8892,#8893,#8894));
#1742=EDGE_LOOP('',(#8895,#8896,#8897,#8898));
#1743=EDGE_LOOP('',(#8899,#8900,#8901,#8902));
#1744=EDGE_LOOP('',(#8903,#8904,#8905,#8906));
#1745=EDGE_LOOP('',(#8907,#8908,#8909,#8910));
#1746=EDGE_LOOP('',(#8911,#8912,#8913,#8914));
#1747=EDGE_LOOP('',(#8915,#8916,#8917,#8918));
#1748=EDGE_LOOP('',(#8919,#8920,#8921,#8922));
#1749=EDGE_LOOP('',(#8923,#8924,#8925,#8926));
#1750=EDGE_LOOP('',(#8927,#8928,#8929,#8930));
#1751=EDGE_LOOP('',(#8931,#8932,#8933,#8934));
#1752=EDGE_LOOP('',(#8935,#8936,#8937,#8938));
#1753=EDGE_LOOP('',(#8939,#8940,#8941,#8942));
#1754=EDGE_LOOP('',(#8943,#8944,#8945,#8946));
#1755=EDGE_LOOP('',(#8947,#8948,#8949,#8950));
#1756=EDGE_LOOP('',(#8951,#8952,#8953,#8954));
#1757=EDGE_LOOP('',(#8955,#8956,#8957,#8958));
#1758=EDGE_LOOP('',(#8959,#8960,#8961,#8962));
#1759=EDGE_LOOP('',(#8963,#8964,#8965,#8966));
#1760=EDGE_LOOP('',(#8967,#8968,#8969,#8970));
#1761=EDGE_LOOP('',(#8971,#8972,#8973,#8974));
#1762=EDGE_LOOP('',(#8975,#8976,#8977,#8978));
#1763=EDGE_LOOP('',(#8979,#8980,#8981,#8982));
#1764=EDGE_LOOP('',(#8983,#8984,#8985,#8986));
#1765=EDGE_LOOP('',(#8987,#8988,#8989,#8990));
#1766=EDGE_LOOP('',(#8991,#8992,#8993,#8994));
#1767=EDGE_LOOP('',(#8995,#8996,#8997,#8998));
#1768=EDGE_LOOP('',(#8999,#9000,#9001,#9002));
#1769=EDGE_LOOP('',(#9003,#9004,#9005,#9006));
#1770=EDGE_LOOP('',(#9007,#9008,#9009,#9010));
#1771=EDGE_LOOP('',(#9011,#9012,#9013,#9014));
#1772=EDGE_LOOP('',(#9015,#9016,#9017,#9018));
#1773=EDGE_LOOP('',(#9019,#9020,#9021,#9022));
#1774=EDGE_LOOP('',(#9023,#9024,#9025,#9026));
#1775=EDGE_LOOP('',(#9027,#9028,#9029,#9030));
#1776=EDGE_LOOP('',(#9031,#9032,#9033,#9034));
#1777=EDGE_LOOP('',(#9035,#9036,#9037,#9038));
#1778=EDGE_LOOP('',(#9039,#9040,#9041,#9042));
#1779=EDGE_LOOP('',(#9043,#9044,#9045,#9046,#9047,#9048,#9049,#9050,#9051,
#9052,#9053,#9054,#9055,#9056,#9057,#9058,#9059,#9060,#9061,#9062,#9063,
#9064,#9065,#9066,#9067,#9068,#9069,#9070,#9071,#9072,#9073,#9074,#9075,
#9076));
#1780=EDGE_LOOP('',(#9077,#9078,#9079,#9080,#9081,#9082,#9083,#9084));
#1781=EDGE_LOOP('',(#9085,#9086,#9087,#9088));
#1782=EDGE_LOOP('',(#9089,#9090,#9091,#9092));
#1783=EDGE_LOOP('',(#9093,#9094,#9095,#9096,#9097,#9098,#9099));
#1784=EDGE_LOOP('',(#9100,#9101,#9102,#9103));
#1785=EDGE_LOOP('',(#9104,#9105,#9106,#9107));
#1786=EDGE_LOOP('',(#9108,#9109,#9110,#9111));
#1787=EDGE_LOOP('',(#9112,#9113,#9114,#9115));
#1788=EDGE_LOOP('',(#9116,#9117,#9118,#9119));
#1789=EDGE_LOOP('',(#9120,#9121,#9122,#9123));
#1790=EDGE_LOOP('',(#9124,#9125,#9126,#9127));
#1791=EDGE_LOOP('',(#9128,#9129,#9130,#9131));
#1792=EDGE_LOOP('',(#9132,#9133,#9134,#9135,#9136,#9137,#9138,#9139));
#1793=EDGE_LOOP('',(#9140,#9141,#9142,#9143,#9144,#9145,#9146,#9147));
#1794=EDGE_LOOP('',(#9148,#9149,#9150,#9151,#9152,#9153,#9154,#9155));
#1795=EDGE_LOOP('',(#9156,#9157,#9158,#9159,#9160,#9161,#9162,#9163));
#1796=EDGE_LOOP('',(#9164,#9165,#9166,#9167,#9168,#9169,#9170,#9171));
#1797=EDGE_LOOP('',(#9172,#9173,#9174,#9175,#9176,#9177,#9178,#9179));
#1798=EDGE_LOOP('',(#9180,#9181,#9182,#9183));
#1799=EDGE_LOOP('',(#9184,#9185,#9186,#9187));
#1800=EDGE_LOOP('',(#9188,#9189,#9190,#9191));
#1801=EDGE_LOOP('',(#9192,#9193,#9194,#9195));
#1802=EDGE_LOOP('',(#9196,#9197,#9198,#9199));
#1803=EDGE_LOOP('',(#9200,#9201,#9202,#9203));
#1804=EDGE_LOOP('',(#9204,#9205,#9206,#9207));
#1805=EDGE_LOOP('',(#9208,#9209,#9210,#9211));
#1806=EDGE_LOOP('',(#9212,#9213,#9214,#9215,#9216,#9217,#9218,#9219,#9220,
#9221,#9222,#9223));
#1807=EDGE_LOOP('',(#9224,#9225,#9226,#9227,#9228,#9229,#9230,#9231,#9232,
#9233));
#1808=EDGE_LOOP('',(#9234,#9235,#9236,#9237));
#1809=EDGE_LOOP('',(#9238,#9239,#9240,#9241,#9242,#9243,#9244,#9245,#9246,
#9247,#9248,#9249,#9250,#9251,#9252,#9253,#9254,#9255,#9256,#9257,#9258,
#9259));
#1810=EDGE_LOOP('',(#9260));
#1811=EDGE_LOOP('',(#9261));
#1812=EDGE_LOOP('',(#9262));
#1813=EDGE_LOOP('',(#9263,#9264,#9265,#9266));
#1814=EDGE_LOOP('',(#9267,#9268,#9269,#9270));
#1815=EDGE_LOOP('',(#9271,#9272,#9273,#9274));
#1816=EDGE_LOOP('',(#9275,#9276,#9277,#9278));
#1817=EDGE_LOOP('',(#9279,#9280,#9281,#9282,#9283,#9284,#9285,#9286));
#1818=EDGE_LOOP('',(#9287));
#1819=EDGE_LOOP('',(#9288));
#1820=EDGE_LOOP('',(#9289));
#1821=EDGE_LOOP('',(#9290));
#1822=EDGE_LOOP('',(#9291,#9292,#9293,#9294,#9295,#9296,#9297,#9298));
#1823=EDGE_LOOP('',(#9299,#9300,#9301,#9302,#9303,#9304,#9305,#9306,#9307,
#9308,#9309,#9310));
#1824=EDGE_LOOP('',(#9311,#9312,#9313,#9314,#9315,#9316,#9317,#9318));
#1825=EDGE_LOOP('',(#9319,#9320,#9321,#9322,#9323,#9324,#9325,#9326,#9327,
#9328,#9329,#9330,#9331,#9332,#9333,#9334,#9335,#9336,#9337,#9338,#9339,
#9340,#9341,#9342,#9343,#9344,#9345,#9346,#9347,#9348,#9349,#9350,#9351,
#9352));
#1826=EDGE_LOOP('',(#9353,#9354,#9355,#9356,#9357,#9358,#9359,#9360));
#1827=EDGE_LOOP('',(#9361,#9362,#9363,#9364));
#1828=EDGE_LOOP('',(#9365,#9366,#9367,#9368));
#1829=EDGE_LOOP('',(#9369,#9370,#9371,#9372));
#1830=EDGE_LOOP('',(#9373,#9374,#9375,#9376));
#1831=EDGE_LOOP('',(#9377,#9378,#9379,#9380));
#1832=EDGE_LOOP('',(#9381,#9382,#9383,#9384,#9385,#9386,#9387));
#1833=EDGE_LOOP('',(#9388,#9389,#9390,#9391,#9392));
#1834=EDGE_LOOP('',(#9393,#9394,#9395,#9396));
#1835=EDGE_LOOP('',(#9397,#9398,#9399,#9400));
#1836=EDGE_LOOP('',(#9401,#9402,#9403,#9404));
#1837=EDGE_LOOP('',(#9405,#9406,#9407,#9408));
#1838=EDGE_LOOP('',(#9409,#9410,#9411,#9412));
#1839=EDGE_LOOP('',(#9413,#9414,#9415,#9416,#9417));
#1840=EDGE_LOOP('',(#9418,#9419,#9420,#9421,#9422,#9423,#9424));
#1841=EDGE_LOOP('',(#9425,#9426,#9427,#9428));
#1842=EDGE_LOOP('',(#9429,#9430,#9431,#9432));
#1843=EDGE_LOOP('',(#9433,#9434,#9435,#9436));
#1844=EDGE_LOOP('',(#9437,#9438,#9439,#9440));
#1845=EDGE_LOOP('',(#9441,#9442,#9443,#9444));
#1846=EDGE_LOOP('',(#9445,#9446,#9447,#9448));
#1847=EDGE_LOOP('',(#9449,#9450,#9451,#9452));
#1848=EDGE_LOOP('',(#9453,#9454,#9455,#9456));
#1849=EDGE_LOOP('',(#9457,#9458,#9459,#9460));
#1850=EDGE_LOOP('',(#9461,#9462,#9463,#9464));
#1851=EDGE_LOOP('',(#9465,#9466,#9467,#9468));
#1852=EDGE_LOOP('',(#9469,#9470,#9471,#9472));
#1853=EDGE_LOOP('',(#9473,#9474,#9475,#9476));
#1854=EDGE_LOOP('',(#9477,#9478,#9479,#9480));
#1855=EDGE_LOOP('',(#9481,#9482,#9483,#9484));
#1856=EDGE_LOOP('',(#9485,#9486,#9487,#9488));
#1857=EDGE_LOOP('',(#9489,#9490,#9491,#9492));
#1858=EDGE_LOOP('',(#9493,#9494,#9495,#9496));
#1859=EDGE_LOOP('',(#9497,#9498,#9499,#9500));
#1860=EDGE_LOOP('',(#9501,#9502,#9503,#9504,#9505,#9506,#9507,#9508,#9509,
#9510,#9511,#9512,#9513,#9514));
#1861=EDGE_LOOP('',(#9515,#9516,#9517,#9518,#9519,#9520,#9521,#9522,#9523,
#9524,#9525,#9526,#9527,#9528));
#1862=EDGE_LOOP('',(#9529,#9530,#9531));
#1863=EDGE_LOOP('',(#9532,#9533,#9534));
#1864=EDGE_LOOP('',(#9535,#9536,#9537));
#1865=EDGE_LOOP('',(#9538,#9539,#9540));
#1866=EDGE_LOOP('',(#9541,#9542,#9543));
#1867=EDGE_LOOP('',(#9544,#9545,#9546));
#1868=EDGE_LOOP('',(#9547,#9548,#9549,#9550));
#1869=EDGE_LOOP('',(#9551,#9552,#9553,#9554));
#1870=EDGE_LOOP('',(#9555,#9556,#9557));
#1871=EDGE_LOOP('',(#9558,#9559,#9560));
#1872=EDGE_LOOP('',(#9561,#9562,#9563,#9564));
#1873=EDGE_LOOP('',(#9565,#9566,#9567,#9568));
#1874=EDGE_LOOP('',(#9569,#9570,#9571,#9572));
#1875=EDGE_LOOP('',(#9573,#9574,#9575,#9576));
#1876=EDGE_LOOP('',(#9577,#9578,#9579,#9580));
#1877=EDGE_LOOP('',(#9581,#9582,#9583,#9584));
#1878=EDGE_LOOP('',(#9585,#9586,#9587,#9588));
#1879=EDGE_LOOP('',(#9589,#9590,#9591,#9592));
#1880=EDGE_LOOP('',(#9593,#9594,#9595,#9596));
#1881=EDGE_LOOP('',(#9597,#9598,#9599,#9600));
#1882=EDGE_LOOP('',(#9601,#9602,#9603,#9604));
#1883=EDGE_LOOP('',(#9605,#9606,#9607,#9608));
#1884=EDGE_LOOP('',(#9609,#9610,#9611,#9612));
#1885=EDGE_LOOP('',(#9613,#9614,#9615,#9616));
#1886=EDGE_LOOP('',(#9617,#9618,#9619,#9620));
#1887=EDGE_LOOP('',(#9621,#9622,#9623,#9624));
#1888=LINE('',#14366,#3097);
#1889=LINE('',#14368,#3098);
#1890=LINE('',#14370,#3099);
#1891=LINE('',#14372,#3100);
#1892=LINE('',#14374,#3101);
#1893=LINE('',#14376,#3102);
#1894=LINE('',#14378,#3103);
#1895=LINE('',#14380,#3104);
#1896=LINE('',#14382,#3105);
#1897=LINE('',#14384,#3106);
#1898=LINE('',#14386,#3107);
#1899=LINE('',#14387,#3108);
#1900=LINE('',#14391,#3109);
#1901=LINE('',#14393,#3110);
#1902=LINE('',#14395,#3111);
#1903=LINE('',#14397,#3112);
#1904=LINE('',#14399,#3113);
#1905=LINE('',#14401,#3114);
#1906=LINE('',#14403,#3115);
#1907=LINE('',#14404,#3116);
#1908=LINE('',#14406,#3117);
#1909=LINE('',#14408,#3118);
#1910=LINE('',#14410,#3119);
#1911=LINE('',#14412,#3120);
#1912=LINE('',#14414,#3121);
#1913=LINE('',#14416,#3122);
#1914=LINE('',#14418,#3123);
#1915=LINE('',#14420,#3124);
#1916=LINE('',#14422,#3125);
#1917=LINE('',#14424,#3126);
#1918=LINE('',#14426,#3127);
#1919=LINE('',#14428,#3128);
#1920=LINE('',#14430,#3129);
#1921=LINE('',#14432,#3130);
#1922=LINE('',#14434,#3131);
#1923=LINE('',#14436,#3132);
#1924=LINE('',#14437,#3133);
#1925=LINE('',#14440,#3134);
#1926=LINE('',#14441,#3135);
#1927=LINE('',#14444,#3136);
#1928=LINE('',#14445,#3137);
#1929=LINE('',#14448,#3138);
#1930=LINE('',#14449,#3139);
#1931=LINE('',#14452,#3140);
#1932=LINE('',#14453,#3141);
#1933=LINE('',#14456,#3142);
#1934=LINE('',#14457,#3143);
#1935=LINE('',#14459,#3144);
#1936=LINE('',#14461,#3145);
#1937=LINE('',#14463,#3146);
#1938=LINE('',#14465,#3147);
#1939=LINE('',#14466,#3148);
#1940=LINE('',#14469,#3149);
#1941=LINE('',#14471,#3150);
#1942=LINE('',#14473,#3151);
#1943=LINE('',#14475,#3152);
#1944=LINE('',#14477,#3153);
#1945=LINE('',#14479,#3154);
#1946=LINE('',#14481,#3155);
#1947=LINE('',#14483,#3156);
#1948=LINE('',#14485,#3157);
#1949=LINE('',#14487,#3158);
#1950=LINE('',#14489,#3159);
#1951=LINE('',#14490,#3160);
#1952=LINE('',#14494,#3161);
#1953=LINE('',#14496,#3162);
#1954=LINE('',#14497,#3163);
#1955=LINE('',#14499,#3164);
#1956=LINE('',#14501,#3165);
#1957=LINE('',#14502,#3166);
#1958=LINE('',#14505,#3167);
#1959=LINE('',#14506,#3168);
#1960=LINE('',#14509,#3169);
#1961=LINE('',#14510,#3170);
#1962=LINE('',#14513,#3171);
#1963=LINE('',#14514,#3172);
#1964=LINE('',#14517,#3173);
#1965=LINE('',#14518,#3174);
#1966=LINE('',#14520,#3175);
#1967=LINE('',#14522,#3176);
#1968=LINE('',#14524,#3177);
#1969=LINE('',#14525,#3178);
#1970=LINE('',#14527,#3179);
#1971=LINE('',#14529,#3180);
#1972=LINE('',#14530,#3181);
#1973=LINE('',#14532,#3182);
#1974=LINE('',#14534,#3183);
#1975=LINE('',#14535,#3184);
#1976=LINE('',#14537,#3185);
#1977=LINE('',#14539,#3186);
#1978=LINE('',#14540,#3187);
#1979=LINE('',#14542,#3188);
#1980=LINE('',#14544,#3189);
#1981=LINE('',#14545,#3190);
#1982=LINE('',#14548,#3191);
#1983=LINE('',#14550,#3192);
#1984=LINE('',#14552,#3193);
#1985=LINE('',#14553,#3194);
#1986=LINE('',#14555,#3195);
#1987=LINE('',#14557,#3196);
#1988=LINE('',#14559,#3197);
#1989=LINE('',#14560,#3198);
#1990=LINE('',#14563,#3199);
#1991=LINE('',#14564,#3200);
#1992=LINE('',#14567,#3201);
#1993=LINE('',#14569,#3202);
#1994=LINE('',#14570,#3203);
#1995=LINE('',#14573,#3204);
#1996=LINE('',#14574,#3205);
#1997=LINE('',#14578,#3206);
#1998=LINE('',#14579,#3207);
#1999=LINE('',#14580,#3208);
#2000=LINE('',#14583,#3209);
#2001=LINE('',#14584,#3210);
#2002=LINE('',#14587,#3211);
#2003=LINE('',#14589,#3212);
#2004=LINE('',#14591,#3213);
#2005=LINE('',#14592,#3214);
#2006=LINE('',#14595,#3215);
#2007=LINE('',#14596,#3216);
#2008=LINE('',#14599,#3217);
#2009=LINE('',#14601,#3218);
#2010=LINE('',#14602,#3219);
#2011=LINE('',#14605,#3220);
#2012=LINE('',#14607,#3221);
#2013=LINE('',#14609,#3222);
#2014=LINE('',#14610,#3223);
#2015=LINE('',#14613,#3224);
#2016=LINE('',#14614,#3225);
#2017=LINE('',#14617,#3226);
#2018=LINE('',#14619,#3227);
#2019=LINE('',#14620,#3228);
#2020=LINE('',#14623,#3229);
#2021=LINE('',#14625,#3230);
#2022=LINE('',#14627,#3231);
#2023=LINE('',#14628,#3232);
#2024=LINE('',#14631,#3233);
#2025=LINE('',#14632,#3234);
#2026=LINE('',#14635,#3235);
#2027=LINE('',#14637,#3236);
#2028=LINE('',#14638,#3237);
#2029=LINE('',#14641,#3238);
#2030=LINE('',#14643,#3239);
#2031=LINE('',#14645,#3240);
#2032=LINE('',#14646,#3241);
#2033=LINE('',#14649,#3242);
#2034=LINE('',#14650,#3243);
#2035=LINE('',#14653,#3244);
#2036=LINE('',#14655,#3245);
#2037=LINE('',#14656,#3246);
#2038=LINE('',#14659,#3247);
#2039=LINE('',#14660,#3248);
#2040=LINE('',#14662,#3249);
#2041=LINE('',#14665,#3250);
#2042=LINE('',#14666,#3251);
#2043=LINE('',#14669,#3252);
#2044=LINE('',#14670,#3253);
#2045=LINE('',#14673,#3254);
#2046=LINE('',#14675,#3255);
#2047=LINE('',#14676,#3256);
#2048=LINE('',#14678,#3257);
#2049=LINE('',#14680,#3258);
#2050=LINE('',#14681,#3259);
#2051=LINE('',#14684,#3260);
#2052=LINE('',#14685,#3261);
#2053=LINE('',#14688,#3262);
#2054=LINE('',#14689,#3263);
#2055=LINE('',#14691,#3264);
#2056=LINE('',#14694,#3265);
#2057=LINE('',#14695,#3266);
#2058=LINE('',#14698,#3267);
#2059=LINE('',#14700,#3268);
#2060=LINE('',#14701,#3269);
#2061=LINE('',#14703,#3270);
#2062=LINE('',#14704,#3271);
#2063=LINE('',#14707,#3272);
#2064=LINE('',#14708,#3273);
#2065=LINE('',#14711,#3274);
#2066=LINE('',#14712,#3275);
#2067=LINE('',#14714,#3276);
#2068=LINE('',#14716,#3277);
#2069=LINE('',#14719,#3278);
#2070=LINE('',#14721,#3279);
#2071=LINE('',#14723,#3280);
#2072=LINE('',#14724,#3281);
#2073=LINE('',#14726,#3282);
#2074=LINE('',#14729,#3283);
#2075=LINE('',#14731,#3284);
#2076=LINE('',#14733,#3285);
#2077=LINE('',#14735,#3286);
#2078=LINE('',#14737,#3287);
#2079=LINE('',#14740,#3288);
#2080=LINE('',#14741,#3289);
#2081=LINE('',#14743,#3290);
#2082=LINE('',#14745,#3291);
#2083=LINE('',#14748,#3292);
#2084=LINE('',#14752,#3293);
#2085=LINE('',#14755,#3294);
#2086=LINE('',#14758,#3295);
#2087=LINE('',#14761,#3296);
#2088=LINE('',#14767,#3297);
#2089=LINE('',#14769,#3298);
#2090=LINE('',#14771,#3299);
#2091=LINE('',#14772,#3300);
#2092=LINE('',#14775,#3301);
#2093=LINE('',#14777,#3302);
#2094=LINE('',#14779,#3303);
#2095=LINE('',#14780,#3304);
#2096=LINE('',#14783,#3305);
#2097=LINE('',#14785,#3306);
#2098=LINE('',#14787,#3307);
#2099=LINE('',#14788,#3308);
#2100=LINE('',#14791,#3309);
#2101=LINE('',#14793,#3310);
#2102=LINE('',#14795,#3311);
#2103=LINE('',#14796,#3312);
#2104=LINE('',#14800,#3313);
#2105=LINE('',#14802,#3314);
#2106=LINE('',#14803,#3315);
#2107=LINE('',#14806,#3316);
#2108=LINE('',#14807,#3317);
#2109=LINE('',#14810,#3318);
#2110=LINE('',#14811,#3319);
#2111=LINE('',#14813,#3320);
#2112=LINE('',#14817,#3321);
#2113=LINE('',#14818,#3322);
#2114=LINE('',#14819,#3323);
#2115=LINE('',#14822,#3324);
#2116=LINE('',#14823,#3325);
#2117=LINE('',#14826,#3326);
#2118=LINE('',#14827,#3327);
#2119=LINE('',#14829,#3328);
#2120=LINE('',#14833,#3329);
#2121=LINE('',#14834,#3330);
#2122=LINE('',#14835,#3331);
#2123=LINE('',#14838,#3332);
#2124=LINE('',#14839,#3333);
#2125=LINE('',#14842,#3334);
#2126=LINE('',#14843,#3335);
#2127=LINE('',#14845,#3336);
#2128=LINE('',#14849,#3337);
#2129=LINE('',#14850,#3338);
#2130=LINE('',#14851,#3339);
#2131=LINE('',#14854,#3340);
#2132=LINE('',#14855,#3341);
#2133=LINE('',#14858,#3342);
#2134=LINE('',#14859,#3343);
#2135=LINE('',#14861,#3344);
#2136=LINE('',#14872,#3345);
#2137=LINE('',#14876,#3346);
#2138=LINE('',#14880,#3347);
#2139=LINE('',#14884,#3348);
#2140=LINE('',#14889,#3349);
#2141=LINE('',#14890,#3350);
#2142=LINE('',#14891,#3351);
#2143=LINE('',#14894,#3352);
#2144=LINE('',#14899,#3353);
#2145=LINE('',#14902,#3354);
#2146=LINE('',#14903,#3355);
#2147=LINE('',#14906,#3356);
#2148=LINE('',#14907,#3357);
#2149=LINE('',#14910,#3358);
#2150=LINE('',#14915,#3359);
#2151=LINE('',#14917,#3360);
#2152=LINE('',#14923,#3361);
#2153=LINE('',#14927,#3362);
#2154=LINE('',#14931,#3363);
#2155=LINE('',#14934,#3364);
#2156=LINE('',#14937,#3365);
#2157=LINE('',#14940,#3366);
#2158=LINE('',#14943,#3367);
#2159=LINE('',#14944,#3368);
#2160=LINE('',#14947,#3369);
#2161=LINE('',#14951,#3370);
#2162=LINE('',#14952,#3371);
#2163=LINE('',#14955,#3372);
#2164=LINE('',#14959,#3373);
#2165=LINE('',#14960,#3374);
#2166=LINE('',#14963,#3375);
#2167=LINE('',#14966,#3376);
#2168=LINE('',#14970,#3377);
#2169=LINE('',#14974,#3378);
#2170=LINE('',#14978,#3379);
#2171=LINE('',#14982,#3380);
#2172=LINE('',#14987,#3381);
#2173=LINE('',#14988,#3382);
#2174=LINE('',#14989,#3383);
#2175=LINE('',#14992,#3384);
#2176=LINE('',#14997,#3385);
#2177=LINE('',#15000,#3386);
#2178=LINE('',#15001,#3387);
#2179=LINE('',#15004,#3388);
#2180=LINE('',#15005,#3389);
#2181=LINE('',#15008,#3390);
#2182=LINE('',#15013,#3391);
#2183=LINE('',#15015,#3392);
#2184=LINE('',#15023,#3393);
#2185=LINE('',#15025,#3394);
#2186=LINE('',#15027,#3395);
#2187=LINE('',#15028,#3396);
#2188=LINE('',#15031,#3397);
#2189=LINE('',#15033,#3398);
#2190=LINE('',#15035,#3399);
#2191=LINE('',#15037,#3400);
#2192=LINE('',#15039,#3401);
#2193=LINE('',#15041,#3402);
#2194=LINE('',#15042,#3403);
#2195=LINE('',#15045,#3404);
#2196=LINE('',#15046,#3405);
#2197=LINE('',#15049,#3406);
#2198=LINE('',#15051,#3407);
#2199=LINE('',#15052,#3408);
#2200=LINE('',#15055,#3409);
#2201=LINE('',#15056,#3410);
#2202=LINE('',#15059,#3411);
#2203=LINE('',#15061,#3412);
#2204=LINE('',#15063,#3413);
#2205=LINE('',#15065,#3414);
#2206=LINE('',#15067,#3415);
#2207=LINE('',#15069,#3416);
#2208=LINE('',#15071,#3417);
#2209=LINE('',#15072,#3418);
#2210=LINE('',#15075,#3419);
#2211=LINE('',#15077,#3420);
#2212=LINE('',#15079,#3421);
#2213=LINE('',#15081,#3422);
#2214=LINE('',#15083,#3423);
#2215=LINE('',#15085,#3424);
#2216=LINE('',#15087,#3425);
#2217=LINE('',#15088,#3426);
#2218=LINE('',#15091,#3427);
#2219=LINE('',#15092,#3428);
#2220=LINE('',#15095,#3429);
#2221=LINE('',#15096,#3430);
#2222=LINE('',#15098,#3431);
#2223=LINE('',#15101,#3432);
#2224=LINE('',#15102,#3433);
#2225=LINE('',#15105,#3434);
#2226=LINE('',#15107,#3435);
#2227=LINE('',#15109,#3436);
#2228=LINE('',#15111,#3437);
#2229=LINE('',#15113,#3438);
#2230=LINE('',#15115,#3439);
#2231=LINE('',#15117,#3440);
#2232=LINE('',#15119,#3441);
#2233=LINE('',#15121,#3442);
#2234=LINE('',#15122,#3443);
#2235=LINE('',#15124,#3444);
#2236=LINE('',#15127,#3445);
#2237=LINE('',#15129,#3446);
#2238=LINE('',#15130,#3447);
#2239=LINE('',#15133,#3448);
#2240=LINE('',#15135,#3449);
#2241=LINE('',#15136,#3450);
#2242=LINE('',#15139,#3451);
#2243=LINE('',#15141,#3452);
#2244=LINE('',#15142,#3453);
#2245=LINE('',#15145,#3454);
#2246=LINE('',#15147,#3455);
#2247=LINE('',#15148,#3456);
#2248=LINE('',#15151,#3457);
#2249=LINE('',#15153,#3458);
#2250=LINE('',#15154,#3459);
#2251=LINE('',#15157,#3460);
#2252=LINE('',#15159,#3461);
#2253=LINE('',#15160,#3462);
#2254=LINE('',#15162,#3463);
#2255=LINE('',#15164,#3464);
#2256=LINE('',#15167,#3465);
#2257=LINE('',#15169,#3466);
#2258=LINE('',#15170,#3467);
#2259=LINE('',#15173,#3468);
#2260=LINE('',#15175,#3469);
#2261=LINE('',#15176,#3470);
#2262=LINE('',#15179,#3471);
#2263=LINE('',#15181,#3472);
#2264=LINE('',#15182,#3473);
#2265=LINE('',#15185,#3474);
#2266=LINE('',#15187,#3475);
#2267=LINE('',#15188,#3476);
#2268=LINE('',#15191,#3477);
#2269=LINE('',#15193,#3478);
#2270=LINE('',#15194,#3479);
#2271=LINE('',#15197,#3480);
#2272=LINE('',#15199,#3481);
#2273=LINE('',#15200,#3482);
#2274=LINE('',#15203,#3483);
#2275=LINE('',#15204,#3484);
#2276=LINE('',#15207,#3485);
#2277=LINE('',#15208,#3486);
#2278=LINE('',#15210,#3487);
#2279=LINE('',#15213,#3488);
#2280=LINE('',#15215,#3489);
#2281=LINE('',#15216,#3490);
#2282=LINE('',#15218,#3491);
#2283=LINE('',#15219,#3492);
#2284=LINE('',#15223,#3493);
#2285=LINE('',#15225,#3494);
#2286=LINE('',#15227,#3495);
#2287=LINE('',#15228,#3496);
#2288=LINE('',#15230,#3497);
#2289=LINE('',#15232,#3498);
#2290=LINE('',#15234,#3499);
#2291=LINE('',#15235,#3500);
#2292=LINE('',#15238,#3501);
#2293=LINE('',#15239,#3502);
#2294=LINE('',#15242,#3503);
#2295=LINE('',#15243,#3504);
#2296=LINE('',#15246,#3505);
#2297=LINE('',#15247,#3506);
#2298=LINE('',#15250,#3507);
#2299=LINE('',#15252,#3508);
#2300=LINE('',#15254,#3509);
#2301=LINE('',#15256,#3510);
#2302=LINE('',#15258,#3511);
#2303=LINE('',#15260,#3512);
#2304=LINE('',#15262,#3513);
#2305=LINE('',#15263,#3514);
#2306=LINE('',#15266,#3515);
#2307=LINE('',#15267,#3516);
#2308=LINE('',#15269,#3517);
#2309=LINE('',#15270,#3518);
#2310=LINE('',#15272,#3519);
#2311=LINE('',#15274,#3520);
#2312=LINE('',#15276,#3521);
#2313=LINE('',#15277,#3522);
#2314=LINE('',#15278,#3523);
#2315=LINE('',#15281,#3524);
#2316=LINE('',#15285,#3525);
#2317=LINE('',#15289,#3526);
#2318=LINE('',#15291,#3527);
#2319=LINE('',#15293,#3528);
#2320=LINE('',#15297,#3529);
#2321=LINE('',#15301,#3530);
#2322=LINE('',#15305,#3531);
#2323=LINE('',#15309,#3532);
#2324=LINE('',#15311,#3533);
#2325=LINE('',#15313,#3534);
#2326=LINE('',#15317,#3535);
#2327=LINE('',#15320,#3536);
#2328=LINE('',#15322,#3537);
#2329=LINE('',#15323,#3538);
#2330=LINE('',#15326,#3539);
#2331=LINE('',#15330,#3540);
#2332=LINE('',#15334,#3541);
#2333=LINE('',#15336,#3542);
#2334=LINE('',#15338,#3543);
#2335=LINE('',#15342,#3544);
#2336=LINE('',#15346,#3545);
#2337=LINE('',#15350,#3546);
#2338=LINE('',#15354,#3547);
#2339=LINE('',#15356,#3548);
#2340=LINE('',#15358,#3549);
#2341=LINE('',#15362,#3550);
#2342=LINE('',#15365,#3551);
#2343=LINE('',#15367,#3552);
#2344=LINE('',#15372,#3553);
#2345=LINE('',#15376,#3554);
#2346=LINE('',#15378,#3555);
#2347=LINE('',#15380,#3556);
#2348=LINE('',#15384,#3557);
#2349=LINE('',#15388,#3558);
#2350=LINE('',#15392,#3559);
#2351=LINE('',#15396,#3560);
#2352=LINE('',#15398,#3561);
#2353=LINE('',#15400,#3562);
#2354=LINE('',#15404,#3563);
#2355=LINE('',#15410,#3564);
#2356=LINE('',#15414,#3565);
#2357=LINE('',#15416,#3566);
#2358=LINE('',#15418,#3567);
#2359=LINE('',#15422,#3568);
#2360=LINE('',#15426,#3569);
#2361=LINE('',#15430,#3570);
#2362=LINE('',#15434,#3571);
#2363=LINE('',#15436,#3572);
#2364=LINE('',#15438,#3573);
#2365=LINE('',#15442,#3574);
#2366=LINE('',#15445,#3575);
#2367=LINE('',#15448,#3576);
#2368=LINE('',#15452,#3577);
#2369=LINE('',#15456,#3578);
#2370=LINE('',#15458,#3579);
#2371=LINE('',#15460,#3580);
#2372=LINE('',#15464,#3581);
#2373=LINE('',#15468,#3582);
#2374=LINE('',#15472,#3583);
#2375=LINE('',#15476,#3584);
#2376=LINE('',#15478,#3585);
#2377=LINE('',#15480,#3586);
#2378=LINE('',#15484,#3587);
#2379=LINE('',#15487,#3588);
#2380=LINE('',#15489,#3589);
#2381=LINE('',#15490,#3590);
#2382=LINE('',#15493,#3591);
#2383=LINE('',#15497,#3592);
#2384=LINE('',#15501,#3593);
#2385=LINE('',#15503,#3594);
#2386=LINE('',#15505,#3595);
#2387=LINE('',#15509,#3596);
#2388=LINE('',#15513,#3597);
#2389=LINE('',#15517,#3598);
#2390=LINE('',#15521,#3599);
#2391=LINE('',#15523,#3600);
#2392=LINE('',#15525,#3601);
#2393=LINE('',#15529,#3602);
#2394=LINE('',#15532,#3603);
#2395=LINE('',#15534,#3604);
#2396=LINE('',#15536,#3605);
#2397=LINE('',#15538,#3606);
#2398=LINE('',#15541,#3607);
#2399=LINE('',#15543,#3608);
#2400=LINE('',#15544,#3609);
#2401=LINE('',#15548,#3610);
#2402=LINE('',#15550,#3611);
#2403=LINE('',#15552,#3612);
#2404=LINE('',#15554,#3613);
#2405=LINE('',#15556,#3614);
#2406=LINE('',#15559,#3615);
#2407=LINE('',#15561,#3616);
#2408=LINE('',#15563,#3617);
#2409=LINE('',#15565,#3618);
#2410=LINE('',#15567,#3619);
#2411=LINE('',#15569,#3620);
#2412=LINE('',#15571,#3621);
#2413=LINE('',#15574,#3622);
#2414=LINE('',#15576,#3623);
#2415=LINE('',#15578,#3624);
#2416=LINE('',#15580,#3625);
#2417=LINE('',#15582,#3626);
#2418=LINE('',#15584,#3627);
#2419=LINE('',#15586,#3628);
#2420=LINE('',#15589,#3629);
#2421=LINE('',#15591,#3630);
#2422=LINE('',#15593,#3631);
#2423=LINE('',#15595,#3632);
#2424=LINE('',#15597,#3633);
#2425=LINE('',#15599,#3634);
#2426=LINE('',#15602,#3635);
#2427=LINE('',#15604,#3636);
#2428=LINE('',#15606,#3637);
#2429=LINE('',#15608,#3638);
#2430=LINE('',#15610,#3639);
#2431=LINE('',#15612,#3640);
#2432=LINE('',#15615,#3641);
#2433=LINE('',#15617,#3642);
#2434=LINE('',#15619,#3643);
#2435=LINE('',#15621,#3644);
#2436=LINE('',#15623,#3645);
#2437=LINE('',#15625,#3646);
#2438=LINE('',#15627,#3647);
#2439=LINE('',#15630,#3648);
#2440=LINE('',#15632,#3649);
#2441=LINE('',#15634,#3650);
#2442=LINE('',#15636,#3651);
#2443=LINE('',#15638,#3652);
#2444=LINE('',#15640,#3653);
#2445=LINE('',#15642,#3654);
#2446=LINE('',#15652,#3655);
#2447=LINE('',#15654,#3656);
#2448=LINE('',#15656,#3657);
#2449=LINE('',#15658,#3658);
#2450=LINE('',#15660,#3659);
#2451=LINE('',#15661,#3660);
#2452=LINE('',#15664,#3661);
#2453=LINE('',#15666,#3662);
#2454=LINE('',#15668,#3663);
#2455=LINE('',#15670,#3664);
#2456=LINE('',#15671,#3665);
#2457=LINE('',#15676,#3666);
#2458=LINE('',#15680,#3667);
#2459=LINE('',#15681,#3668);
#2460=LINE('',#15685,#3669);
#2461=LINE('',#15686,#3670);
#2462=LINE('',#15688,#3671);
#2463=LINE('',#15693,#3672);
#2464=LINE('',#15695,#3673);
#2465=LINE('',#15696,#3674);
#2466=LINE('',#15697,#3675);
#2467=LINE('',#15698,#3676);
#2468=LINE('',#15703,#3677);
#2469=LINE('',#15705,#3678);
#2470=LINE('',#15706,#3679);
#2471=LINE('',#15709,#3680);
#2472=LINE('',#15711,#3681);
#2473=LINE('',#15715,#3682);
#2474=LINE('',#15717,#3683);
#2475=LINE('',#15721,#3684);
#2476=LINE('',#15725,#3685);
#2477=LINE('',#15727,#3686);
#2478=LINE('',#15730,#3687);
#2479=LINE('',#15733,#3688);
#2480=LINE('',#15734,#3689);
#2481=LINE('',#15739,#3690);
#2482=LINE('',#15740,#3691);
#2483=LINE('',#15745,#3692);
#2484=LINE('',#15749,#3693);
#2485=LINE('',#15751,#3694);
#2486=LINE('',#15755,#3695);
#2487=LINE('',#15759,#3696);
#2488=LINE('',#15761,#3697);
#2489=LINE('',#15765,#3698);
#2490=LINE('',#15767,#3699);
#2491=LINE('',#15769,#3700);
#2492=LINE('',#15771,#3701);
#2493=LINE('',#15773,#3702);
#2494=LINE('',#15775,#3703);
#2495=LINE('',#15779,#3704);
#2496=LINE('',#15781,#3705);
#2497=LINE('',#15783,#3706);
#2498=LINE('',#15788,#3707);
#2499=LINE('',#15791,#3708);
#2500=LINE('',#15799,#3709);
#2501=LINE('',#15801,#3710);
#2502=LINE('',#15803,#3711);
#2503=LINE('',#15804,#3712);
#2504=LINE('',#15807,#3713);
#2505=LINE('',#15809,#3714);
#2506=LINE('',#15810,#3715);
#2507=LINE('',#15813,#3716);
#2508=LINE('',#15815,#3717);
#2509=LINE('',#15816,#3718);
#2510=LINE('',#15818,#3719);
#2511=LINE('',#15819,#3720);
#2512=LINE('',#15826,#3721);
#2513=LINE('',#15828,#3722);
#2514=LINE('',#15830,#3723);
#2515=LINE('',#15831,#3724);
#2516=LINE('',#15834,#3725);
#2517=LINE('',#15836,#3726);
#2518=LINE('',#15837,#3727);
#2519=LINE('',#15840,#3728);
#2520=LINE('',#15842,#3729);
#2521=LINE('',#15843,#3730);
#2522=LINE('',#15846,#3731);
#2523=LINE('',#15848,#3732);
#2524=LINE('',#15849,#3733);
#2525=LINE('',#15851,#3734);
#2526=LINE('',#15852,#3735);
#2527=LINE('',#15859,#3736);
#2528=LINE('',#15861,#3737);
#2529=LINE('',#15863,#3738);
#2530=LINE('',#15864,#3739);
#2531=LINE('',#15867,#3740);
#2532=LINE('',#15869,#3741);
#2533=LINE('',#15870,#3742);
#2534=LINE('',#15873,#3743);
#2535=LINE('',#15875,#3744);
#2536=LINE('',#15876,#3745);
#2537=LINE('',#15878,#3746);
#2538=LINE('',#15879,#3747);
#2539=LINE('',#15886,#3748);
#2540=LINE('',#15888,#3749);
#2541=LINE('',#15890,#3750);
#2542=LINE('',#15891,#3751);
#2543=LINE('',#15894,#3752);
#2544=LINE('',#15896,#3753);
#2545=LINE('',#15897,#3754);
#2546=LINE('',#15900,#3755);
#2547=LINE('',#15902,#3756);
#2548=LINE('',#15903,#3757);
#2549=LINE('',#15905,#3758);
#2550=LINE('',#15906,#3759);
#2551=LINE('',#15919,#3760);
#2552=LINE('',#15921,#3761);
#2553=LINE('',#15923,#3762);
#2554=LINE('',#15924,#3763);
#2555=LINE('',#15928,#3764);
#2556=LINE('',#15929,#3765);
#2557=LINE('',#15930,#3766);
#2558=LINE('',#15935,#3767);
#2559=LINE('',#15939,#3768);
#2560=LINE('',#15941,#3769);
#2561=LINE('',#15943,#3770);
#2562=LINE('',#15945,#3771);
#2563=LINE('',#15947,#3772);
#2564=LINE('',#15949,#3773);
#2565=LINE('',#15951,#3774);
#2566=LINE('',#15953,#3775);
#2567=LINE('',#15955,#3776);
#2568=LINE('',#15957,#3777);
#2569=LINE('',#15959,#3778);
#2570=LINE('',#15961,#3779);
#2571=LINE('',#15963,#3780);
#2572=LINE('',#15967,#3781);
#2573=LINE('',#15969,#3782);
#2574=LINE('',#15970,#3783);
#2575=LINE('',#15977,#3784);
#2576=LINE('',#15979,#3785);
#2577=LINE('',#15987,#3786);
#2578=LINE('',#15989,#3787);
#2579=LINE('',#15997,#3788);
#2580=LINE('',#15999,#3789);
#2581=LINE('',#16007,#3790);
#2582=LINE('',#16009,#3791);
#2583=LINE('',#16017,#3792);
#2584=LINE('',#16019,#3793);
#2585=LINE('',#16021,#3794);
#2586=LINE('',#16025,#3795);
#2587=LINE('',#16027,#3796);
#2588=LINE('',#16029,#3797);
#2589=LINE('',#16031,#3798);
#2590=LINE('',#16033,#3799);
#2591=LINE('',#16035,#3800);
#2592=LINE('',#16037,#3801);
#2593=LINE('',#16039,#3802);
#2594=LINE('',#16041,#3803);
#2595=LINE('',#16043,#3804);
#2596=LINE('',#16045,#3805);
#2597=LINE('',#16047,#3806);
#2598=LINE('',#16048,#3807);
#2599=LINE('',#16055,#3808);
#2600=LINE('',#16057,#3809);
#2601=LINE('',#16065,#3810);
#2602=LINE('',#16067,#3811);
#2603=LINE('',#16075,#3812);
#2604=LINE('',#16077,#3813);
#2605=LINE('',#16085,#3814);
#2606=LINE('',#16087,#3815);
#2607=LINE('',#16094,#3816);
#2608=LINE('',#16096,#3817);
#2609=LINE('',#16098,#3818);
#2610=LINE('',#16100,#3819);
#2611=LINE('',#16102,#3820);
#2612=LINE('',#16104,#3821);
#2613=LINE('',#16106,#3822);
#2614=LINE('',#16108,#3823);
#2615=LINE('',#16110,#3824);
#2616=LINE('',#16112,#3825);
#2617=LINE('',#16114,#3826);
#2618=LINE('',#16116,#3827);
#2619=LINE('',#16118,#3828);
#2620=LINE('',#16120,#3829);
#2621=LINE('',#16122,#3830);
#2622=LINE('',#16124,#3831);
#2623=LINE('',#16127,#3832);
#2624=LINE('',#16128,#3833);
#2625=LINE('',#16130,#3834);
#2626=LINE('',#16132,#3835);
#2627=LINE('',#16134,#3836);
#2628=LINE('',#16136,#3837);
#2629=LINE('',#16138,#3838);
#2630=LINE('',#16140,#3839);
#2631=LINE('',#16142,#3840);
#2632=LINE('',#16144,#3841);
#2633=LINE('',#16146,#3842);
#2634=LINE('',#16148,#3843);
#2635=LINE('',#16150,#3844);
#2636=LINE('',#16152,#3845);
#2637=LINE('',#16154,#3846);
#2638=LINE('',#16156,#3847);
#2639=LINE('',#16158,#3848);
#2640=LINE('',#16160,#3849);
#2641=LINE('',#16162,#3850);
#2642=LINE('',#16164,#3851);
#2643=LINE('',#16167,#3852);
#2644=LINE('',#16169,#3853);
#2645=LINE('',#16175,#3854);
#2646=LINE('',#16177,#3855);
#2647=LINE('',#16179,#3856);
#2648=LINE('',#16180,#3857);
#2649=LINE('',#16184,#3858);
#2650=LINE('',#16186,#3859);
#2651=LINE('',#16188,#3860);
#2652=LINE('',#16189,#3861);
#2653=LINE('',#16191,#3862);
#2654=LINE('',#16193,#3863);
#2655=LINE('',#16195,#3864);
#2656=LINE('',#16197,#3865);
#2657=LINE('',#16198,#3866);
#2658=LINE('',#16201,#3867);
#2659=LINE('',#16205,#3868);
#2660=LINE('',#16207,#3869);
#2661=LINE('',#16209,#3870);
#2662=LINE('',#16212,#3871);
#2663=LINE('',#16215,#3872);
#2664=LINE('',#16217,#3873);
#2665=LINE('',#16218,#3874);
#2666=LINE('',#16222,#3875);
#2667=LINE('',#16223,#3876);
#2668=LINE('',#16225,#3877);
#2669=LINE('',#16227,#3878);
#2670=LINE('',#16229,#3879);
#2671=LINE('',#16230,#3880);
#2672=LINE('',#16233,#3881);
#2673=LINE('',#16235,#3882);
#2674=LINE('',#16237,#3883);
#2675=LINE('',#16239,#3884);
#2676=LINE('',#16241,#3885);
#2677=LINE('',#16242,#3886);
#2678=LINE('',#16244,#3887);
#2679=LINE('',#16247,#3888);
#2680=LINE('',#16248,#3889);
#2681=LINE('',#16250,#3890);
#2682=LINE('',#16253,#3891);
#2683=LINE('',#16254,#3892);
#2684=LINE('',#16257,#3893);
#2685=LINE('',#16261,#3894);
#2686=LINE('',#16263,#3895);
#2687=LINE('',#16265,#3896);
#2688=LINE('',#16266,#3897);
#2689=LINE('',#16269,#3898);
#2690=LINE('',#16270,#3899);
#2691=LINE('',#16273,#3900);
#2692=LINE('',#16275,#3901);
#2693=LINE('',#16277,#3902);
#2694=LINE('',#16278,#3903);
#2695=LINE('',#16282,#3904);
#2696=LINE('',#16284,#3905);
#2697=LINE('',#16286,#3906);
#2698=LINE('',#16288,#3907);
#2699=LINE('',#16291,#3908);
#2700=LINE('',#16293,#3909);
#2701=LINE('',#16295,#3910);
#2702=LINE('',#16296,#3911);
#2703=LINE('',#16299,#3912);
#2704=LINE('',#16301,#3913);
#2705=LINE('',#16305,#3914);
#2706=LINE('',#16307,#3915);
#2707=LINE('',#16308,#3916);
#2708=LINE('',#16311,#3917);
#2709=LINE('',#16312,#3918);
#2710=LINE('',#16315,#3919);
#2711=LINE('',#16316,#3920);
#2712=LINE('',#16318,#3921);
#2713=LINE('',#16321,#3922);
#2714=LINE('',#16323,#3923);
#2715=LINE('',#16324,#3924);
#2716=LINE('',#16327,#3925);
#2717=LINE('',#16329,#3926);
#2718=LINE('',#16331,#3927);
#2719=LINE('',#16333,#3928);
#2720=LINE('',#16335,#3929);
#2721=LINE('',#16336,#3930);
#2722=LINE('',#16339,#3931);
#2723=LINE('',#16340,#3932);
#2724=LINE('',#16343,#3933);
#2725=LINE('',#16345,#3934);
#2726=LINE('',#16347,#3935);
#2727=LINE('',#16349,#3936);
#2728=LINE('',#16350,#3937);
#2729=LINE('',#16352,#3938);
#2730=LINE('',#16354,#3939);
#2731=LINE('',#16357,#3940);
#2732=LINE('',#16359,#3941);
#2733=LINE('',#16361,#3942);
#2734=LINE('',#16363,#3943);
#2735=LINE('',#16364,#3944);
#2736=LINE('',#16367,#3945);
#2737=LINE('',#16368,#3946);
#2738=LINE('',#16371,#3947);
#2739=LINE('',#16373,#3948);
#2740=LINE('',#16375,#3949);
#2741=LINE('',#16376,#3950);
#2742=LINE('',#16378,#3951);
#2743=LINE('',#16380,#3952);
#2744=LINE('',#16382,#3953);
#2745=LINE('',#16397,#3954);
#2746=LINE('',#16401,#3955);
#2747=LINE('',#16417,#3956);
#2748=LINE('',#16423,#3957);
#2749=LINE('',#16426,#3958);
#2750=LINE('',#16429,#3959);
#2751=LINE('',#16431,#3960);
#2752=LINE('',#16433,#3961);
#2753=LINE('',#16435,#3962);
#2754=LINE('',#16437,#3963);
#2755=LINE('',#16439,#3964);
#2756=LINE('',#16441,#3965);
#2757=LINE('',#16443,#3966);
#2758=LINE('',#16444,#3967);
#2759=LINE('',#16450,#3968);
#2760=LINE('',#16453,#3969);
#2761=LINE('',#16455,#3970);
#2762=LINE('',#16457,#3971);
#2763=LINE('',#16459,#3972);
#2764=LINE('',#16460,#3973);
#2765=LINE('',#16462,#3974);
#2766=LINE('',#16465,#3975);
#2767=LINE('',#16482,#3976);
#2768=LINE('',#16485,#3977);
#2769=LINE('',#16488,#3978);
#2770=LINE('',#16492,#3979);
#2771=LINE('',#16494,#3980);
#2772=LINE('',#16496,#3981);
#2773=LINE('',#16498,#3982);
#2774=LINE('',#16500,#3983);
#2775=LINE('',#16503,#3984);
#2776=LINE('',#16505,#3985);
#2777=LINE('',#16509,#3986);
#2778=LINE('',#16511,#3987);
#2779=LINE('',#16513,#3988);
#2780=LINE('',#16515,#3989);
#2781=LINE('',#16517,#3990);
#2782=LINE('',#16519,#3991);
#2783=LINE('',#16521,#3992);
#2784=LINE('',#16523,#3993);
#2785=LINE('',#16525,#3994);
#2786=LINE('',#16527,#3995);
#2787=LINE('',#16529,#3996);
#2788=LINE('',#16532,#3997);
#2789=LINE('',#16537,#3998);
#2790=LINE('',#16541,#3999);
#2791=LINE('',#16543,#4000);
#2792=LINE('',#16545,#4001);
#2793=LINE('',#16547,#4002);
#2794=LINE('',#16549,#4003);
#2795=LINE('',#16551,#4004);
#2796=LINE('',#16553,#4005);
#2797=LINE('',#16555,#4006);
#2798=LINE('',#16557,#4007);
#2799=LINE('',#16559,#4008);
#2800=LINE('',#16561,#4009);
#2801=LINE('',#16563,#4010);
#2802=LINE('',#16565,#4011);
#2803=LINE('',#16567,#4012);
#2804=LINE('',#16569,#4013);
#2805=LINE('',#16571,#4014);
#2806=LINE('',#16573,#4015);
#2807=LINE('',#16575,#4016);
#2808=LINE('',#16576,#4017);
#2809=LINE('',#16578,#4018);
#2810=LINE('',#16585,#4019);
#2811=LINE('',#16590,#4020);
#2812=LINE('',#16594,#4021);
#2813=LINE('',#16596,#4022);
#2814=LINE('',#16597,#4023);
#2815=LINE('',#16603,#4024);
#2816=LINE('',#16609,#4025);
#2817=LINE('',#16612,#4026);
#2818=LINE('',#16615,#4027);
#2819=LINE('',#16617,#4028);
#2820=LINE('',#16618,#4029);
#2821=LINE('',#16626,#4030);
#2822=LINE('',#16630,#4031);
#2823=LINE('',#16632,#4032);
#2824=LINE('',#16633,#4033);
#2825=LINE('',#16638,#4034);
#2826=LINE('',#16642,#4035);
#2827=LINE('',#16644,#4036);
#2828=LINE('',#16645,#4037);
#2829=LINE('',#16647,#4038);
#2830=LINE('',#16651,#4039);
#2831=LINE('',#16655,#4040);
#2832=LINE('',#16660,#4041);
#2833=LINE('',#16666,#4042);
#2834=LINE('',#16669,#4043);
#2835=LINE('',#16672,#4044);
#2836=LINE('',#16674,#4045);
#2837=LINE('',#16675,#4046);
#2838=LINE('',#16678,#4047);
#2839=LINE('',#16682,#4048);
#2840=LINE('',#16686,#4049);
#2841=LINE('',#16690,#4050);
#2842=LINE('',#16692,#4051);
#2843=LINE('',#16694,#4052);
#2844=LINE('',#16696,#4053);
#2845=LINE('',#16698,#4054);
#2846=LINE('',#16700,#4055);
#2847=LINE('',#16702,#4056);
#2848=LINE('',#16704,#4057);
#2849=LINE('',#16706,#4058);
#2850=LINE('',#16708,#4059);
#2851=LINE('',#16710,#4060);
#2852=LINE('',#16712,#4061);
#2853=LINE('',#16714,#4062);
#2854=LINE('',#16716,#4063);
#2855=LINE('',#16718,#4064);
#2856=LINE('',#16720,#4065);
#2857=LINE('',#16722,#4066);
#2858=LINE('',#16724,#4067);
#2859=LINE('',#16726,#4068);
#2860=LINE('',#16727,#4069);
#2861=LINE('',#16732,#4070);
#2862=LINE('',#16733,#4071);
#2863=LINE('',#16736,#4072);
#2864=LINE('',#16737,#4073);
#2865=LINE('',#16742,#4074);
#2866=LINE('',#16743,#4075);
#2867=LINE('',#16746,#4076);
#2868=LINE('',#16747,#4077);
#2869=LINE('',#16751,#4078);
#2870=LINE('',#16753,#4079);
#2871=LINE('',#16755,#4080);
#2872=LINE('',#16757,#4081);
#2873=LINE('',#16759,#4082);
#2874=LINE('',#16765,#4083);
#2875=LINE('',#16771,#4084);
#2876=LINE('',#16774,#4085);
#2877=LINE('',#16777,#4086);
#2878=LINE('',#16779,#4087);
#2879=LINE('',#16780,#4088);
#2880=LINE('',#16785,#4089);
#2881=LINE('',#16788,#4090);
#2882=LINE('',#16789,#4091);
#2883=LINE('',#16794,#4092);
#2884=LINE('',#16798,#4093);
#2885=LINE('',#16800,#4094);
#2886=LINE('',#16801,#4095);
#2887=LINE('',#16807,#4096);
#2888=LINE('',#16813,#4097);
#2889=LINE('',#16818,#4098);
#2890=LINE('',#16822,#4099);
#2891=LINE('',#16824,#4100);
#2892=LINE('',#16825,#4101);
#2893=LINE('',#16830,#4102);
#2894=LINE('',#16834,#4103);
#2895=LINE('',#16836,#4104);
#2896=LINE('',#16837,#4105);
#2897=LINE('',#16843,#4106);
#2898=LINE('',#16848,#4107);
#2899=LINE('',#16852,#4108);
#2900=LINE('',#16854,#4109);
#2901=LINE('',#16855,#4110);
#2902=LINE('',#16861,#4111);
#2903=LINE('',#16866,#4112);
#2904=LINE('',#16869,#4113);
#2905=LINE('',#16870,#4114);
#2906=LINE('',#16881,#4115);
#2907=LINE('',#16884,#4116);
#2908=LINE('',#16885,#4117);
#2909=LINE('',#16890,#4118);
#2910=LINE('',#16893,#4119);
#2911=LINE('',#16894,#4120);
#2912=LINE('',#16905,#4121);
#2913=LINE('',#16908,#4122);
#2914=LINE('',#16909,#4123);
#2915=LINE('',#16914,#4124);
#2916=LINE('',#16915,#4125);
#2917=LINE('',#16918,#4126);
#2918=LINE('',#16924,#4127);
#2919=LINE('',#16925,#4128);
#2920=LINE('',#16928,#4129);
#2921=LINE('',#16929,#4130);
#2922=LINE('',#16932,#4131);
#2923=LINE('',#16934,#4132);
#2924=LINE('',#16935,#4133);
#2925=LINE('',#16937,#4134);
#2926=LINE('',#16939,#4135);
#2927=LINE('',#16940,#4136);
#2928=LINE('',#16942,#4137);
#2929=LINE('',#16944,#4138);
#2930=LINE('',#16946,#4139);
#2931=LINE('',#16948,#4140);
#2932=LINE('',#16950,#4141);
#2933=LINE('',#16951,#4142);
#2934=LINE('',#16954,#4143);
#2935=LINE('',#16955,#4144);
#2936=LINE('',#16957,#4145);
#2937=LINE('',#16968,#4146);
#2938=LINE('',#16972,#4147);
#2939=LINE('',#16974,#4148);
#2940=LINE('',#16976,#4149);
#2941=LINE('',#16977,#4150);
#2942=LINE('',#16981,#4151);
#2943=LINE('',#16983,#4152);
#2944=LINE('',#16985,#4153);
#2945=LINE('',#16986,#4154);
#2946=LINE('',#16990,#4155);
#2947=LINE('',#16992,#4156);
#2948=LINE('',#16994,#4157);
#2949=LINE('',#16995,#4158);
#2950=LINE('',#16997,#4159);
#2951=LINE('',#16998,#4160);
#2952=LINE('',#17001,#4161);
#2953=LINE('',#17003,#4162);
#2954=LINE('',#17004,#4163);
#2955=LINE('',#17007,#4164);
#2956=LINE('',#17009,#4165);
#2957=LINE('',#17010,#4166);
#2958=LINE('',#17012,#4167);
#2959=LINE('',#17013,#4168);
#2960=LINE('',#17015,#4169);
#2961=LINE('',#17018,#4170);
#2962=LINE('',#17019,#4171);
#2963=LINE('',#17020,#4172);
#2964=LINE('',#17027,#4173);
#2965=LINE('',#17028,#4174);
#2966=LINE('',#17030,#4175);
#2967=LINE('',#17033,#4176);
#2968=LINE('',#17034,#4177);
#2969=LINE('',#17037,#4178);
#2970=LINE('',#17038,#4179);
#2971=LINE('',#17041,#4180);
#2972=LINE('',#17042,#4181);
#2973=LINE('',#17045,#4182);
#2974=LINE('',#17046,#4183);
#2975=LINE('',#17049,#4184);
#2976=LINE('',#17050,#4185);
#2977=LINE('',#17052,#4186);
#2978=LINE('',#17055,#4187);
#2979=LINE('',#17057,#4188);
#2980=LINE('',#17059,#4189);
#2981=LINE('',#17061,#4190);
#2982=LINE('',#17063,#4191);
#2983=LINE('',#17065,#4192);
#2984=LINE('',#17067,#4193);
#2985=LINE('',#17068,#4194);
#2986=LINE('',#17071,#4195);
#2987=LINE('',#17073,#4196);
#2988=LINE('',#17074,#4197);
#2989=LINE('',#17077,#4198);
#2990=LINE('',#17079,#4199);
#2991=LINE('',#17081,#4200);
#2992=LINE('',#17083,#4201);
#2993=LINE('',#17085,#4202);
#2994=LINE('',#17087,#4203);
#2995=LINE('',#17091,#4204);
#2996=LINE('',#17093,#4205);
#2997=LINE('',#17095,#4206);
#2998=LINE('',#17097,#4207);
#2999=LINE('',#17099,#4208);
#3000=LINE('',#17103,#4209);
#3001=LINE('',#17105,#4210);
#3002=LINE('',#17107,#4211);
#3003=LINE('',#17109,#4212);
#3004=LINE('',#17111,#4213);
#3005=LINE('',#17113,#4214);
#3006=LINE('',#17115,#4215);
#3007=LINE('',#17116,#4216);
#3008=LINE('',#17124,#4217);
#3009=LINE('',#17125,#4218);
#3010=LINE('',#17129,#4219);
#3011=LINE('',#17133,#4220);
#3012=LINE('',#17137,#4221);
#3013=LINE('',#17140,#4222);
#3014=LINE('',#17141,#4223);
#3015=LINE('',#17142,#4224);
#3016=LINE('',#17144,#4225);
#3017=LINE('',#17148,#4226);
#3018=LINE('',#17150,#4227);
#3019=LINE('',#17152,#4228);
#3020=LINE('',#17154,#4229);
#3021=LINE('',#17156,#4230);
#3022=LINE('',#17158,#4231);
#3023=LINE('',#17160,#4232);
#3024=LINE('',#17162,#4233);
#3025=LINE('',#17164,#4234);
#3026=LINE('',#17166,#4235);
#3027=LINE('',#17168,#4236);
#3028=LINE('',#17170,#4237);
#3029=LINE('',#17172,#4238);
#3030=LINE('',#17174,#4239);
#3031=LINE('',#17176,#4240);
#3032=LINE('',#17178,#4241);
#3033=LINE('',#17180,#4242);
#3034=LINE('',#17182,#4243);
#3035=LINE('',#17187,#4244);
#3036=LINE('',#17189,#4245);
#3037=LINE('',#17191,#4246);
#3038=LINE('',#17192,#4247);
#3039=LINE('',#17195,#4248);
#3040=LINE('',#17197,#4249);
#3041=LINE('',#17198,#4250);
#3042=LINE('',#17201,#4251);
#3043=LINE('',#17203,#4252);
#3044=LINE('',#17204,#4253);
#3045=LINE('',#17207,#4254);
#3046=LINE('',#17209,#4255);
#3047=LINE('',#17210,#4256);
#3048=LINE('',#17213,#4257);
#3049=LINE('',#17215,#4258);
#3050=LINE('',#17216,#4259);
#3051=LINE('',#17219,#4260);
#3052=LINE('',#17221,#4261);
#3053=LINE('',#17222,#4262);
#3054=LINE('',#17225,#4263);
#3055=LINE('',#17227,#4264);
#3056=LINE('',#17228,#4265);
#3057=LINE('',#17231,#4266);
#3058=LINE('',#17233,#4267);
#3059=LINE('',#17234,#4268);
#3060=LINE('',#17237,#4269);
#3061=LINE('',#17239,#4270);
#3062=LINE('',#17240,#4271);
#3063=LINE('',#17243,#4272);
#3064=LINE('',#17245,#4273);
#3065=LINE('',#17246,#4274);
#3066=LINE('',#17249,#4275);
#3067=LINE('',#17251,#4276);
#3068=LINE('',#17252,#4277);
#3069=LINE('',#17257,#4278);
#3070=LINE('',#17261,#4279);
#3071=LINE('',#17263,#4280);
#3072=LINE('',#17264,#4281);
#3073=LINE('',#17313,#4282);
#3074=LINE('',#17314,#4283);
#3075=LINE('',#17316,#4284);
#3076=LINE('',#17317,#4285);
#3077=LINE('',#17333,#4286);
#3078=LINE('',#17334,#4287);
#3079=LINE('',#17336,#4288);
#3080=LINE('',#17337,#4289);
#3081=LINE('',#17339,#4290);
#3082=LINE('',#17340,#4291);
#3083=LINE('',#17342,#4292);
#3084=LINE('',#17343,#4293);
#3085=LINE('',#17345,#4294);
#3086=LINE('',#17346,#4295);
#3087=LINE('',#17348,#4296);
#3088=LINE('',#17349,#4297);
#3089=LINE('',#17351,#4298);
#3090=LINE('',#17352,#4299);
#3091=LINE('',#17354,#4300);
#3092=LINE('',#17355,#4301);
#3093=LINE('',#17357,#4302);
#3094=LINE('',#17358,#4303);
#3095=LINE('',#17360,#4304);
#3096=LINE('',#17361,#4305);
#3097=VECTOR('',#11523,1.);
#3098=VECTOR('',#11524,1.);
#3099=VECTOR('',#11525,1.);
#3100=VECTOR('',#11526,1.);
#3101=VECTOR('',#11527,1.);
#3102=VECTOR('',#11528,1.);
#3103=VECTOR('',#11529,1.);
#3104=VECTOR('',#11530,1.00000000000041);
#3105=VECTOR('',#11531,1.);
#3106=VECTOR('',#11532,1.);
#3107=VECTOR('',#11533,1.);
#3108=VECTOR('',#11534,1.);
#3109=VECTOR('',#11537,1.);
#3110=VECTOR('',#11538,1.);
#3111=VECTOR('',#11539,1.);
#3112=VECTOR('',#11540,1.);
#3113=VECTOR('',#11541,1.);
#3114=VECTOR('',#11542,1.);
#3115=VECTOR('',#11543,1.);
#3116=VECTOR('',#11544,1.);
#3117=VECTOR('',#11545,1.);
#3118=VECTOR('',#11546,1.);
#3119=VECTOR('',#11547,1.);
#3120=VECTOR('',#11548,1.);
#3121=VECTOR('',#11549,1.);
#3122=VECTOR('',#11550,1.);
#3123=VECTOR('',#11551,1.);
#3124=VECTOR('',#11552,1.);
#3125=VECTOR('',#11553,1.);
#3126=VECTOR('',#11554,1.);
#3127=VECTOR('',#11555,1.);
#3128=VECTOR('',#11556,1.);
#3129=VECTOR('',#11557,1.);
#3130=VECTOR('',#11558,1.);
#3131=VECTOR('',#11559,1.);
#3132=VECTOR('',#11560,1.);
#3133=VECTOR('',#11561,1.);
#3134=VECTOR('',#11564,1.);
#3135=VECTOR('',#11565,1.);
#3136=VECTOR('',#11568,1.);
#3137=VECTOR('',#11569,1.);
#3138=VECTOR('',#11572,1.);
#3139=VECTOR('',#11573,1.);
#3140=VECTOR('',#11576,1.);
#3141=VECTOR('',#11577,1.);
#3142=VECTOR('',#11580,1.);
#3143=VECTOR('',#11581,1.);
#3144=VECTOR('',#11582,1.);
#3145=VECTOR('',#11583,1.);
#3146=VECTOR('',#11584,1.);
#3147=VECTOR('',#11585,1.);
#3148=VECTOR('',#11586,1.);
#3149=VECTOR('',#11587,1.);
#3150=VECTOR('',#11588,1.);
#3151=VECTOR('',#11589,1.);
#3152=VECTOR('',#11590,1.);
#3153=VECTOR('',#11591,1.);
#3154=VECTOR('',#11592,1.);
#3155=VECTOR('',#11593,1.);
#3156=VECTOR('',#11594,1.);
#3157=VECTOR('',#11595,1.);
#3158=VECTOR('',#11596,1.);
#3159=VECTOR('',#11597,1.);
#3160=VECTOR('',#11598,1.);
#3161=VECTOR('',#11601,1.);
#3162=VECTOR('',#11602,1.);
#3163=VECTOR('',#11603,1.);
#3164=VECTOR('',#11604,1.);
#3165=VECTOR('',#11605,1.);
#3166=VECTOR('',#11606,1.);
#3167=VECTOR('',#11609,1.);
#3168=VECTOR('',#11610,1.00000000000041);
#3169=VECTOR('',#11613,1.);
#3170=VECTOR('',#11614,1.);
#3171=VECTOR('',#11617,1.);
#3172=VECTOR('',#11618,1.);
#3173=VECTOR('',#11621,1.);
#3174=VECTOR('',#11622,1.);
#3175=VECTOR('',#11625,1.);
#3176=VECTOR('',#11626,1.);
#3177=VECTOR('',#11627,1.);
#3178=VECTOR('',#11628,1.);
#3179=VECTOR('',#11629,1.);
#3180=VECTOR('',#11630,1.);
#3181=VECTOR('',#11631,1.);
#3182=VECTOR('',#11632,1.);
#3183=VECTOR('',#11633,1.);
#3184=VECTOR('',#11634,1.);
#3185=VECTOR('',#11635,1.);
#3186=VECTOR('',#11636,1.);
#3187=VECTOR('',#11637,1.);
#3188=VECTOR('',#11638,1.);
#3189=VECTOR('',#11639,1.);
#3190=VECTOR('',#11640,1.);
#3191=VECTOR('',#11643,1.);
#3192=VECTOR('',#11644,1.);
#3193=VECTOR('',#11645,1.);
#3194=VECTOR('',#11646,1.00000000000041);
#3195=VECTOR('',#11647,1.);
#3196=VECTOR('',#11648,1.);
#3197=VECTOR('',#11649,1.);
#3198=VECTOR('',#11650,1.);
#3199=VECTOR('',#11653,1.);
#3200=VECTOR('',#11654,1.);
#3201=VECTOR('',#11657,1.);
#3202=VECTOR('',#11658,1.);
#3203=VECTOR('',#11659,1.);
#3204=VECTOR('',#11662,1.);
#3205=VECTOR('',#11663,1.);
#3206=VECTOR('',#11666,1.);
#3207=VECTOR('',#11667,1.);
#3208=VECTOR('',#11668,1.);
#3209=VECTOR('',#11671,1.);
#3210=VECTOR('',#11672,1.);
#3211=VECTOR('',#11675,1.);
#3212=VECTOR('',#11676,1.);
#3213=VECTOR('',#11677,1.);
#3214=VECTOR('',#11678,1.);
#3215=VECTOR('',#11681,1.);
#3216=VECTOR('',#11682,1.);
#3217=VECTOR('',#11685,1.);
#3218=VECTOR('',#11686,1.);
#3219=VECTOR('',#11687,1.);
#3220=VECTOR('',#11690,1.);
#3221=VECTOR('',#11691,1.);
#3222=VECTOR('',#11692,1.);
#3223=VECTOR('',#11693,1.);
#3224=VECTOR('',#11696,1.);
#3225=VECTOR('',#11697,1.);
#3226=VECTOR('',#11700,1.);
#3227=VECTOR('',#11701,1.);
#3228=VECTOR('',#11702,1.);
#3229=VECTOR('',#11705,1.);
#3230=VECTOR('',#11706,1.);
#3231=VECTOR('',#11707,1.);
#3232=VECTOR('',#11708,1.);
#3233=VECTOR('',#11711,1.);
#3234=VECTOR('',#11712,1.);
#3235=VECTOR('',#11715,1.);
#3236=VECTOR('',#11716,1.);
#3237=VECTOR('',#11717,1.);
#3238=VECTOR('',#11720,1.);
#3239=VECTOR('',#11721,1.);
#3240=VECTOR('',#11722,1.);
#3241=VECTOR('',#11723,1.);
#3242=VECTOR('',#11726,1.);
#3243=VECTOR('',#11727,1.);
#3244=VECTOR('',#11730,1.);
#3245=VECTOR('',#11731,1.);
#3246=VECTOR('',#11732,1.);
#3247=VECTOR('',#11735,1.);
#3248=VECTOR('',#11736,1.);
#3249=VECTOR('',#11739,1.);
#3250=VECTOR('',#11742,1.);
#3251=VECTOR('',#11743,1.);
#3252=VECTOR('',#11746,1.);
#3253=VECTOR('',#11747,1.);
#3254=VECTOR('',#11750,1.);
#3255=VECTOR('',#11751,1.);
#3256=VECTOR('',#11752,1.);
#3257=VECTOR('',#11753,1.);
#3258=VECTOR('',#11754,1.);
#3259=VECTOR('',#11755,1.);
#3260=VECTOR('',#11758,1.);
#3261=VECTOR('',#11759,1.);
#3262=VECTOR('',#11762,1.);
#3263=VECTOR('',#11763,1.);
#3264=VECTOR('',#11766,1.);
#3265=VECTOR('',#11769,1.);
#3266=VECTOR('',#11770,1.);
#3267=VECTOR('',#11773,1.);
#3268=VECTOR('',#11774,1.);
#3269=VECTOR('',#11775,1.);
#3270=VECTOR('',#11776,1.);
#3271=VECTOR('',#11777,1.);
#3272=VECTOR('',#11780,1.);
#3273=VECTOR('',#11781,1.);
#3274=VECTOR('',#11784,1.);
#3275=VECTOR('',#11785,1.);
#3276=VECTOR('',#11788,1.);
#3277=VECTOR('',#11791,1.);
#3278=VECTOR('',#11794,1.00000000000041);
#3279=VECTOR('',#11795,1.);
#3280=VECTOR('',#11796,1.);
#3281=VECTOR('',#11797,1.);
#3282=VECTOR('',#11800,1.);
#3283=VECTOR('',#11805,1.);
#3284=VECTOR('',#11808,1.);
#3285=VECTOR('',#11811,1.);
#3286=VECTOR('',#11814,1.);
#3287=VECTOR('',#11817,1.);
#3288=VECTOR('',#11820,1.);
#3289=VECTOR('',#11821,1.);
#3290=VECTOR('',#11824,1.);
#3291=VECTOR('',#11827,1.);
#3292=VECTOR('',#11832,1.);
#3293=VECTOR('',#11839,1.);
#3294=VECTOR('',#11844,1.);
#3295=VECTOR('',#11849,1.);
#3296=VECTOR('',#11854,1.);
#3297=VECTOR('',#11861,1.);
#3298=VECTOR('',#11862,1.);
#3299=VECTOR('',#11863,1.);
#3300=VECTOR('',#11864,1.);
#3301=VECTOR('',#11865,1.);
#3302=VECTOR('',#11866,1.);
#3303=VECTOR('',#11867,1.);
#3304=VECTOR('',#11868,1.);
#3305=VECTOR('',#11869,1.);
#3306=VECTOR('',#11870,1.);
#3307=VECTOR('',#11871,1.);
#3308=VECTOR('',#11872,1.);
#3309=VECTOR('',#11873,1.);
#3310=VECTOR('',#11874,1.);
#3311=VECTOR('',#11875,1.);
#3312=VECTOR('',#11876,1.);
#3313=VECTOR('',#11881,1.00000000000015);
#3314=VECTOR('',#11882,1.);
#3315=VECTOR('',#11883,1.00000000000015);
#3316=VECTOR('',#11886,1.);
#3317=VECTOR('',#11887,1.);
#3318=VECTOR('',#11890,1.);
#3319=VECTOR('',#11891,1.);
#3320=VECTOR('',#11894,1.);
#3321=VECTOR('',#11897,1.);
#3322=VECTOR('',#11898,1.);
#3323=VECTOR('',#11899,1.00000000000015);
#3324=VECTOR('',#11902,1.00000000000015);
#3325=VECTOR('',#11903,1.);
#3326=VECTOR('',#11906,1.);
#3327=VECTOR('',#11907,1.);
#3328=VECTOR('',#11910,1.);
#3329=VECTOR('',#11913,1.);
#3330=VECTOR('',#11914,1.);
#3331=VECTOR('',#11915,1.00000000000015);
#3332=VECTOR('',#11918,1.00000000000015);
#3333=VECTOR('',#11919,1.);
#3334=VECTOR('',#11922,1.);
#3335=VECTOR('',#11923,1.);
#3336=VECTOR('',#11926,1.);
#3337=VECTOR('',#11929,1.);
#3338=VECTOR('',#11930,1.);
#3339=VECTOR('',#11931,1.00000000000015);
#3340=VECTOR('',#11934,1.00000000000015);
#3341=VECTOR('',#11935,1.);
#3342=VECTOR('',#11938,1.);
#3343=VECTOR('',#11939,1.);
#3344=VECTOR('',#11942,1.);
#3345=VECTOR('',#11959,1.);
#3346=VECTOR('',#11962,1.);
#3347=VECTOR('',#11965,1.);
#3348=VECTOR('',#11968,1.);
#3349=VECTOR('',#11973,1.);
#3350=VECTOR('',#11974,1.);
#3351=VECTOR('',#11975,1.);
#3352=VECTOR('',#11978,1.);
#3353=VECTOR('',#11985,1.);
#3354=VECTOR('',#11988,1.);
#3355=VECTOR('',#11989,1.);
#3356=VECTOR('',#11992,1.);
#3357=VECTOR('',#11993,1.);
#3358=VECTOR('',#11996,1.);
#3359=VECTOR('',#12003,1.);
#3360=VECTOR('',#12006,1.);
#3361=VECTOR('',#12011,1.);
#3362=VECTOR('',#12014,1.);
#3363=VECTOR('',#12017,1.);
#3364=VECTOR('',#12020,1.);
#3365=VECTOR('',#12023,1.);
#3366=VECTOR('',#12026,1.);
#3367=VECTOR('',#12029,1.);
#3368=VECTOR('',#12030,1.);
#3369=VECTOR('',#12033,1.);
#3370=VECTOR('',#12038,1.);
#3371=VECTOR('',#12039,1.);
#3372=VECTOR('',#12042,1.);
#3373=VECTOR('',#12047,1.);
#3374=VECTOR('',#12048,1.);
#3375=VECTOR('',#12051,1.);
#3376=VECTOR('',#12056,1.);
#3377=VECTOR('',#12059,1.);
#3378=VECTOR('',#12062,1.);
#3379=VECTOR('',#12065,1.);
#3380=VECTOR('',#12068,1.);
#3381=VECTOR('',#12073,1.);
#3382=VECTOR('',#12074,1.);
#3383=VECTOR('',#12075,1.);
#3384=VECTOR('',#12078,1.);
#3385=VECTOR('',#12085,1.);
#3386=VECTOR('',#12088,1.);
#3387=VECTOR('',#12089,1.);
#3388=VECTOR('',#12092,1.);
#3389=VECTOR('',#12093,1.);
#3390=VECTOR('',#12096,1.);
#3391=VECTOR('',#12103,1.);
#3392=VECTOR('',#12106,1.);
#3393=VECTOR('',#12117,1.);
#3394=VECTOR('',#12118,10.);
#3395=VECTOR('',#12119,1.);
#3396=VECTOR('',#12120,10.);
#3397=VECTOR('',#12123,1.00000000000064);
#3398=VECTOR('',#12124,1.);
#3399=VECTOR('',#12125,1.00000000000064);
#3400=VECTOR('',#12126,1.);
#3401=VECTOR('',#12127,1.00000000000064);
#3402=VECTOR('',#12128,1.);
#3403=VECTOR('',#12129,1.00000000000064);
#3404=VECTOR('',#12132,1.00000000000064);
#3405=VECTOR('',#12133,10.);
#3406=VECTOR('',#12136,10.);
#3407=VECTOR('',#12137,1.);
#3408=VECTOR('',#12138,10.);
#3409=VECTOR('',#12141,10.);
#3410=VECTOR('',#12142,1.00000000000064);
#3411=VECTOR('',#12145,10.);
#3412=VECTOR('',#12146,1.);
#3413=VECTOR('',#12147,1.);
#3414=VECTOR('',#12148,1.);
#3415=VECTOR('',#12149,1.);
#3416=VECTOR('',#12150,1.);
#3417=VECTOR('',#12151,1.);
#3418=VECTOR('',#12152,1.);
#3419=VECTOR('',#12155,1.);
#3420=VECTOR('',#12156,1.);
#3421=VECTOR('',#12157,1.);
#3422=VECTOR('',#12158,1.);
#3423=VECTOR('',#12159,1.);
#3424=VECTOR('',#12160,1.);
#3425=VECTOR('',#12161,1.);
#3426=VECTOR('',#12162,10.);
#3427=VECTOR('',#12165,10.);
#3428=VECTOR('',#12166,1.00000000000064);
#3429=VECTOR('',#12169,1.00000000000064);
#3430=VECTOR('',#12170,10.);
#3431=VECTOR('',#12173,1.);
#3432=VECTOR('',#12176,1.00000000000064);
#3433=VECTOR('',#12177,10.);
#3434=VECTOR('',#12180,1.00000000000064);
#3435=VECTOR('',#12181,1.);
#3436=VECTOR('',#12182,1.);
#3437=VECTOR('',#12183,1.);
#3438=VECTOR('',#12184,1.00000000000064);
#3439=VECTOR('',#12185,1.);
#3440=VECTOR('',#12186,1.00000000000064);
#3441=VECTOR('',#12187,1.);
#3442=VECTOR('',#12188,1.);
#3443=VECTOR('',#12189,1.);
#3444=VECTOR('',#12192,10.);
#3445=VECTOR('',#12195,10.);
#3446=VECTOR('',#12196,1.);
#3447=VECTOR('',#12197,1.);
#3448=VECTOR('',#12200,1.);
#3449=VECTOR('',#12201,1.);
#3450=VECTOR('',#12202,1.);
#3451=VECTOR('',#12205,1.);
#3452=VECTOR('',#12206,1.);
#3453=VECTOR('',#12207,1.);
#3454=VECTOR('',#12210,1.);
#3455=VECTOR('',#12211,1.);
#3456=VECTOR('',#12212,1.);
#3457=VECTOR('',#12215,1.);
#3458=VECTOR('',#12216,1.);
#3459=VECTOR('',#12217,1.);
#3460=VECTOR('',#12220,1.);
#3461=VECTOR('',#12221,1.);
#3462=VECTOR('',#12222,1.);
#3463=VECTOR('',#12225,1.);
#3464=VECTOR('',#12228,1.);
#3465=VECTOR('',#12231,1.);
#3466=VECTOR('',#12232,1.);
#3467=VECTOR('',#12233,1.);
#3468=VECTOR('',#12236,1.);
#3469=VECTOR('',#12237,1.);
#3470=VECTOR('',#12238,1.);
#3471=VECTOR('',#12241,1.);
#3472=VECTOR('',#12242,1.);
#3473=VECTOR('',#12243,1.);
#3474=VECTOR('',#12246,1.);
#3475=VECTOR('',#12247,1.);
#3476=VECTOR('',#12248,1.);
#3477=VECTOR('',#12251,1.);
#3478=VECTOR('',#12252,1.);
#3479=VECTOR('',#12253,1.);
#3480=VECTOR('',#12256,1.);
#3481=VECTOR('',#12257,1.);
#3482=VECTOR('',#12258,10.);
#3483=VECTOR('',#12261,10.);
#3484=VECTOR('',#12262,1.00000000000064);
#3485=VECTOR('',#12265,1.00000000000064);
#3486=VECTOR('',#12266,10.);
#3487=VECTOR('',#12269,1.);
#3488=VECTOR('',#12272,1.);
#3489=VECTOR('',#12273,1.);
#3490=VECTOR('',#12274,1.);
#3491=VECTOR('',#12275,1.);
#3492=VECTOR('',#12276,1.);
#3493=VECTOR('',#12279,1.);
#3494=VECTOR('',#12280,10.);
#3495=VECTOR('',#12281,1.);
#3496=VECTOR('',#12282,10.);
#3497=VECTOR('',#12283,1.);
#3498=VECTOR('',#12284,1.);
#3499=VECTOR('',#12285,1.);
#3500=VECTOR('',#12286,1.);
#3501=VECTOR('',#12289,1.00000000000064);
#3502=VECTOR('',#12290,10.);
#3503=VECTOR('',#12293,1.);
#3504=VECTOR('',#12294,10.);
#3505=VECTOR('',#12297,1.00000000000064);
#3506=VECTOR('',#12298,10.);
#3507=VECTOR('',#12301,1.);
#3508=VECTOR('',#12302,10.);
#3509=VECTOR('',#12303,1.);
#3510=VECTOR('',#12304,1.);
#3511=VECTOR('',#12305,1.);
#3512=VECTOR('',#12306,1.);
#3513=VECTOR('',#12307,1.);
#3514=VECTOR('',#12308,1.);
#3515=VECTOR('',#12311,1.);
#3516=VECTOR('',#12312,1.);
#3517=VECTOR('',#12313,1.);
#3518=VECTOR('',#12314,1.);
#3519=VECTOR('',#12317,1.);
#3520=VECTOR('',#12318,1.00000000000064);
#3521=VECTOR('',#12319,1.);
#3522=VECTOR('',#12320,1.00000000000064);
#3523=VECTOR('',#12321,1.);
#3524=VECTOR('',#12324,1.);
#3525=VECTOR('',#12327,1.00000000000016);
#3526=VECTOR('',#12330,1.);
#3527=VECTOR('',#12331,1.);
#3528=VECTOR('',#12332,1.);
#3529=VECTOR('',#12335,1.00000000000016);
#3530=VECTOR('',#12340,1.);
#3531=VECTOR('',#12345,1.00000000000016);
#3532=VECTOR('',#12348,1.);
#3533=VECTOR('',#12349,1.);
#3534=VECTOR('',#12350,1.);
#3535=VECTOR('',#12353,1.00000000000016);
#3536=VECTOR('',#12356,1.);
#3537=VECTOR('',#12359,1.);
#3538=VECTOR('',#12360,1.);
#3539=VECTOR('',#12363,1.);
#3540=VECTOR('',#12366,1.00000000000016);
#3541=VECTOR('',#12369,1.);
#3542=VECTOR('',#12370,1.);
#3543=VECTOR('',#12371,1.);
#3544=VECTOR('',#12374,1.00000000000016);
#3545=VECTOR('',#12379,1.);
#3546=VECTOR('',#12384,1.00000000000016);
#3547=VECTOR('',#12387,1.);
#3548=VECTOR('',#12388,1.);
#3549=VECTOR('',#12389,1.);
#3550=VECTOR('',#12392,1.00000000000016);
#3551=VECTOR('',#12395,1.);
#3552=VECTOR('',#12398,1.);
#3553=VECTOR('',#12403,1.00000000000016);
#3554=VECTOR('',#12406,1.);
#3555=VECTOR('',#12407,1.);
#3556=VECTOR('',#12408,1.);
#3557=VECTOR('',#12411,1.00000000000016);
#3558=VECTOR('',#12416,1.);
#3559=VECTOR('',#12421,1.00000000000016);
#3560=VECTOR('',#12424,1.);
#3561=VECTOR('',#12425,1.);
#3562=VECTOR('',#12426,1.);
#3563=VECTOR('',#12429,1.00000000000016);
#3564=VECTOR('',#12436,1.00000000000016);
#3565=VECTOR('',#12439,1.);
#3566=VECTOR('',#12440,1.);
#3567=VECTOR('',#12441,1.);
#3568=VECTOR('',#12444,1.00000000000016);
#3569=VECTOR('',#12449,1.);
#3570=VECTOR('',#12454,1.00000000000016);
#3571=VECTOR('',#12457,1.);
#3572=VECTOR('',#12458,1.);
#3573=VECTOR('',#12459,1.);
#3574=VECTOR('',#12462,1.00000000000016);
#3575=VECTOR('',#12467,1.);
#3576=VECTOR('',#12470,1.);
#3577=VECTOR('',#12473,1.00000000000016);
#3578=VECTOR('',#12476,1.);
#3579=VECTOR('',#12477,1.);
#3580=VECTOR('',#12478,1.);
#3581=VECTOR('',#12481,1.00000000000016);
#3582=VECTOR('',#12486,1.);
#3583=VECTOR('',#12491,1.00000000000016);
#3584=VECTOR('',#12494,1.);
#3585=VECTOR('',#12495,1.);
#3586=VECTOR('',#12496,1.);
#3587=VECTOR('',#12499,1.00000000000016);
#3588=VECTOR('',#12502,1.);
#3589=VECTOR('',#12505,1.);
#3590=VECTOR('',#12506,1.);
#3591=VECTOR('',#12509,1.);
#3592=VECTOR('',#12512,1.00000000000016);
#3593=VECTOR('',#12515,1.);
#3594=VECTOR('',#12516,1.);
#3595=VECTOR('',#12517,1.);
#3596=VECTOR('',#12520,1.00000000000016);
#3597=VECTOR('',#12525,1.);
#3598=VECTOR('',#12530,1.00000000000016);
#3599=VECTOR('',#12533,1.);
#3600=VECTOR('',#12534,1.);
#3601=VECTOR('',#12535,1.);
#3602=VECTOR('',#12538,1.00000000000016);
#3603=VECTOR('',#12541,1.);
#3604=VECTOR('',#12544,1.);
#3605=VECTOR('',#12547,1.);
#3606=VECTOR('',#12550,1.);
#3607=VECTOR('',#12553,1.00000000000064);
#3608=VECTOR('',#12554,1.);
#3609=VECTOR('',#12555,1.00000000000064);
#3610=VECTOR('',#12560,10.);
#3611=VECTOR('',#12563,1.);
#3612=VECTOR('',#12566,1.);
#3613=VECTOR('',#12569,10.);
#3614=VECTOR('',#12572,1.);
#3615=VECTOR('',#12577,1.);
#3616=VECTOR('',#12580,1.);
#3617=VECTOR('',#12583,1.);
#3618=VECTOR('',#12586,1.);
#3619=VECTOR('',#12589,1.);
#3620=VECTOR('',#12592,1.);
#3621=VECTOR('',#12595,1.);
#3622=VECTOR('',#12600,1.);
#3623=VECTOR('',#12603,1.);
#3624=VECTOR('',#12606,1.);
#3625=VECTOR('',#12609,1.);
#3626=VECTOR('',#12612,1.);
#3627=VECTOR('',#12615,1.);
#3628=VECTOR('',#12618,1.);
#3629=VECTOR('',#12623,1.);
#3630=VECTOR('',#12626,1.);
#3631=VECTOR('',#12629,1.);
#3632=VECTOR('',#12632,1.);
#3633=VECTOR('',#12635,1.);
#3634=VECTOR('',#12638,1.);
#3635=VECTOR('',#12643,1.);
#3636=VECTOR('',#12646,1.);
#3637=VECTOR('',#12649,1.);
#3638=VECTOR('',#12652,1.);
#3639=VECTOR('',#12655,1.);
#3640=VECTOR('',#12658,1.);
#3641=VECTOR('',#12663,1.);
#3642=VECTOR('',#12666,1.);
#3643=VECTOR('',#12669,1.);
#3644=VECTOR('',#12672,1.);
#3645=VECTOR('',#12675,1.);
#3646=VECTOR('',#12678,1.);
#3647=VECTOR('',#12681,1.);
#3648=VECTOR('',#12686,1.);
#3649=VECTOR('',#12689,1.);
#3650=VECTOR('',#12692,1.);
#3651=VECTOR('',#12695,1.);
#3652=VECTOR('',#12698,1.);
#3653=VECTOR('',#12701,1.);
#3654=VECTOR('',#12704,1.);
#3655=VECTOR('',#12719,1.);
#3656=VECTOR('',#12720,1.);
#3657=VECTOR('',#12721,1.);
#3658=VECTOR('',#12722,1.);
#3659=VECTOR('',#12723,1.);
#3660=VECTOR('',#12724,1.);
#3661=VECTOR('',#12727,1.);
#3662=VECTOR('',#12728,1.);
#3663=VECTOR('',#12729,1.);
#3664=VECTOR('',#12730,1.);
#3665=VECTOR('',#12731,1.);
#3666=VECTOR('',#12736,1.);
#3667=VECTOR('',#12741,1.);
#3668=VECTOR('',#12742,1.);
#3669=VECTOR('',#12745,1.);
#3670=VECTOR('',#12746,1.00000000000064);
#3671=VECTOR('',#12747,1.00000000000064);
#3672=VECTOR('',#12752,1.);
#3673=VECTOR('',#12753,1.);
#3674=VECTOR('',#12754,1.);
#3675=VECTOR('',#12755,1.);
#3676=VECTOR('',#12756,1.);
#3677=VECTOR('',#12763,1.);
#3678=VECTOR('',#12766,1.);
#3679=VECTOR('',#12767,1.);
#3680=VECTOR('',#12770,0.999999999999495);
#3681=VECTOR('',#12771,0.999999999999495);
#3682=VECTOR('',#12774,1.);
#3683=VECTOR('',#12775,1.00000000000051);
#3684=VECTOR('',#12778,1.);
#3685=VECTOR('',#12781,1.00000000000051);
#3686=VECTOR('',#12782,1.);
#3687=VECTOR('',#12787,1.);
#3688=VECTOR('',#12790,1.);
#3689=VECTOR('',#12791,1.);
#3690=VECTOR('',#12796,0.999999999999495);
#3691=VECTOR('',#12797,1.);
#3692=VECTOR('',#12804,0.999999999999495);
#3693=VECTOR('',#12807,1.);
#3694=VECTOR('',#12808,1.00000000000051);
#3695=VECTOR('',#12811,1.);
#3696=VECTOR('',#12814,1.00000000000051);
#3697=VECTOR('',#12815,1.);
#3698=VECTOR('',#12822,1.);
#3699=VECTOR('',#12825,1.);
#3700=VECTOR('',#12828,1.);
#3701=VECTOR('',#12831,1.);
#3702=VECTOR('',#12834,1.);
#3703=VECTOR('',#12837,1.);
#3704=VECTOR('',#12842,1.);
#3705=VECTOR('',#12845,1.);
#3706=VECTOR('',#12848,1.);
#3707=VECTOR('',#12855,0.9);
#3708=VECTOR('',#12858,0.475);
#3709=VECTOR('',#12869,1.);
#3710=VECTOR('',#12870,1.);
#3711=VECTOR('',#12871,1.);
#3712=VECTOR('',#12872,1.);
#3713=VECTOR('',#12875,1.);
#3714=VECTOR('',#12876,1.);
#3715=VECTOR('',#12877,1.);
#3716=VECTOR('',#12880,1.);
#3717=VECTOR('',#12881,1.);
#3718=VECTOR('',#12882,1.);
#3719=VECTOR('',#12885,1.);
#3720=VECTOR('',#12886,1.);
#3721=VECTOR('',#12895,1.);
#3722=VECTOR('',#12896,1.);
#3723=VECTOR('',#12897,1.);
#3724=VECTOR('',#12898,1.);
#3725=VECTOR('',#12901,1.);
#3726=VECTOR('',#12902,1.);
#3727=VECTOR('',#12903,1.);
#3728=VECTOR('',#12906,1.);
#3729=VECTOR('',#12907,1.);
#3730=VECTOR('',#12908,1.);
#3731=VECTOR('',#12911,1.);
#3732=VECTOR('',#12912,1.);
#3733=VECTOR('',#12913,1.);
#3734=VECTOR('',#12916,1.00000000000064);
#3735=VECTOR('',#12917,1.00000000000064);
#3736=VECTOR('',#12926,1.);
#3737=VECTOR('',#12927,1.);
#3738=VECTOR('',#12928,1.);
#3739=VECTOR('',#12929,1.);
#3740=VECTOR('',#12932,1.);
#3741=VECTOR('',#12933,1.);
#3742=VECTOR('',#12934,1.);
#3743=VECTOR('',#12937,1.);
#3744=VECTOR('',#12938,1.);
#3745=VECTOR('',#12939,1.);
#3746=VECTOR('',#12942,1.);
#3747=VECTOR('',#12943,1.);
#3748=VECTOR('',#12952,1.);
#3749=VECTOR('',#12953,1.);
#3750=VECTOR('',#12954,1.);
#3751=VECTOR('',#12955,1.);
#3752=VECTOR('',#12958,1.);
#3753=VECTOR('',#12959,1.);
#3754=VECTOR('',#12960,1.);
#3755=VECTOR('',#12963,1.);
#3756=VECTOR('',#12964,1.);
#3757=VECTOR('',#12965,1.);
#3758=VECTOR('',#12968,1.);
#3759=VECTOR('',#12969,1.);
#3760=VECTOR('',#12990,1.);
#3761=VECTOR('',#12991,1.);
#3762=VECTOR('',#12992,1.);
#3763=VECTOR('',#12993,1.);
#3764=VECTOR('',#12996,1.);
#3765=VECTOR('',#12997,1.00000000000064);
#3766=VECTOR('',#12998,1.00000000000064);
#3767=VECTOR('',#13003,1.);
#3768=VECTOR('',#13008,1.);
#3769=VECTOR('',#13009,1.00000000000064);
#3770=VECTOR('',#13010,1.);
#3771=VECTOR('',#13011,1.00000000000064);
#3772=VECTOR('',#13012,1.);
#3773=VECTOR('',#13013,1.00000000000064);
#3774=VECTOR('',#13014,1.);
#3775=VECTOR('',#13015,1.00000000000064);
#3776=VECTOR('',#13016,1.);
#3777=VECTOR('',#13017,1.00000000000064);
#3778=VECTOR('',#13018,1.);
#3779=VECTOR('',#13019,1.00000000000064);
#3780=VECTOR('',#13020,1.);
#3781=VECTOR('',#13023,1.);
#3782=VECTOR('',#13024,1.00000000000064);
#3783=VECTOR('',#13025,1.);
#3784=VECTOR('',#13030,1.);
#3785=VECTOR('',#13031,1.);
#3786=VECTOR('',#13038,1.);
#3787=VECTOR('',#13039,1.);
#3788=VECTOR('',#13046,1.);
#3789=VECTOR('',#13047,1.);
#3790=VECTOR('',#13054,1.);
#3791=VECTOR('',#13055,1.);
#3792=VECTOR('',#13064,1.);
#3793=VECTOR('',#13065,1.00000000000064);
#3794=VECTOR('',#13066,1.);
#3795=VECTOR('',#13069,1.);
#3796=VECTOR('',#13070,1.00000000000064);
#3797=VECTOR('',#13071,1.);
#3798=VECTOR('',#13072,1.00000000000064);
#3799=VECTOR('',#13073,1.);
#3800=VECTOR('',#13074,1.00000000000064);
#3801=VECTOR('',#13075,1.);
#3802=VECTOR('',#13076,1.00000000000064);
#3803=VECTOR('',#13077,1.);
#3804=VECTOR('',#13078,1.00000000000064);
#3805=VECTOR('',#13079,1.);
#3806=VECTOR('',#13080,1.00000000000064);
#3807=VECTOR('',#13081,1.);
#3808=VECTOR('',#13086,1.);
#3809=VECTOR('',#13087,1.);
#3810=VECTOR('',#13094,1.);
#3811=VECTOR('',#13095,1.);
#3812=VECTOR('',#13102,1.);
#3813=VECTOR('',#13103,1.);
#3814=VECTOR('',#13110,1.);
#3815=VECTOR('',#13111,1.);
#3816=VECTOR('',#13120,1.);
#3817=VECTOR('',#13123,1.);
#3818=VECTOR('',#13126,1.);
#3819=VECTOR('',#13129,1.);
#3820=VECTOR('',#13132,1.);
#3821=VECTOR('',#13135,1.);
#3822=VECTOR('',#13138,1.);
#3823=VECTOR('',#13141,1.);
#3824=VECTOR('',#13144,1.);
#3825=VECTOR('',#13147,1.);
#3826=VECTOR('',#13150,1.);
#3827=VECTOR('',#13153,1.);
#3828=VECTOR('',#13156,1.);
#3829=VECTOR('',#13159,1.);
#3830=VECTOR('',#13162,1.);
#3831=VECTOR('',#13165,1.);
#3832=VECTOR('',#13170,1.);
#3833=VECTOR('',#13171,1.);
#3834=VECTOR('',#13174,1.);
#3835=VECTOR('',#13177,1.);
#3836=VECTOR('',#13180,1.);
#3837=VECTOR('',#13183,1.);
#3838=VECTOR('',#13186,1.);
#3839=VECTOR('',#13189,1.);
#3840=VECTOR('',#13192,1.);
#3841=VECTOR('',#13195,1.);
#3842=VECTOR('',#13198,1.);
#3843=VECTOR('',#13201,1.);
#3844=VECTOR('',#13204,1.);
#3845=VECTOR('',#13207,1.);
#3846=VECTOR('',#13210,1.);
#3847=VECTOR('',#13213,1.);
#3848=VECTOR('',#13216,1.);
#3849=VECTOR('',#13219,1.);
#3850=VECTOR('',#13222,1.);
#3851=VECTOR('',#13225,1.);
#3852=VECTOR('',#13230,0.5);
#3853=VECTOR('',#13233,0.5);
#3854=VECTOR('',#13240,1.);
#3855=VECTOR('',#13241,1.);
#3856=VECTOR('',#13242,1.);
#3857=VECTOR('',#13243,1.);
#3858=VECTOR('',#13246,1.);
#3859=VECTOR('',#13247,1.);
#3860=VECTOR('',#13248,1.);
#3861=VECTOR('',#13249,1.);
#3862=VECTOR('',#13250,1.);
#3863=VECTOR('',#13251,1.);
#3864=VECTOR('',#13252,1.);
#3865=VECTOR('',#13253,1.);
#3866=VECTOR('',#13254,1.);
#3867=VECTOR('',#13257,1.);
#3868=VECTOR('',#13260,1.);
#3869=VECTOR('',#13261,1.);
#3870=VECTOR('',#13262,1.);
#3871=VECTOR('',#13265,1.);
#3872=VECTOR('',#13268,1.);
#3873=VECTOR('',#13269,1.);
#3874=VECTOR('',#13270,1.);
#3875=VECTOR('',#13273,1.);
#3876=VECTOR('',#13274,1.);
#3877=VECTOR('',#13275,1.);
#3878=VECTOR('',#13276,1.);
#3879=VECTOR('',#13277,1.);
#3880=VECTOR('',#13278,1.);
#3881=VECTOR('',#13281,1.);
#3882=VECTOR('',#13282,1.);
#3883=VECTOR('',#13283,1.);
#3884=VECTOR('',#13284,1.);
#3885=VECTOR('',#13285,1.);
#3886=VECTOR('',#13286,1.);
#3887=VECTOR('',#13289,1.);
#3888=VECTOR('',#13292,1.);
#3889=VECTOR('',#13293,1.);
#3890=VECTOR('',#13296,1.);
#3891=VECTOR('',#13299,1.);
#3892=VECTOR('',#13300,1.);
#3893=VECTOR('',#13303,1.);
#3894=VECTOR('',#13308,1.);
#3895=VECTOR('',#13309,0.999999999999597);
#3896=VECTOR('',#13310,1.);
#3897=VECTOR('',#13311,0.999999999999597);
#3898=VECTOR('',#13314,1.);
#3899=VECTOR('',#13315,0.999999999999597);
#3900=VECTOR('',#13318,1.);
#3901=VECTOR('',#13319,1.);
#3902=VECTOR('',#13320,0.999999999999597);
#3903=VECTOR('',#13321,1.);
#3904=VECTOR('',#13328,1.);
#3905=VECTOR('',#13331,1.);
#3906=VECTOR('',#13334,1.);
#3907=VECTOR('',#13337,1.);
#3908=VECTOR('',#13338,1.);
#3909=VECTOR('',#13339,1.);
#3910=VECTOR('',#13340,1.);
#3911=VECTOR('',#13341,1.);
#3912=VECTOR('',#13346,1.);
#3913=VECTOR('',#13349,1.);
#3914=VECTOR('',#13354,1.00000000000065);
#3915=VECTOR('',#13355,1.00000000000065);
#3916=VECTOR('',#13356,1.);
#3917=VECTOR('',#13359,1.00000000000065);
#3918=VECTOR('',#13360,1.);
#3919=VECTOR('',#13363,1.00000000000065);
#3920=VECTOR('',#13364,1.);
#3921=VECTOR('',#13367,1.);
#3922=VECTOR('',#13370,1.);
#3923=VECTOR('',#13371,1.);
#3924=VECTOR('',#13372,1.);
#3925=VECTOR('',#13375,1.);
#3926=VECTOR('',#13376,1.);
#3927=VECTOR('',#13377,1.);
#3928=VECTOR('',#13378,1.);
#3929=VECTOR('',#13379,1.);
#3930=VECTOR('',#13380,1.);
#3931=VECTOR('',#13383,1.);
#3932=VECTOR('',#13384,1.);
#3933=VECTOR('',#13387,1.);
#3934=VECTOR('',#13388,1.);
#3935=VECTOR('',#13389,1.);
#3936=VECTOR('',#13390,1.);
#3937=VECTOR('',#13391,1.);
#3938=VECTOR('',#13394,1.);
#3939=VECTOR('',#13397,1.);
#3940=VECTOR('',#13400,1.00000000000064);
#3941=VECTOR('',#13401,1.);
#3942=VECTOR('',#13402,1.);
#3943=VECTOR('',#13403,1.);
#3944=VECTOR('',#13404,1.00000000000064);
#3945=VECTOR('',#13407,1.);
#3946=VECTOR('',#13408,1.00000000000064);
#3947=VECTOR('',#13411,1.);
#3948=VECTOR('',#13412,1.);
#3949=VECTOR('',#13413,1.);
#3950=VECTOR('',#13414,1.00000000000064);
#3951=VECTOR('',#13417,1.);
#3952=VECTOR('',#13420,1.);
#3953=VECTOR('',#13423,1.);
#3954=VECTOR('',#13430,10.);
#3955=VECTOR('',#13433,10.);
#3956=VECTOR('',#13436,10.);
#3957=VECTOR('',#13441,10.);
#3958=VECTOR('',#13444,10.);
#3959=VECTOR('',#13447,10.);
#3960=VECTOR('',#13448,10.);
#3961=VECTOR('',#13449,10.);
#3962=VECTOR('',#13450,10.);
#3963=VECTOR('',#13451,10.);
#3964=VECTOR('',#13452,10.);
#3965=VECTOR('',#13453,10.);
#3966=VECTOR('',#13454,10.);
#3967=VECTOR('',#13455,10.);
#3968=VECTOR('',#13460,10.);
#3969=VECTOR('',#13463,10.);
#3970=VECTOR('',#13466,10.);
#3971=VECTOR('',#13467,10.);
#3972=VECTOR('',#13468,10.);
#3973=VECTOR('',#13469,10.);
#3974=VECTOR('',#13470,10.);
#3975=VECTOR('',#13473,10.);
#3976=VECTOR('',#13476,10.);
#3977=VECTOR('',#13479,10.);
#3978=VECTOR('',#13482,10.);
#3979=VECTOR('',#13485,10.);
#3980=VECTOR('',#13486,10.);
#3981=VECTOR('',#13487,10.);
#3982=VECTOR('',#13488,10.);
#3983=VECTOR('',#13489,10.);
#3984=VECTOR('',#13492,10.);
#3985=VECTOR('',#13493,10.);
#3986=VECTOR('',#13496,10.);
#3987=VECTOR('',#13497,10.);
#3988=VECTOR('',#13498,10.);
#3989=VECTOR('',#13499,10.);
#3990=VECTOR('',#13500,10.);
#3991=VECTOR('',#13501,10.);
#3992=VECTOR('',#13502,10.);
#3993=VECTOR('',#13503,10.);
#3994=VECTOR('',#13504,10.);
#3995=VECTOR('',#13505,10.);
#3996=VECTOR('',#13506,10.);
#3997=VECTOR('',#13509,10.);
#3998=VECTOR('',#13514,10.);
#3999=VECTOR('',#13519,10.);
#4000=VECTOR('',#13520,10.);
#4001=VECTOR('',#13521,10.);
#4002=VECTOR('',#13522,10.);
#4003=VECTOR('',#13523,10.);
#4004=VECTOR('',#13524,10.);
#4005=VECTOR('',#13525,10.);
#4006=VECTOR('',#13526,10.);
#4007=VECTOR('',#13527,10.);
#4008=VECTOR('',#13528,10.);
#4009=VECTOR('',#13529,10.);
#4010=VECTOR('',#13530,10.);
#4011=VECTOR('',#13531,10.);
#4012=VECTOR('',#13532,10.);
#4013=VECTOR('',#13533,10.);
#4014=VECTOR('',#13534,10.);
#4015=VECTOR('',#13535,10.);
#4016=VECTOR('',#13536,10.);
#4017=VECTOR('',#13537,10.);
#4018=VECTOR('',#13538,10.);
#4019=VECTOR('',#13547,10.);
#4020=VECTOR('',#13552,10.);
#4021=VECTOR('',#13557,10.);
#4022=VECTOR('',#13558,10.);
#4023=VECTOR('',#13559,10.);
#4024=VECTOR('',#13566,10.);
#4025=VECTOR('',#13571,10.);
#4026=VECTOR('',#13574,10.);
#4027=VECTOR('',#13577,10.);
#4028=VECTOR('',#13578,10.);
#4029=VECTOR('',#13579,10.);
#4030=VECTOR('',#13590,10.);
#4031=VECTOR('',#13595,10.);
#4032=VECTOR('',#13596,10.);
#4033=VECTOR('',#13597,10.);
#4034=VECTOR('',#13602,10.);
#4035=VECTOR('',#13607,10.);
#4036=VECTOR('',#13608,10.);
#4037=VECTOR('',#13609,10.);
#4038=VECTOR('',#13612,10.);
#4039=VECTOR('',#13615,10.);
#4040=VECTOR('',#13620,10.);
#4041=VECTOR('',#13627,10.);
#4042=VECTOR('',#13632,10.);
#4043=VECTOR('',#13635,10.);
#4044=VECTOR('',#13638,10.);
#4045=VECTOR('',#13639,10.);
#4046=VECTOR('',#13640,10.);
#4047=VECTOR('',#13643,10.);
#4048=VECTOR('',#13646,10.);
#4049=VECTOR('',#13649,10.);
#4050=VECTOR('',#13652,10.);
#4051=VECTOR('',#13653,10.);
#4052=VECTOR('',#13654,10.);
#4053=VECTOR('',#13655,10.);
#4054=VECTOR('',#13656,10.);
#4055=VECTOR('',#13657,10.);
#4056=VECTOR('',#13658,10.);
#4057=VECTOR('',#13659,10.);
#4058=VECTOR('',#13660,10.);
#4059=VECTOR('',#13661,10.);
#4060=VECTOR('',#13662,10.);
#4061=VECTOR('',#13663,10.);
#4062=VECTOR('',#13664,10.);
#4063=VECTOR('',#13665,10.);
#4064=VECTOR('',#13666,10.);
#4065=VECTOR('',#13667,10.);
#4066=VECTOR('',#13668,10.);
#4067=VECTOR('',#13669,10.);
#4068=VECTOR('',#13670,10.);
#4069=VECTOR('',#13671,10.);
#4070=VECTOR('',#13676,10.);
#4071=VECTOR('',#13677,10.);
#4072=VECTOR('',#13680,10.);
#4073=VECTOR('',#13681,10.);
#4074=VECTOR('',#13686,10.);
#4075=VECTOR('',#13687,10.);
#4076=VECTOR('',#13690,10.);
#4077=VECTOR('',#13691,10.);
#4078=VECTOR('',#13696,10.);
#4079=VECTOR('',#13699,10.);
#4080=VECTOR('',#13702,10.);
#4081=VECTOR('',#13705,10.);
#4082=VECTOR('',#13708,10.);
#4083=VECTOR('',#13715,10.);
#4084=VECTOR('',#13720,10.);
#4085=VECTOR('',#13723,10.);
#4086=VECTOR('',#13726,10.);
#4087=VECTOR('',#13727,10.);
#4088=VECTOR('',#13728,10.);
#4089=VECTOR('',#13733,10.);
#4090=VECTOR('',#13738,10.);
#4091=VECTOR('',#13739,10.);
#4092=VECTOR('',#13744,10.);
#4093=VECTOR('',#13749,10.);
#4094=VECTOR('',#13750,10.);
#4095=VECTOR('',#13751,10.);
#4096=VECTOR('',#13758,10.);
#4097=VECTOR('',#13765,10.);
#4098=VECTOR('',#13770,10.);
#4099=VECTOR('',#13775,10.);
#4100=VECTOR('',#13776,10.);
#4101=VECTOR('',#13777,10.);
#4102=VECTOR('',#13782,10.);
#4103=VECTOR('',#13787,10.);
#4104=VECTOR('',#13788,10.);
#4105=VECTOR('',#13789,10.);
#4106=VECTOR('',#13796,10.);
#4107=VECTOR('',#13801,10.);
#4108=VECTOR('',#13806,10.);
#4109=VECTOR('',#13807,10.);
#4110=VECTOR('',#13808,10.);
#4111=VECTOR('',#13815,10.);
#4112=VECTOR('',#13820,10.);
#4113=VECTOR('',#13825,10.);
#4114=VECTOR('',#13826,10.);
#4115=VECTOR('',#13843,10.);
#4116=VECTOR('',#13848,10.);
#4117=VECTOR('',#13849,10.);
#4118=VECTOR('',#13854,10.);
#4119=VECTOR('',#13859,10.);
#4120=VECTOR('',#13860,10.);
#4121=VECTOR('',#13877,10.);
#4122=VECTOR('',#13882,10.);
#4123=VECTOR('',#13883,10.);
#4124=VECTOR('',#13888,10.);
#4125=VECTOR('',#13889,10.);
#4126=VECTOR('',#13892,1.99999999999999);
#4127=VECTOR('',#13899,10.);
#4128=VECTOR('',#13900,10.);
#4129=VECTOR('',#13903,10.);
#4130=VECTOR('',#13904,10.);
#4131=VECTOR('',#13907,10.);
#4132=VECTOR('',#13908,10.);
#4133=VECTOR('',#13909,10.);
#4134=VECTOR('',#13910,10.);
#4135=VECTOR('',#13911,10.);
#4136=VECTOR('',#13912,10.);
#4137=VECTOR('',#13913,10.);
#4138=VECTOR('',#13914,10.);
#4139=VECTOR('',#13915,10.);
#4140=VECTOR('',#13916,10.);
#4141=VECTOR('',#13917,10.);
#4142=VECTOR('',#13918,10.);
#4143=VECTOR('',#13921,10.);
#4144=VECTOR('',#13922,10.);
#4145=VECTOR('',#13925,10.);
#4146=VECTOR('',#13928,10.);
#4147=VECTOR('',#13931,10.);
#4148=VECTOR('',#13932,10.);
#4149=VECTOR('',#13933,10.);
#4150=VECTOR('',#13934,10.);
#4151=VECTOR('',#13937,10.);
#4152=VECTOR('',#13938,10.);
#4153=VECTOR('',#13939,10.);
#4154=VECTOR('',#13940,10.);
#4155=VECTOR('',#13943,10.);
#4156=VECTOR('',#13944,10.);
#4157=VECTOR('',#13945,10.);
#4158=VECTOR('',#13946,10.);
#4159=VECTOR('',#13949,10.);
#4160=VECTOR('',#13950,10.);
#4161=VECTOR('',#13953,10.);
#4162=VECTOR('',#13954,10.);
#4163=VECTOR('',#13955,10.);
#4164=VECTOR('',#13958,10.);
#4165=VECTOR('',#13959,10.);
#4166=VECTOR('',#13960,10.);
#4167=VECTOR('',#13963,10.);
#4168=VECTOR('',#13964,10.);
#4169=VECTOR('',#13967,10.);
#4170=VECTOR('',#13970,10.);
#4171=VECTOR('',#13971,10.);
#4172=VECTOR('',#13972,10.);
#4173=VECTOR('',#13983,10.);
#4174=VECTOR('',#13984,10.);
#4175=VECTOR('',#13987,10.);
#4176=VECTOR('',#13990,10.);
#4177=VECTOR('',#13991,10.);
#4178=VECTOR('',#13994,10.);
#4179=VECTOR('',#13995,10.);
#4180=VECTOR('',#13998,10.);
#4181=VECTOR('',#13999,10.);
#4182=VECTOR('',#14002,10.);
#4183=VECTOR('',#14003,10.);
#4184=VECTOR('',#14006,10.);
#4185=VECTOR('',#14007,10.);
#4186=VECTOR('',#14010,10.);
#4187=VECTOR('',#14013,10.);
#4188=VECTOR('',#14014,10.);
#4189=VECTOR('',#14015,10.);
#4190=VECTOR('',#14016,10.);
#4191=VECTOR('',#14017,10.);
#4192=VECTOR('',#14018,10.);
#4193=VECTOR('',#14019,10.);
#4194=VECTOR('',#14020,10.);
#4195=VECTOR('',#14023,10.);
#4196=VECTOR('',#14024,10.);
#4197=VECTOR('',#14025,10.);
#4198=VECTOR('',#14028,10.);
#4199=VECTOR('',#14029,10.);
#4200=VECTOR('',#14030,10.);
#4201=VECTOR('',#14031,10.);
#4202=VECTOR('',#14032,10.);
#4203=VECTOR('',#14033,10.);
#4204=VECTOR('',#14036,10.);
#4205=VECTOR('',#14037,10.);
#4206=VECTOR('',#14038,10.);
#4207=VECTOR('',#14039,10.);
#4208=VECTOR('',#14040,10.);
#4209=VECTOR('',#14043,10.);
#4210=VECTOR('',#14044,10.);
#4211=VECTOR('',#14045,10.);
#4212=VECTOR('',#14046,10.);
#4213=VECTOR('',#14047,10.);
#4214=VECTOR('',#14048,10.);
#4215=VECTOR('',#14049,10.);
#4216=VECTOR('',#14050,10.);
#4217=VECTOR('',#14059,10.);
#4218=VECTOR('',#14060,10.);
#4219=VECTOR('',#14065,1.5);
#4220=VECTOR('',#14070,3.62500000000001);
#4221=VECTOR('',#14075,1.5);
#4222=VECTOR('',#14078,10.);
#4223=VECTOR('',#14079,10.);
#4224=VECTOR('',#14080,10.);
#4225=VECTOR('',#14083,10.);
#4226=VECTOR('',#14090,10.);
#4227=VECTOR('',#14093,10.);
#4228=VECTOR('',#14096,10.);
#4229=VECTOR('',#14099,10.);
#4230=VECTOR('',#14102,10.);
#4231=VECTOR('',#14105,10.);
#4232=VECTOR('',#14108,10.);
#4233=VECTOR('',#14111,10.);
#4234=VECTOR('',#14114,10.);
#4235=VECTOR('',#14117,10.);
#4236=VECTOR('',#14120,10.);
#4237=VECTOR('',#14123,10.);
#4238=VECTOR('',#14126,10.);
#4239=VECTOR('',#14129,10.);
#4240=VECTOR('',#14132,10.);
#4241=VECTOR('',#14135,10.);
#4242=VECTOR('',#14138,10.);
#4243=VECTOR('',#14141,10.);
#4244=VECTOR('',#14146,10.);
#4245=VECTOR('',#14147,10.);
#4246=VECTOR('',#14148,10.);
#4247=VECTOR('',#14149,10.);
#4248=VECTOR('',#14152,10.);
#4249=VECTOR('',#14153,10.);
#4250=VECTOR('',#14154,10.);
#4251=VECTOR('',#14157,10.);
#4252=VECTOR('',#14158,10.);
#4253=VECTOR('',#14159,10.);
#4254=VECTOR('',#14162,10.);
#4255=VECTOR('',#14163,10.);
#4256=VECTOR('',#14164,10.);
#4257=VECTOR('',#14167,10.);
#4258=VECTOR('',#14168,10.);
#4259=VECTOR('',#14169,10.);
#4260=VECTOR('',#14172,10.);
#4261=VECTOR('',#14173,10.);
#4262=VECTOR('',#14174,10.);
#4263=VECTOR('',#14177,10.);
#4264=VECTOR('',#14178,10.);
#4265=VECTOR('',#14179,10.);
#4266=VECTOR('',#14182,10.);
#4267=VECTOR('',#14183,10.);
#4268=VECTOR('',#14184,10.);
#4269=VECTOR('',#14187,10.);
#4270=VECTOR('',#14188,10.);
#4271=VECTOR('',#14189,10.);
#4272=VECTOR('',#14192,10.);
#4273=VECTOR('',#14193,10.);
#4274=VECTOR('',#14194,10.);
#4275=VECTOR('',#14197,10.);
#4276=VECTOR('',#14198,10.);
#4277=VECTOR('',#14199,10.);
#4278=VECTOR('',#14204,10.);
#4279=VECTOR('',#14209,10.);
#4280=VECTOR('',#14210,10.);
#4281=VECTOR('',#14211,10.);
#4282=VECTOR('',#14272,10.);
#4283=VECTOR('',#14273,10.);
#4284=VECTOR('',#14276,10.);
#4285=VECTOR('',#14277,10.);
#4286=VECTOR('',#14296,10.);
#4287=VECTOR('',#14297,10.);
#4288=VECTOR('',#14300,10.);
#4289=VECTOR('',#14301,10.);
#4290=VECTOR('',#14304,10.);
#4291=VECTOR('',#14305,10.);
#4292=VECTOR('',#14308,10.);
#4293=VECTOR('',#14309,10.);
#4294=VECTOR('',#14312,10.);
#4295=VECTOR('',#14313,10.);
#4296=VECTOR('',#14316,10.);
#4297=VECTOR('',#14317,10.);
#4298=VECTOR('',#14320,10.);
#4299=VECTOR('',#14321,10.);
#4300=VECTOR('',#14324,10.);
#4301=VECTOR('',#14325,10.);
#4302=VECTOR('',#14328,10.);
#4303=VECTOR('',#14329,10.);
#4304=VECTOR('',#14332,10.);
#4305=VECTOR('',#14333,10.);
#4306=VERTEX_POINT('',#14364);
#4307=VERTEX_POINT('',#14365);
#4308=VERTEX_POINT('',#14367);
#4309=VERTEX_POINT('',#14369);
#4310=VERTEX_POINT('',#14371);
#4311=VERTEX_POINT('',#14373);
#4312=VERTEX_POINT('',#14375);
#4313=VERTEX_POINT('',#14377);
#4314=VERTEX_POINT('',#14379);
#4315=VERTEX_POINT('',#14381);
#4316=VERTEX_POINT('',#14383);
#4317=VERTEX_POINT('',#14385);
#4318=VERTEX_POINT('',#14389);
#4319=VERTEX_POINT('',#14390);
#4320=VERTEX_POINT('',#14392);
#4321=VERTEX_POINT('',#14394);
#4322=VERTEX_POINT('',#14396);
#4323=VERTEX_POINT('',#14398);
#4324=VERTEX_POINT('',#14400);
#4325=VERTEX_POINT('',#14402);
#4326=VERTEX_POINT('',#14405);
#4327=VERTEX_POINT('',#14407);
#4328=VERTEX_POINT('',#14409);
#4329=VERTEX_POINT('',#14411);
#4330=VERTEX_POINT('',#14413);
#4331=VERTEX_POINT('',#14415);
#4332=VERTEX_POINT('',#14417);
#4333=VERTEX_POINT('',#14419);
#4334=VERTEX_POINT('',#14421);
#4335=VERTEX_POINT('',#14423);
#4336=VERTEX_POINT('',#14425);
#4337=VERTEX_POINT('',#14427);
#4338=VERTEX_POINT('',#14429);
#4339=VERTEX_POINT('',#14431);
#4340=VERTEX_POINT('',#14433);
#4341=VERTEX_POINT('',#14435);
#4342=VERTEX_POINT('',#14439);
#4343=VERTEX_POINT('',#14443);
#4344=VERTEX_POINT('',#14447);
#4345=VERTEX_POINT('',#14451);
#4346=VERTEX_POINT('',#14455);
#4347=VERTEX_POINT('',#14458);
#4348=VERTEX_POINT('',#14460);
#4349=VERTEX_POINT('',#14462);
#4350=VERTEX_POINT('',#14464);
#4351=VERTEX_POINT('',#14467);
#4352=VERTEX_POINT('',#14468);
#4353=VERTEX_POINT('',#14470);
#4354=VERTEX_POINT('',#14472);
#4355=VERTEX_POINT('',#14474);
#4356=VERTEX_POINT('',#14476);
#4357=VERTEX_POINT('',#14478);
#4358=VERTEX_POINT('',#14480);
#4359=VERTEX_POINT('',#14482);
#4360=VERTEX_POINT('',#14484);
#4361=VERTEX_POINT('',#14486);
#4362=VERTEX_POINT('',#14488);
#4363=VERTEX_POINT('',#14492);
#4364=VERTEX_POINT('',#14493);
#4365=VERTEX_POINT('',#14495);
#4366=VERTEX_POINT('',#14498);
#4367=VERTEX_POINT('',#14500);
#4368=VERTEX_POINT('',#14504);
#4369=VERTEX_POINT('',#14508);
#4370=VERTEX_POINT('',#14512);
#4371=VERTEX_POINT('',#14516);
#4372=VERTEX_POINT('',#14521);
#4373=VERTEX_POINT('',#14523);
#4374=VERTEX_POINT('',#14526);
#4375=VERTEX_POINT('',#14528);
#4376=VERTEX_POINT('',#14531);
#4377=VERTEX_POINT('',#14533);
#4378=VERTEX_POINT('',#14536);
#4379=VERTEX_POINT('',#14538);
#4380=VERTEX_POINT('',#14541);
#4381=VERTEX_POINT('',#14543);
#4382=VERTEX_POINT('',#14547);
#4383=VERTEX_POINT('',#14549);
#4384=VERTEX_POINT('',#14551);
#4385=VERTEX_POINT('',#14554);
#4386=VERTEX_POINT('',#14556);
#4387=VERTEX_POINT('',#14558);
#4388=VERTEX_POINT('',#14562);
#4389=VERTEX_POINT('',#14566);
#4390=VERTEX_POINT('',#14568);
#4391=VERTEX_POINT('',#14572);
#4392=VERTEX_POINT('',#14576);
#4393=VERTEX_POINT('',#14577);
#4394=VERTEX_POINT('',#14582);
#4395=VERTEX_POINT('',#14586);
#4396=VERTEX_POINT('',#14588);
#4397=VERTEX_POINT('',#14590);
#4398=VERTEX_POINT('',#14594);
#4399=VERTEX_POINT('',#14598);
#4400=VERTEX_POINT('',#14600);
#4401=VERTEX_POINT('',#14604);
#4402=VERTEX_POINT('',#14606);
#4403=VERTEX_POINT('',#14608);
#4404=VERTEX_POINT('',#14612);
#4405=VERTEX_POINT('',#14616);
#4406=VERTEX_POINT('',#14618);
#4407=VERTEX_POINT('',#14622);
#4408=VERTEX_POINT('',#14624);
#4409=VERTEX_POINT('',#14626);
#4410=VERTEX_POINT('',#14630);
#4411=VERTEX_POINT('',#14634);
#4412=VERTEX_POINT('',#14636);
#4413=VERTEX_POINT('',#14640);
#4414=VERTEX_POINT('',#14642);
#4415=VERTEX_POINT('',#14644);
#4416=VERTEX_POINT('',#14648);
#4417=VERTEX_POINT('',#14652);
#4418=VERTEX_POINT('',#14654);
#4419=VERTEX_POINT('',#14658);
#4420=VERTEX_POINT('',#14664);
#4421=VERTEX_POINT('',#14668);
#4422=VERTEX_POINT('',#14672);
#4423=VERTEX_POINT('',#14674);
#4424=VERTEX_POINT('',#14677);
#4425=VERTEX_POINT('',#14679);
#4426=VERTEX_POINT('',#14683);
#4427=VERTEX_POINT('',#14687);
#4428=VERTEX_POINT('',#14693);
#4429=VERTEX_POINT('',#14697);
#4430=VERTEX_POINT('',#14699);
#4431=VERTEX_POINT('',#14702);
#4432=VERTEX_POINT('',#14706);
#4433=VERTEX_POINT('',#14710);
#4434=VERTEX_POINT('',#14718);
#4435=VERTEX_POINT('',#14720);
#4436=VERTEX_POINT('',#14722);
#4437=VERTEX_POINT('',#14739);
#4438=VERTEX_POINT('',#14765);
#4439=VERTEX_POINT('',#14766);
#4440=VERTEX_POINT('',#14768);
#4441=VERTEX_POINT('',#14770);
#4442=VERTEX_POINT('',#14773);
#4443=VERTEX_POINT('',#14774);
#4444=VERTEX_POINT('',#14776);
#4445=VERTEX_POINT('',#14778);
#4446=VERTEX_POINT('',#14781);
#4447=VERTEX_POINT('',#14782);
#4448=VERTEX_POINT('',#14784);
#4449=VERTEX_POINT('',#14786);
#4450=VERTEX_POINT('',#14789);
#4451=VERTEX_POINT('',#14790);
#4452=VERTEX_POINT('',#14792);
#4453=VERTEX_POINT('',#14794);
#4454=VERTEX_POINT('',#14799);
#4455=VERTEX_POINT('',#14801);
#4456=VERTEX_POINT('',#14805);
#4457=VERTEX_POINT('',#14809);
#4458=VERTEX_POINT('',#14815);
#4459=VERTEX_POINT('',#14816);
#4460=VERTEX_POINT('',#14821);
#4461=VERTEX_POINT('',#14825);
#4462=VERTEX_POINT('',#14831);
#4463=VERTEX_POINT('',#14832);
#4464=VERTEX_POINT('',#14837);
#4465=VERTEX_POINT('',#14841);
#4466=VERTEX_POINT('',#14847);
#4467=VERTEX_POINT('',#14848);
#4468=VERTEX_POINT('',#14853);
#4469=VERTEX_POINT('',#14857);
#4470=VERTEX_POINT('',#14870);
#4471=VERTEX_POINT('',#14871);
#4472=VERTEX_POINT('',#14873);
#4473=VERTEX_POINT('',#14875);
#4474=VERTEX_POINT('',#14877);
#4475=VERTEX_POINT('',#14879);
#4476=VERTEX_POINT('',#14881);
#4477=VERTEX_POINT('',#14883);
#4478=VERTEX_POINT('',#14887);
#4479=VERTEX_POINT('',#14888);
#4480=VERTEX_POINT('',#14893);
#4481=VERTEX_POINT('',#14897);
#4482=VERTEX_POINT('',#14901);
#4483=VERTEX_POINT('',#14905);
#4484=VERTEX_POINT('',#14909);
#4485=VERTEX_POINT('',#14913);
#4486=VERTEX_POINT('',#14919);
#4487=VERTEX_POINT('',#14920);
#4488=VERTEX_POINT('',#14922);
#4489=VERTEX_POINT('',#14924);
#4490=VERTEX_POINT('',#14926);
#4491=VERTEX_POINT('',#14928);
#4492=VERTEX_POINT('',#14930);
#4493=VERTEX_POINT('',#14932);
#4494=VERTEX_POINT('',#14936);
#4495=VERTEX_POINT('',#14938);
#4496=VERTEX_POINT('',#14942);
#4497=VERTEX_POINT('',#14946);
#4498=VERTEX_POINT('',#14950);
#4499=VERTEX_POINT('',#14954);
#4500=VERTEX_POINT('',#14958);
#4501=VERTEX_POINT('',#14962);
#4502=VERTEX_POINT('',#14968);
#4503=VERTEX_POINT('',#14969);
#4504=VERTEX_POINT('',#14971);
#4505=VERTEX_POINT('',#14973);
#4506=VERTEX_POINT('',#14975);
#4507=VERTEX_POINT('',#14977);
#4508=VERTEX_POINT('',#14979);
#4509=VERTEX_POINT('',#14981);
#4510=VERTEX_POINT('',#14985);
#4511=VERTEX_POINT('',#14986);
#4512=VERTEX_POINT('',#14991);
#4513=VERTEX_POINT('',#14995);
#4514=VERTEX_POINT('',#14999);
#4515=VERTEX_POINT('',#15003);
#4516=VERTEX_POINT('',#15007);
#4517=VERTEX_POINT('',#15011);
#4518=VERTEX_POINT('',#15021);
#4519=VERTEX_POINT('',#15022);
#4520=VERTEX_POINT('',#15024);
#4521=VERTEX_POINT('',#15026);
#4522=VERTEX_POINT('',#15030);
#4523=VERTEX_POINT('',#15032);
#4524=VERTEX_POINT('',#15034);
#4525=VERTEX_POINT('',#15036);
#4526=VERTEX_POINT('',#15038);
#4527=VERTEX_POINT('',#15040);
#4528=VERTEX_POINT('',#15044);
#4529=VERTEX_POINT('',#15048);
#4530=VERTEX_POINT('',#15050);
#4531=VERTEX_POINT('',#15054);
#4532=VERTEX_POINT('',#15058);
#4533=VERTEX_POINT('',#15060);
#4534=VERTEX_POINT('',#15062);
#4535=VERTEX_POINT('',#15064);
#4536=VERTEX_POINT('',#15066);
#4537=VERTEX_POINT('',#15068);
#4538=VERTEX_POINT('',#15070);
#4539=VERTEX_POINT('',#15074);
#4540=VERTEX_POINT('',#15076);
#4541=VERTEX_POINT('',#15078);
#4542=VERTEX_POINT('',#15080);
#4543=VERTEX_POINT('',#15082);
#4544=VERTEX_POINT('',#15084);
#4545=VERTEX_POINT('',#15086);
#4546=VERTEX_POINT('',#15090);
#4547=VERTEX_POINT('',#15094);
#4548=VERTEX_POINT('',#15100);
#4549=VERTEX_POINT('',#15104);
#4550=VERTEX_POINT('',#15106);
#4551=VERTEX_POINT('',#15108);
#4552=VERTEX_POINT('',#15110);
#4553=VERTEX_POINT('',#15112);
#4554=VERTEX_POINT('',#15114);
#4555=VERTEX_POINT('',#15116);
#4556=VERTEX_POINT('',#15118);
#4557=VERTEX_POINT('',#15120);
#4558=VERTEX_POINT('',#15126);
#4559=VERTEX_POINT('',#15128);
#4560=VERTEX_POINT('',#15132);
#4561=VERTEX_POINT('',#15134);
#4562=VERTEX_POINT('',#15138);
#4563=VERTEX_POINT('',#15140);
#4564=VERTEX_POINT('',#15144);
#4565=VERTEX_POINT('',#15146);
#4566=VERTEX_POINT('',#15150);
#4567=VERTEX_POINT('',#15152);
#4568=VERTEX_POINT('',#15156);
#4569=VERTEX_POINT('',#15158);
#4570=VERTEX_POINT('',#15166);
#4571=VERTEX_POINT('',#15168);
#4572=VERTEX_POINT('',#15172);
#4573=VERTEX_POINT('',#15174);
#4574=VERTEX_POINT('',#15178);
#4575=VERTEX_POINT('',#15180);
#4576=VERTEX_POINT('',#15184);
#4577=VERTEX_POINT('',#15186);
#4578=VERTEX_POINT('',#15190);
#4579=VERTEX_POINT('',#15192);
#4580=VERTEX_POINT('',#15196);
#4581=VERTEX_POINT('',#15198);
#4582=VERTEX_POINT('',#15202);
#4583=VERTEX_POINT('',#15206);
#4584=VERTEX_POINT('',#15212);
#4585=VERTEX_POINT('',#15214);
#4586=VERTEX_POINT('',#15217);
#4587=VERTEX_POINT('',#15221);
#4588=VERTEX_POINT('',#15222);
#4589=VERTEX_POINT('',#15224);
#4590=VERTEX_POINT('',#15226);
#4591=VERTEX_POINT('',#15229);
#4592=VERTEX_POINT('',#15231);
#4593=VERTEX_POINT('',#15233);
#4594=VERTEX_POINT('',#15237);
#4595=VERTEX_POINT('',#15241);
#4596=VERTEX_POINT('',#15245);
#4597=VERTEX_POINT('',#15249);
#4598=VERTEX_POINT('',#15251);
#4599=VERTEX_POINT('',#15253);
#4600=VERTEX_POINT('',#15255);
#4601=VERTEX_POINT('',#15257);
#4602=VERTEX_POINT('',#15259);
#4603=VERTEX_POINT('',#15261);
#4604=VERTEX_POINT('',#15265);
#4605=VERTEX_POINT('',#15268);
#4606=VERTEX_POINT('',#15273);
#4607=VERTEX_POINT('',#15275);
#4608=VERTEX_POINT('',#15280);
#4609=VERTEX_POINT('',#15282);
#4610=VERTEX_POINT('',#15284);
#4611=VERTEX_POINT('',#15286);
#4612=VERTEX_POINT('',#15288);
#4613=VERTEX_POINT('',#15290);
#4614=VERTEX_POINT('',#15292);
#4615=VERTEX_POINT('',#15294);
#4616=VERTEX_POINT('',#15296);
#4617=VERTEX_POINT('',#15300);
#4618=VERTEX_POINT('',#15304);
#4619=VERTEX_POINT('',#15306);
#4620=VERTEX_POINT('',#15308);
#4621=VERTEX_POINT('',#15310);
#4622=VERTEX_POINT('',#15312);
#4623=VERTEX_POINT('',#15314);
#4624=VERTEX_POINT('',#15316);
#4625=VERTEX_POINT('',#15318);
#4626=VERTEX_POINT('',#15325);
#4627=VERTEX_POINT('',#15327);
#4628=VERTEX_POINT('',#15329);
#4629=VERTEX_POINT('',#15331);
#4630=VERTEX_POINT('',#15333);
#4631=VERTEX_POINT('',#15335);
#4632=VERTEX_POINT('',#15337);
#4633=VERTEX_POINT('',#15339);
#4634=VERTEX_POINT('',#15341);
#4635=VERTEX_POINT('',#15345);
#4636=VERTEX_POINT('',#15349);
#4637=VERTEX_POINT('',#15351);
#4638=VERTEX_POINT('',#15353);
#4639=VERTEX_POINT('',#15355);
#4640=VERTEX_POINT('',#15357);
#4641=VERTEX_POINT('',#15359);
#4642=VERTEX_POINT('',#15361);
#4643=VERTEX_POINT('',#15363);
#4644=VERTEX_POINT('',#15369);
#4645=VERTEX_POINT('',#15371);
#4646=VERTEX_POINT('',#15373);
#4647=VERTEX_POINT('',#15375);
#4648=VERTEX_POINT('',#15377);
#4649=VERTEX_POINT('',#15379);
#4650=VERTEX_POINT('',#15381);
#4651=VERTEX_POINT('',#15383);
#4652=VERTEX_POINT('',#15387);
#4653=VERTEX_POINT('',#15391);
#4654=VERTEX_POINT('',#15393);
#4655=VERTEX_POINT('',#15395);
#4656=VERTEX_POINT('',#15397);
#4657=VERTEX_POINT('',#15399);
#4658=VERTEX_POINT('',#15401);
#4659=VERTEX_POINT('',#15403);
#4660=VERTEX_POINT('',#15407);
#4661=VERTEX_POINT('',#15409);
#4662=VERTEX_POINT('',#15411);
#4663=VERTEX_POINT('',#15413);
#4664=VERTEX_POINT('',#15415);
#4665=VERTEX_POINT('',#15417);
#4666=VERTEX_POINT('',#15419);
#4667=VERTEX_POINT('',#15421);
#4668=VERTEX_POINT('',#15425);
#4669=VERTEX_POINT('',#15429);
#4670=VERTEX_POINT('',#15431);
#4671=VERTEX_POINT('',#15433);
#4672=VERTEX_POINT('',#15435);
#4673=VERTEX_POINT('',#15437);
#4674=VERTEX_POINT('',#15439);
#4675=VERTEX_POINT('',#15441);
#4676=VERTEX_POINT('',#15447);
#4677=VERTEX_POINT('',#15449);
#4678=VERTEX_POINT('',#15451);
#4679=VERTEX_POINT('',#15453);
#4680=VERTEX_POINT('',#15455);
#4681=VERTEX_POINT('',#15457);
#4682=VERTEX_POINT('',#15459);
#4683=VERTEX_POINT('',#15461);
#4684=VERTEX_POINT('',#15463);
#4685=VERTEX_POINT('',#15467);
#4686=VERTEX_POINT('',#15471);
#4687=VERTEX_POINT('',#15473);
#4688=VERTEX_POINT('',#15475);
#4689=VERTEX_POINT('',#15477);
#4690=VERTEX_POINT('',#15479);
#4691=VERTEX_POINT('',#15481);
#4692=VERTEX_POINT('',#15483);
#4693=VERTEX_POINT('',#15485);
#4694=VERTEX_POINT('',#15492);
#4695=VERTEX_POINT('',#15494);
#4696=VERTEX_POINT('',#15496);
#4697=VERTEX_POINT('',#15498);
#4698=VERTEX_POINT('',#15500);
#4699=VERTEX_POINT('',#15502);
#4700=VERTEX_POINT('',#15504);
#4701=VERTEX_POINT('',#15506);
#4702=VERTEX_POINT('',#15508);
#4703=VERTEX_POINT('',#15512);
#4704=VERTEX_POINT('',#15516);
#4705=VERTEX_POINT('',#15518);
#4706=VERTEX_POINT('',#15520);
#4707=VERTEX_POINT('',#15522);
#4708=VERTEX_POINT('',#15524);
#4709=VERTEX_POINT('',#15526);
#4710=VERTEX_POINT('',#15528);
#4711=VERTEX_POINT('',#15530);
#4712=VERTEX_POINT('',#15540);
#4713=VERTEX_POINT('',#15542);
#4714=VERTEX_POINT('',#15545);
#4715=VERTEX_POINT('',#15650);
#4716=VERTEX_POINT('',#15651);
#4717=VERTEX_POINT('',#15653);
#4718=VERTEX_POINT('',#15655);
#4719=VERTEX_POINT('',#15657);
#4720=VERTEX_POINT('',#15659);
#4721=VERTEX_POINT('',#15663);
#4722=VERTEX_POINT('',#15665);
#4723=VERTEX_POINT('',#15667);
#4724=VERTEX_POINT('',#15669);
#4725=VERTEX_POINT('',#15673);
#4726=VERTEX_POINT('',#15675);
#4727=VERTEX_POINT('',#15679);
#4728=VERTEX_POINT('',#15683);
#4729=VERTEX_POINT('',#15684);
#4730=VERTEX_POINT('',#15687);
#4731=VERTEX_POINT('',#15691);
#4732=VERTEX_POINT('',#15692);
#4733=VERTEX_POINT('',#15694);
#4734=VERTEX_POINT('',#15701);
#4735=VERTEX_POINT('',#15708);
#4736=VERTEX_POINT('',#15710);
#4737=VERTEX_POINT('',#15712);
#4738=VERTEX_POINT('',#15714);
#4739=VERTEX_POINT('',#15716);
#4740=VERTEX_POINT('',#15718);
#4741=VERTEX_POINT('',#15720);
#4742=VERTEX_POINT('',#15722);
#4743=VERTEX_POINT('',#15724);
#4744=VERTEX_POINT('',#15726);
#4745=VERTEX_POINT('',#15732);
#4746=VERTEX_POINT('',#15735);
#4747=VERTEX_POINT('',#15738);
#4748=VERTEX_POINT('',#15744);
#4749=VERTEX_POINT('',#15746);
#4750=VERTEX_POINT('',#15748);
#4751=VERTEX_POINT('',#15750);
#4752=VERTEX_POINT('',#15752);
#4753=VERTEX_POINT('',#15754);
#4754=VERTEX_POINT('',#15756);
#4755=VERTEX_POINT('',#15758);
#4756=VERTEX_POINT('',#15760);
#4757=VERTEX_POINT('',#15776);
#4758=VERTEX_POINT('',#15786);
#4759=VERTEX_POINT('',#15790);
#4760=VERTEX_POINT('',#15797);
#4761=VERTEX_POINT('',#15798);
#4762=VERTEX_POINT('',#15800);
#4763=VERTEX_POINT('',#15802);
#4764=VERTEX_POINT('',#15806);
#4765=VERTEX_POINT('',#15808);
#4766=VERTEX_POINT('',#15812);
#4767=VERTEX_POINT('',#15814);
#4768=VERTEX_POINT('',#15824);
#4769=VERTEX_POINT('',#15825);
#4770=VERTEX_POINT('',#15827);
#4771=VERTEX_POINT('',#15829);
#4772=VERTEX_POINT('',#15833);
#4773=VERTEX_POINT('',#15835);
#4774=VERTEX_POINT('',#15839);
#4775=VERTEX_POINT('',#15841);
#4776=VERTEX_POINT('',#15845);
#4777=VERTEX_POINT('',#15847);
#4778=VERTEX_POINT('',#15857);
#4779=VERTEX_POINT('',#15858);
#4780=VERTEX_POINT('',#15860);
#4781=VERTEX_POINT('',#15862);
#4782=VERTEX_POINT('',#15866);
#4783=VERTEX_POINT('',#15868);
#4784=VERTEX_POINT('',#15872);
#4785=VERTEX_POINT('',#15874);
#4786=VERTEX_POINT('',#15884);
#4787=VERTEX_POINT('',#15885);
#4788=VERTEX_POINT('',#15887);
#4789=VERTEX_POINT('',#15889);
#4790=VERTEX_POINT('',#15893);
#4791=VERTEX_POINT('',#15895);
#4792=VERTEX_POINT('',#15899);
#4793=VERTEX_POINT('',#15901);
#4794=VERTEX_POINT('',#15917);
#4795=VERTEX_POINT('',#15918);
#4796=VERTEX_POINT('',#15920);
#4797=VERTEX_POINT('',#15922);
#4798=VERTEX_POINT('',#15926);
#4799=VERTEX_POINT('',#15927);
#4800=VERTEX_POINT('',#15932);
#4801=VERTEX_POINT('',#15934);
#4802=VERTEX_POINT('',#15938);
#4803=VERTEX_POINT('',#15940);
#4804=VERTEX_POINT('',#15942);
#4805=VERTEX_POINT('',#15944);
#4806=VERTEX_POINT('',#15946);
#4807=VERTEX_POINT('',#15948);
#4808=VERTEX_POINT('',#15950);
#4809=VERTEX_POINT('',#15952);
#4810=VERTEX_POINT('',#15954);
#4811=VERTEX_POINT('',#15956);
#4812=VERTEX_POINT('',#15958);
#4813=VERTEX_POINT('',#15960);
#4814=VERTEX_POINT('',#15962);
#4815=VERTEX_POINT('',#15964);
#4816=VERTEX_POINT('',#15966);
#4817=VERTEX_POINT('',#15968);
#4818=VERTEX_POINT('',#15971);
#4819=VERTEX_POINT('',#15972);
#4820=VERTEX_POINT('',#15974);
#4821=VERTEX_POINT('',#15976);
#4822=VERTEX_POINT('',#15978);
#4823=VERTEX_POINT('',#15980);
#4824=VERTEX_POINT('',#15982);
#4825=VERTEX_POINT('',#15984);
#4826=VERTEX_POINT('',#15986);
#4827=VERTEX_POINT('',#15988);
#4828=VERTEX_POINT('',#15990);
#4829=VERTEX_POINT('',#15992);
#4830=VERTEX_POINT('',#15994);
#4831=VERTEX_POINT('',#15996);
#4832=VERTEX_POINT('',#15998);
#4833=VERTEX_POINT('',#16000);
#4834=VERTEX_POINT('',#16002);
#4835=VERTEX_POINT('',#16004);
#4836=VERTEX_POINT('',#16006);
#4837=VERTEX_POINT('',#16008);
#4838=VERTEX_POINT('',#16011);
#4839=VERTEX_POINT('',#16013);
#4840=VERTEX_POINT('',#16016);
#4841=VERTEX_POINT('',#16018);
#4842=VERTEX_POINT('',#16020);
#4843=VERTEX_POINT('',#16022);
#4844=VERTEX_POINT('',#16024);
#4845=VERTEX_POINT('',#16026);
#4846=VERTEX_POINT('',#16028);
#4847=VERTEX_POINT('',#16030);
#4848=VERTEX_POINT('',#16032);
#4849=VERTEX_POINT('',#16034);
#4850=VERTEX_POINT('',#16036);
#4851=VERTEX_POINT('',#16038);
#4852=VERTEX_POINT('',#16040);
#4853=VERTEX_POINT('',#16042);
#4854=VERTEX_POINT('',#16044);
#4855=VERTEX_POINT('',#16046);
#4856=VERTEX_POINT('',#16049);
#4857=VERTEX_POINT('',#16050);
#4858=VERTEX_POINT('',#16052);
#4859=VERTEX_POINT('',#16054);
#4860=VERTEX_POINT('',#16056);
#4861=VERTEX_POINT('',#16058);
#4862=VERTEX_POINT('',#16060);
#4863=VERTEX_POINT('',#16062);
#4864=VERTEX_POINT('',#16064);
#4865=VERTEX_POINT('',#16066);
#4866=VERTEX_POINT('',#16068);
#4867=VERTEX_POINT('',#16070);
#4868=VERTEX_POINT('',#16072);
#4869=VERTEX_POINT('',#16074);
#4870=VERTEX_POINT('',#16076);
#4871=VERTEX_POINT('',#16078);
#4872=VERTEX_POINT('',#16080);
#4873=VERTEX_POINT('',#16082);
#4874=VERTEX_POINT('',#16084);
#4875=VERTEX_POINT('',#16086);
#4876=VERTEX_POINT('',#16089);
#4877=VERTEX_POINT('',#16091);
#4878=VERTEX_POINT('',#16173);
#4879=VERTEX_POINT('',#16174);
#4880=VERTEX_POINT('',#16176);
#4881=VERTEX_POINT('',#16178);
#4882=VERTEX_POINT('',#16182);
#4883=VERTEX_POINT('',#16183);
#4884=VERTEX_POINT('',#16185);
#4885=VERTEX_POINT('',#16187);
#4886=VERTEX_POINT('',#16190);
#4887=VERTEX_POINT('',#16192);
#4888=VERTEX_POINT('',#16194);
#4889=VERTEX_POINT('',#16196);
#4890=VERTEX_POINT('',#16200);
#4891=VERTEX_POINT('',#16202);
#4892=VERTEX_POINT('',#16204);
#4893=VERTEX_POINT('',#16206);
#4894=VERTEX_POINT('',#16208);
#4895=VERTEX_POINT('',#16210);
#4896=VERTEX_POINT('',#16214);
#4897=VERTEX_POINT('',#16216);
#4898=VERTEX_POINT('',#16220);
#4899=VERTEX_POINT('',#16221);
#4900=VERTEX_POINT('',#16224);
#4901=VERTEX_POINT('',#16226);
#4902=VERTEX_POINT('',#16228);
#4903=VERTEX_POINT('',#16232);
#4904=VERTEX_POINT('',#16234);
#4905=VERTEX_POINT('',#16236);
#4906=VERTEX_POINT('',#16238);
#4907=VERTEX_POINT('',#16240);
#4908=VERTEX_POINT('',#16246);
#4909=VERTEX_POINT('',#16252);
#4910=VERTEX_POINT('',#16256);
#4911=VERTEX_POINT('',#16260);
#4912=VERTEX_POINT('',#16262);
#4913=VERTEX_POINT('',#16264);
#4914=VERTEX_POINT('',#16268);
#4915=VERTEX_POINT('',#16272);
#4916=VERTEX_POINT('',#16274);
#4917=VERTEX_POINT('',#16276);
#4918=VERTEX_POINT('',#16289);
#4919=VERTEX_POINT('',#16290);
#4920=VERTEX_POINT('',#16292);
#4921=VERTEX_POINT('',#16294);
#4922=VERTEX_POINT('',#16304);
#4923=VERTEX_POINT('',#16306);
#4924=VERTEX_POINT('',#16310);
#4925=VERTEX_POINT('',#16314);
#4926=VERTEX_POINT('',#16320);
#4927=VERTEX_POINT('',#16322);
#4928=VERTEX_POINT('',#16326);
#4929=VERTEX_POINT('',#16328);
#4930=VERTEX_POINT('',#16330);
#4931=VERTEX_POINT('',#16332);
#4932=VERTEX_POINT('',#16334);
#4933=VERTEX_POINT('',#16338);
#4934=VERTEX_POINT('',#16342);
#4935=VERTEX_POINT('',#16344);
#4936=VERTEX_POINT('',#16346);
#4937=VERTEX_POINT('',#16348);
#4938=VERTEX_POINT('',#16356);
#4939=VERTEX_POINT('',#16358);
#4940=VERTEX_POINT('',#16360);
#4941=VERTEX_POINT('',#16362);
#4942=VERTEX_POINT('',#16366);
#4943=VERTEX_POINT('',#16370);
#4944=VERTEX_POINT('',#16372);
#4945=VERTEX_POINT('',#16374);
#4946=VERTEX_POINT('',#16386);
#4947=VERTEX_POINT('',#16387);
#4948=VERTEX_POINT('',#16396);
#4949=VERTEX_POINT('',#16398);
#4950=VERTEX_POINT('',#16400);
#4951=VERTEX_POINT('',#16402);
#4952=VERTEX_POINT('',#16404);
#4953=VERTEX_POINT('',#16419);
#4954=VERTEX_POINT('',#16420);
#4955=VERTEX_POINT('',#16422);
#4956=VERTEX_POINT('',#16424);
#4957=VERTEX_POINT('',#16428);
#4958=VERTEX_POINT('',#16430);
#4959=VERTEX_POINT('',#16432);
#4960=VERTEX_POINT('',#16434);
#4961=VERTEX_POINT('',#16436);
#4962=VERTEX_POINT('',#16438);
#4963=VERTEX_POINT('',#16440);
#4964=VERTEX_POINT('',#16442);
#4965=VERTEX_POINT('',#16446);
#4966=VERTEX_POINT('',#16447);
#4967=VERTEX_POINT('',#16449);
#4968=VERTEX_POINT('',#16451);
#4969=VERTEX_POINT('',#16456);
#4970=VERTEX_POINT('',#16458);
#4971=VERTEX_POINT('',#16461);
#4972=VERTEX_POINT('',#16463);
#4973=VERTEX_POINT('',#16467);
#4974=VERTEX_POINT('',#16468);
#4975=VERTEX_POINT('',#16481);
#4976=VERTEX_POINT('',#16483);
#4977=VERTEX_POINT('',#16487);
#4978=VERTEX_POINT('',#16489);
#4979=VERTEX_POINT('',#16491);
#4980=VERTEX_POINT('',#16493);
#4981=VERTEX_POINT('',#16495);
#4982=VERTEX_POINT('',#16497);
#4983=VERTEX_POINT('',#16499);
#4984=VERTEX_POINT('',#16502);
#4985=VERTEX_POINT('',#16504);
#4986=VERTEX_POINT('',#16506);
#4987=VERTEX_POINT('',#16508);
#4988=VERTEX_POINT('',#16510);
#4989=VERTEX_POINT('',#16512);
#4990=VERTEX_POINT('',#16514);
#4991=VERTEX_POINT('',#16516);
#4992=VERTEX_POINT('',#16518);
#4993=VERTEX_POINT('',#16520);
#4994=VERTEX_POINT('',#16522);
#4995=VERTEX_POINT('',#16524);
#4996=VERTEX_POINT('',#16526);
#4997=VERTEX_POINT('',#16528);
#4998=VERTEX_POINT('',#16530);
#4999=VERTEX_POINT('',#16533);
#5000=VERTEX_POINT('',#16536);
#5001=VERTEX_POINT('',#16540);
#5002=VERTEX_POINT('',#16542);
#5003=VERTEX_POINT('',#16544);
#5004=VERTEX_POINT('',#16546);
#5005=VERTEX_POINT('',#16548);
#5006=VERTEX_POINT('',#16550);
#5007=VERTEX_POINT('',#16552);
#5008=VERTEX_POINT('',#16554);
#5009=VERTEX_POINT('',#16556);
#5010=VERTEX_POINT('',#16558);
#5011=VERTEX_POINT('',#16560);
#5012=VERTEX_POINT('',#16562);
#5013=VERTEX_POINT('',#16564);
#5014=VERTEX_POINT('',#16566);
#5015=VERTEX_POINT('',#16568);
#5016=VERTEX_POINT('',#16570);
#5017=VERTEX_POINT('',#16572);
#5018=VERTEX_POINT('',#16574);
#5019=VERTEX_POINT('',#16577);
#5020=VERTEX_POINT('',#16581);
#5021=VERTEX_POINT('',#16583);
#5022=VERTEX_POINT('',#16587);
#5023=VERTEX_POINT('',#16589);
#5024=VERTEX_POINT('',#16593);
#5025=VERTEX_POINT('',#16595);
#5026=VERTEX_POINT('',#16599);
#5027=VERTEX_POINT('',#16601);
#5028=VERTEX_POINT('',#16605);
#5029=VERTEX_POINT('',#16606);
#5030=VERTEX_POINT('',#16608);
#5031=VERTEX_POINT('',#16610);
#5032=VERTEX_POINT('',#16614);
#5033=VERTEX_POINT('',#16616);
#5034=VERTEX_POINT('',#16623);
#5035=VERTEX_POINT('',#16625);
#5036=VERTEX_POINT('',#16629);
#5037=VERTEX_POINT('',#16631);
#5038=VERTEX_POINT('',#16635);
#5039=VERTEX_POINT('',#16637);
#5040=VERTEX_POINT('',#16641);
#5041=VERTEX_POINT('',#16643);
#5042=VERTEX_POINT('',#16648);
#5043=VERTEX_POINT('',#16650);
#5044=VERTEX_POINT('',#16654);
#5045=VERTEX_POINT('',#16658);
#5046=VERTEX_POINT('',#16662);
#5047=VERTEX_POINT('',#16663);
#5048=VERTEX_POINT('',#16665);
#5049=VERTEX_POINT('',#16667);
#5050=VERTEX_POINT('',#16671);
#5051=VERTEX_POINT('',#16673);
#5052=VERTEX_POINT('',#16677);
#5053=VERTEX_POINT('',#16679);
#5054=VERTEX_POINT('',#16681);
#5055=VERTEX_POINT('',#16683);
#5056=VERTEX_POINT('',#16685);
#5057=VERTEX_POINT('',#16687);
#5058=VERTEX_POINT('',#16689);
#5059=VERTEX_POINT('',#16691);
#5060=VERTEX_POINT('',#16693);
#5061=VERTEX_POINT('',#16695);
#5062=VERTEX_POINT('',#16697);
#5063=VERTEX_POINT('',#16699);
#5064=VERTEX_POINT('',#16701);
#5065=VERTEX_POINT('',#16703);
#5066=VERTEX_POINT('',#16705);
#5067=VERTEX_POINT('',#16707);
#5068=VERTEX_POINT('',#16709);
#5069=VERTEX_POINT('',#16711);
#5070=VERTEX_POINT('',#16713);
#5071=VERTEX_POINT('',#16715);
#5072=VERTEX_POINT('',#16717);
#5073=VERTEX_POINT('',#16719);
#5074=VERTEX_POINT('',#16721);
#5075=VERTEX_POINT('',#16723);
#5076=VERTEX_POINT('',#16725);
#5077=VERTEX_POINT('',#16729);
#5078=VERTEX_POINT('',#16730);
#5079=VERTEX_POINT('',#16735);
#5080=VERTEX_POINT('',#16739);
#5081=VERTEX_POINT('',#16740);
#5082=VERTEX_POINT('',#16745);
#5083=VERTEX_POINT('',#16749);
#5084=VERTEX_POINT('',#16761);
#5085=VERTEX_POINT('',#16763);
#5086=VERTEX_POINT('',#16767);
#5087=VERTEX_POINT('',#16768);
#5088=VERTEX_POINT('',#16770);
#5089=VERTEX_POINT('',#16772);
#5090=VERTEX_POINT('',#16776);
#5091=VERTEX_POINT('',#16778);
#5092=VERTEX_POINT('',#16782);
#5093=VERTEX_POINT('',#16784);
#5094=VERTEX_POINT('',#16791);
#5095=VERTEX_POINT('',#16793);
#5096=VERTEX_POINT('',#16797);
#5097=VERTEX_POINT('',#16799);
#5098=VERTEX_POINT('',#16803);
#5099=VERTEX_POINT('',#16805);
#5100=VERTEX_POINT('',#16809);
#5101=VERTEX_POINT('',#16811);
#5102=VERTEX_POINT('',#16815);
#5103=VERTEX_POINT('',#16817);
#5104=VERTEX_POINT('',#16821);
#5105=VERTEX_POINT('',#16823);
#5106=VERTEX_POINT('',#16827);
#5107=VERTEX_POINT('',#16829);
#5108=VERTEX_POINT('',#16833);
#5109=VERTEX_POINT('',#16835);
#5110=VERTEX_POINT('',#16839);
#5111=VERTEX_POINT('',#16841);
#5112=VERTEX_POINT('',#16845);
#5113=VERTEX_POINT('',#16847);
#5114=VERTEX_POINT('',#16851);
#5115=VERTEX_POINT('',#16853);
#5116=VERTEX_POINT('',#16857);
#5117=VERTEX_POINT('',#16859);
#5118=VERTEX_POINT('',#16863);
#5119=VERTEX_POINT('',#16865);
#5120=VERTEX_POINT('',#16878);
#5121=VERTEX_POINT('',#16880);
#5122=VERTEX_POINT('',#16887);
#5123=VERTEX_POINT('',#16889);
#5124=VERTEX_POINT('',#16902);
#5125=VERTEX_POINT('',#16904);
#5126=VERTEX_POINT('',#16911);
#5127=VERTEX_POINT('',#16912);
#5128=VERTEX_POINT('',#16917);
#5129=VERTEX_POINT('',#16921);
#5130=VERTEX_POINT('',#16922);
#5131=VERTEX_POINT('',#16927);
#5132=VERTEX_POINT('',#16931);
#5133=VERTEX_POINT('',#16933);
#5134=VERTEX_POINT('',#16936);
#5135=VERTEX_POINT('',#16938);
#5136=VERTEX_POINT('',#16941);
#5137=VERTEX_POINT('',#16943);
#5138=VERTEX_POINT('',#16945);
#5139=VERTEX_POINT('',#16947);
#5140=VERTEX_POINT('',#16949);
#5141=VERTEX_POINT('',#16953);
#5142=VERTEX_POINT('',#16959);
#5143=VERTEX_POINT('',#16970);
#5144=VERTEX_POINT('',#16971);
#5145=VERTEX_POINT('',#16973);
#5146=VERTEX_POINT('',#16975);
#5147=VERTEX_POINT('',#16979);
#5148=VERTEX_POINT('',#16980);
#5149=VERTEX_POINT('',#16982);
#5150=VERTEX_POINT('',#16984);
#5151=VERTEX_POINT('',#16988);
#5152=VERTEX_POINT('',#16989);
#5153=VERTEX_POINT('',#16991);
#5154=VERTEX_POINT('',#16993);
#5155=VERTEX_POINT('',#17000);
#5156=VERTEX_POINT('',#17002);
#5157=VERTEX_POINT('',#17006);
#5158=VERTEX_POINT('',#17008);
#5159=VERTEX_POINT('',#17017);
#5160=VERTEX_POINT('',#17026);
#5161=VERTEX_POINT('',#17032);
#5162=VERTEX_POINT('',#17036);
#5163=VERTEX_POINT('',#17040);
#5164=VERTEX_POINT('',#17044);
#5165=VERTEX_POINT('',#17048);
#5166=VERTEX_POINT('',#17054);
#5167=VERTEX_POINT('',#17056);
#5168=VERTEX_POINT('',#17058);
#5169=VERTEX_POINT('',#17060);
#5170=VERTEX_POINT('',#17062);
#5171=VERTEX_POINT('',#17064);
#5172=VERTEX_POINT('',#17066);
#5173=VERTEX_POINT('',#17070);
#5174=VERTEX_POINT('',#17072);
#5175=VERTEX_POINT('',#17076);
#5176=VERTEX_POINT('',#17078);
#5177=VERTEX_POINT('',#17080);
#5178=VERTEX_POINT('',#17082);
#5179=VERTEX_POINT('',#17084);
#5180=VERTEX_POINT('',#17086);
#5181=VERTEX_POINT('',#17088);
#5182=VERTEX_POINT('',#17090);
#5183=VERTEX_POINT('',#17092);
#5184=VERTEX_POINT('',#17094);
#5185=VERTEX_POINT('',#17096);
#5186=VERTEX_POINT('',#17098);
#5187=VERTEX_POINT('',#17100);
#5188=VERTEX_POINT('',#17102);
#5189=VERTEX_POINT('',#17104);
#5190=VERTEX_POINT('',#17106);
#5191=VERTEX_POINT('',#17108);
#5192=VERTEX_POINT('',#17110);
#5193=VERTEX_POINT('',#17112);
#5194=VERTEX_POINT('',#17114);
#5195=VERTEX_POINT('',#17117);
#5196=VERTEX_POINT('',#17119);
#5197=VERTEX_POINT('',#17121);
#5198=VERTEX_POINT('',#17127);
#5199=VERTEX_POINT('',#17131);
#5200=VERTEX_POINT('',#17135);
#5201=VERTEX_POINT('',#17139);
#5202=VERTEX_POINT('',#17185);
#5203=VERTEX_POINT('',#17186);
#5204=VERTEX_POINT('',#17188);
#5205=VERTEX_POINT('',#17190);
#5206=VERTEX_POINT('',#17194);
#5207=VERTEX_POINT('',#17196);
#5208=VERTEX_POINT('',#17200);
#5209=VERTEX_POINT('',#17202);
#5210=VERTEX_POINT('',#17206);
#5211=VERTEX_POINT('',#17208);
#5212=VERTEX_POINT('',#17212);
#5213=VERTEX_POINT('',#17214);
#5214=VERTEX_POINT('',#17218);
#5215=VERTEX_POINT('',#17220);
#5216=VERTEX_POINT('',#17224);
#5217=VERTEX_POINT('',#17226);
#5218=VERTEX_POINT('',#17230);
#5219=VERTEX_POINT('',#17232);
#5220=VERTEX_POINT('',#17236);
#5221=VERTEX_POINT('',#17238);
#5222=VERTEX_POINT('',#17242);
#5223=VERTEX_POINT('',#17244);
#5224=VERTEX_POINT('',#17248);
#5225=VERTEX_POINT('',#17250);
#5226=VERTEX_POINT('',#17254);
#5227=VERTEX_POINT('',#17256);
#5228=VERTEX_POINT('',#17260);
#5229=VERTEX_POINT('',#17262);
#5230=VERTEX_POINT('',#17271);
#5231=VERTEX_POINT('',#17272);
#5232=VERTEX_POINT('',#17274);
#5233=VERTEX_POINT('',#17278);
#5234=VERTEX_POINT('',#17279);
#5235=VERTEX_POINT('',#17281);
#5236=VERTEX_POINT('',#17285);
#5237=VERTEX_POINT('',#17286);
#5238=VERTEX_POINT('',#17288);
#5239=VERTEX_POINT('',#17292);
#5240=VERTEX_POINT('',#17293);
#5241=VERTEX_POINT('',#17295);
#5242=VERTEX_POINT('',#17299);
#5243=VERTEX_POINT('',#17300);
#5244=VERTEX_POINT('',#17302);
#5245=VERTEX_POINT('',#17306);
#5246=VERTEX_POINT('',#17307);
#5247=VERTEX_POINT('',#17309);
#5248=VERTEX_POINT('',#17319);
#5249=VERTEX_POINT('',#17320);
#5250=VERTEX_POINT('',#17322);
#5251=VERTEX_POINT('',#17326);
#5252=VERTEX_POINT('',#17327);
#5253=VERTEX_POINT('',#17329);
#5254=EDGE_CURVE('',#4306,#4307,#1888,.T.);
#5255=EDGE_CURVE('',#4308,#4307,#1889,.T.);
#5256=EDGE_CURVE('',#4309,#4308,#1890,.T.);
#5257=EDGE_CURVE('',#4310,#4309,#1891,.T.);
#5258=EDGE_CURVE('',#4311,#4310,#1892,.T.);
#5259=EDGE_CURVE('',#4311,#4312,#1893,.T.);
#5260=EDGE_CURVE('',#4313,#4312,#1894,.T.);
#5261=EDGE_CURVE('',#4314,#4313,#1895,.T.);
#5262=EDGE_CURVE('',#4315,#4314,#1896,.T.);
#5263=EDGE_CURVE('',#4316,#4315,#1897,.T.);
#5264=EDGE_CURVE('',#4317,#4316,#1898,.T.);
#5265=EDGE_CURVE('',#4306,#4317,#1899,.T.);
#5266=EDGE_CURVE('',#4318,#4319,#1900,.T.);
#5267=EDGE_CURVE('',#4320,#4319,#1901,.T.);
#5268=EDGE_CURVE('',#4321,#4320,#1902,.T.);
#5269=EDGE_CURVE('',#4321,#4322,#1903,.T.);
#5270=EDGE_CURVE('',#4323,#4322,#1904,.T.);
#5271=EDGE_CURVE('',#4324,#4323,#1905,.T.);
#5272=EDGE_CURVE('',#4325,#4324,#1906,.T.);
#5273=EDGE_CURVE('',#4307,#4325,#1907,.T.);
#5274=EDGE_CURVE('',#4306,#4326,#1908,.T.);
#5275=EDGE_CURVE('',#4327,#4326,#1909,.T.);
#5276=EDGE_CURVE('',#4327,#4328,#1910,.T.);
#5277=EDGE_CURVE('',#4328,#4329,#1911,.T.);
#5278=EDGE_CURVE('',#4329,#4330,#1912,.T.);
#5279=EDGE_CURVE('',#4331,#4330,#1913,.T.);
#5280=EDGE_CURVE('',#4331,#4332,#1914,.T.);
#5281=EDGE_CURVE('',#4332,#4333,#1915,.T.);
#5282=EDGE_CURVE('',#4333,#4334,#1916,.T.);
#5283=EDGE_CURVE('',#4335,#4334,#1917,.T.);
#5284=EDGE_CURVE('',#4335,#4336,#1918,.T.);
#5285=EDGE_CURVE('',#4336,#4337,#1919,.T.);
#5286=EDGE_CURVE('',#4337,#4338,#1920,.T.);
#5287=EDGE_CURVE('',#4339,#4338,#1921,.T.);
#5288=EDGE_CURVE('',#4339,#4340,#1922,.T.);
#5289=EDGE_CURVE('',#4340,#4341,#1923,.T.);
#5290=EDGE_CURVE('',#4341,#4318,#1924,.T.);
#5291=EDGE_CURVE('',#4342,#4325,#1925,.T.);
#5292=EDGE_CURVE('',#4308,#4342,#1926,.T.);
#5293=EDGE_CURVE('',#4343,#4342,#1927,.T.);
#5294=EDGE_CURVE('',#4309,#4343,#1928,.T.);
#5295=EDGE_CURVE('',#4344,#4343,#1929,.T.);
#5296=EDGE_CURVE('',#4310,#4344,#1930,.T.);
#5297=EDGE_CURVE('',#4345,#4344,#1931,.T.);
#5298=EDGE_CURVE('',#4311,#4345,#1932,.T.);
#5299=EDGE_CURVE('',#4345,#4346,#1933,.T.);
#5300=EDGE_CURVE('',#4323,#4346,#1934,.T.);
#5301=EDGE_CURVE('',#4322,#4347,#1935,.T.);
#5302=EDGE_CURVE('',#4347,#4348,#1936,.T.);
#5303=EDGE_CURVE('',#4348,#4349,#1937,.T.);
#5304=EDGE_CURVE('',#4349,#4350,#1938,.T.);
#5305=EDGE_CURVE('',#4312,#4350,#1939,.T.);
#5306=EDGE_CURVE('',#4351,#4352,#1940,.T.);
#5307=EDGE_CURVE('',#4353,#4351,#1941,.T.);
#5308=EDGE_CURVE('',#4354,#4353,#1942,.T.);
#5309=EDGE_CURVE('',#4355,#4354,#1943,.T.);
#5310=EDGE_CURVE('',#4356,#4355,#1944,.T.);
#5311=EDGE_CURVE('',#4357,#4356,#1945,.T.);
#5312=EDGE_CURVE('',#4358,#4357,#1946,.T.);
#5313=EDGE_CURVE('',#4359,#4358,#1947,.T.);
#5314=EDGE_CURVE('',#4360,#4359,#1948,.T.);
#5315=EDGE_CURVE('',#4361,#4360,#1949,.T.);
#5316=EDGE_CURVE('',#4362,#4361,#1950,.T.);
#5317=EDGE_CURVE('',#4352,#4362,#1951,.T.);
#5318=EDGE_CURVE('',#4363,#4364,#1952,.T.);
#5319=EDGE_CURVE('',#4365,#4363,#1953,.T.);
#5320=EDGE_CURVE('',#4313,#4365,#1954,.T.);
#5321=EDGE_CURVE('',#4366,#4350,#1955,.T.);
#5322=EDGE_CURVE('',#4367,#4366,#1956,.T.);
#5323=EDGE_CURVE('',#4367,#4364,#1957,.T.);
#5324=EDGE_CURVE('',#4314,#4368,#1958,.T.);
#5325=EDGE_CURVE('',#4368,#4365,#1959,.T.);
#5326=EDGE_CURVE('',#4315,#4369,#1960,.T.);
#5327=EDGE_CURVE('',#4369,#4368,#1961,.T.);
#5328=EDGE_CURVE('',#4316,#4370,#1962,.T.);
#5329=EDGE_CURVE('',#4370,#4369,#1963,.T.);
#5330=EDGE_CURVE('',#4317,#4371,#1964,.T.);
#5331=EDGE_CURVE('',#4371,#4370,#1965,.T.);
#5332=EDGE_CURVE('',#4363,#4371,#1966,.T.);
#5333=EDGE_CURVE('',#4364,#4372,#1967,.T.);
#5334=EDGE_CURVE('',#4372,#4373,#1968,.T.);
#5335=EDGE_CURVE('',#4318,#4373,#1969,.T.);
#5336=EDGE_CURVE('',#4341,#4374,#1970,.T.);
#5337=EDGE_CURVE('',#4375,#4374,#1971,.T.);
#5338=EDGE_CURVE('',#4338,#4375,#1972,.T.);
#5339=EDGE_CURVE('',#4337,#4376,#1973,.T.);
#5340=EDGE_CURVE('',#4377,#4376,#1974,.T.);
#5341=EDGE_CURVE('',#4334,#4377,#1975,.T.);
#5342=EDGE_CURVE('',#4333,#4378,#1976,.T.);
#5343=EDGE_CURVE('',#4379,#4378,#1977,.T.);
#5344=EDGE_CURVE('',#4330,#4379,#1978,.T.);
#5345=EDGE_CURVE('',#4329,#4380,#1979,.T.);
#5346=EDGE_CURVE('',#4381,#4380,#1980,.T.);
#5347=EDGE_CURVE('',#4326,#4381,#1981,.T.);
#5348=EDGE_CURVE('',#4373,#4382,#1982,.T.);
#5349=EDGE_CURVE('',#4382,#4383,#1983,.T.);
#5350=EDGE_CURVE('',#4383,#4384,#1984,.T.);
#5351=EDGE_CURVE('',#4384,#4366,#1985,.T.);
#5352=EDGE_CURVE('',#4349,#4385,#1986,.T.);
#5353=EDGE_CURVE('',#4385,#4386,#1987,.T.);
#5354=EDGE_CURVE('',#4386,#4387,#1988,.T.);
#5355=EDGE_CURVE('',#4387,#4319,#1989,.T.);
#5356=EDGE_CURVE('',#4388,#4320,#1990,.T.);
#5357=EDGE_CURVE('',#4388,#4387,#1991,.T.);
#5358=EDGE_CURVE('',#4321,#4389,#1992,.T.);
#5359=EDGE_CURVE('',#4320,#4390,#1993,.T.);
#5360=EDGE_CURVE('',#4389,#4390,#1994,.T.);
#5361=EDGE_CURVE('',#4389,#4391,#1995,.T.);
#5362=EDGE_CURVE('',#4391,#4322,#1996,.T.);
#5363=EDGE_CURVE('',#4392,#4393,#1997,.T.);
#5364=EDGE_CURVE('',#4324,#4392,#1998,.T.);
#5365=EDGE_CURVE('',#4393,#4323,#1999,.T.);
#5366=EDGE_CURVE('',#4325,#4394,#2000,.T.);
#5367=EDGE_CURVE('',#4394,#4392,#2001,.T.);
#5368=EDGE_CURVE('',#4395,#4327,#2002,.T.);
#5369=EDGE_CURVE('',#4381,#4396,#2003,.T.);
#5370=EDGE_CURVE('',#4396,#4397,#2004,.T.);
#5371=EDGE_CURVE('',#4397,#4395,#2005,.T.);
#5372=EDGE_CURVE('',#4395,#4398,#2006,.T.);
#5373=EDGE_CURVE('',#4398,#4328,#2007,.T.);
#5374=EDGE_CURVE('',#4399,#4398,#2008,.T.);
#5375=EDGE_CURVE('',#4400,#4399,#2009,.T.);
#5376=EDGE_CURVE('',#4380,#4400,#2010,.T.);
#5377=EDGE_CURVE('',#4401,#4331,#2011,.T.);
#5378=EDGE_CURVE('',#4379,#4402,#2012,.T.);
#5379=EDGE_CURVE('',#4402,#4403,#2013,.T.);
#5380=EDGE_CURVE('',#4403,#4401,#2014,.T.);
#5381=EDGE_CURVE('',#4401,#4404,#2015,.T.);
#5382=EDGE_CURVE('',#4404,#4332,#2016,.T.);
#5383=EDGE_CURVE('',#4405,#4404,#2017,.T.);
#5384=EDGE_CURVE('',#4406,#4405,#2018,.T.);
#5385=EDGE_CURVE('',#4378,#4406,#2019,.T.);
#5386=EDGE_CURVE('',#4407,#4335,#2020,.T.);
#5387=EDGE_CURVE('',#4377,#4408,#2021,.T.);
#5388=EDGE_CURVE('',#4408,#4409,#2022,.T.);
#5389=EDGE_CURVE('',#4409,#4407,#2023,.T.);
#5390=EDGE_CURVE('',#4407,#4410,#2024,.T.);
#5391=EDGE_CURVE('',#4410,#4336,#2025,.T.);
#5392=EDGE_CURVE('',#4411,#4410,#2026,.T.);
#5393=EDGE_CURVE('',#4412,#4411,#2027,.T.);
#5394=EDGE_CURVE('',#4376,#4412,#2028,.T.);
#5395=EDGE_CURVE('',#4413,#4339,#2029,.T.);
#5396=EDGE_CURVE('',#4375,#4414,#2030,.T.);
#5397=EDGE_CURVE('',#4414,#4415,#2031,.T.);
#5398=EDGE_CURVE('',#4415,#4413,#2032,.T.);
#5399=EDGE_CURVE('',#4413,#4416,#2033,.T.);
#5400=EDGE_CURVE('',#4416,#4340,#2034,.T.);
#5401=EDGE_CURVE('',#4417,#4416,#2035,.T.);
#5402=EDGE_CURVE('',#4418,#4417,#2036,.T.);
#5403=EDGE_CURVE('',#4374,#4418,#2037,.T.);
#5404=EDGE_CURVE('',#4419,#4345,#2038,.T.);
#5405=EDGE_CURVE('',#4394,#4419,#2039,.T.);
#5406=EDGE_CURVE('',#4419,#4393,#2040,.T.);
#5407=EDGE_CURVE('',#4391,#4420,#2041,.T.);
#5408=EDGE_CURVE('',#4420,#4348,#2042,.T.);
#5409=EDGE_CURVE('',#4348,#4421,#2043,.T.);
#5410=EDGE_CURVE('',#4421,#4385,#2044,.T.);
#5411=EDGE_CURVE('',#4352,#4422,#2045,.T.);
#5412=EDGE_CURVE('',#4423,#4422,#2046,.T.);
#5413=EDGE_CURVE('',#4423,#4360,#2047,.T.);
#5414=EDGE_CURVE('',#4359,#4424,#2048,.T.);
#5415=EDGE_CURVE('',#4425,#4424,#2049,.T.);
#5416=EDGE_CURVE('',#4351,#4425,#2050,.T.);
#5417=EDGE_CURVE('',#4362,#4426,#2051,.T.);
#5418=EDGE_CURVE('',#4422,#4426,#2052,.T.);
#5419=EDGE_CURVE('',#4361,#4427,#2053,.T.);
#5420=EDGE_CURVE('',#4426,#4427,#2054,.T.);
#5421=EDGE_CURVE('',#4427,#4423,#2055,.T.);
#5422=EDGE_CURVE('',#4358,#4428,#2056,.T.);
#5423=EDGE_CURVE('',#4424,#4428,#2057,.T.);
#5424=EDGE_CURVE('',#4357,#4429,#2058,.T.);
#5425=EDGE_CURVE('',#4430,#4429,#2059,.T.);
#5426=EDGE_CURVE('',#4430,#4354,#2060,.T.);
#5427=EDGE_CURVE('',#4353,#4431,#2061,.T.);
#5428=EDGE_CURVE('',#4428,#4431,#2062,.T.);
#5429=EDGE_CURVE('',#4356,#4432,#2063,.T.);
#5430=EDGE_CURVE('',#4429,#4432,#2064,.T.);
#5431=EDGE_CURVE('',#4355,#4433,#2065,.T.);
#5432=EDGE_CURVE('',#4432,#4433,#2066,.T.);
#5433=EDGE_CURVE('',#4433,#4430,#2067,.T.);
#5434=EDGE_CURVE('',#4431,#4425,#2068,.T.);
#5435=EDGE_CURVE('',#4434,#4367,#2069,.T.);
#5436=EDGE_CURVE('',#4435,#4434,#2070,.T.);
#5437=EDGE_CURVE('',#4436,#4435,#2071,.T.);
#5438=EDGE_CURVE('',#4372,#4436,#2072,.T.);
#5439=EDGE_CURVE('',#4434,#4384,#2073,.T.);
#5440=EDGE_CURVE('',#4436,#4382,#2074,.T.);
#5441=EDGE_CURVE('',#4414,#4418,#2075,.T.);
#5442=EDGE_CURVE('',#4408,#4412,#2076,.T.);
#5443=EDGE_CURVE('',#4402,#4406,#2077,.T.);
#5444=EDGE_CURVE('',#4396,#4400,#2078,.T.);
#5445=EDGE_CURVE('',#4437,#4388,#2079,.T.);
#5446=EDGE_CURVE('',#4437,#4386,#2080,.T.);
#5447=EDGE_CURVE('',#4421,#4437,#2081,.T.);
#5448=EDGE_CURVE('',#4435,#4383,#2082,.T.);
#5449=EDGE_CURVE('',#4390,#4420,#2083,.T.);
#5450=EDGE_CURVE('',#4397,#4399,#2084,.T.);
#5451=EDGE_CURVE('',#4403,#4405,#2085,.T.);
#5452=EDGE_CURVE('',#4409,#4411,#2086,.T.);
#5453=EDGE_CURVE('',#4415,#4417,#2087,.T.);
#5454=EDGE_CURVE('',#4438,#4439,#2088,.T.);
#5455=EDGE_CURVE('',#4440,#4438,#2089,.T.);
#5456=EDGE_CURVE('',#4440,#4441,#2090,.T.);
#5457=EDGE_CURVE('',#4441,#4439,#2091,.T.);
#5458=EDGE_CURVE('',#4442,#4443,#2092,.T.);
#5459=EDGE_CURVE('',#4442,#4444,#2093,.T.);
#5460=EDGE_CURVE('',#4444,#4445,#2094,.T.);
#5461=EDGE_CURVE('',#4443,#4445,#2095,.T.);
#5462=EDGE_CURVE('',#4446,#4447,#2096,.T.);
#5463=EDGE_CURVE('',#4446,#4448,#2097,.T.);
#5464=EDGE_CURVE('',#4448,#4449,#2098,.T.);
#5465=EDGE_CURVE('',#4447,#4449,#2099,.T.);
#5466=EDGE_CURVE('',#4450,#4451,#2100,.T.);
#5467=EDGE_CURVE('',#4450,#4452,#2101,.T.);
#5468=EDGE_CURVE('',#4452,#4453,#2102,.T.);
#5469=EDGE_CURVE('',#4451,#4453,#2103,.T.);
#5470=EDGE_CURVE('',#4439,#4454,#2104,.T.);
#5471=EDGE_CURVE('',#4455,#4454,#2105,.T.);
#5472=EDGE_CURVE('',#4438,#4455,#2106,.T.);
#5473=EDGE_CURVE('',#4454,#4456,#2107,.T.);
#5474=EDGE_CURVE('',#4456,#4441,#2108,.T.);
#5475=EDGE_CURVE('',#4457,#4456,#2109,.T.);
#5476=EDGE_CURVE('',#4457,#4440,#2110,.T.);
#5477=EDGE_CURVE('',#4455,#4457,#2111,.T.);
#5478=EDGE_CURVE('',#4458,#4459,#2112,.T.);
#5479=EDGE_CURVE('',#4459,#4442,#2113,.T.);
#5480=EDGE_CURVE('',#4443,#4458,#2114,.T.);
#5481=EDGE_CURVE('',#4445,#4460,#2115,.T.);
#5482=EDGE_CURVE('',#4458,#4460,#2116,.T.);
#5483=EDGE_CURVE('',#4460,#4461,#2117,.T.);
#5484=EDGE_CURVE('',#4461,#4444,#2118,.T.);
#5485=EDGE_CURVE('',#4459,#4461,#2119,.T.);
#5486=EDGE_CURVE('',#4462,#4463,#2120,.T.);
#5487=EDGE_CURVE('',#4463,#4446,#2121,.T.);
#5488=EDGE_CURVE('',#4447,#4462,#2122,.T.);
#5489=EDGE_CURVE('',#4449,#4464,#2123,.T.);
#5490=EDGE_CURVE('',#4462,#4464,#2124,.T.);
#5491=EDGE_CURVE('',#4464,#4465,#2125,.T.);
#5492=EDGE_CURVE('',#4465,#4448,#2126,.T.);
#5493=EDGE_CURVE('',#4463,#4465,#2127,.T.);
#5494=EDGE_CURVE('',#4466,#4467,#2128,.T.);
#5495=EDGE_CURVE('',#4467,#4450,#2129,.T.);
#5496=EDGE_CURVE('',#4451,#4466,#2130,.T.);
#5497=EDGE_CURVE('',#4453,#4468,#2131,.T.);
#5498=EDGE_CURVE('',#4466,#4468,#2132,.T.);
#5499=EDGE_CURVE('',#4468,#4469,#2133,.T.);
#5500=EDGE_CURVE('',#4469,#4452,#2134,.T.);
#5501=EDGE_CURVE('',#4467,#4469,#2135,.T.);
#5502=EDGE_CURVE('',#4470,#4471,#2136,.T.);
#5503=EDGE_CURVE('',#4471,#4472,#160,.T.);
#5504=EDGE_CURVE('',#4472,#4473,#2137,.T.);
#5505=EDGE_CURVE('',#4474,#4473,#161,.T.);
#5506=EDGE_CURVE('',#4475,#4474,#2138,.T.);
#5507=EDGE_CURVE('',#4475,#4476,#162,.T.);
#5508=EDGE_CURVE('',#4477,#4476,#2139,.T.);
#5509=EDGE_CURVE('',#4470,#4477,#163,.T.);
#5510=EDGE_CURVE('',#4478,#4479,#2140,.T.);
#5511=EDGE_CURVE('',#4471,#4479,#2141,.T.);
#5512=EDGE_CURVE('',#4470,#4478,#2142,.T.);
#5513=EDGE_CURVE('',#4477,#4480,#2143,.T.);
#5514=EDGE_CURVE('',#4478,#4480,#164,.T.);
#5515=EDGE_CURVE('',#4479,#4481,#165,.T.);
#5516=EDGE_CURVE('',#4472,#4481,#2144,.T.);
#5517=EDGE_CURVE('',#4476,#4482,#2145,.T.);
#5518=EDGE_CURVE('',#4480,#4482,#2146,.T.);
#5519=EDGE_CURVE('',#4481,#4483,#2147,.T.);
#5520=EDGE_CURVE('',#4473,#4483,#2148,.T.);
#5521=EDGE_CURVE('',#4475,#4484,#2149,.T.);
#5522=EDGE_CURVE('',#4484,#4482,#166,.T.);
#5523=EDGE_CURVE('',#4485,#4483,#167,.T.);
#5524=EDGE_CURVE('',#4474,#4485,#2150,.T.);
#5525=EDGE_CURVE('',#4484,#4485,#2151,.T.);
#5526=EDGE_CURVE('',#4486,#4487,#168,.T.);
#5527=EDGE_CURVE('',#4486,#4488,#2152,.T.);
#5528=EDGE_CURVE('',#4488,#4489,#169,.T.);
#5529=EDGE_CURVE('',#4489,#4490,#2153,.T.);
#5530=EDGE_CURVE('',#4491,#4490,#170,.T.);
#5531=EDGE_CURVE('',#4492,#4491,#2154,.T.);
#5532=EDGE_CURVE('',#4492,#4493,#171,.T.);
#5533=EDGE_CURVE('',#4487,#4493,#2155,.T.);
#5534=EDGE_CURVE('',#4487,#4494,#2156,.T.);
#5535=EDGE_CURVE('',#4495,#4494,#172,.T.);
#5536=EDGE_CURVE('',#4486,#4495,#2157,.T.);
#5537=EDGE_CURVE('',#4493,#4496,#2158,.T.);
#5538=EDGE_CURVE('',#4494,#4496,#2159,.T.);
#5539=EDGE_CURVE('',#4492,#4497,#2160,.T.);
#5540=EDGE_CURVE('',#4497,#4496,#173,.T.);
#5541=EDGE_CURVE('',#4497,#4498,#2161,.T.);
#5542=EDGE_CURVE('',#4491,#4498,#2162,.T.);
#5543=EDGE_CURVE('',#4490,#4499,#2163,.T.);
#5544=EDGE_CURVE('',#4498,#4499,#174,.T.);
#5545=EDGE_CURVE('',#4489,#4500,#2164,.T.);
#5546=EDGE_CURVE('',#4500,#4499,#2165,.T.);
#5547=EDGE_CURVE('',#4488,#4501,#2166,.T.);
#5548=EDGE_CURVE('',#4501,#4500,#175,.T.);
#5549=EDGE_CURVE('',#4495,#4501,#2167,.T.);
#5550=EDGE_CURVE('',#4502,#4503,#2168,.T.);
#5551=EDGE_CURVE('',#4503,#4504,#176,.T.);
#5552=EDGE_CURVE('',#4504,#4505,#2169,.T.);
#5553=EDGE_CURVE('',#4506,#4505,#177,.T.);
#5554=EDGE_CURVE('',#4507,#4506,#2170,.T.);
#5555=EDGE_CURVE('',#4507,#4508,#178,.T.);
#5556=EDGE_CURVE('',#4509,#4508,#2171,.T.);
#5557=EDGE_CURVE('',#4502,#4509,#179,.T.);
#5558=EDGE_CURVE('',#4510,#4511,#2172,.T.);
#5559=EDGE_CURVE('',#4503,#4511,#2173,.T.);
#5560=EDGE_CURVE('',#4502,#4510,#2174,.T.);
#5561=EDGE_CURVE('',#4509,#4512,#2175,.T.);
#5562=EDGE_CURVE('',#4510,#4512,#180,.T.);
#5563=EDGE_CURVE('',#4511,#4513,#181,.T.);
#5564=EDGE_CURVE('',#4504,#4513,#2176,.T.);
#5565=EDGE_CURVE('',#4508,#4514,#2177,.T.);
#5566=EDGE_CURVE('',#4512,#4514,#2178,.T.);
#5567=EDGE_CURVE('',#4513,#4515,#2179,.T.);
#5568=EDGE_CURVE('',#4505,#4515,#2180,.T.);
#5569=EDGE_CURVE('',#4507,#4516,#2181,.T.);
#5570=EDGE_CURVE('',#4516,#4514,#182,.T.);
#5571=EDGE_CURVE('',#4517,#4515,#183,.T.);
#5572=EDGE_CURVE('',#4506,#4517,#2182,.T.);
#5573=EDGE_CURVE('',#4516,#4517,#2183,.T.);
#5574=EDGE_CURVE('',#4518,#4519,#2184,.T.);
#5575=EDGE_CURVE('',#4518,#4520,#2185,.T.);
#5576=EDGE_CURVE('',#4520,#4521,#2186,.T.);
#5577=EDGE_CURVE('',#4519,#4521,#2187,.T.);
#5578=EDGE_CURVE('',#4519,#4522,#2188,.T.);
#5579=EDGE_CURVE('',#4522,#4523,#2189,.T.);
#5580=EDGE_CURVE('',#4523,#4524,#2190,.T.);
#5581=EDGE_CURVE('',#4524,#4525,#2191,.T.);
#5582=EDGE_CURVE('',#4525,#4526,#2192,.T.);
#5583=EDGE_CURVE('',#4526,#4527,#2193,.T.);
#5584=EDGE_CURVE('',#4527,#4518,#2194,.T.);
#5585=EDGE_CURVE('',#4521,#4528,#2195,.T.);
#5586=EDGE_CURVE('',#4522,#4528,#2196,.T.);
#5587=EDGE_CURVE('',#4520,#4529,#2197,.T.);
#5588=EDGE_CURVE('',#4529,#4530,#2198,.T.);
#5589=EDGE_CURVE('',#4521,#4530,#2199,.T.);
#5590=EDGE_CURVE('',#4527,#4531,#2200,.T.);
#5591=EDGE_CURVE('',#4531,#4520,#2201,.T.);
#5592=EDGE_CURVE('',#4526,#4532,#2202,.T.);
#5593=EDGE_CURVE('',#4532,#4533,#2203,.T.);
#5594=EDGE_CURVE('',#4533,#4534,#2204,.T.);
#5595=EDGE_CURVE('',#4534,#4535,#2205,.T.);
#5596=EDGE_CURVE('',#4535,#4536,#2206,.T.);
#5597=EDGE_CURVE('',#4536,#4537,#2207,.T.);
#5598=EDGE_CURVE('',#4537,#4538,#2208,.T.);
#5599=EDGE_CURVE('',#4538,#4531,#2209,.T.);
#5600=EDGE_CURVE('',#4528,#4539,#2210,.T.);
#5601=EDGE_CURVE('',#4539,#4540,#2211,.T.);
#5602=EDGE_CURVE('',#4540,#4541,#2212,.T.);
#5603=EDGE_CURVE('',#4541,#4542,#2213,.T.);
#5604=EDGE_CURVE('',#4542,#4543,#2214,.T.);
#5605=EDGE_CURVE('',#4543,#4544,#2215,.T.);
#5606=EDGE_CURVE('',#4544,#4545,#2216,.T.);
#5607=EDGE_CURVE('',#4523,#4545,#2217,.T.);
#5608=EDGE_CURVE('',#4525,#4546,#2218,.T.);
#5609=EDGE_CURVE('',#4546,#4532,#2219,.T.);
#5610=EDGE_CURVE('',#4545,#4547,#2220,.T.);
#5611=EDGE_CURVE('',#4524,#4547,#2221,.T.);
#5612=EDGE_CURVE('',#4547,#4546,#2222,.T.);
#5613=EDGE_CURVE('',#4530,#4548,#2223,.T.);
#5614=EDGE_CURVE('',#4528,#4548,#2224,.T.);
#5615=EDGE_CURVE('',#4549,#4529,#2225,.T.);
#5616=EDGE_CURVE('',#4550,#4549,#2226,.T.);
#5617=EDGE_CURVE('',#4550,#4551,#2227,.T.);
#5618=EDGE_CURVE('',#4551,#4552,#2228,.T.);
#5619=EDGE_CURVE('',#4552,#4553,#2229,.T.);
#5620=EDGE_CURVE('',#4553,#4554,#2230,.T.);
#5621=EDGE_CURVE('',#4554,#4555,#2231,.T.);
#5622=EDGE_CURVE('',#4555,#4556,#2232,.T.);
#5623=EDGE_CURVE('',#4557,#4556,#2233,.T.);
#5624=EDGE_CURVE('',#4548,#4557,#2234,.T.);
#5625=EDGE_CURVE('',#4531,#4549,#2235,.T.);
#5626=EDGE_CURVE('',#4532,#4558,#2236,.T.);
#5627=EDGE_CURVE('',#4558,#4559,#2237,.T.);
#5628=EDGE_CURVE('',#4533,#4559,#2238,.T.);
#5629=EDGE_CURVE('',#4533,#4560,#2239,.T.);
#5630=EDGE_CURVE('',#4560,#4561,#2240,.T.);
#5631=EDGE_CURVE('',#4534,#4561,#2241,.T.);
#5632=EDGE_CURVE('',#4534,#4562,#2242,.T.);
#5633=EDGE_CURVE('',#4562,#4563,#2243,.T.);
#5634=EDGE_CURVE('',#4535,#4563,#2244,.T.);
#5635=EDGE_CURVE('',#4535,#4564,#2245,.T.);
#5636=EDGE_CURVE('',#4564,#4565,#2246,.T.);
#5637=EDGE_CURVE('',#4536,#4565,#2247,.T.);
#5638=EDGE_CURVE('',#4536,#4566,#2248,.T.);
#5639=EDGE_CURVE('',#4566,#4567,#2249,.T.);
#5640=EDGE_CURVE('',#4537,#4567,#2250,.T.);
#5641=EDGE_CURVE('',#4537,#4568,#2251,.T.);
#5642=EDGE_CURVE('',#4568,#4569,#2252,.T.);
#5643=EDGE_CURVE('',#4538,#4569,#2253,.T.);
#5644=EDGE_CURVE('',#4538,#4550,#2254,.T.);
#5645=EDGE_CURVE('',#4539,#4557,#2255,.T.);
#5646=EDGE_CURVE('',#4539,#4570,#2256,.T.);
#5647=EDGE_CURVE('',#4570,#4571,#2257,.T.);
#5648=EDGE_CURVE('',#4540,#4571,#2258,.T.);
#5649=EDGE_CURVE('',#4540,#4572,#2259,.T.);
#5650=EDGE_CURVE('',#4572,#4573,#2260,.T.);
#5651=EDGE_CURVE('',#4541,#4573,#2261,.T.);
#5652=EDGE_CURVE('',#4541,#4574,#2262,.T.);
#5653=EDGE_CURVE('',#4574,#4575,#2263,.T.);
#5654=EDGE_CURVE('',#4542,#4575,#2264,.T.);
#5655=EDGE_CURVE('',#4542,#4576,#2265,.T.);
#5656=EDGE_CURVE('',#4576,#4577,#2266,.T.);
#5657=EDGE_CURVE('',#4543,#4577,#2267,.T.);
#5658=EDGE_CURVE('',#4543,#4578,#2268,.T.);
#5659=EDGE_CURVE('',#4578,#4579,#2269,.T.);
#5660=EDGE_CURVE('',#4544,#4579,#2270,.T.);
#5661=EDGE_CURVE('',#4544,#4580,#2271,.T.);
#5662=EDGE_CURVE('',#4580,#4581,#2272,.T.);
#5663=EDGE_CURVE('',#4545,#4581,#2273,.T.);
#5664=EDGE_CURVE('',#4546,#4582,#2274,.T.);
#5665=EDGE_CURVE('',#4582,#4558,#2275,.T.);
#5666=EDGE_CURVE('',#4581,#4583,#2276,.T.);
#5667=EDGE_CURVE('',#4547,#4583,#2277,.T.);
#5668=EDGE_CURVE('',#4583,#4582,#2278,.T.);
#5669=EDGE_CURVE('',#4584,#4567,#2279,.T.);
#5670=EDGE_CURVE('',#4567,#4585,#2280,.T.);
#5671=EDGE_CURVE('',#4585,#4551,#2281,.T.);
#5672=EDGE_CURVE('',#4586,#4550,#2282,.T.);
#5673=EDGE_CURVE('',#4584,#4586,#2283,.T.);
#5674=EDGE_CURVE('',#4587,#4588,#2284,.T.);
#5675=EDGE_CURVE('',#4587,#4589,#2285,.T.);
#5676=EDGE_CURVE('',#4589,#4590,#2286,.T.);
#5677=EDGE_CURVE('',#4552,#4590,#2287,.T.);
#5678=EDGE_CURVE('',#4591,#4585,#2288,.T.);
#5679=EDGE_CURVE('',#4592,#4591,#2289,.T.);
#5680=EDGE_CURVE('',#4593,#4592,#2290,.T.);
#5681=EDGE_CURVE('',#4588,#4593,#2291,.T.);
#5682=EDGE_CURVE('',#4590,#4594,#2292,.T.);
#5683=EDGE_CURVE('',#4553,#4594,#2293,.T.);
#5684=EDGE_CURVE('',#4594,#4595,#2294,.T.);
#5685=EDGE_CURVE('',#4554,#4595,#2295,.T.);
#5686=EDGE_CURVE('',#4595,#4596,#2296,.T.);
#5687=EDGE_CURVE('',#4555,#4596,#2297,.T.);
#5688=EDGE_CURVE('',#4596,#4597,#2298,.T.);
#5689=EDGE_CURVE('',#4598,#4597,#2299,.T.);
#5690=EDGE_CURVE('',#4599,#4598,#2300,.T.);
#5691=EDGE_CURVE('',#4600,#4599,#2301,.T.);
#5692=EDGE_CURVE('',#4601,#4600,#2302,.T.);
#5693=EDGE_CURVE('',#4602,#4601,#2303,.T.);
#5694=EDGE_CURVE('',#4603,#4602,#2304,.T.);
#5695=EDGE_CURVE('',#4556,#4603,#2305,.T.);
#5696=EDGE_CURVE('',#4604,#4557,#2306,.T.);
#5697=EDGE_CURVE('',#4572,#4603,#2307,.T.);
#5698=EDGE_CURVE('',#4605,#4572,#2308,.T.);
#5699=EDGE_CURVE('',#4604,#4605,#2309,.T.);
#5700=EDGE_CURVE('',#4580,#4599,#2310,.T.);
#5701=EDGE_CURVE('',#4598,#4606,#2311,.T.);
#5702=EDGE_CURVE('',#4606,#4607,#2312,.T.);
#5703=EDGE_CURVE('',#4607,#4587,#2313,.T.);
#5704=EDGE_CURVE('',#4559,#4588,#2314,.T.);
#5705=EDGE_CURVE('',#4608,#4559,#2315,.T.);
#5706=EDGE_CURVE('',#4609,#4608,#184,.T.);
#5707=EDGE_CURVE('',#4610,#4609,#2316,.T.);
#5708=EDGE_CURVE('',#4611,#4610,#185,.T.);
#5709=EDGE_CURVE('',#4612,#4611,#2317,.T.);
#5710=EDGE_CURVE('',#4613,#4612,#2318,.T.);
#5711=EDGE_CURVE('',#4614,#4613,#2319,.T.);
#5712=EDGE_CURVE('',#4615,#4614,#186,.T.);
#5713=EDGE_CURVE('',#4616,#4615,#2320,.T.);
#5714=EDGE_CURVE('',#4560,#4616,#187,.T.);
#5715=EDGE_CURVE('',#4616,#4617,#2321,.T.);
#5716=EDGE_CURVE('',#4561,#4617,#188,.T.);
#5717=EDGE_CURVE('',#4617,#4618,#2322,.T.);
#5718=EDGE_CURVE('',#4618,#4619,#189,.T.);
#5719=EDGE_CURVE('',#4619,#4620,#2323,.T.);
#5720=EDGE_CURVE('',#4620,#4621,#2324,.T.);
#5721=EDGE_CURVE('',#4621,#4622,#2325,.T.);
#5722=EDGE_CURVE('',#4622,#4623,#190,.T.);
#5723=EDGE_CURVE('',#4623,#4624,#2326,.T.);
#5724=EDGE_CURVE('',#4624,#4625,#191,.T.);
#5725=EDGE_CURVE('',#4625,#4562,#2327,.T.);
#5726=EDGE_CURVE('',#4562,#4593,#2328,.T.);
#5727=EDGE_CURVE('',#4563,#4592,#2329,.T.);
#5728=EDGE_CURVE('',#4626,#4563,#2330,.T.);
#5729=EDGE_CURVE('',#4627,#4626,#192,.T.);
#5730=EDGE_CURVE('',#4628,#4627,#2331,.T.);
#5731=EDGE_CURVE('',#4629,#4628,#193,.T.);
#5732=EDGE_CURVE('',#4630,#4629,#2332,.T.);
#5733=EDGE_CURVE('',#4631,#4630,#2333,.T.);
#5734=EDGE_CURVE('',#4632,#4631,#2334,.T.);
#5735=EDGE_CURVE('',#4633,#4632,#194,.T.);
#5736=EDGE_CURVE('',#4634,#4633,#2335,.T.);
#5737=EDGE_CURVE('',#4564,#4634,#195,.T.);
#5738=EDGE_CURVE('',#4634,#4635,#2336,.T.);
#5739=EDGE_CURVE('',#4565,#4635,#196,.T.);
#5740=EDGE_CURVE('',#4635,#4636,#2337,.T.);
#5741=EDGE_CURVE('',#4636,#4637,#197,.T.);
#5742=EDGE_CURVE('',#4637,#4638,#2338,.T.);
#5743=EDGE_CURVE('',#4638,#4639,#2339,.T.);
#5744=EDGE_CURVE('',#4639,#4640,#2340,.T.);
#5745=EDGE_CURVE('',#4640,#4641,#198,.T.);
#5746=EDGE_CURVE('',#4641,#4642,#2341,.T.);
#5747=EDGE_CURVE('',#4642,#4643,#199,.T.);
#5748=EDGE_CURVE('',#4643,#4566,#2342,.T.);
#5749=EDGE_CURVE('',#4566,#4591,#2343,.T.);
#5750=EDGE_CURVE('',#4644,#4584,#200,.T.);
#5751=EDGE_CURVE('',#4645,#4644,#2344,.T.);
#5752=EDGE_CURVE('',#4646,#4645,#201,.T.);
#5753=EDGE_CURVE('',#4647,#4646,#2345,.T.);
#5754=EDGE_CURVE('',#4648,#4647,#2346,.T.);
#5755=EDGE_CURVE('',#4649,#4648,#2347,.T.);
#5756=EDGE_CURVE('',#4650,#4649,#202,.T.);
#5757=EDGE_CURVE('',#4651,#4650,#2348,.T.);
#5758=EDGE_CURVE('',#4568,#4651,#203,.T.);
#5759=EDGE_CURVE('',#4651,#4652,#2349,.T.);
#5760=EDGE_CURVE('',#4569,#4652,#204,.T.);
#5761=EDGE_CURVE('',#4652,#4653,#2350,.T.);
#5762=EDGE_CURVE('',#4653,#4654,#205,.T.);
#5763=EDGE_CURVE('',#4654,#4655,#2351,.T.);
#5764=EDGE_CURVE('',#4655,#4656,#2352,.T.);
#5765=EDGE_CURVE('',#4656,#4657,#2353,.T.);
#5766=EDGE_CURVE('',#4657,#4658,#206,.T.);
#5767=EDGE_CURVE('',#4658,#4659,#2354,.T.);
#5768=EDGE_CURVE('',#4659,#4586,#207,.T.);
#5769=EDGE_CURVE('',#4660,#4604,#208,.T.);
#5770=EDGE_CURVE('',#4661,#4660,#2355,.T.);
#5771=EDGE_CURVE('',#4662,#4661,#209,.T.);
#5772=EDGE_CURVE('',#4663,#4662,#2356,.T.);
#5773=EDGE_CURVE('',#4664,#4663,#2357,.T.);
#5774=EDGE_CURVE('',#4665,#4664,#2358,.T.);
#5775=EDGE_CURVE('',#4666,#4665,#210,.T.);
#5776=EDGE_CURVE('',#4667,#4666,#2359,.T.);
#5777=EDGE_CURVE('',#4570,#4667,#211,.T.);
#5778=EDGE_CURVE('',#4667,#4668,#2360,.T.);
#5779=EDGE_CURVE('',#4571,#4668,#212,.T.);
#5780=EDGE_CURVE('',#4668,#4669,#2361,.T.);
#5781=EDGE_CURVE('',#4669,#4670,#213,.T.);
#5782=EDGE_CURVE('',#4670,#4671,#2362,.T.);
#5783=EDGE_CURVE('',#4671,#4672,#2363,.T.);
#5784=EDGE_CURVE('',#4672,#4673,#2364,.T.);
#5785=EDGE_CURVE('',#4673,#4674,#214,.T.);
#5786=EDGE_CURVE('',#4674,#4675,#2365,.T.);
#5787=EDGE_CURVE('',#4675,#4605,#215,.T.);
#5788=EDGE_CURVE('',#4573,#4602,#2366,.T.);
#5789=EDGE_CURVE('',#4676,#4573,#2367,.T.);
#5790=EDGE_CURVE('',#4677,#4676,#216,.T.);
#5791=EDGE_CURVE('',#4678,#4677,#2368,.T.);
#5792=EDGE_CURVE('',#4679,#4678,#217,.T.);
#5793=EDGE_CURVE('',#4680,#4679,#2369,.T.);
#5794=EDGE_CURVE('',#4681,#4680,#2370,.T.);
#5795=EDGE_CURVE('',#4682,#4681,#2371,.T.);
#5796=EDGE_CURVE('',#4683,#4682,#218,.T.);
#5797=EDGE_CURVE('',#4684,#4683,#2372,.T.);
#5798=EDGE_CURVE('',#4574,#4684,#219,.T.);
#5799=EDGE_CURVE('',#4684,#4685,#2373,.T.);
#5800=EDGE_CURVE('',#4575,#4685,#220,.T.);
#5801=EDGE_CURVE('',#4685,#4686,#2374,.T.);
#5802=EDGE_CURVE('',#4686,#4687,#221,.T.);
#5803=EDGE_CURVE('',#4687,#4688,#2375,.T.);
#5804=EDGE_CURVE('',#4688,#4689,#2376,.T.);
#5805=EDGE_CURVE('',#4689,#4690,#2377,.T.);
#5806=EDGE_CURVE('',#4690,#4691,#222,.T.);
#5807=EDGE_CURVE('',#4691,#4692,#2378,.T.);
#5808=EDGE_CURVE('',#4692,#4693,#223,.T.);
#5809=EDGE_CURVE('',#4693,#4576,#2379,.T.);
#5810=EDGE_CURVE('',#4576,#4601,#2380,.T.);
#5811=EDGE_CURVE('',#4577,#4600,#2381,.T.);
#5812=EDGE_CURVE('',#4694,#4577,#2382,.T.);
#5813=EDGE_CURVE('',#4695,#4694,#224,.T.);
#5814=EDGE_CURVE('',#4696,#4695,#2383,.T.);
#5815=EDGE_CURVE('',#4697,#4696,#225,.T.);
#5816=EDGE_CURVE('',#4698,#4697,#2384,.T.);
#5817=EDGE_CURVE('',#4699,#4698,#2385,.T.);
#5818=EDGE_CURVE('',#4700,#4699,#2386,.T.);
#5819=EDGE_CURVE('',#4701,#4700,#226,.T.);
#5820=EDGE_CURVE('',#4702,#4701,#2387,.T.);
#5821=EDGE_CURVE('',#4578,#4702,#227,.T.);
#5822=EDGE_CURVE('',#4702,#4703,#2388,.T.);
#5823=EDGE_CURVE('',#4579,#4703,#228,.T.);
#5824=EDGE_CURVE('',#4703,#4704,#2389,.T.);
#5825=EDGE_CURVE('',#4704,#4705,#229,.T.);
#5826=EDGE_CURVE('',#4705,#4706,#2390,.T.);
#5827=EDGE_CURVE('',#4706,#4707,#2391,.T.);
#5828=EDGE_CURVE('',#4707,#4708,#2392,.T.);
#5829=EDGE_CURVE('',#4708,#4709,#230,.T.);
#5830=EDGE_CURVE('',#4709,#4710,#2393,.T.);
#5831=EDGE_CURVE('',#4710,#4711,#231,.T.);
#5832=EDGE_CURVE('',#4711,#4580,#2394,.T.);
#5833=EDGE_CURVE('',#4644,#4659,#2395,.T.);
#5834=EDGE_CURVE('',#4608,#4625,#2396,.T.);
#5835=EDGE_CURVE('',#4626,#4643,#2397,.T.);
#5836=EDGE_CURVE('',#4712,#4589,#2398,.T.);
#5837=EDGE_CURVE('',#4713,#4712,#2399,.T.);
#5838=EDGE_CURVE('',#4597,#4713,#2400,.T.);
#5839=EDGE_CURVE('',#4714,#4714,#232,.T.);
#5840=EDGE_CURVE('',#4607,#4712,#2401,.T.);
#5841=EDGE_CURVE('',#4676,#4693,#2402,.T.);
#5842=EDGE_CURVE('',#4694,#4711,#2403,.T.);
#5843=EDGE_CURVE('',#4606,#4713,#2404,.T.);
#5844=EDGE_CURVE('',#4660,#4675,#2405,.T.);
#5845=EDGE_CURVE('',#4609,#4624,#2406,.T.);
#5846=EDGE_CURVE('',#4610,#4623,#2407,.T.);
#5847=EDGE_CURVE('',#4611,#4622,#2408,.T.);
#5848=EDGE_CURVE('',#4612,#4621,#2409,.T.);
#5849=EDGE_CURVE('',#4613,#4620,#2410,.T.);
#5850=EDGE_CURVE('',#4614,#4619,#2411,.T.);
#5851=EDGE_CURVE('',#4615,#4618,#2412,.T.);
#5852=EDGE_CURVE('',#4627,#4642,#2413,.T.);
#5853=EDGE_CURVE('',#4628,#4641,#2414,.T.);
#5854=EDGE_CURVE('',#4629,#4640,#2415,.T.);
#5855=EDGE_CURVE('',#4630,#4639,#2416,.T.);
#5856=EDGE_CURVE('',#4631,#4638,#2417,.T.);
#5857=EDGE_CURVE('',#4632,#4637,#2418,.T.);
#5858=EDGE_CURVE('',#4633,#4636,#2419,.T.);
#5859=EDGE_CURVE('',#4645,#4658,#2420,.T.);
#5860=EDGE_CURVE('',#4646,#4657,#2421,.T.);
#5861=EDGE_CURVE('',#4647,#4656,#2422,.T.);
#5862=EDGE_CURVE('',#4648,#4655,#2423,.T.);
#5863=EDGE_CURVE('',#4649,#4654,#2424,.T.);
#5864=EDGE_CURVE('',#4650,#4653,#2425,.T.);
#5865=EDGE_CURVE('',#4661,#4674,#2426,.T.);
#5866=EDGE_CURVE('',#4662,#4673,#2427,.T.);
#5867=EDGE_CURVE('',#4663,#4672,#2428,.T.);
#5868=EDGE_CURVE('',#4664,#4671,#2429,.T.);
#5869=EDGE_CURVE('',#4665,#4670,#2430,.T.);
#5870=EDGE_CURVE('',#4666,#4669,#2431,.T.);
#5871=EDGE_CURVE('',#4677,#4692,#2432,.T.);
#5872=EDGE_CURVE('',#4678,#4691,#2433,.T.);
#5873=EDGE_CURVE('',#4679,#4690,#2434,.T.);
#5874=EDGE_CURVE('',#4680,#4689,#2435,.T.);
#5875=EDGE_CURVE('',#4681,#4688,#2436,.T.);
#5876=EDGE_CURVE('',#4682,#4687,#2437,.T.);
#5877=EDGE_CURVE('',#4683,#4686,#2438,.T.);
#5878=EDGE_CURVE('',#4695,#4710,#2439,.T.);
#5879=EDGE_CURVE('',#4696,#4709,#2440,.T.);
#5880=EDGE_CURVE('',#4697,#4708,#2441,.T.);
#5881=EDGE_CURVE('',#4698,#4707,#2442,.T.);
#5882=EDGE_CURVE('',#4699,#4706,#2443,.T.);
#5883=EDGE_CURVE('',#4700,#4705,#2444,.T.);
#5884=EDGE_CURVE('',#4701,#4704,#2445,.T.);
#5885=EDGE_CURVE('',#4715,#4716,#2446,.T.);
#5886=EDGE_CURVE('',#4716,#4717,#2447,.T.);
#5887=EDGE_CURVE('',#4717,#4718,#2448,.T.);
#5888=EDGE_CURVE('',#4718,#4719,#2449,.T.);
#5889=EDGE_CURVE('',#4720,#4719,#2450,.T.);
#5890=EDGE_CURVE('',#4715,#4720,#2451,.T.);
#5891=EDGE_CURVE('',#4721,#4715,#2452,.T.);
#5892=EDGE_CURVE('',#4722,#4721,#2453,.T.);
#5893=EDGE_CURVE('',#4723,#4722,#2454,.T.);
#5894=EDGE_CURVE('',#4724,#4723,#2455,.T.);
#5895=EDGE_CURVE('',#4716,#4724,#2456,.T.);
#5896=EDGE_CURVE('',#4716,#4725,#24,.T.);
#5897=EDGE_CURVE('',#4725,#4726,#2457,.T.);
#5898=EDGE_CURVE('',#4717,#4726,#25,.T.);
#5899=EDGE_CURVE('',#4727,#4720,#2458,.T.);
#5900=EDGE_CURVE('',#4721,#4727,#2459,.T.);
#5901=EDGE_CURVE('',#4728,#4729,#2460,.T.);
#5902=EDGE_CURVE('',#4729,#4718,#2461,.T.);
#5903=EDGE_CURVE('',#4730,#4726,#2462,.T.);
#5904=EDGE_CURVE('',#4730,#4728,#26,.T.);
#5905=EDGE_CURVE('',#4731,#4732,#2463,.T.);
#5906=EDGE_CURVE('',#4732,#4733,#2464,.T.);
#5907=EDGE_CURVE('',#4733,#4727,#2465,.T.);
#5908=EDGE_CURVE('',#4719,#4729,#2466,.T.);
#5909=EDGE_CURVE('',#4728,#4731,#2467,.T.);
#5910=EDGE_CURVE('',#4734,#4724,#27,.T.);
#5911=EDGE_CURVE('',#4725,#4734,#2468,.T.);
#5912=EDGE_CURVE('',#4723,#4732,#2469,.T.);
#5913=EDGE_CURVE('',#4724,#4731,#2470,.T.);
#5914=EDGE_CURVE('',#4735,#4722,#2471,.T.);
#5915=EDGE_CURVE('',#4736,#4721,#2472,.T.);
#5916=EDGE_CURVE('',#4736,#4737,#28,.T.);
#5917=EDGE_CURVE('',#4738,#4737,#2473,.T.);
#5918=EDGE_CURVE('',#4739,#4738,#2474,.T.);
#5919=EDGE_CURVE('',#4739,#4740,#29,.T.);
#5920=EDGE_CURVE('',#4741,#4740,#2475,.T.);
#5921=EDGE_CURVE('',#4741,#4742,#30,.T.);
#5922=EDGE_CURVE('',#4742,#4743,#2476,.T.);
#5923=EDGE_CURVE('',#4743,#4744,#2477,.T.);
#5924=EDGE_CURVE('',#4744,#4735,#31,.T.);
#5925=EDGE_CURVE('',#4722,#4733,#2478,.T.);
#5926=EDGE_CURVE('',#4734,#4745,#2479,.T.);
#5927=EDGE_CURVE('',#4730,#4745,#2480,.T.);
#5928=EDGE_CURVE('',#4746,#4746,#233,.T.);
#5929=EDGE_CURVE('',#4747,#4727,#2481,.T.);
#5930=EDGE_CURVE('',#4736,#4747,#2482,.T.);
#5931=EDGE_CURVE('',#4745,#4731,#32,.T.);
#5932=EDGE_CURVE('',#4748,#4733,#2483,.T.);
#5933=EDGE_CURVE('',#4749,#4748,#33,.T.);
#5934=EDGE_CURVE('',#4750,#4749,#2484,.T.);
#5935=EDGE_CURVE('',#4751,#4750,#2485,.T.);
#5936=EDGE_CURVE('',#4752,#4751,#34,.T.);
#5937=EDGE_CURVE('',#4752,#4753,#2486,.T.);
#5938=EDGE_CURVE('',#4754,#4753,#35,.T.);
#5939=EDGE_CURVE('',#4754,#4755,#2487,.T.);
#5940=EDGE_CURVE('',#4755,#4756,#2488,.T.);
#5941=EDGE_CURVE('',#4747,#4756,#36,.T.);
#5942=EDGE_CURVE('',#4735,#4748,#2489,.T.);
#5943=EDGE_CURVE('',#4744,#4749,#2490,.T.);
#5944=EDGE_CURVE('',#4743,#4750,#2491,.T.);
#5945=EDGE_CURVE('',#4742,#4751,#2492,.T.);
#5946=EDGE_CURVE('',#4741,#4752,#2493,.T.);
#5947=EDGE_CURVE('',#4740,#4753,#2494,.T.);
#5948=EDGE_CURVE('',#4757,#4757,#234,.T.);
#5949=EDGE_CURVE('',#4739,#4754,#2495,.T.);
#5950=EDGE_CURVE('',#4738,#4755,#2496,.T.);
#5951=EDGE_CURVE('',#4737,#4756,#2497,.T.);
#5952=EDGE_CURVE('',#4758,#4758,#235,.T.);
#5953=EDGE_CURVE('',#4758,#4746,#2498,.T.);
#5954=EDGE_CURVE('',#4757,#4759,#2499,.T.);
#5955=EDGE_CURVE('',#4759,#4759,#236,.T.);
#5956=EDGE_CURVE('',#4760,#4761,#2500,.T.);
#5957=EDGE_CURVE('',#4760,#4762,#2501,.T.);
#5958=EDGE_CURVE('',#4762,#4763,#2502,.T.);
#5959=EDGE_CURVE('',#4761,#4763,#2503,.T.);
#5960=EDGE_CURVE('',#4762,#4764,#2504,.T.);
#5961=EDGE_CURVE('',#4764,#4765,#2505,.T.);
#5962=EDGE_CURVE('',#4763,#4765,#2506,.T.);
#5963=EDGE_CURVE('',#4764,#4766,#2507,.T.);
#5964=EDGE_CURVE('',#4766,#4767,#2508,.T.);
#5965=EDGE_CURVE('',#4765,#4767,#2509,.T.);
#5966=EDGE_CURVE('',#4766,#4760,#2510,.T.);
#5967=EDGE_CURVE('',#4767,#4761,#2511,.T.);
#5968=EDGE_CURVE('',#4768,#4769,#2512,.T.);
#5969=EDGE_CURVE('',#4769,#4770,#2513,.T.);
#5970=EDGE_CURVE('',#4771,#4770,#2514,.T.);
#5971=EDGE_CURVE('',#4768,#4771,#2515,.T.);
#5972=EDGE_CURVE('',#4770,#4772,#2516,.T.);
#5973=EDGE_CURVE('',#4773,#4772,#2517,.T.);
#5974=EDGE_CURVE('',#4771,#4773,#2518,.T.);
#5975=EDGE_CURVE('',#4772,#4774,#2519,.T.);
#5976=EDGE_CURVE('',#4775,#4774,#2520,.T.);
#5977=EDGE_CURVE('',#4773,#4775,#2521,.T.);
#5978=EDGE_CURVE('',#4774,#4776,#2522,.T.);
#5979=EDGE_CURVE('',#4777,#4776,#2523,.T.);
#5980=EDGE_CURVE('',#4775,#4777,#2524,.T.);
#5981=EDGE_CURVE('',#4768,#4777,#2525,.T.);
#5982=EDGE_CURVE('',#4769,#4776,#2526,.T.);
#5983=EDGE_CURVE('',#4778,#4779,#2527,.T.);
#5984=EDGE_CURVE('',#4779,#4780,#2528,.T.);
#5985=EDGE_CURVE('',#4781,#4780,#2529,.T.);
#5986=EDGE_CURVE('',#4778,#4781,#2530,.T.);
#5987=EDGE_CURVE('',#4780,#4782,#2531,.T.);
#5988=EDGE_CURVE('',#4783,#4782,#2532,.T.);
#5989=EDGE_CURVE('',#4781,#4783,#2533,.T.);
#5990=EDGE_CURVE('',#4782,#4784,#2534,.T.);
#5991=EDGE_CURVE('',#4785,#4784,#2535,.T.);
#5992=EDGE_CURVE('',#4783,#4785,#2536,.T.);
#5993=EDGE_CURVE('',#4784,#4779,#2537,.T.);
#5994=EDGE_CURVE('',#4785,#4778,#2538,.T.);
#5995=EDGE_CURVE('',#4786,#4787,#2539,.T.);
#5996=EDGE_CURVE('',#4786,#4788,#2540,.T.);
#5997=EDGE_CURVE('',#4788,#4789,#2541,.T.);
#5998=EDGE_CURVE('',#4787,#4789,#2542,.T.);
#5999=EDGE_CURVE('',#4788,#4790,#2543,.T.);
#6000=EDGE_CURVE('',#4790,#4791,#2544,.T.);
#6001=EDGE_CURVE('',#4789,#4791,#2545,.T.);
#6002=EDGE_CURVE('',#4790,#4792,#2546,.T.);
#6003=EDGE_CURVE('',#4792,#4793,#2547,.T.);
#6004=EDGE_CURVE('',#4791,#4793,#2548,.T.);
#6005=EDGE_CURVE('',#4792,#4786,#2549,.T.);
#6006=EDGE_CURVE('',#4793,#4787,#2550,.T.);
#6007=EDGE_CURVE('',#4794,#4795,#2551,.T.);
#6008=EDGE_CURVE('',#4795,#4796,#2552,.T.);
#6009=EDGE_CURVE('',#4797,#4796,#2553,.T.);
#6010=EDGE_CURVE('',#4794,#4797,#2554,.T.);
#6011=EDGE_CURVE('',#4798,#4799,#2555,.T.);
#6012=EDGE_CURVE('',#4799,#4795,#2556,.T.);
#6013=EDGE_CURVE('',#4798,#4794,#2557,.T.);
#6014=EDGE_CURVE('',#4796,#4800,#237,.T.);
#6015=EDGE_CURVE('',#4801,#4800,#2558,.T.);
#6016=EDGE_CURVE('',#4797,#4801,#238,.T.);
#6017=EDGE_CURVE('',#4801,#4802,#2559,.T.);
#6018=EDGE_CURVE('',#4802,#4803,#2560,.T.);
#6019=EDGE_CURVE('',#4803,#4804,#2561,.T.);
#6020=EDGE_CURVE('',#4804,#4805,#2562,.T.);
#6021=EDGE_CURVE('',#4805,#4806,#2563,.T.);
#6022=EDGE_CURVE('',#4806,#4807,#2564,.T.);
#6023=EDGE_CURVE('',#4807,#4808,#2565,.T.);
#6024=EDGE_CURVE('',#4808,#4809,#2566,.T.);
#6025=EDGE_CURVE('',#4809,#4810,#2567,.T.);
#6026=EDGE_CURVE('',#4810,#4811,#2568,.T.);
#6027=EDGE_CURVE('',#4811,#4812,#2569,.T.);
#6028=EDGE_CURVE('',#4812,#4813,#2570,.T.);
#6029=EDGE_CURVE('',#4813,#4814,#2571,.T.);
#6030=EDGE_CURVE('',#4814,#4815,#239,.T.);
#6031=EDGE_CURVE('',#4815,#4816,#2572,.T.);
#6032=EDGE_CURVE('',#4816,#4817,#2573,.T.);
#6033=EDGE_CURVE('',#4817,#4798,#2574,.T.);
#6034=EDGE_CURVE('',#4818,#4819,#240,.T.);
#6035=EDGE_CURVE('',#4819,#4820,#241,.T.);
#6036=EDGE_CURVE('',#4820,#4821,#2575,.T.);
#6037=EDGE_CURVE('',#4821,#4822,#2576,.T.);
#6038=EDGE_CURVE('',#4822,#4823,#242,.T.);
#6039=EDGE_CURVE('',#4823,#4824,#243,.T.);
#6040=EDGE_CURVE('',#4824,#4825,#244,.T.);
#6041=EDGE_CURVE('',#4825,#4826,#2577,.T.);
#6042=EDGE_CURVE('',#4826,#4827,#2578,.T.);
#6043=EDGE_CURVE('',#4827,#4828,#245,.T.);
#6044=EDGE_CURVE('',#4828,#4829,#246,.T.);
#6045=EDGE_CURVE('',#4829,#4830,#247,.T.);
#6046=EDGE_CURVE('',#4830,#4831,#2579,.T.);
#6047=EDGE_CURVE('',#4831,#4832,#2580,.T.);
#6048=EDGE_CURVE('',#4832,#4833,#248,.T.);
#6049=EDGE_CURVE('',#4833,#4834,#249,.T.);
#6050=EDGE_CURVE('',#4834,#4835,#250,.T.);
#6051=EDGE_CURVE('',#4835,#4836,#2581,.T.);
#6052=EDGE_CURVE('',#4836,#4837,#2582,.T.);
#6053=EDGE_CURVE('',#4837,#4818,#251,.T.);
#6054=EDGE_CURVE('',#4838,#4838,#252,.T.);
#6055=EDGE_CURVE('',#4839,#4839,#253,.T.);
#6056=EDGE_CURVE('',#4840,#4799,#2583,.T.);
#6057=EDGE_CURVE('',#4841,#4840,#2584,.T.);
#6058=EDGE_CURVE('',#4842,#4841,#2585,.T.);
#6059=EDGE_CURVE('',#4843,#4842,#254,.T.);
#6060=EDGE_CURVE('',#4844,#4843,#2586,.T.);
#6061=EDGE_CURVE('',#4845,#4844,#2587,.T.);
#6062=EDGE_CURVE('',#4846,#4845,#2588,.T.);
#6063=EDGE_CURVE('',#4847,#4846,#2589,.T.);
#6064=EDGE_CURVE('',#4848,#4847,#2590,.T.);
#6065=EDGE_CURVE('',#4849,#4848,#2591,.T.);
#6066=EDGE_CURVE('',#4850,#4849,#2592,.T.);
#6067=EDGE_CURVE('',#4851,#4850,#2593,.T.);
#6068=EDGE_CURVE('',#4852,#4851,#2594,.T.);
#6069=EDGE_CURVE('',#4853,#4852,#2595,.T.);
#6070=EDGE_CURVE('',#4854,#4853,#2596,.T.);
#6071=EDGE_CURVE('',#4855,#4854,#2597,.T.);
#6072=EDGE_CURVE('',#4800,#4855,#2598,.T.);
#6073=EDGE_CURVE('',#4856,#4857,#255,.T.);
#6074=EDGE_CURVE('',#4858,#4856,#256,.T.);
#6075=EDGE_CURVE('',#4859,#4858,#2599,.T.);
#6076=EDGE_CURVE('',#4860,#4859,#2600,.T.);
#6077=EDGE_CURVE('',#4861,#4860,#257,.T.);
#6078=EDGE_CURVE('',#4862,#4861,#258,.T.);
#6079=EDGE_CURVE('',#4863,#4862,#259,.T.);
#6080=EDGE_CURVE('',#4864,#4863,#2601,.T.);
#6081=EDGE_CURVE('',#4865,#4864,#2602,.T.);
#6082=EDGE_CURVE('',#4866,#4865,#260,.T.);
#6083=EDGE_CURVE('',#4867,#4866,#261,.T.);
#6084=EDGE_CURVE('',#4868,#4867,#262,.T.);
#6085=EDGE_CURVE('',#4869,#4868,#2603,.T.);
#6086=EDGE_CURVE('',#4870,#4869,#2604,.T.);
#6087=EDGE_CURVE('',#4871,#4870,#263,.T.);
#6088=EDGE_CURVE('',#4872,#4871,#264,.T.);
#6089=EDGE_CURVE('',#4873,#4872,#265,.T.);
#6090=EDGE_CURVE('',#4874,#4873,#2605,.T.);
#6091=EDGE_CURVE('',#4875,#4874,#2606,.T.);
#6092=EDGE_CURVE('',#4857,#4875,#266,.T.);
#6093=EDGE_CURVE('',#4876,#4876,#267,.T.);
#6094=EDGE_CURVE('',#4877,#4877,#268,.T.);
#6095=EDGE_CURVE('',#4817,#4840,#2607,.T.);
#6096=EDGE_CURVE('',#4802,#4855,#2608,.T.);
#6097=EDGE_CURVE('',#4816,#4841,#2609,.T.);
#6098=EDGE_CURVE('',#4803,#4854,#2610,.T.);
#6099=EDGE_CURVE('',#4815,#4842,#2611,.T.);
#6100=EDGE_CURVE('',#4804,#4853,#2612,.T.);
#6101=EDGE_CURVE('',#4814,#4843,#2613,.T.);
#6102=EDGE_CURVE('',#4805,#4852,#2614,.T.);
#6103=EDGE_CURVE('',#4813,#4844,#2615,.T.);
#6104=EDGE_CURVE('',#4806,#4851,#2616,.T.);
#6105=EDGE_CURVE('',#4812,#4845,#2617,.T.);
#6106=EDGE_CURVE('',#4807,#4850,#2618,.T.);
#6107=EDGE_CURVE('',#4811,#4846,#2619,.T.);
#6108=EDGE_CURVE('',#4808,#4849,#2620,.T.);
#6109=EDGE_CURVE('',#4810,#4847,#2621,.T.);
#6110=EDGE_CURVE('',#4809,#4848,#2622,.T.);
#6111=EDGE_CURVE('',#4818,#4856,#2623,.T.);
#6112=EDGE_CURVE('',#4819,#4857,#2624,.T.);
#6113=EDGE_CURVE('',#4837,#4858,#2625,.T.);
#6114=EDGE_CURVE('',#4820,#4875,#2626,.T.);
#6115=EDGE_CURVE('',#4836,#4859,#2627,.T.);
#6116=EDGE_CURVE('',#4821,#4874,#2628,.T.);
#6117=EDGE_CURVE('',#4835,#4860,#2629,.T.);
#6118=EDGE_CURVE('',#4822,#4873,#2630,.T.);
#6119=EDGE_CURVE('',#4834,#4861,#2631,.T.);
#6120=EDGE_CURVE('',#4823,#4872,#2632,.T.);
#6121=EDGE_CURVE('',#4833,#4862,#2633,.T.);
#6122=EDGE_CURVE('',#4824,#4871,#2634,.T.);
#6123=EDGE_CURVE('',#4832,#4863,#2635,.T.);
#6124=EDGE_CURVE('',#4825,#4870,#2636,.T.);
#6125=EDGE_CURVE('',#4831,#4864,#2637,.T.);
#6126=EDGE_CURVE('',#4826,#4869,#2638,.T.);
#6127=EDGE_CURVE('',#4830,#4865,#2639,.T.);
#6128=EDGE_CURVE('',#4827,#4868,#2640,.T.);
#6129=EDGE_CURVE('',#4829,#4866,#2641,.T.);
#6130=EDGE_CURVE('',#4828,#4867,#2642,.T.);
#6131=EDGE_CURVE('',#4876,#4838,#2643,.T.);
#6132=EDGE_CURVE('',#4877,#4839,#2644,.T.);
#6133=EDGE_CURVE('',#4878,#4879,#2645,.T.);
#6134=EDGE_CURVE('',#4878,#4880,#2646,.T.);
#6135=EDGE_CURVE('',#4880,#4881,#2647,.T.);
#6136=EDGE_CURVE('',#4881,#4879,#2648,.T.);
#6137=EDGE_CURVE('',#4882,#4883,#2649,.T.);
#6138=EDGE_CURVE('',#4884,#4882,#2650,.T.);
#6139=EDGE_CURVE('',#4885,#4884,#2651,.T.);
#6140=EDGE_CURVE('',#4883,#4885,#2652,.T.);
#6141=EDGE_CURVE('',#4886,#4881,#2653,.T.);
#6142=EDGE_CURVE('',#4887,#4886,#2654,.T.);
#6143=EDGE_CURVE('',#4888,#4887,#2655,.T.);
#6144=EDGE_CURVE('',#4889,#4888,#2656,.T.);
#6145=EDGE_CURVE('',#4889,#4880,#2657,.T.);
#6146=EDGE_CURVE('',#4880,#4890,#2658,.T.);
#6147=EDGE_CURVE('',#4891,#4890,#269,.T.);
#6148=EDGE_CURVE('',#4892,#4891,#2659,.T.);
#6149=EDGE_CURVE('',#4892,#4893,#2660,.T.);
#6150=EDGE_CURVE('',#4893,#4894,#2661,.T.);
#6151=EDGE_CURVE('',#4895,#4894,#270,.T.);
#6152=EDGE_CURVE('',#4881,#4895,#2662,.T.);
#6153=EDGE_CURVE('',#4896,#4882,#2663,.T.);
#6154=EDGE_CURVE('',#4897,#4883,#2664,.T.);
#6155=EDGE_CURVE('',#4896,#4897,#2665,.T.);
#6156=EDGE_CURVE('',#4898,#4899,#2666,.T.);
#6157=EDGE_CURVE('',#4899,#4884,#2667,.T.);
#6158=EDGE_CURVE('',#4896,#4900,#2668,.T.);
#6159=EDGE_CURVE('',#4900,#4901,#2669,.T.);
#6160=EDGE_CURVE('',#4902,#4901,#2670,.T.);
#6161=EDGE_CURVE('',#4898,#4902,#2671,.T.);
#6162=EDGE_CURVE('',#4903,#4897,#2672,.T.);
#6163=EDGE_CURVE('',#4904,#4885,#2673,.T.);
#6164=EDGE_CURVE('',#4904,#4905,#2674,.T.);
#6165=EDGE_CURVE('',#4905,#4906,#2675,.T.);
#6166=EDGE_CURVE('',#4907,#4906,#2676,.T.);
#6167=EDGE_CURVE('',#4903,#4907,#2677,.T.);
#6168=EDGE_CURVE('',#4904,#4899,#2678,.T.);
#6169=EDGE_CURVE('',#4895,#4908,#2679,.T.);
#6170=EDGE_CURVE('',#4908,#4886,#2680,.T.);
#6171=EDGE_CURVE('',#4889,#4886,#2681,.T.);
#6172=EDGE_CURVE('',#4909,#4889,#2682,.T.);
#6173=EDGE_CURVE('',#4890,#4909,#2683,.T.);
#6174=EDGE_CURVE('',#4894,#4910,#2684,.T.);
#6175=EDGE_CURVE('',#4908,#4910,#271,.T.);
#6176=EDGE_CURVE('',#4910,#4911,#2685,.T.);
#6177=EDGE_CURVE('',#4912,#4893,#2686,.T.);
#6178=EDGE_CURVE('',#4913,#4912,#2687,.T.);
#6179=EDGE_CURVE('',#4911,#4913,#2688,.T.);
#6180=EDGE_CURVE('',#4914,#4912,#2689,.T.);
#6181=EDGE_CURVE('',#4914,#4892,#2690,.T.);
#6182=EDGE_CURVE('',#4915,#4891,#2691,.T.);
#6183=EDGE_CURVE('',#4915,#4916,#2692,.T.);
#6184=EDGE_CURVE('',#4916,#4917,#2693,.T.);
#6185=EDGE_CURVE('',#4914,#4917,#2694,.T.);
#6186=EDGE_CURVE('',#4915,#4909,#272,.T.);
#6187=EDGE_CURVE('',#4900,#4903,#2695,.T.);
#6188=EDGE_CURVE('',#4905,#4898,#2696,.T.);
#6189=EDGE_CURVE('',#4901,#4907,#2697,.T.);
#6190=EDGE_CURVE('',#4906,#4902,#2698,.T.);
#6191=EDGE_CURVE('',#4918,#4919,#2699,.T.);
#6192=EDGE_CURVE('',#4920,#4918,#2700,.T.);
#6193=EDGE_CURVE('',#4921,#4920,#2701,.T.);
#6194=EDGE_CURVE('',#4919,#4921,#2702,.T.);
#6195=EDGE_CURVE('',#4916,#4911,#2703,.T.);
#6196=EDGE_CURVE('',#4917,#4913,#2704,.T.);
#6197=EDGE_CURVE('',#4918,#4922,#2705,.T.);
#6198=EDGE_CURVE('',#4919,#4923,#2706,.T.);
#6199=EDGE_CURVE('',#4922,#4923,#2707,.T.);
#6200=EDGE_CURVE('',#4921,#4924,#2708,.T.);
#6201=EDGE_CURVE('',#4923,#4924,#2709,.T.);
#6202=EDGE_CURVE('',#4920,#4925,#2710,.T.);
#6203=EDGE_CURVE('',#4924,#4925,#2711,.T.);
#6204=EDGE_CURVE('',#4925,#4922,#2712,.T.);
#6205=EDGE_CURVE('',#4922,#4926,#2713,.T.);
#6206=EDGE_CURVE('',#4923,#4927,#2714,.T.);
#6207=EDGE_CURVE('',#4926,#4927,#2715,.T.);
#6208=EDGE_CURVE('',#4924,#4928,#2716,.T.);
#6209=EDGE_CURVE('',#4929,#4928,#2717,.T.);
#6210=EDGE_CURVE('',#4929,#4930,#2718,.T.);
#6211=EDGE_CURVE('',#4930,#4931,#2719,.T.);
#6212=EDGE_CURVE('',#4932,#4931,#2720,.T.);
#6213=EDGE_CURVE('',#4927,#4932,#2721,.T.);
#6214=EDGE_CURVE('',#4925,#4933,#2722,.T.);
#6215=EDGE_CURVE('',#4928,#4933,#2723,.T.);
#6216=EDGE_CURVE('',#4934,#4926,#2724,.T.);
#6217=EDGE_CURVE('',#4935,#4934,#2725,.T.);
#6218=EDGE_CURVE('',#4936,#4935,#2726,.T.);
#6219=EDGE_CURVE('',#4936,#4937,#2727,.T.);
#6220=EDGE_CURVE('',#4933,#4937,#2728,.T.);
#6221=EDGE_CURVE('',#4932,#4934,#2729,.T.);
#6222=EDGE_CURVE('',#4929,#4937,#2730,.T.);
#6223=EDGE_CURVE('',#4936,#4938,#2731,.T.);
#6224=EDGE_CURVE('',#4938,#4939,#2732,.T.);
#6225=EDGE_CURVE('',#4939,#4940,#2733,.T.);
#6226=EDGE_CURVE('',#4940,#4941,#2734,.T.);
#6227=EDGE_CURVE('',#4941,#4930,#2735,.T.);
#6228=EDGE_CURVE('',#4941,#4942,#2736,.T.);
#6229=EDGE_CURVE('',#4942,#4931,#2737,.T.);
#6230=EDGE_CURVE('',#4943,#4942,#2738,.T.);
#6231=EDGE_CURVE('',#4944,#4943,#2739,.T.);
#6232=EDGE_CURVE('',#4945,#4944,#2740,.T.);
#6233=EDGE_CURVE('',#4935,#4945,#2741,.T.);
#6234=EDGE_CURVE('',#4938,#4945,#2742,.T.);
#6235=EDGE_CURVE('',#4940,#4943,#2743,.T.);
#6236=EDGE_CURVE('',#4939,#4944,#2744,.T.);
#6237=EDGE_CURVE('',#4946,#4947,#19,.T.);
#6238=EDGE_CURVE('',#4947,#4948,#2745,.T.);
#6239=EDGE_CURVE('',#4949,#4948,#273,.T.);
#6240=EDGE_CURVE('',#4950,#4949,#2746,.T.);
#6241=EDGE_CURVE('',#4951,#4950,#274,.T.);
#6242=EDGE_CURVE('',#4952,#4951,#20,.T.);
#6243=EDGE_CURVE('',#4952,#4946,#2747,.T.);
#6244=EDGE_CURVE('',#4953,#4954,#275,.T.);
#6245=EDGE_CURVE('',#4954,#4955,#2748,.T.);
#6246=EDGE_CURVE('',#4955,#4956,#276,.T.);
#6247=EDGE_CURVE('',#4956,#4953,#2749,.T.);
#6248=EDGE_CURVE('',#4957,#4954,#2750,.T.);
#6249=EDGE_CURVE('',#4958,#4957,#2751,.T.);
#6250=EDGE_CURVE('',#4959,#4958,#2752,.T.);
#6251=EDGE_CURVE('',#4960,#4959,#2753,.T.);
#6252=EDGE_CURVE('',#4961,#4960,#2754,.T.);
#6253=EDGE_CURVE('',#4962,#4961,#2755,.T.);
#6254=EDGE_CURVE('',#4963,#4962,#2756,.T.);
#6255=EDGE_CURVE('',#4964,#4963,#2757,.T.);
#6256=EDGE_CURVE('',#4955,#4964,#2758,.T.);
#6257=EDGE_CURVE('',#4965,#4966,#277,.F.);
#6258=EDGE_CURVE('',#4965,#4967,#2759,.T.);
#6259=EDGE_CURVE('',#4967,#4968,#278,.T.);
#6260=EDGE_CURVE('',#4968,#4966,#2760,.T.);
#6261=EDGE_CURVE('',#4948,#4953,#2761,.T.);
#6262=EDGE_CURVE('',#4956,#4969,#2762,.T.);
#6263=EDGE_CURVE('',#4970,#4969,#2763,.T.);
#6264=EDGE_CURVE('',#4970,#4967,#2764,.T.);
#6265=EDGE_CURVE('',#4965,#4971,#2765,.T.);
#6266=EDGE_CURVE('',#4971,#4972,#279,.T.);
#6267=EDGE_CURVE('',#4972,#4949,#2766,.T.);
#6268=EDGE_CURVE('',#4973,#4974,#21,.T.);
#6269=EDGE_CURVE('',#4974,#4975,#2767,.T.);
#6270=EDGE_CURVE('',#4975,#4976,#280,.T.);
#6271=EDGE_CURVE('',#4976,#4973,#2768,.T.);
#6272=EDGE_CURVE('',#4974,#4977,#2769,.T.);
#6273=EDGE_CURVE('',#4978,#4977,#281,.T.);
#6274=EDGE_CURVE('',#4979,#4978,#2770,.T.);
#6275=EDGE_CURVE('',#4980,#4979,#2771,.T.);
#6276=EDGE_CURVE('',#4981,#4980,#2772,.T.);
#6277=EDGE_CURVE('',#4982,#4981,#2773,.T.);
#6278=EDGE_CURVE('',#4983,#4982,#2774,.T.);
#6279=EDGE_CURVE('',#4946,#4983,#282,.T.);
#6280=EDGE_CURVE('',#4984,#4952,#2775,.T.);
#6281=EDGE_CURVE('',#4985,#4984,#2776,.T.);
#6282=EDGE_CURVE('',#4985,#4986,#283,.T.);
#6283=EDGE_CURVE('',#4987,#4986,#2777,.T.);
#6284=EDGE_CURVE('',#4988,#4987,#2778,.T.);
#6285=EDGE_CURVE('',#4989,#4988,#2779,.T.);
#6286=EDGE_CURVE('',#4989,#4990,#2780,.T.);
#6287=EDGE_CURVE('',#4991,#4990,#2781,.T.);
#6288=EDGE_CURVE('',#4992,#4991,#2782,.T.);
#6289=EDGE_CURVE('',#4993,#4992,#2783,.T.);
#6290=EDGE_CURVE('',#4993,#4994,#2784,.T.);
#6291=EDGE_CURVE('',#4995,#4994,#2785,.T.);
#6292=EDGE_CURVE('',#4996,#4995,#2786,.T.);
#6293=EDGE_CURVE('',#4997,#4996,#2787,.T.);
#6294=EDGE_CURVE('',#4997,#4998,#284,.T.);
#6295=EDGE_CURVE('',#4975,#4998,#2788,.T.);
#6296=EDGE_CURVE('',#4999,#4999,#285,.T.);
#6297=EDGE_CURVE('',#4951,#5000,#2789,.T.);
#6298=EDGE_CURVE('',#5000,#4984,#286,.T.);
#6299=EDGE_CURVE('',#4976,#5001,#2790,.T.);
#6300=EDGE_CURVE('',#5002,#5001,#2791,.T.);
#6301=EDGE_CURVE('',#5003,#5002,#2792,.T.);
#6302=EDGE_CURVE('',#5004,#5003,#2793,.T.);
#6303=EDGE_CURVE('',#5004,#5005,#2794,.T.);
#6304=EDGE_CURVE('',#5006,#5005,#2795,.T.);
#6305=EDGE_CURVE('',#5007,#5006,#2796,.T.);
#6306=EDGE_CURVE('',#5008,#5007,#2797,.T.);
#6307=EDGE_CURVE('',#5008,#5009,#2798,.T.);
#6308=EDGE_CURVE('',#5009,#5010,#2799,.T.);
#6309=EDGE_CURVE('',#5010,#5011,#2800,.T.);
#6310=EDGE_CURVE('',#5012,#5011,#2801,.T.);
#6311=EDGE_CURVE('',#5012,#5013,#2802,.T.);
#6312=EDGE_CURVE('',#5014,#5013,#2803,.T.);
#6313=EDGE_CURVE('',#5014,#5015,#2804,.T.);
#6314=EDGE_CURVE('',#5016,#5015,#2805,.T.);
#6315=EDGE_CURVE('',#5016,#5017,#2806,.T.);
#6316=EDGE_CURVE('',#5018,#5017,#2807,.T.);
#6317=EDGE_CURVE('',#5018,#5000,#2808,.T.);
#6318=EDGE_CURVE('',#4950,#5019,#2809,.T.);
#6319=EDGE_CURVE('',#5019,#4973,#287,.T.);
#6320=EDGE_CURVE('',#5020,#4970,#288,.T.);
#6321=EDGE_CURVE('',#4969,#5021,#289,.T.);
#6322=EDGE_CURVE('',#5021,#5020,#2810,.T.);
#6323=EDGE_CURVE('',#4990,#5022,#290,.T.);
#6324=EDGE_CURVE('',#5022,#5023,#2811,.T.);
#6325=EDGE_CURVE('',#5023,#4991,#291,.T.);
#6326=EDGE_CURVE('',#5022,#5024,#2812,.T.);
#6327=EDGE_CURVE('',#5025,#5024,#2813,.T.);
#6328=EDGE_CURVE('',#5025,#5023,#2814,.T.);
#6329=EDGE_CURVE('',#5026,#4993,#292,.T.);
#6330=EDGE_CURVE('',#4992,#5027,#293,.T.);
#6331=EDGE_CURVE('',#5027,#5026,#2815,.T.);
#6332=EDGE_CURVE('',#5028,#5029,#294,.T.);
#6333=EDGE_CURVE('',#5029,#5030,#2816,.T.);
#6334=EDGE_CURVE('',#5030,#5031,#295,.T.);
#6335=EDGE_CURVE('',#5031,#5028,#2817,.T.);
#6336=EDGE_CURVE('',#5032,#5029,#2818,.T.);
#6337=EDGE_CURVE('',#5033,#5032,#2819,.T.);
#6338=EDGE_CURVE('',#5033,#5030,#2820,.T.);
#6339=EDGE_CURVE('',#5032,#5025,#296,.T.);
#6340=EDGE_CURVE('',#5024,#5033,#297,.T.);
#6341=EDGE_CURVE('',#4994,#5034,#298,.T.);
#6342=EDGE_CURVE('',#5034,#5035,#2821,.T.);
#6343=EDGE_CURVE('',#5035,#4995,#299,.T.);
#6344=EDGE_CURVE('',#5034,#5036,#2822,.T.);
#6345=EDGE_CURVE('',#5037,#5036,#2823,.T.);
#6346=EDGE_CURVE('',#5037,#5035,#2824,.T.);
#6347=EDGE_CURVE('',#5036,#5038,#300,.T.);
#6348=EDGE_CURVE('',#5038,#5039,#2825,.T.);
#6349=EDGE_CURVE('',#5039,#5037,#301,.T.);
#6350=EDGE_CURVE('',#5038,#5040,#2826,.T.);
#6351=EDGE_CURVE('',#5041,#5040,#2827,.T.);
#6352=EDGE_CURVE('',#5041,#5039,#2828,.T.);
#6353=EDGE_CURVE('',#5031,#5026,#2829,.T.);
#6354=EDGE_CURVE('',#5042,#4989,#302,.T.);
#6355=EDGE_CURVE('',#5043,#5042,#2830,.T.);
#6356=EDGE_CURVE('',#5040,#5043,#303,.T.);
#6357=EDGE_CURVE('',#5043,#5044,#2831,.T.);
#6358=EDGE_CURVE('',#5044,#5041,#304,.T.);
#6359=EDGE_CURVE('',#4988,#5045,#305,.T.);
#6360=EDGE_CURVE('',#5045,#5042,#2832,.T.);
#6361=EDGE_CURVE('',#5046,#5047,#306,.T.);
#6362=EDGE_CURVE('',#5047,#5048,#2833,.T.);
#6363=EDGE_CURVE('',#5048,#5049,#307,.T.);
#6364=EDGE_CURVE('',#5049,#5046,#2834,.T.);
#6365=EDGE_CURVE('',#5050,#5047,#2835,.T.);
#6366=EDGE_CURVE('',#5050,#5051,#2836,.T.);
#6367=EDGE_CURVE('',#5051,#5048,#2837,.T.);
#6368=EDGE_CURVE('',#5046,#5052,#2838,.T.);
#6369=EDGE_CURVE('',#5053,#5052,#308,.T.);
#6370=EDGE_CURVE('',#5053,#5054,#2839,.T.);
#6371=EDGE_CURVE('',#5055,#5054,#309,.T.);
#6372=EDGE_CURVE('',#5055,#5056,#2840,.T.);
#6373=EDGE_CURVE('',#5057,#5056,#310,.T.);
#6374=EDGE_CURVE('',#5057,#5058,#2841,.T.);
#6375=EDGE_CURVE('',#5058,#5059,#2842,.T.);
#6376=EDGE_CURVE('',#5060,#5059,#2843,.T.);
#6377=EDGE_CURVE('',#5061,#5060,#2844,.T.);
#6378=EDGE_CURVE('',#5062,#5061,#2845,.T.);
#6379=EDGE_CURVE('',#5062,#5063,#2846,.T.);
#6380=EDGE_CURVE('',#5064,#5063,#2847,.T.);
#6381=EDGE_CURVE('',#5065,#5064,#2848,.T.);
#6382=EDGE_CURVE('',#5066,#5065,#2849,.T.);
#6383=EDGE_CURVE('',#5066,#5067,#2850,.T.);
#6384=EDGE_CURVE('',#5068,#5067,#2851,.T.);
#6385=EDGE_CURVE('',#5068,#5069,#2852,.T.);
#6386=EDGE_CURVE('',#5070,#5069,#2853,.T.);
#6387=EDGE_CURVE('',#5070,#5071,#2854,.T.);
#6388=EDGE_CURVE('',#5072,#5071,#2855,.T.);
#6389=EDGE_CURVE('',#5072,#5073,#2856,.T.);
#6390=EDGE_CURVE('',#5074,#5073,#2857,.T.);
#6391=EDGE_CURVE('',#5074,#5075,#2858,.T.);
#6392=EDGE_CURVE('',#5076,#5075,#2859,.T.);
#6393=EDGE_CURVE('',#5076,#5050,#2860,.T.);
#6394=EDGE_CURVE('',#5077,#5078,#311,.T.);
#6395=EDGE_CURVE('',#5078,#5057,#2861,.T.);
#6396=EDGE_CURVE('',#5056,#5077,#2862,.T.);
#6397=EDGE_CURVE('',#5078,#5079,#2863,.T.);
#6398=EDGE_CURVE('',#5079,#5058,#2864,.T.);
#6399=EDGE_CURVE('',#5080,#5081,#312,.T.);
#6400=EDGE_CURVE('',#5081,#5053,#2865,.T.);
#6401=EDGE_CURVE('',#5052,#5080,#2866,.T.);
#6402=EDGE_CURVE('',#5082,#5081,#2867,.T.);
#6403=EDGE_CURVE('',#5054,#5082,#2868,.T.);
#6404=EDGE_CURVE('',#5082,#5083,#313,.T.);
#6405=EDGE_CURVE('',#5083,#5055,#2869,.T.);
#6406=EDGE_CURVE('',#5077,#5083,#2870,.T.);
#6407=EDGE_CURVE('',#5080,#5049,#2871,.T.);
#6408=EDGE_CURVE('',#5045,#5044,#2872,.T.);
#6409=EDGE_CURVE('',#5028,#5027,#2873,.T.);
#6410=EDGE_CURVE('',#5084,#5068,#314,.T.);
#6411=EDGE_CURVE('',#5067,#5085,#315,.T.);
#6412=EDGE_CURVE('',#5085,#5084,#2874,.T.);
#6413=EDGE_CURVE('',#5086,#5087,#316,.T.);
#6414=EDGE_CURVE('',#5087,#5088,#2875,.T.);
#6415=EDGE_CURVE('',#5088,#5089,#317,.T.);
#6416=EDGE_CURVE('',#5089,#5086,#2876,.T.);
#6417=EDGE_CURVE('',#5087,#5090,#2877,.T.);
#6418=EDGE_CURVE('',#5091,#5090,#2878,.T.);
#6419=EDGE_CURVE('',#5091,#5088,#2879,.T.);
#6420=EDGE_CURVE('',#5090,#5092,#318,.T.);
#6421=EDGE_CURVE('',#5092,#5093,#2880,.T.);
#6422=EDGE_CURVE('',#5093,#5091,#319,.T.);
#6423=EDGE_CURVE('',#5085,#5093,#2881,.T.);
#6424=EDGE_CURVE('',#5092,#5084,#2882,.T.);
#6425=EDGE_CURVE('',#5013,#5094,#320,.T.);
#6426=EDGE_CURVE('',#5094,#5095,#2883,.T.);
#6427=EDGE_CURVE('',#5095,#5014,#321,.T.);
#6428=EDGE_CURVE('',#5094,#5096,#2884,.T.);
#6429=EDGE_CURVE('',#5097,#5096,#2885,.T.);
#6430=EDGE_CURVE('',#5097,#5095,#2886,.T.);
#6431=EDGE_CURVE('',#5098,#5012,#322,.T.);
#6432=EDGE_CURVE('',#5011,#5099,#323,.T.);
#6433=EDGE_CURVE('',#5099,#5098,#2887,.T.);
#6434=EDGE_CURVE('',#5100,#5016,#324,.T.);
#6435=EDGE_CURVE('',#5015,#5101,#325,.T.);
#6436=EDGE_CURVE('',#5101,#5100,#2888,.T.);
#6437=EDGE_CURVE('',#5017,#5102,#326,.T.);
#6438=EDGE_CURVE('',#5102,#5103,#2889,.T.);
#6439=EDGE_CURVE('',#5103,#5018,#327,.T.);
#6440=EDGE_CURVE('',#5102,#5104,#2890,.T.);
#6441=EDGE_CURVE('',#5105,#5104,#2891,.T.);
#6442=EDGE_CURVE('',#5105,#5103,#2892,.T.);
#6443=EDGE_CURVE('',#5007,#5106,#328,.T.);
#6444=EDGE_CURVE('',#5106,#5107,#2893,.T.);
#6445=EDGE_CURVE('',#5107,#5008,#329,.T.);
#6446=EDGE_CURVE('',#5106,#5108,#2894,.T.);
#6447=EDGE_CURVE('',#5109,#5108,#2895,.T.);
#6448=EDGE_CURVE('',#5109,#5107,#2896,.T.);
#6449=EDGE_CURVE('',#5110,#5006,#330,.T.);
#6450=EDGE_CURVE('',#5005,#5111,#331,.T.);
#6451=EDGE_CURVE('',#5111,#5110,#2897,.T.);
#6452=EDGE_CURVE('',#5003,#5112,#332,.T.);
#6453=EDGE_CURVE('',#5112,#5113,#2898,.T.);
#6454=EDGE_CURVE('',#5113,#5004,#333,.T.);
#6455=EDGE_CURVE('',#5112,#5114,#2899,.T.);
#6456=EDGE_CURVE('',#5115,#5114,#2900,.T.);
#6457=EDGE_CURVE('',#5115,#5113,#2901,.T.);
#6458=EDGE_CURVE('',#5116,#5002,#334,.T.);
#6459=EDGE_CURVE('',#5001,#5117,#335,.T.);
#6460=EDGE_CURVE('',#5117,#5116,#2902,.T.);
#6461=EDGE_CURVE('',#5065,#5118,#336,.T.);
#6462=EDGE_CURVE('',#5118,#5119,#2903,.T.);
#6463=EDGE_CURVE('',#5119,#5066,#337,.T.);
#6464=EDGE_CURVE('',#5099,#5119,#2904,.T.);
#6465=EDGE_CURVE('',#5118,#5098,#2905,.T.);
#6466=EDGE_CURVE('',#5096,#5064,#338,.T.);
#6467=EDGE_CURVE('',#5063,#5097,#339,.T.);
#6468=EDGE_CURVE('',#5108,#5070,#340,.T.);
#6469=EDGE_CURVE('',#5069,#5109,#341,.T.);
#6470=EDGE_CURVE('',#5071,#5120,#342,.T.);
#6471=EDGE_CURVE('',#5120,#5121,#2906,.T.);
#6472=EDGE_CURVE('',#5121,#5072,#343,.T.);
#6473=EDGE_CURVE('',#5111,#5121,#2907,.T.);
#6474=EDGE_CURVE('',#5120,#5110,#2908,.T.);
#6475=EDGE_CURVE('',#5061,#5122,#344,.T.);
#6476=EDGE_CURVE('',#5122,#5123,#2909,.T.);
#6477=EDGE_CURVE('',#5123,#5062,#345,.T.);
#6478=EDGE_CURVE('',#5101,#5123,#2910,.T.);
#6479=EDGE_CURVE('',#5122,#5100,#2911,.T.);
#6480=EDGE_CURVE('',#5104,#5060,#346,.T.);
#6481=EDGE_CURVE('',#5059,#5105,#347,.T.);
#6482=EDGE_CURVE('',#5114,#5074,#348,.T.);
#6483=EDGE_CURVE('',#5073,#5115,#349,.T.);
#6484=EDGE_CURVE('',#5075,#5124,#350,.T.);
#6485=EDGE_CURVE('',#5124,#5125,#2912,.T.);
#6486=EDGE_CURVE('',#5125,#5076,#351,.T.);
#6487=EDGE_CURVE('',#5117,#5125,#2913,.T.);
#6488=EDGE_CURVE('',#5124,#5116,#2914,.T.);
#6489=EDGE_CURVE('',#5126,#5127,#352,.T.);
#6490=EDGE_CURVE('',#4986,#5126,#2915,.T.);
#6491=EDGE_CURVE('',#5127,#4985,#2916,.T.);
#6492=EDGE_CURVE('',#4999,#5128,#2917,.T.);
#6493=EDGE_CURVE('',#5128,#5128,#353,.T.);
#6494=EDGE_CURVE('',#5129,#5130,#354,.T.);
#6495=EDGE_CURVE('',#4998,#5129,#2918,.T.);
#6496=EDGE_CURVE('',#5130,#4997,#2919,.T.);
#6497=EDGE_CURVE('',#5131,#5126,#2920,.T.);
#6498=EDGE_CURVE('',#4987,#5131,#2921,.T.);
#6499=EDGE_CURVE('',#5132,#5129,#2922,.T.);
#6500=EDGE_CURVE('',#5133,#5132,#2923,.T.);
#6501=EDGE_CURVE('',#5133,#4968,#2924,.T.);
#6502=EDGE_CURVE('',#5134,#5020,#2925,.T.);
#6503=EDGE_CURVE('',#5135,#5134,#2926,.T.);
#6504=EDGE_CURVE('',#5009,#5135,#2927,.T.);
#6505=EDGE_CURVE('',#5136,#5086,#2928,.T.);
#6506=EDGE_CURVE('',#5137,#5136,#2929,.T.);
#6507=EDGE_CURVE('',#5138,#5137,#2930,.T.);
#6508=EDGE_CURVE('',#5139,#5138,#2931,.T.);
#6509=EDGE_CURVE('',#5140,#5139,#2932,.T.);
#6510=EDGE_CURVE('',#5051,#5140,#2933,.T.);
#6511=EDGE_CURVE('',#4996,#5141,#2934,.T.);
#6512=EDGE_CURVE('',#5130,#5141,#2935,.T.);
#6513=EDGE_CURVE('',#5019,#4972,#2936,.T.);
#6514=EDGE_CURVE('',#5142,#4977,#22,.T.);
#6515=EDGE_CURVE('',#4971,#5142,#2937,.T.);
#6516=EDGE_CURVE('',#5143,#5144,#2938,.T.);
#6517=EDGE_CURVE('',#5143,#5145,#2939,.T.);
#6518=EDGE_CURVE('',#5145,#5146,#2940,.F.);
#6519=EDGE_CURVE('',#5144,#5146,#2941,.T.);
#6520=EDGE_CURVE('',#5147,#5148,#2942,.T.);
#6521=EDGE_CURVE('',#5149,#5147,#2943,.T.);
#6522=EDGE_CURVE('',#5149,#5150,#2944,.F.);
#6523=EDGE_CURVE('',#5150,#5148,#2945,.T.);
#6524=EDGE_CURVE('',#5151,#5152,#2946,.T.);
#6525=EDGE_CURVE('',#5151,#5153,#2947,.T.);
#6526=EDGE_CURVE('',#5154,#5153,#2948,.T.);
#6527=EDGE_CURVE('',#5154,#5152,#2949,.T.);
#6528=EDGE_CURVE('',#5146,#5149,#2950,.T.);
#6529=EDGE_CURVE('',#5145,#5150,#2951,.T.);
#6530=EDGE_CURVE('',#5152,#5155,#2952,.T.);
#6531=EDGE_CURVE('',#5156,#5154,#2953,.T.);
#6532=EDGE_CURVE('',#5155,#5156,#2954,.T.);
#6533=EDGE_CURVE('',#5155,#5157,#2955,.T.);
#6534=EDGE_CURVE('',#5158,#5156,#2956,.T.);
#6535=EDGE_CURVE('',#5157,#5158,#2957,.T.);
#6536=EDGE_CURVE('',#5157,#5151,#2958,.T.);
#6537=EDGE_CURVE('',#5153,#5158,#2959,.T.);
#6538=EDGE_CURVE('',#5148,#5143,#2960,.T.);
#6539=EDGE_CURVE('',#5021,#5159,#2961,.T.);
#6540=EDGE_CURVE('',#5144,#5159,#2962,.T.);
#6541=EDGE_CURVE('',#5134,#5147,#2963,.T.);
#6542=EDGE_CURVE('',#5159,#5160,#2964,.T.);
#6543=EDGE_CURVE('',#5135,#5160,#2965,.T.);
#6544=EDGE_CURVE('',#5160,#5010,#2966,.T.);
#6545=EDGE_CURVE('',#5089,#5161,#2967,.T.);
#6546=EDGE_CURVE('',#5136,#5161,#2968,.T.);
#6547=EDGE_CURVE('',#5161,#5162,#2969,.T.);
#6548=EDGE_CURVE('',#5137,#5162,#2970,.T.);
#6549=EDGE_CURVE('',#5162,#5163,#2971,.T.);
#6550=EDGE_CURVE('',#5138,#5163,#2972,.T.);
#6551=EDGE_CURVE('',#5163,#5164,#2973,.T.);
#6552=EDGE_CURVE('',#5139,#5164,#2974,.T.);
#6553=EDGE_CURVE('',#5164,#5165,#2975,.T.);
#6554=EDGE_CURVE('',#5140,#5165,#2976,.T.);
#6555=EDGE_CURVE('',#5165,#5079,#2977,.T.);
#6556=EDGE_CURVE('',#5166,#5133,#2978,.T.);
#6557=EDGE_CURVE('',#5167,#5166,#2979,.T.);
#6558=EDGE_CURVE('',#5168,#5167,#2980,.T.);
#6559=EDGE_CURVE('',#5169,#5168,#2981,.T.);
#6560=EDGE_CURVE('',#5170,#5169,#2982,.T.);
#6561=EDGE_CURVE('',#5171,#5170,#2983,.T.);
#6562=EDGE_CURVE('',#5172,#5171,#2984,.T.);
#6563=EDGE_CURVE('',#4966,#5172,#2985,.T.);
#6564=EDGE_CURVE('',#4962,#5173,#2986,.T.);
#6565=EDGE_CURVE('',#5173,#5174,#2987,.T.);
#6566=EDGE_CURVE('',#5174,#4963,#2988,.T.);
#6567=EDGE_CURVE('',#5173,#5175,#2989,.T.);
#6568=EDGE_CURVE('',#5175,#5176,#2990,.T.);
#6569=EDGE_CURVE('',#5176,#5177,#2991,.T.);
#6570=EDGE_CURVE('',#5177,#5178,#2992,.T.);
#6571=EDGE_CURVE('',#5178,#5179,#2993,.T.);
#6572=EDGE_CURVE('',#5179,#5180,#2994,.T.);
#6573=EDGE_CURVE('',#5180,#5181,#355,.T.);
#6574=EDGE_CURVE('',#5181,#5182,#2995,.T.);
#6575=EDGE_CURVE('',#5182,#5183,#2996,.T.);
#6576=EDGE_CURVE('',#5183,#5184,#2997,.T.);
#6577=EDGE_CURVE('',#5184,#5185,#2998,.T.);
#6578=EDGE_CURVE('',#5185,#5186,#2999,.T.);
#6579=EDGE_CURVE('',#5186,#5187,#356,.T.);
#6580=EDGE_CURVE('',#5187,#5188,#3000,.T.);
#6581=EDGE_CURVE('',#5188,#5189,#3001,.T.);
#6582=EDGE_CURVE('',#5189,#5190,#3002,.T.);
#6583=EDGE_CURVE('',#5190,#5191,#3003,.T.);
#6584=EDGE_CURVE('',#5191,#5192,#3004,.T.);
#6585=EDGE_CURVE('',#5192,#5193,#3005,.T.);
#6586=EDGE_CURVE('',#5194,#5193,#3006,.T.);
#6587=EDGE_CURVE('',#5174,#5194,#3007,.T.);
#6588=EDGE_CURVE('',#5195,#5195,#357,.T.);
#6589=EDGE_CURVE('',#5196,#5196,#358,.T.);
#6590=EDGE_CURVE('',#5197,#5197,#359,.T.);
#6591=EDGE_CURVE('',#5193,#5167,#3008,.T.);
#6592=EDGE_CURVE('',#5166,#5194,#3009,.T.);
#6593=EDGE_CURVE('',#5198,#5198,#360,.T.);
#6594=EDGE_CURVE('',#5198,#5195,#3010,.T.);
#6595=EDGE_CURVE('',#5199,#5199,#361,.T.);
#6596=EDGE_CURVE('',#5199,#5196,#3011,.T.);
#6597=EDGE_CURVE('',#5200,#5200,#362,.T.);
#6598=EDGE_CURVE('',#5200,#5197,#3012,.T.);
#6599=EDGE_CURVE('',#5127,#5201,#3013,.T.);
#6600=EDGE_CURVE('',#5201,#5132,#3014,.T.);
#6601=EDGE_CURVE('',#5141,#5131,#3015,.T.);
#6602=EDGE_CURVE('',#4964,#5201,#3016,.T.);
#6603=EDGE_CURVE('',#4961,#5175,#3017,.T.);
#6604=EDGE_CURVE('',#4960,#5176,#3018,.T.);
#6605=EDGE_CURVE('',#4959,#5177,#3019,.T.);
#6606=EDGE_CURVE('',#4958,#5178,#3020,.T.);
#6607=EDGE_CURVE('',#4957,#5179,#3021,.T.);
#6608=EDGE_CURVE('',#5180,#4947,#3022,.T.);
#6609=EDGE_CURVE('',#4983,#5181,#3023,.T.);
#6610=EDGE_CURVE('',#4982,#5182,#3024,.T.);
#6611=EDGE_CURVE('',#4981,#5183,#3025,.T.);
#6612=EDGE_CURVE('',#4980,#5184,#3026,.T.);
#6613=EDGE_CURVE('',#4979,#5185,#3027,.T.);
#6614=EDGE_CURVE('',#4978,#5186,#3028,.T.);
#6615=EDGE_CURVE('',#5142,#5187,#3029,.T.);
#6616=EDGE_CURVE('',#5172,#5188,#3030,.T.);
#6617=EDGE_CURVE('',#5171,#5189,#3031,.T.);
#6618=EDGE_CURVE('',#5170,#5190,#3032,.T.);
#6619=EDGE_CURVE('',#5169,#5191,#3033,.T.);
#6620=EDGE_CURVE('',#5168,#5192,#3034,.T.);
#6621=EDGE_CURVE('',#5202,#5203,#3035,.T.);
#6622=EDGE_CURVE('',#5204,#5203,#3036,.T.);
#6623=EDGE_CURVE('',#5205,#5204,#3037,.T.);
#6624=EDGE_CURVE('',#5205,#5202,#3038,.T.);
#6625=EDGE_CURVE('',#5203,#5206,#3039,.T.);
#6626=EDGE_CURVE('',#5207,#5206,#3040,.T.);
#6627=EDGE_CURVE('',#5204,#5207,#3041,.T.);
#6628=EDGE_CURVE('',#5206,#5208,#3042,.T.);
#6629=EDGE_CURVE('',#5209,#5208,#3043,.T.);
#6630=EDGE_CURVE('',#5207,#5209,#3044,.T.);
#6631=EDGE_CURVE('',#5208,#5210,#3045,.T.);
#6632=EDGE_CURVE('',#5211,#5210,#3046,.T.);
#6633=EDGE_CURVE('',#5209,#5211,#3047,.T.);
#6634=EDGE_CURVE('',#5210,#5212,#3048,.T.);
#6635=EDGE_CURVE('',#5213,#5212,#3049,.T.);
#6636=EDGE_CURVE('',#5213,#5211,#3050,.T.);
#6637=EDGE_CURVE('',#5212,#5214,#3051,.T.);
#6638=EDGE_CURVE('',#5215,#5214,#3052,.T.);
#6639=EDGE_CURVE('',#5215,#5213,#3053,.T.);
#6640=EDGE_CURVE('',#5214,#5216,#3054,.T.);
#6641=EDGE_CURVE('',#5217,#5216,#3055,.T.);
#6642=EDGE_CURVE('',#5217,#5215,#3056,.T.);
#6643=EDGE_CURVE('',#5216,#5218,#3057,.T.);
#6644=EDGE_CURVE('',#5219,#5218,#3058,.T.);
#6645=EDGE_CURVE('',#5217,#5219,#3059,.T.);
#6646=EDGE_CURVE('',#5218,#5220,#3060,.T.);
#6647=EDGE_CURVE('',#5221,#5220,#3061,.T.);
#6648=EDGE_CURVE('',#5219,#5221,#3062,.T.);
#6649=EDGE_CURVE('',#5220,#5222,#3063,.T.);
#6650=EDGE_CURVE('',#5223,#5222,#3064,.T.);
#6651=EDGE_CURVE('',#5221,#5223,#3065,.T.);
#6652=EDGE_CURVE('',#5222,#5224,#3066,.T.);
#6653=EDGE_CURVE('',#5225,#5224,#3067,.T.);
#6654=EDGE_CURVE('',#5223,#5225,#3068,.T.);
#6655=EDGE_CURVE('',#5224,#5226,#363,.T.);
#6656=EDGE_CURVE('',#5227,#5226,#3069,.T.);
#6657=EDGE_CURVE('',#5225,#5227,#364,.T.);
#6658=EDGE_CURVE('',#5226,#5228,#3070,.T.);
#6659=EDGE_CURVE('',#5229,#5228,#3071,.T.);
#6660=EDGE_CURVE('',#5227,#5229,#3072,.T.);
#6661=EDGE_CURVE('',#5228,#5202,#365,.T.);
#6662=EDGE_CURVE('',#5229,#5205,#366,.T.);
#6663=EDGE_CURVE('',#5230,#5231,#367,.F.);
#6664=EDGE_CURVE('',#5232,#5230,#368,.F.);
#6665=EDGE_CURVE('',#5231,#5232,#369,.F.);
#6666=EDGE_CURVE('',#5233,#5234,#370,.F.);
#6667=EDGE_CURVE('',#5235,#5233,#371,.F.);
#6668=EDGE_CURVE('',#5234,#5235,#372,.F.);
#6669=EDGE_CURVE('',#5236,#5237,#373,.F.);
#6670=EDGE_CURVE('',#5238,#5236,#374,.F.);
#6671=EDGE_CURVE('',#5237,#5238,#375,.F.);
#6672=EDGE_CURVE('',#5239,#5240,#376,.F.);
#6673=EDGE_CURVE('',#5241,#5239,#377,.F.);
#6674=EDGE_CURVE('',#5240,#5241,#378,.F.);
#6675=EDGE_CURVE('',#5242,#5243,#379,.F.);
#6676=EDGE_CURVE('',#5244,#5242,#380,.F.);
#6677=EDGE_CURVE('',#5243,#5244,#381,.F.);
#6678=EDGE_CURVE('',#5245,#5246,#382,.F.);
#6679=EDGE_CURVE('',#5247,#5245,#383,.F.);
#6680=EDGE_CURVE('',#5246,#5247,#384,.F.);
#6681=EDGE_CURVE('',#5245,#5239,#3073,.T.);
#6682=EDGE_CURVE('',#5240,#5247,#3074,.T.);
#6683=EDGE_CURVE('',#5233,#5246,#3075,.T.);
#6684=EDGE_CURVE('',#5247,#5235,#3076,.T.);
#6685=EDGE_CURVE('',#5248,#5249,#385,.F.);
#6686=EDGE_CURVE('',#5250,#5248,#386,.F.);
#6687=EDGE_CURVE('',#5249,#5250,#387,.F.);
#6688=EDGE_CURVE('',#5251,#5252,#388,.F.);
#6689=EDGE_CURVE('',#5253,#5251,#389,.F.);
#6690=EDGE_CURVE('',#5252,#5253,#390,.F.);
#6691=EDGE_CURVE('',#5248,#5253,#3077,.T.);
#6692=EDGE_CURVE('',#5251,#5250,#3078,.T.);
#6693=EDGE_CURVE('',#5253,#5245,#3079,.T.);
#6694=EDGE_CURVE('',#5246,#5252,#3080,.T.);
#6695=EDGE_CURVE('',#5242,#5251,#3081,.T.);
#6696=EDGE_CURVE('',#5252,#5244,#3082,.T.);
#6697=EDGE_CURVE('',#5236,#5249,#3083,.T.);
#6698=EDGE_CURVE('',#5250,#5238,#3084,.T.);
#6699=EDGE_CURVE('',#5239,#5248,#3085,.T.);
#6700=EDGE_CURVE('',#5249,#5241,#3086,.T.);
#6701=EDGE_CURVE('',#5234,#5243,#3087,.T.);
#6702=EDGE_CURVE('',#5244,#5233,#3088,.T.);
#6703=EDGE_CURVE('',#5243,#5237,#3089,.T.);
#6704=EDGE_CURVE('',#5238,#5242,#3090,.T.);
#6705=EDGE_CURVE('',#5230,#5240,#3091,.T.);
#6706=EDGE_CURVE('',#5241,#5232,#3092,.T.);
#6707=EDGE_CURVE('',#5237,#5231,#3093,.T.);
#6708=EDGE_CURVE('',#5232,#5236,#3094,.T.);
#6709=EDGE_CURVE('',#5231,#5234,#3095,.T.);
#6710=EDGE_CURVE('',#5235,#5230,#3096,.T.);
#6711=ORIENTED_EDGE('',*,*,#5254,.T.);
#6712=ORIENTED_EDGE('',*,*,#5255,.F.);
#6713=ORIENTED_EDGE('',*,*,#5256,.F.);
#6714=ORIENTED_EDGE('',*,*,#5257,.F.);
#6715=ORIENTED_EDGE('',*,*,#5258,.F.);
#6716=ORIENTED_EDGE('',*,*,#5259,.T.);
#6717=ORIENTED_EDGE('',*,*,#5260,.F.);
#6718=ORIENTED_EDGE('',*,*,#5261,.F.);
#6719=ORIENTED_EDGE('',*,*,#5262,.F.);
#6720=ORIENTED_EDGE('',*,*,#5263,.F.);
#6721=ORIENTED_EDGE('',*,*,#5264,.F.);
#6722=ORIENTED_EDGE('',*,*,#5265,.F.);
#6723=ORIENTED_EDGE('',*,*,#5266,.T.);
#6724=ORIENTED_EDGE('',*,*,#5267,.F.);
#6725=ORIENTED_EDGE('',*,*,#5268,.F.);
#6726=ORIENTED_EDGE('',*,*,#5269,.T.);
#6727=ORIENTED_EDGE('',*,*,#5270,.F.);
#6728=ORIENTED_EDGE('',*,*,#5271,.F.);
#6729=ORIENTED_EDGE('',*,*,#5272,.F.);
#6730=ORIENTED_EDGE('',*,*,#5273,.F.);
#6731=ORIENTED_EDGE('',*,*,#5254,.F.);
#6732=ORIENTED_EDGE('',*,*,#5274,.T.);
#6733=ORIENTED_EDGE('',*,*,#5275,.F.);
#6734=ORIENTED_EDGE('',*,*,#5276,.T.);
#6735=ORIENTED_EDGE('',*,*,#5277,.T.);
#6736=ORIENTED_EDGE('',*,*,#5278,.T.);
#6737=ORIENTED_EDGE('',*,*,#5279,.F.);
#6738=ORIENTED_EDGE('',*,*,#5280,.T.);
#6739=ORIENTED_EDGE('',*,*,#5281,.T.);
#6740=ORIENTED_EDGE('',*,*,#5282,.T.);
#6741=ORIENTED_EDGE('',*,*,#5283,.F.);
#6742=ORIENTED_EDGE('',*,*,#5284,.T.);
#6743=ORIENTED_EDGE('',*,*,#5285,.T.);
#6744=ORIENTED_EDGE('',*,*,#5286,.T.);
#6745=ORIENTED_EDGE('',*,*,#5287,.F.);
#6746=ORIENTED_EDGE('',*,*,#5288,.T.);
#6747=ORIENTED_EDGE('',*,*,#5289,.T.);
#6748=ORIENTED_EDGE('',*,*,#5290,.T.);
#6749=ORIENTED_EDGE('',*,*,#5255,.T.);
#6750=ORIENTED_EDGE('',*,*,#5273,.T.);
#6751=ORIENTED_EDGE('',*,*,#5291,.F.);
#6752=ORIENTED_EDGE('',*,*,#5292,.F.);
#6753=ORIENTED_EDGE('',*,*,#5256,.T.);
#6754=ORIENTED_EDGE('',*,*,#5292,.T.);
#6755=ORIENTED_EDGE('',*,*,#5293,.F.);
#6756=ORIENTED_EDGE('',*,*,#5294,.F.);
#6757=ORIENTED_EDGE('',*,*,#5257,.T.);
#6758=ORIENTED_EDGE('',*,*,#5294,.T.);
#6759=ORIENTED_EDGE('',*,*,#5295,.F.);
#6760=ORIENTED_EDGE('',*,*,#5296,.F.);
#6761=ORIENTED_EDGE('',*,*,#5258,.T.);
#6762=ORIENTED_EDGE('',*,*,#5296,.T.);
#6763=ORIENTED_EDGE('',*,*,#5297,.F.);
#6764=ORIENTED_EDGE('',*,*,#5298,.F.);
#6765=ORIENTED_EDGE('',*,*,#5259,.F.);
#6766=ORIENTED_EDGE('',*,*,#5298,.T.);
#6767=ORIENTED_EDGE('',*,*,#5299,.T.);
#6768=ORIENTED_EDGE('',*,*,#5300,.F.);
#6769=ORIENTED_EDGE('',*,*,#5270,.T.);
#6770=ORIENTED_EDGE('',*,*,#5301,.T.);
#6771=ORIENTED_EDGE('',*,*,#5302,.T.);
#6772=ORIENTED_EDGE('',*,*,#5303,.T.);
#6773=ORIENTED_EDGE('',*,*,#5304,.T.);
#6774=ORIENTED_EDGE('',*,*,#5305,.F.);
#6775=ORIENTED_EDGE('',*,*,#5306,.F.);
#6776=ORIENTED_EDGE('',*,*,#5307,.F.);
#6777=ORIENTED_EDGE('',*,*,#5308,.F.);
#6778=ORIENTED_EDGE('',*,*,#5309,.F.);
#6779=ORIENTED_EDGE('',*,*,#5310,.F.);
#6780=ORIENTED_EDGE('',*,*,#5311,.F.);
#6781=ORIENTED_EDGE('',*,*,#5312,.F.);
#6782=ORIENTED_EDGE('',*,*,#5313,.F.);
#6783=ORIENTED_EDGE('',*,*,#5314,.F.);
#6784=ORIENTED_EDGE('',*,*,#5315,.F.);
#6785=ORIENTED_EDGE('',*,*,#5316,.F.);
#6786=ORIENTED_EDGE('',*,*,#5317,.F.);
#6787=ORIENTED_EDGE('',*,*,#5318,.F.);
#6788=ORIENTED_EDGE('',*,*,#5319,.F.);
#6789=ORIENTED_EDGE('',*,*,#5320,.F.);
#6790=ORIENTED_EDGE('',*,*,#5260,.T.);
#6791=ORIENTED_EDGE('',*,*,#5305,.T.);
#6792=ORIENTED_EDGE('',*,*,#5321,.F.);
#6793=ORIENTED_EDGE('',*,*,#5322,.F.);
#6794=ORIENTED_EDGE('',*,*,#5323,.T.);
#6795=ORIENTED_EDGE('',*,*,#5324,.F.);
#6796=ORIENTED_EDGE('',*,*,#5261,.T.);
#6797=ORIENTED_EDGE('',*,*,#5320,.T.);
#6798=ORIENTED_EDGE('',*,*,#5325,.F.);
#6799=ORIENTED_EDGE('',*,*,#5326,.F.);
#6800=ORIENTED_EDGE('',*,*,#5262,.T.);
#6801=ORIENTED_EDGE('',*,*,#5324,.T.);
#6802=ORIENTED_EDGE('',*,*,#5327,.F.);
#6803=ORIENTED_EDGE('',*,*,#5328,.F.);
#6804=ORIENTED_EDGE('',*,*,#5263,.T.);
#6805=ORIENTED_EDGE('',*,*,#5326,.T.);
#6806=ORIENTED_EDGE('',*,*,#5329,.F.);
#6807=ORIENTED_EDGE('',*,*,#5330,.F.);
#6808=ORIENTED_EDGE('',*,*,#5264,.T.);
#6809=ORIENTED_EDGE('',*,*,#5328,.T.);
#6810=ORIENTED_EDGE('',*,*,#5331,.F.);
#6811=ORIENTED_EDGE('',*,*,#5265,.T.);
#6812=ORIENTED_EDGE('',*,*,#5330,.T.);
#6813=ORIENTED_EDGE('',*,*,#5332,.F.);
#6814=ORIENTED_EDGE('',*,*,#5318,.T.);
#6815=ORIENTED_EDGE('',*,*,#5333,.T.);
#6816=ORIENTED_EDGE('',*,*,#5334,.T.);
#6817=ORIENTED_EDGE('',*,*,#5335,.F.);
#6818=ORIENTED_EDGE('',*,*,#5290,.F.);
#6819=ORIENTED_EDGE('',*,*,#5336,.T.);
#6820=ORIENTED_EDGE('',*,*,#5337,.F.);
#6821=ORIENTED_EDGE('',*,*,#5338,.F.);
#6822=ORIENTED_EDGE('',*,*,#5286,.F.);
#6823=ORIENTED_EDGE('',*,*,#5339,.T.);
#6824=ORIENTED_EDGE('',*,*,#5340,.F.);
#6825=ORIENTED_EDGE('',*,*,#5341,.F.);
#6826=ORIENTED_EDGE('',*,*,#5282,.F.);
#6827=ORIENTED_EDGE('',*,*,#5342,.T.);
#6828=ORIENTED_EDGE('',*,*,#5343,.F.);
#6829=ORIENTED_EDGE('',*,*,#5344,.F.);
#6830=ORIENTED_EDGE('',*,*,#5278,.F.);
#6831=ORIENTED_EDGE('',*,*,#5345,.T.);
#6832=ORIENTED_EDGE('',*,*,#5346,.F.);
#6833=ORIENTED_EDGE('',*,*,#5347,.F.);
#6834=ORIENTED_EDGE('',*,*,#5274,.F.);
#6835=ORIENTED_EDGE('',*,*,#5266,.F.);
#6836=ORIENTED_EDGE('',*,*,#5335,.T.);
#6837=ORIENTED_EDGE('',*,*,#5348,.T.);
#6838=ORIENTED_EDGE('',*,*,#5349,.T.);
#6839=ORIENTED_EDGE('',*,*,#5350,.T.);
#6840=ORIENTED_EDGE('',*,*,#5351,.T.);
#6841=ORIENTED_EDGE('',*,*,#5321,.T.);
#6842=ORIENTED_EDGE('',*,*,#5304,.F.);
#6843=ORIENTED_EDGE('',*,*,#5352,.T.);
#6844=ORIENTED_EDGE('',*,*,#5353,.T.);
#6845=ORIENTED_EDGE('',*,*,#5354,.T.);
#6846=ORIENTED_EDGE('',*,*,#5355,.T.);
#6847=ORIENTED_EDGE('',*,*,#5356,.T.);
#6848=ORIENTED_EDGE('',*,*,#5267,.T.);
#6849=ORIENTED_EDGE('',*,*,#5355,.F.);
#6850=ORIENTED_EDGE('',*,*,#5357,.F.);
#6851=ORIENTED_EDGE('',*,*,#5358,.F.);
#6852=ORIENTED_EDGE('',*,*,#5268,.T.);
#6853=ORIENTED_EDGE('',*,*,#5359,.T.);
#6854=ORIENTED_EDGE('',*,*,#5360,.F.);
#6855=ORIENTED_EDGE('',*,*,#5361,.T.);
#6856=ORIENTED_EDGE('',*,*,#5362,.T.);
#6857=ORIENTED_EDGE('',*,*,#5269,.F.);
#6858=ORIENTED_EDGE('',*,*,#5358,.T.);
#6859=ORIENTED_EDGE('',*,*,#5363,.F.);
#6860=ORIENTED_EDGE('',*,*,#5364,.F.);
#6861=ORIENTED_EDGE('',*,*,#5271,.T.);
#6862=ORIENTED_EDGE('',*,*,#5365,.F.);
#6863=ORIENTED_EDGE('',*,*,#5366,.F.);
#6864=ORIENTED_EDGE('',*,*,#5272,.T.);
#6865=ORIENTED_EDGE('',*,*,#5364,.T.);
#6866=ORIENTED_EDGE('',*,*,#5367,.F.);
#6867=ORIENTED_EDGE('',*,*,#5368,.T.);
#6868=ORIENTED_EDGE('',*,*,#5275,.T.);
#6869=ORIENTED_EDGE('',*,*,#5347,.T.);
#6870=ORIENTED_EDGE('',*,*,#5369,.T.);
#6871=ORIENTED_EDGE('',*,*,#5370,.T.);
#6872=ORIENTED_EDGE('',*,*,#5371,.T.);
#6873=ORIENTED_EDGE('',*,*,#5372,.T.);
#6874=ORIENTED_EDGE('',*,*,#5373,.T.);
#6875=ORIENTED_EDGE('',*,*,#5276,.F.);
#6876=ORIENTED_EDGE('',*,*,#5368,.F.);
#6877=ORIENTED_EDGE('',*,*,#5373,.F.);
#6878=ORIENTED_EDGE('',*,*,#5374,.F.);
#6879=ORIENTED_EDGE('',*,*,#5375,.F.);
#6880=ORIENTED_EDGE('',*,*,#5376,.F.);
#6881=ORIENTED_EDGE('',*,*,#5345,.F.);
#6882=ORIENTED_EDGE('',*,*,#5277,.F.);
#6883=ORIENTED_EDGE('',*,*,#5377,.T.);
#6884=ORIENTED_EDGE('',*,*,#5279,.T.);
#6885=ORIENTED_EDGE('',*,*,#5344,.T.);
#6886=ORIENTED_EDGE('',*,*,#5378,.T.);
#6887=ORIENTED_EDGE('',*,*,#5379,.T.);
#6888=ORIENTED_EDGE('',*,*,#5380,.T.);
#6889=ORIENTED_EDGE('',*,*,#5381,.T.);
#6890=ORIENTED_EDGE('',*,*,#5382,.T.);
#6891=ORIENTED_EDGE('',*,*,#5280,.F.);
#6892=ORIENTED_EDGE('',*,*,#5377,.F.);
#6893=ORIENTED_EDGE('',*,*,#5382,.F.);
#6894=ORIENTED_EDGE('',*,*,#5383,.F.);
#6895=ORIENTED_EDGE('',*,*,#5384,.F.);
#6896=ORIENTED_EDGE('',*,*,#5385,.F.);
#6897=ORIENTED_EDGE('',*,*,#5342,.F.);
#6898=ORIENTED_EDGE('',*,*,#5281,.F.);
#6899=ORIENTED_EDGE('',*,*,#5386,.T.);
#6900=ORIENTED_EDGE('',*,*,#5283,.T.);
#6901=ORIENTED_EDGE('',*,*,#5341,.T.);
#6902=ORIENTED_EDGE('',*,*,#5387,.T.);
#6903=ORIENTED_EDGE('',*,*,#5388,.T.);
#6904=ORIENTED_EDGE('',*,*,#5389,.T.);
#6905=ORIENTED_EDGE('',*,*,#5390,.T.);
#6906=ORIENTED_EDGE('',*,*,#5391,.T.);
#6907=ORIENTED_EDGE('',*,*,#5284,.F.);
#6908=ORIENTED_EDGE('',*,*,#5386,.F.);
#6909=ORIENTED_EDGE('',*,*,#5391,.F.);
#6910=ORIENTED_EDGE('',*,*,#5392,.F.);
#6911=ORIENTED_EDGE('',*,*,#5393,.F.);
#6912=ORIENTED_EDGE('',*,*,#5394,.F.);
#6913=ORIENTED_EDGE('',*,*,#5339,.F.);
#6914=ORIENTED_EDGE('',*,*,#5285,.F.);
#6915=ORIENTED_EDGE('',*,*,#5395,.T.);
#6916=ORIENTED_EDGE('',*,*,#5287,.T.);
#6917=ORIENTED_EDGE('',*,*,#5338,.T.);
#6918=ORIENTED_EDGE('',*,*,#5396,.T.);
#6919=ORIENTED_EDGE('',*,*,#5397,.T.);
#6920=ORIENTED_EDGE('',*,*,#5398,.T.);
#6921=ORIENTED_EDGE('',*,*,#5399,.T.);
#6922=ORIENTED_EDGE('',*,*,#5400,.T.);
#6923=ORIENTED_EDGE('',*,*,#5288,.F.);
#6924=ORIENTED_EDGE('',*,*,#5395,.F.);
#6925=ORIENTED_EDGE('',*,*,#5400,.F.);
#6926=ORIENTED_EDGE('',*,*,#5401,.F.);
#6927=ORIENTED_EDGE('',*,*,#5402,.F.);
#6928=ORIENTED_EDGE('',*,*,#5403,.F.);
#6929=ORIENTED_EDGE('',*,*,#5336,.F.);
#6930=ORIENTED_EDGE('',*,*,#5289,.F.);
#6931=ORIENTED_EDGE('',*,*,#5404,.T.);
#6932=ORIENTED_EDGE('',*,*,#5297,.T.);
#6933=ORIENTED_EDGE('',*,*,#5295,.T.);
#6934=ORIENTED_EDGE('',*,*,#5293,.T.);
#6935=ORIENTED_EDGE('',*,*,#5291,.T.);
#6936=ORIENTED_EDGE('',*,*,#5366,.T.);
#6937=ORIENTED_EDGE('',*,*,#5405,.T.);
#6938=ORIENTED_EDGE('',*,*,#5406,.T.);
#6939=ORIENTED_EDGE('',*,*,#5365,.T.);
#6940=ORIENTED_EDGE('',*,*,#5300,.T.);
#6941=ORIENTED_EDGE('',*,*,#5299,.F.);
#6942=ORIENTED_EDGE('',*,*,#5404,.F.);
#6943=ORIENTED_EDGE('',*,*,#5407,.T.);
#6944=ORIENTED_EDGE('',*,*,#5408,.T.);
#6945=ORIENTED_EDGE('',*,*,#5302,.F.);
#6946=ORIENTED_EDGE('',*,*,#5301,.F.);
#6947=ORIENTED_EDGE('',*,*,#5362,.F.);
#6948=ORIENTED_EDGE('',*,*,#5409,.T.);
#6949=ORIENTED_EDGE('',*,*,#5410,.T.);
#6950=ORIENTED_EDGE('',*,*,#5352,.F.);
#6951=ORIENTED_EDGE('',*,*,#5303,.F.);
#6952=ORIENTED_EDGE('',*,*,#5306,.T.);
#6953=ORIENTED_EDGE('',*,*,#5411,.T.);
#6954=ORIENTED_EDGE('',*,*,#5412,.F.);
#6955=ORIENTED_EDGE('',*,*,#5413,.T.);
#6956=ORIENTED_EDGE('',*,*,#5314,.T.);
#6957=ORIENTED_EDGE('',*,*,#5414,.T.);
#6958=ORIENTED_EDGE('',*,*,#5415,.F.);
#6959=ORIENTED_EDGE('',*,*,#5416,.F.);
#6960=ORIENTED_EDGE('',*,*,#5317,.T.);
#6961=ORIENTED_EDGE('',*,*,#5417,.T.);
#6962=ORIENTED_EDGE('',*,*,#5418,.F.);
#6963=ORIENTED_EDGE('',*,*,#5411,.F.);
#6964=ORIENTED_EDGE('',*,*,#5417,.F.);
#6965=ORIENTED_EDGE('',*,*,#5316,.T.);
#6966=ORIENTED_EDGE('',*,*,#5419,.T.);
#6967=ORIENTED_EDGE('',*,*,#5420,.F.);
#6968=ORIENTED_EDGE('',*,*,#5315,.T.);
#6969=ORIENTED_EDGE('',*,*,#5413,.F.);
#6970=ORIENTED_EDGE('',*,*,#5421,.F.);
#6971=ORIENTED_EDGE('',*,*,#5419,.F.);
#6972=ORIENTED_EDGE('',*,*,#5414,.F.);
#6973=ORIENTED_EDGE('',*,*,#5313,.T.);
#6974=ORIENTED_EDGE('',*,*,#5422,.T.);
#6975=ORIENTED_EDGE('',*,*,#5423,.F.);
#6976=ORIENTED_EDGE('',*,*,#5312,.T.);
#6977=ORIENTED_EDGE('',*,*,#5424,.T.);
#6978=ORIENTED_EDGE('',*,*,#5425,.F.);
#6979=ORIENTED_EDGE('',*,*,#5426,.T.);
#6980=ORIENTED_EDGE('',*,*,#5308,.T.);
#6981=ORIENTED_EDGE('',*,*,#5427,.T.);
#6982=ORIENTED_EDGE('',*,*,#5428,.F.);
#6983=ORIENTED_EDGE('',*,*,#5422,.F.);
#6984=ORIENTED_EDGE('',*,*,#5311,.T.);
#6985=ORIENTED_EDGE('',*,*,#5429,.T.);
#6986=ORIENTED_EDGE('',*,*,#5430,.F.);
#6987=ORIENTED_EDGE('',*,*,#5424,.F.);
#6988=ORIENTED_EDGE('',*,*,#5429,.F.);
#6989=ORIENTED_EDGE('',*,*,#5310,.T.);
#6990=ORIENTED_EDGE('',*,*,#5431,.T.);
#6991=ORIENTED_EDGE('',*,*,#5432,.F.);
#6992=ORIENTED_EDGE('',*,*,#5309,.T.);
#6993=ORIENTED_EDGE('',*,*,#5426,.F.);
#6994=ORIENTED_EDGE('',*,*,#5433,.F.);
#6995=ORIENTED_EDGE('',*,*,#5431,.F.);
#6996=ORIENTED_EDGE('',*,*,#5427,.F.);
#6997=ORIENTED_EDGE('',*,*,#5307,.T.);
#6998=ORIENTED_EDGE('',*,*,#5416,.T.);
#6999=ORIENTED_EDGE('',*,*,#5434,.F.);
#7000=ORIENTED_EDGE('',*,*,#5333,.F.);
#7001=ORIENTED_EDGE('',*,*,#5323,.F.);
#7002=ORIENTED_EDGE('',*,*,#5435,.F.);
#7003=ORIENTED_EDGE('',*,*,#5436,.F.);
#7004=ORIENTED_EDGE('',*,*,#5437,.F.);
#7005=ORIENTED_EDGE('',*,*,#5438,.F.);
#7006=ORIENTED_EDGE('',*,*,#5439,.F.);
#7007=ORIENTED_EDGE('',*,*,#5435,.T.);
#7008=ORIENTED_EDGE('',*,*,#5322,.T.);
#7009=ORIENTED_EDGE('',*,*,#5351,.F.);
#7010=ORIENTED_EDGE('',*,*,#5332,.T.);
#7011=ORIENTED_EDGE('',*,*,#5331,.T.);
#7012=ORIENTED_EDGE('',*,*,#5329,.T.);
#7013=ORIENTED_EDGE('',*,*,#5327,.T.);
#7014=ORIENTED_EDGE('',*,*,#5325,.T.);
#7015=ORIENTED_EDGE('',*,*,#5319,.T.);
#7016=ORIENTED_EDGE('',*,*,#5334,.F.);
#7017=ORIENTED_EDGE('',*,*,#5438,.T.);
#7018=ORIENTED_EDGE('',*,*,#5440,.T.);
#7019=ORIENTED_EDGE('',*,*,#5348,.F.);
#7020=ORIENTED_EDGE('',*,*,#5337,.T.);
#7021=ORIENTED_EDGE('',*,*,#5403,.T.);
#7022=ORIENTED_EDGE('',*,*,#5441,.F.);
#7023=ORIENTED_EDGE('',*,*,#5396,.F.);
#7024=ORIENTED_EDGE('',*,*,#5340,.T.);
#7025=ORIENTED_EDGE('',*,*,#5394,.T.);
#7026=ORIENTED_EDGE('',*,*,#5442,.F.);
#7027=ORIENTED_EDGE('',*,*,#5387,.F.);
#7028=ORIENTED_EDGE('',*,*,#5343,.T.);
#7029=ORIENTED_EDGE('',*,*,#5385,.T.);
#7030=ORIENTED_EDGE('',*,*,#5443,.F.);
#7031=ORIENTED_EDGE('',*,*,#5378,.F.);
#7032=ORIENTED_EDGE('',*,*,#5346,.T.);
#7033=ORIENTED_EDGE('',*,*,#5376,.T.);
#7034=ORIENTED_EDGE('',*,*,#5444,.F.);
#7035=ORIENTED_EDGE('',*,*,#5369,.F.);
#7036=ORIENTED_EDGE('',*,*,#5445,.T.);
#7037=ORIENTED_EDGE('',*,*,#5357,.T.);
#7038=ORIENTED_EDGE('',*,*,#5354,.F.);
#7039=ORIENTED_EDGE('',*,*,#5446,.F.);
#7040=ORIENTED_EDGE('',*,*,#5447,.T.);
#7041=ORIENTED_EDGE('',*,*,#5446,.T.);
#7042=ORIENTED_EDGE('',*,*,#5353,.F.);
#7043=ORIENTED_EDGE('',*,*,#5410,.F.);
#7044=ORIENTED_EDGE('',*,*,#5448,.F.);
#7045=ORIENTED_EDGE('',*,*,#5436,.T.);
#7046=ORIENTED_EDGE('',*,*,#5439,.T.);
#7047=ORIENTED_EDGE('',*,*,#5350,.F.);
#7048=ORIENTED_EDGE('',*,*,#5440,.F.);
#7049=ORIENTED_EDGE('',*,*,#5437,.T.);
#7050=ORIENTED_EDGE('',*,*,#5448,.T.);
#7051=ORIENTED_EDGE('',*,*,#5349,.F.);
#7052=ORIENTED_EDGE('',*,*,#5408,.F.);
#7053=ORIENTED_EDGE('',*,*,#5449,.F.);
#7054=ORIENTED_EDGE('',*,*,#5359,.F.);
#7055=ORIENTED_EDGE('',*,*,#5356,.F.);
#7056=ORIENTED_EDGE('',*,*,#5445,.F.);
#7057=ORIENTED_EDGE('',*,*,#5447,.F.);
#7058=ORIENTED_EDGE('',*,*,#5409,.F.);
#7059=ORIENTED_EDGE('',*,*,#5360,.T.);
#7060=ORIENTED_EDGE('',*,*,#5449,.T.);
#7061=ORIENTED_EDGE('',*,*,#5407,.F.);
#7062=ORIENTED_EDGE('',*,*,#5361,.F.);
#7063=ORIENTED_EDGE('',*,*,#5367,.T.);
#7064=ORIENTED_EDGE('',*,*,#5363,.T.);
#7065=ORIENTED_EDGE('',*,*,#5406,.F.);
#7066=ORIENTED_EDGE('',*,*,#5405,.F.);
#7067=ORIENTED_EDGE('',*,*,#5444,.T.);
#7068=ORIENTED_EDGE('',*,*,#5375,.T.);
#7069=ORIENTED_EDGE('',*,*,#5450,.F.);
#7070=ORIENTED_EDGE('',*,*,#5370,.F.);
#7071=ORIENTED_EDGE('',*,*,#5450,.T.);
#7072=ORIENTED_EDGE('',*,*,#5374,.T.);
#7073=ORIENTED_EDGE('',*,*,#5372,.F.);
#7074=ORIENTED_EDGE('',*,*,#5371,.F.);
#7075=ORIENTED_EDGE('',*,*,#5443,.T.);
#7076=ORIENTED_EDGE('',*,*,#5384,.T.);
#7077=ORIENTED_EDGE('',*,*,#5451,.F.);
#7078=ORIENTED_EDGE('',*,*,#5379,.F.);
#7079=ORIENTED_EDGE('',*,*,#5451,.T.);
#7080=ORIENTED_EDGE('',*,*,#5383,.T.);
#7081=ORIENTED_EDGE('',*,*,#5381,.F.);
#7082=ORIENTED_EDGE('',*,*,#5380,.F.);
#7083=ORIENTED_EDGE('',*,*,#5442,.T.);
#7084=ORIENTED_EDGE('',*,*,#5393,.T.);
#7085=ORIENTED_EDGE('',*,*,#5452,.F.);
#7086=ORIENTED_EDGE('',*,*,#5388,.F.);
#7087=ORIENTED_EDGE('',*,*,#5452,.T.);
#7088=ORIENTED_EDGE('',*,*,#5392,.T.);
#7089=ORIENTED_EDGE('',*,*,#5390,.F.);
#7090=ORIENTED_EDGE('',*,*,#5389,.F.);
#7091=ORIENTED_EDGE('',*,*,#5441,.T.);
#7092=ORIENTED_EDGE('',*,*,#5402,.T.);
#7093=ORIENTED_EDGE('',*,*,#5453,.F.);
#7094=ORIENTED_EDGE('',*,*,#5397,.F.);
#7095=ORIENTED_EDGE('',*,*,#5453,.T.);
#7096=ORIENTED_EDGE('',*,*,#5401,.T.);
#7097=ORIENTED_EDGE('',*,*,#5399,.F.);
#7098=ORIENTED_EDGE('',*,*,#5398,.F.);
#7099=ORIENTED_EDGE('',*,*,#5418,.T.);
#7100=ORIENTED_EDGE('',*,*,#5420,.T.);
#7101=ORIENTED_EDGE('',*,*,#5421,.T.);
#7102=ORIENTED_EDGE('',*,*,#5412,.T.);
#7103=ORIENTED_EDGE('',*,*,#5415,.T.);
#7104=ORIENTED_EDGE('',*,*,#5423,.T.);
#7105=ORIENTED_EDGE('',*,*,#5428,.T.);
#7106=ORIENTED_EDGE('',*,*,#5434,.T.);
#7107=ORIENTED_EDGE('',*,*,#5454,.F.);
#7108=ORIENTED_EDGE('',*,*,#5455,.F.);
#7109=ORIENTED_EDGE('',*,*,#5456,.T.);
#7110=ORIENTED_EDGE('',*,*,#5457,.T.);
#7111=ORIENTED_EDGE('',*,*,#5458,.F.);
#7112=ORIENTED_EDGE('',*,*,#5459,.T.);
#7113=ORIENTED_EDGE('',*,*,#5460,.T.);
#7114=ORIENTED_EDGE('',*,*,#5461,.F.);
#7115=ORIENTED_EDGE('',*,*,#5462,.F.);
#7116=ORIENTED_EDGE('',*,*,#5463,.T.);
#7117=ORIENTED_EDGE('',*,*,#5464,.T.);
#7118=ORIENTED_EDGE('',*,*,#5465,.F.);
#7119=ORIENTED_EDGE('',*,*,#5466,.F.);
#7120=ORIENTED_EDGE('',*,*,#5467,.T.);
#7121=ORIENTED_EDGE('',*,*,#5468,.T.);
#7122=ORIENTED_EDGE('',*,*,#5469,.F.);
#7123=ORIENTED_EDGE('',*,*,#5433,.T.);
#7124=ORIENTED_EDGE('',*,*,#5425,.T.);
#7125=ORIENTED_EDGE('',*,*,#5430,.T.);
#7126=ORIENTED_EDGE('',*,*,#5432,.T.);
#7127=ORIENTED_EDGE('',*,*,#5454,.T.);
#7128=ORIENTED_EDGE('',*,*,#5470,.T.);
#7129=ORIENTED_EDGE('',*,*,#5471,.F.);
#7130=ORIENTED_EDGE('',*,*,#5472,.F.);
#7131=ORIENTED_EDGE('',*,*,#5473,.F.);
#7132=ORIENTED_EDGE('',*,*,#5470,.F.);
#7133=ORIENTED_EDGE('',*,*,#5457,.F.);
#7134=ORIENTED_EDGE('',*,*,#5474,.F.);
#7135=ORIENTED_EDGE('',*,*,#5475,.T.);
#7136=ORIENTED_EDGE('',*,*,#5474,.T.);
#7137=ORIENTED_EDGE('',*,*,#5456,.F.);
#7138=ORIENTED_EDGE('',*,*,#5476,.F.);
#7139=ORIENTED_EDGE('',*,*,#5477,.T.);
#7140=ORIENTED_EDGE('',*,*,#5476,.T.);
#7141=ORIENTED_EDGE('',*,*,#5455,.T.);
#7142=ORIENTED_EDGE('',*,*,#5472,.T.);
#7143=ORIENTED_EDGE('',*,*,#5478,.T.);
#7144=ORIENTED_EDGE('',*,*,#5479,.T.);
#7145=ORIENTED_EDGE('',*,*,#5458,.T.);
#7146=ORIENTED_EDGE('',*,*,#5480,.T.);
#7147=ORIENTED_EDGE('',*,*,#5461,.T.);
#7148=ORIENTED_EDGE('',*,*,#5481,.T.);
#7149=ORIENTED_EDGE('',*,*,#5482,.F.);
#7150=ORIENTED_EDGE('',*,*,#5480,.F.);
#7151=ORIENTED_EDGE('',*,*,#5483,.F.);
#7152=ORIENTED_EDGE('',*,*,#5481,.F.);
#7153=ORIENTED_EDGE('',*,*,#5460,.F.);
#7154=ORIENTED_EDGE('',*,*,#5484,.F.);
#7155=ORIENTED_EDGE('',*,*,#5485,.T.);
#7156=ORIENTED_EDGE('',*,*,#5484,.T.);
#7157=ORIENTED_EDGE('',*,*,#5459,.F.);
#7158=ORIENTED_EDGE('',*,*,#5479,.F.);
#7159=ORIENTED_EDGE('',*,*,#5486,.T.);
#7160=ORIENTED_EDGE('',*,*,#5487,.T.);
#7161=ORIENTED_EDGE('',*,*,#5462,.T.);
#7162=ORIENTED_EDGE('',*,*,#5488,.T.);
#7163=ORIENTED_EDGE('',*,*,#5465,.T.);
#7164=ORIENTED_EDGE('',*,*,#5489,.T.);
#7165=ORIENTED_EDGE('',*,*,#5490,.F.);
#7166=ORIENTED_EDGE('',*,*,#5488,.F.);
#7167=ORIENTED_EDGE('',*,*,#5491,.F.);
#7168=ORIENTED_EDGE('',*,*,#5489,.F.);
#7169=ORIENTED_EDGE('',*,*,#5464,.F.);
#7170=ORIENTED_EDGE('',*,*,#5492,.F.);
#7171=ORIENTED_EDGE('',*,*,#5493,.T.);
#7172=ORIENTED_EDGE('',*,*,#5492,.T.);
#7173=ORIENTED_EDGE('',*,*,#5463,.F.);
#7174=ORIENTED_EDGE('',*,*,#5487,.F.);
#7175=ORIENTED_EDGE('',*,*,#5494,.T.);
#7176=ORIENTED_EDGE('',*,*,#5495,.T.);
#7177=ORIENTED_EDGE('',*,*,#5466,.T.);
#7178=ORIENTED_EDGE('',*,*,#5496,.T.);
#7179=ORIENTED_EDGE('',*,*,#5469,.T.);
#7180=ORIENTED_EDGE('',*,*,#5497,.T.);
#7181=ORIENTED_EDGE('',*,*,#5498,.F.);
#7182=ORIENTED_EDGE('',*,*,#5496,.F.);
#7183=ORIENTED_EDGE('',*,*,#5499,.F.);
#7184=ORIENTED_EDGE('',*,*,#5497,.F.);
#7185=ORIENTED_EDGE('',*,*,#5468,.F.);
#7186=ORIENTED_EDGE('',*,*,#5500,.F.);
#7187=ORIENTED_EDGE('',*,*,#5501,.T.);
#7188=ORIENTED_EDGE('',*,*,#5500,.T.);
#7189=ORIENTED_EDGE('',*,*,#5467,.F.);
#7190=ORIENTED_EDGE('',*,*,#5495,.F.);
#7191=ORIENTED_EDGE('',*,*,#5471,.T.);
#7192=ORIENTED_EDGE('',*,*,#5473,.T.);
#7193=ORIENTED_EDGE('',*,*,#5475,.F.);
#7194=ORIENTED_EDGE('',*,*,#5477,.F.);
#7195=ORIENTED_EDGE('',*,*,#5482,.T.);
#7196=ORIENTED_EDGE('',*,*,#5483,.T.);
#7197=ORIENTED_EDGE('',*,*,#5485,.F.);
#7198=ORIENTED_EDGE('',*,*,#5478,.F.);
#7199=ORIENTED_EDGE('',*,*,#5490,.T.);
#7200=ORIENTED_EDGE('',*,*,#5491,.T.);
#7201=ORIENTED_EDGE('',*,*,#5493,.F.);
#7202=ORIENTED_EDGE('',*,*,#5486,.F.);
#7203=ORIENTED_EDGE('',*,*,#5498,.T.);
#7204=ORIENTED_EDGE('',*,*,#5499,.T.);
#7205=ORIENTED_EDGE('',*,*,#5501,.F.);
#7206=ORIENTED_EDGE('',*,*,#5494,.F.);
#7207=ORIENTED_EDGE('',*,*,#5502,.T.);
#7208=ORIENTED_EDGE('',*,*,#5503,.T.);
#7209=ORIENTED_EDGE('',*,*,#5504,.T.);
#7210=ORIENTED_EDGE('',*,*,#5505,.F.);
#7211=ORIENTED_EDGE('',*,*,#5506,.F.);
#7212=ORIENTED_EDGE('',*,*,#5507,.T.);
#7213=ORIENTED_EDGE('',*,*,#5508,.F.);
#7214=ORIENTED_EDGE('',*,*,#5509,.F.);
#7215=ORIENTED_EDGE('',*,*,#5510,.T.);
#7216=ORIENTED_EDGE('',*,*,#5511,.F.);
#7217=ORIENTED_EDGE('',*,*,#5502,.F.);
#7218=ORIENTED_EDGE('',*,*,#5512,.T.);
#7219=ORIENTED_EDGE('',*,*,#5509,.T.);
#7220=ORIENTED_EDGE('',*,*,#5513,.T.);
#7221=ORIENTED_EDGE('',*,*,#5514,.F.);
#7222=ORIENTED_EDGE('',*,*,#5512,.F.);
#7223=ORIENTED_EDGE('',*,*,#5511,.T.);
#7224=ORIENTED_EDGE('',*,*,#5515,.T.);
#7225=ORIENTED_EDGE('',*,*,#5516,.F.);
#7226=ORIENTED_EDGE('',*,*,#5503,.F.);
#7227=ORIENTED_EDGE('',*,*,#5508,.T.);
#7228=ORIENTED_EDGE('',*,*,#5517,.T.);
#7229=ORIENTED_EDGE('',*,*,#5518,.F.);
#7230=ORIENTED_EDGE('',*,*,#5513,.F.);
#7231=ORIENTED_EDGE('',*,*,#5504,.F.);
#7232=ORIENTED_EDGE('',*,*,#5516,.T.);
#7233=ORIENTED_EDGE('',*,*,#5519,.T.);
#7234=ORIENTED_EDGE('',*,*,#5520,.F.);
#7235=ORIENTED_EDGE('',*,*,#5521,.T.);
#7236=ORIENTED_EDGE('',*,*,#5522,.T.);
#7237=ORIENTED_EDGE('',*,*,#5517,.F.);
#7238=ORIENTED_EDGE('',*,*,#5507,.F.);
#7239=ORIENTED_EDGE('',*,*,#5505,.T.);
#7240=ORIENTED_EDGE('',*,*,#5520,.T.);
#7241=ORIENTED_EDGE('',*,*,#5523,.F.);
#7242=ORIENTED_EDGE('',*,*,#5524,.F.);
#7243=ORIENTED_EDGE('',*,*,#5525,.F.);
#7244=ORIENTED_EDGE('',*,*,#5521,.F.);
#7245=ORIENTED_EDGE('',*,*,#5506,.T.);
#7246=ORIENTED_EDGE('',*,*,#5524,.T.);
#7247=ORIENTED_EDGE('',*,*,#5510,.F.);
#7248=ORIENTED_EDGE('',*,*,#5514,.T.);
#7249=ORIENTED_EDGE('',*,*,#5518,.T.);
#7250=ORIENTED_EDGE('',*,*,#5522,.F.);
#7251=ORIENTED_EDGE('',*,*,#5525,.T.);
#7252=ORIENTED_EDGE('',*,*,#5523,.T.);
#7253=ORIENTED_EDGE('',*,*,#5519,.F.);
#7254=ORIENTED_EDGE('',*,*,#5515,.F.);
#7255=ORIENTED_EDGE('',*,*,#5526,.F.);
#7256=ORIENTED_EDGE('',*,*,#5527,.T.);
#7257=ORIENTED_EDGE('',*,*,#5528,.T.);
#7258=ORIENTED_EDGE('',*,*,#5529,.T.);
#7259=ORIENTED_EDGE('',*,*,#5530,.F.);
#7260=ORIENTED_EDGE('',*,*,#5531,.F.);
#7261=ORIENTED_EDGE('',*,*,#5532,.T.);
#7262=ORIENTED_EDGE('',*,*,#5533,.F.);
#7263=ORIENTED_EDGE('',*,*,#5526,.T.);
#7264=ORIENTED_EDGE('',*,*,#5534,.T.);
#7265=ORIENTED_EDGE('',*,*,#5535,.F.);
#7266=ORIENTED_EDGE('',*,*,#5536,.F.);
#7267=ORIENTED_EDGE('',*,*,#5533,.T.);
#7268=ORIENTED_EDGE('',*,*,#5537,.T.);
#7269=ORIENTED_EDGE('',*,*,#5538,.F.);
#7270=ORIENTED_EDGE('',*,*,#5534,.F.);
#7271=ORIENTED_EDGE('',*,*,#5539,.T.);
#7272=ORIENTED_EDGE('',*,*,#5540,.T.);
#7273=ORIENTED_EDGE('',*,*,#5537,.F.);
#7274=ORIENTED_EDGE('',*,*,#5532,.F.);
#7275=ORIENTED_EDGE('',*,*,#5541,.F.);
#7276=ORIENTED_EDGE('',*,*,#5539,.F.);
#7277=ORIENTED_EDGE('',*,*,#5531,.T.);
#7278=ORIENTED_EDGE('',*,*,#5542,.T.);
#7279=ORIENTED_EDGE('',*,*,#5530,.T.);
#7280=ORIENTED_EDGE('',*,*,#5543,.T.);
#7281=ORIENTED_EDGE('',*,*,#5544,.F.);
#7282=ORIENTED_EDGE('',*,*,#5542,.F.);
#7283=ORIENTED_EDGE('',*,*,#5529,.F.);
#7284=ORIENTED_EDGE('',*,*,#5545,.T.);
#7285=ORIENTED_EDGE('',*,*,#5546,.T.);
#7286=ORIENTED_EDGE('',*,*,#5543,.F.);
#7287=ORIENTED_EDGE('',*,*,#5547,.T.);
#7288=ORIENTED_EDGE('',*,*,#5548,.T.);
#7289=ORIENTED_EDGE('',*,*,#5545,.F.);
#7290=ORIENTED_EDGE('',*,*,#5528,.F.);
#7291=ORIENTED_EDGE('',*,*,#5549,.T.);
#7292=ORIENTED_EDGE('',*,*,#5547,.F.);
#7293=ORIENTED_EDGE('',*,*,#5527,.F.);
#7294=ORIENTED_EDGE('',*,*,#5536,.T.);
#7295=ORIENTED_EDGE('',*,*,#5550,.T.);
#7296=ORIENTED_EDGE('',*,*,#5551,.T.);
#7297=ORIENTED_EDGE('',*,*,#5552,.T.);
#7298=ORIENTED_EDGE('',*,*,#5553,.F.);
#7299=ORIENTED_EDGE('',*,*,#5554,.F.);
#7300=ORIENTED_EDGE('',*,*,#5555,.T.);
#7301=ORIENTED_EDGE('',*,*,#5556,.F.);
#7302=ORIENTED_EDGE('',*,*,#5557,.F.);
#7303=ORIENTED_EDGE('',*,*,#5535,.T.);
#7304=ORIENTED_EDGE('',*,*,#5538,.T.);
#7305=ORIENTED_EDGE('',*,*,#5540,.F.);
#7306=ORIENTED_EDGE('',*,*,#5541,.T.);
#7307=ORIENTED_EDGE('',*,*,#5544,.T.);
#7308=ORIENTED_EDGE('',*,*,#5546,.F.);
#7309=ORIENTED_EDGE('',*,*,#5548,.F.);
#7310=ORIENTED_EDGE('',*,*,#5549,.F.);
#7311=ORIENTED_EDGE('',*,*,#5558,.T.);
#7312=ORIENTED_EDGE('',*,*,#5559,.F.);
#7313=ORIENTED_EDGE('',*,*,#5550,.F.);
#7314=ORIENTED_EDGE('',*,*,#5560,.T.);
#7315=ORIENTED_EDGE('',*,*,#5557,.T.);
#7316=ORIENTED_EDGE('',*,*,#5561,.T.);
#7317=ORIENTED_EDGE('',*,*,#5562,.F.);
#7318=ORIENTED_EDGE('',*,*,#5560,.F.);
#7319=ORIENTED_EDGE('',*,*,#5559,.T.);
#7320=ORIENTED_EDGE('',*,*,#5563,.T.);
#7321=ORIENTED_EDGE('',*,*,#5564,.F.);
#7322=ORIENTED_EDGE('',*,*,#5551,.F.);
#7323=ORIENTED_EDGE('',*,*,#5556,.T.);
#7324=ORIENTED_EDGE('',*,*,#5565,.T.);
#7325=ORIENTED_EDGE('',*,*,#5566,.F.);
#7326=ORIENTED_EDGE('',*,*,#5561,.F.);
#7327=ORIENTED_EDGE('',*,*,#5552,.F.);
#7328=ORIENTED_EDGE('',*,*,#5564,.T.);
#7329=ORIENTED_EDGE('',*,*,#5567,.T.);
#7330=ORIENTED_EDGE('',*,*,#5568,.F.);
#7331=ORIENTED_EDGE('',*,*,#5569,.T.);
#7332=ORIENTED_EDGE('',*,*,#5570,.T.);
#7333=ORIENTED_EDGE('',*,*,#5565,.F.);
#7334=ORIENTED_EDGE('',*,*,#5555,.F.);
#7335=ORIENTED_EDGE('',*,*,#5553,.T.);
#7336=ORIENTED_EDGE('',*,*,#5568,.T.);
#7337=ORIENTED_EDGE('',*,*,#5571,.F.);
#7338=ORIENTED_EDGE('',*,*,#5572,.F.);
#7339=ORIENTED_EDGE('',*,*,#5573,.F.);
#7340=ORIENTED_EDGE('',*,*,#5569,.F.);
#7341=ORIENTED_EDGE('',*,*,#5554,.T.);
#7342=ORIENTED_EDGE('',*,*,#5572,.T.);
#7343=ORIENTED_EDGE('',*,*,#5558,.F.);
#7344=ORIENTED_EDGE('',*,*,#5562,.T.);
#7345=ORIENTED_EDGE('',*,*,#5566,.T.);
#7346=ORIENTED_EDGE('',*,*,#5570,.F.);
#7347=ORIENTED_EDGE('',*,*,#5573,.T.);
#7348=ORIENTED_EDGE('',*,*,#5571,.T.);
#7349=ORIENTED_EDGE('',*,*,#5567,.F.);
#7350=ORIENTED_EDGE('',*,*,#5563,.F.);
#7351=ORIENTED_EDGE('',*,*,#5574,.F.);
#7352=ORIENTED_EDGE('',*,*,#5575,.T.);
#7353=ORIENTED_EDGE('',*,*,#5576,.T.);
#7354=ORIENTED_EDGE('',*,*,#5577,.F.);
#7355=ORIENTED_EDGE('',*,*,#5574,.T.);
#7356=ORIENTED_EDGE('',*,*,#5578,.T.);
#7357=ORIENTED_EDGE('',*,*,#5579,.T.);
#7358=ORIENTED_EDGE('',*,*,#5580,.T.);
#7359=ORIENTED_EDGE('',*,*,#5581,.T.);
#7360=ORIENTED_EDGE('',*,*,#5582,.T.);
#7361=ORIENTED_EDGE('',*,*,#5583,.T.);
#7362=ORIENTED_EDGE('',*,*,#5584,.T.);
#7363=ORIENTED_EDGE('',*,*,#5578,.F.);
#7364=ORIENTED_EDGE('',*,*,#5577,.T.);
#7365=ORIENTED_EDGE('',*,*,#5585,.T.);
#7366=ORIENTED_EDGE('',*,*,#5586,.F.);
#7367=ORIENTED_EDGE('',*,*,#5576,.F.);
#7368=ORIENTED_EDGE('',*,*,#5587,.T.);
#7369=ORIENTED_EDGE('',*,*,#5588,.T.);
#7370=ORIENTED_EDGE('',*,*,#5589,.F.);
#7371=ORIENTED_EDGE('',*,*,#5584,.F.);
#7372=ORIENTED_EDGE('',*,*,#5590,.T.);
#7373=ORIENTED_EDGE('',*,*,#5591,.T.);
#7374=ORIENTED_EDGE('',*,*,#5575,.F.);
#7375=ORIENTED_EDGE('',*,*,#5583,.F.);
#7376=ORIENTED_EDGE('',*,*,#5592,.T.);
#7377=ORIENTED_EDGE('',*,*,#5593,.T.);
#7378=ORIENTED_EDGE('',*,*,#5594,.T.);
#7379=ORIENTED_EDGE('',*,*,#5595,.T.);
#7380=ORIENTED_EDGE('',*,*,#5596,.T.);
#7381=ORIENTED_EDGE('',*,*,#5597,.T.);
#7382=ORIENTED_EDGE('',*,*,#5598,.T.);
#7383=ORIENTED_EDGE('',*,*,#5599,.T.);
#7384=ORIENTED_EDGE('',*,*,#5590,.F.);
#7385=ORIENTED_EDGE('',*,*,#5579,.F.);
#7386=ORIENTED_EDGE('',*,*,#5586,.T.);
#7387=ORIENTED_EDGE('',*,*,#5600,.T.);
#7388=ORIENTED_EDGE('',*,*,#5601,.T.);
#7389=ORIENTED_EDGE('',*,*,#5602,.T.);
#7390=ORIENTED_EDGE('',*,*,#5603,.T.);
#7391=ORIENTED_EDGE('',*,*,#5604,.T.);
#7392=ORIENTED_EDGE('',*,*,#5605,.T.);
#7393=ORIENTED_EDGE('',*,*,#5606,.T.);
#7394=ORIENTED_EDGE('',*,*,#5607,.F.);
#7395=ORIENTED_EDGE('',*,*,#5582,.F.);
#7396=ORIENTED_EDGE('',*,*,#5608,.T.);
#7397=ORIENTED_EDGE('',*,*,#5609,.T.);
#7398=ORIENTED_EDGE('',*,*,#5592,.F.);
#7399=ORIENTED_EDGE('',*,*,#5580,.F.);
#7400=ORIENTED_EDGE('',*,*,#5607,.T.);
#7401=ORIENTED_EDGE('',*,*,#5610,.T.);
#7402=ORIENTED_EDGE('',*,*,#5611,.F.);
#7403=ORIENTED_EDGE('',*,*,#5581,.F.);
#7404=ORIENTED_EDGE('',*,*,#5611,.T.);
#7405=ORIENTED_EDGE('',*,*,#5612,.T.);
#7406=ORIENTED_EDGE('',*,*,#5608,.F.);
#7407=ORIENTED_EDGE('',*,*,#5585,.F.);
#7408=ORIENTED_EDGE('',*,*,#5589,.T.);
#7409=ORIENTED_EDGE('',*,*,#5613,.T.);
#7410=ORIENTED_EDGE('',*,*,#5614,.F.);
#7411=ORIENTED_EDGE('',*,*,#5615,.F.);
#7412=ORIENTED_EDGE('',*,*,#5616,.F.);
#7413=ORIENTED_EDGE('',*,*,#5617,.T.);
#7414=ORIENTED_EDGE('',*,*,#5618,.T.);
#7415=ORIENTED_EDGE('',*,*,#5619,.T.);
#7416=ORIENTED_EDGE('',*,*,#5620,.T.);
#7417=ORIENTED_EDGE('',*,*,#5621,.T.);
#7418=ORIENTED_EDGE('',*,*,#5622,.T.);
#7419=ORIENTED_EDGE('',*,*,#5623,.F.);
#7420=ORIENTED_EDGE('',*,*,#5624,.F.);
#7421=ORIENTED_EDGE('',*,*,#5613,.F.);
#7422=ORIENTED_EDGE('',*,*,#5588,.F.);
#7423=ORIENTED_EDGE('',*,*,#5591,.F.);
#7424=ORIENTED_EDGE('',*,*,#5625,.T.);
#7425=ORIENTED_EDGE('',*,*,#5615,.T.);
#7426=ORIENTED_EDGE('',*,*,#5587,.F.);
#7427=ORIENTED_EDGE('',*,*,#5626,.T.);
#7428=ORIENTED_EDGE('',*,*,#5627,.T.);
#7429=ORIENTED_EDGE('',*,*,#5628,.F.);
#7430=ORIENTED_EDGE('',*,*,#5593,.F.);
#7431=ORIENTED_EDGE('',*,*,#5629,.T.);
#7432=ORIENTED_EDGE('',*,*,#5630,.T.);
#7433=ORIENTED_EDGE('',*,*,#5631,.F.);
#7434=ORIENTED_EDGE('',*,*,#5594,.F.);
#7435=ORIENTED_EDGE('',*,*,#5632,.T.);
#7436=ORIENTED_EDGE('',*,*,#5633,.T.);
#7437=ORIENTED_EDGE('',*,*,#5634,.F.);
#7438=ORIENTED_EDGE('',*,*,#5595,.F.);
#7439=ORIENTED_EDGE('',*,*,#5635,.T.);
#7440=ORIENTED_EDGE('',*,*,#5636,.T.);
#7441=ORIENTED_EDGE('',*,*,#5637,.F.);
#7442=ORIENTED_EDGE('',*,*,#5596,.F.);
#7443=ORIENTED_EDGE('',*,*,#5638,.T.);
#7444=ORIENTED_EDGE('',*,*,#5639,.T.);
#7445=ORIENTED_EDGE('',*,*,#5640,.F.);
#7446=ORIENTED_EDGE('',*,*,#5597,.F.);
#7447=ORIENTED_EDGE('',*,*,#5641,.T.);
#7448=ORIENTED_EDGE('',*,*,#5642,.T.);
#7449=ORIENTED_EDGE('',*,*,#5643,.F.);
#7450=ORIENTED_EDGE('',*,*,#5598,.F.);
#7451=ORIENTED_EDGE('',*,*,#5644,.T.);
#7452=ORIENTED_EDGE('',*,*,#5616,.T.);
#7453=ORIENTED_EDGE('',*,*,#5625,.F.);
#7454=ORIENTED_EDGE('',*,*,#5599,.F.);
#7455=ORIENTED_EDGE('',*,*,#5614,.T.);
#7456=ORIENTED_EDGE('',*,*,#5624,.T.);
#7457=ORIENTED_EDGE('',*,*,#5645,.F.);
#7458=ORIENTED_EDGE('',*,*,#5600,.F.);
#7459=ORIENTED_EDGE('',*,*,#5646,.T.);
#7460=ORIENTED_EDGE('',*,*,#5647,.T.);
#7461=ORIENTED_EDGE('',*,*,#5648,.F.);
#7462=ORIENTED_EDGE('',*,*,#5601,.F.);
#7463=ORIENTED_EDGE('',*,*,#5649,.T.);
#7464=ORIENTED_EDGE('',*,*,#5650,.T.);
#7465=ORIENTED_EDGE('',*,*,#5651,.F.);
#7466=ORIENTED_EDGE('',*,*,#5602,.F.);
#7467=ORIENTED_EDGE('',*,*,#5652,.T.);
#7468=ORIENTED_EDGE('',*,*,#5653,.T.);
#7469=ORIENTED_EDGE('',*,*,#5654,.F.);
#7470=ORIENTED_EDGE('',*,*,#5603,.F.);
#7471=ORIENTED_EDGE('',*,*,#5655,.T.);
#7472=ORIENTED_EDGE('',*,*,#5656,.T.);
#7473=ORIENTED_EDGE('',*,*,#5657,.F.);
#7474=ORIENTED_EDGE('',*,*,#5604,.F.);
#7475=ORIENTED_EDGE('',*,*,#5658,.T.);
#7476=ORIENTED_EDGE('',*,*,#5659,.T.);
#7477=ORIENTED_EDGE('',*,*,#5660,.F.);
#7478=ORIENTED_EDGE('',*,*,#5605,.F.);
#7479=ORIENTED_EDGE('',*,*,#5661,.T.);
#7480=ORIENTED_EDGE('',*,*,#5662,.T.);
#7481=ORIENTED_EDGE('',*,*,#5663,.F.);
#7482=ORIENTED_EDGE('',*,*,#5606,.F.);
#7483=ORIENTED_EDGE('',*,*,#5609,.F.);
#7484=ORIENTED_EDGE('',*,*,#5664,.T.);
#7485=ORIENTED_EDGE('',*,*,#5665,.T.);
#7486=ORIENTED_EDGE('',*,*,#5626,.F.);
#7487=ORIENTED_EDGE('',*,*,#5610,.F.);
#7488=ORIENTED_EDGE('',*,*,#5663,.T.);
#7489=ORIENTED_EDGE('',*,*,#5666,.T.);
#7490=ORIENTED_EDGE('',*,*,#5667,.F.);
#7491=ORIENTED_EDGE('',*,*,#5612,.F.);
#7492=ORIENTED_EDGE('',*,*,#5667,.T.);
#7493=ORIENTED_EDGE('',*,*,#5668,.T.);
#7494=ORIENTED_EDGE('',*,*,#5664,.F.);
#7495=ORIENTED_EDGE('',*,*,#5669,.T.);
#7496=ORIENTED_EDGE('',*,*,#5670,.T.);
#7497=ORIENTED_EDGE('',*,*,#5671,.T.);
#7498=ORIENTED_EDGE('',*,*,#5617,.F.);
#7499=ORIENTED_EDGE('',*,*,#5672,.F.);
#7500=ORIENTED_EDGE('',*,*,#5673,.F.);
#7501=ORIENTED_EDGE('',*,*,#5674,.F.);
#7502=ORIENTED_EDGE('',*,*,#5675,.T.);
#7503=ORIENTED_EDGE('',*,*,#5676,.T.);
#7504=ORIENTED_EDGE('',*,*,#5677,.F.);
#7505=ORIENTED_EDGE('',*,*,#5618,.F.);
#7506=ORIENTED_EDGE('',*,*,#5671,.F.);
#7507=ORIENTED_EDGE('',*,*,#5678,.F.);
#7508=ORIENTED_EDGE('',*,*,#5679,.F.);
#7509=ORIENTED_EDGE('',*,*,#5680,.F.);
#7510=ORIENTED_EDGE('',*,*,#5681,.F.);
#7511=ORIENTED_EDGE('',*,*,#5619,.F.);
#7512=ORIENTED_EDGE('',*,*,#5677,.T.);
#7513=ORIENTED_EDGE('',*,*,#5682,.T.);
#7514=ORIENTED_EDGE('',*,*,#5683,.F.);
#7515=ORIENTED_EDGE('',*,*,#5620,.F.);
#7516=ORIENTED_EDGE('',*,*,#5683,.T.);
#7517=ORIENTED_EDGE('',*,*,#5684,.T.);
#7518=ORIENTED_EDGE('',*,*,#5685,.F.);
#7519=ORIENTED_EDGE('',*,*,#5621,.F.);
#7520=ORIENTED_EDGE('',*,*,#5685,.T.);
#7521=ORIENTED_EDGE('',*,*,#5686,.T.);
#7522=ORIENTED_EDGE('',*,*,#5687,.F.);
#7523=ORIENTED_EDGE('',*,*,#5622,.F.);
#7524=ORIENTED_EDGE('',*,*,#5687,.T.);
#7525=ORIENTED_EDGE('',*,*,#5688,.T.);
#7526=ORIENTED_EDGE('',*,*,#5689,.F.);
#7527=ORIENTED_EDGE('',*,*,#5690,.F.);
#7528=ORIENTED_EDGE('',*,*,#5691,.F.);
#7529=ORIENTED_EDGE('',*,*,#5692,.F.);
#7530=ORIENTED_EDGE('',*,*,#5693,.F.);
#7531=ORIENTED_EDGE('',*,*,#5694,.F.);
#7532=ORIENTED_EDGE('',*,*,#5695,.F.);
#7533=ORIENTED_EDGE('',*,*,#5696,.T.);
#7534=ORIENTED_EDGE('',*,*,#5623,.T.);
#7535=ORIENTED_EDGE('',*,*,#5695,.T.);
#7536=ORIENTED_EDGE('',*,*,#5697,.F.);
#7537=ORIENTED_EDGE('',*,*,#5698,.F.);
#7538=ORIENTED_EDGE('',*,*,#5699,.F.);
#7539=ORIENTED_EDGE('',*,*,#5627,.F.);
#7540=ORIENTED_EDGE('',*,*,#5665,.F.);
#7541=ORIENTED_EDGE('',*,*,#5668,.F.);
#7542=ORIENTED_EDGE('',*,*,#5666,.F.);
#7543=ORIENTED_EDGE('',*,*,#5662,.F.);
#7544=ORIENTED_EDGE('',*,*,#5700,.T.);
#7545=ORIENTED_EDGE('',*,*,#5690,.T.);
#7546=ORIENTED_EDGE('',*,*,#5701,.T.);
#7547=ORIENTED_EDGE('',*,*,#5702,.T.);
#7548=ORIENTED_EDGE('',*,*,#5703,.T.);
#7549=ORIENTED_EDGE('',*,*,#5674,.T.);
#7550=ORIENTED_EDGE('',*,*,#5704,.F.);
#7551=ORIENTED_EDGE('',*,*,#5628,.T.);
#7552=ORIENTED_EDGE('',*,*,#5705,.F.);
#7553=ORIENTED_EDGE('',*,*,#5706,.F.);
#7554=ORIENTED_EDGE('',*,*,#5707,.F.);
#7555=ORIENTED_EDGE('',*,*,#5708,.F.);
#7556=ORIENTED_EDGE('',*,*,#5709,.F.);
#7557=ORIENTED_EDGE('',*,*,#5710,.F.);
#7558=ORIENTED_EDGE('',*,*,#5711,.F.);
#7559=ORIENTED_EDGE('',*,*,#5712,.F.);
#7560=ORIENTED_EDGE('',*,*,#5713,.F.);
#7561=ORIENTED_EDGE('',*,*,#5714,.F.);
#7562=ORIENTED_EDGE('',*,*,#5629,.F.);
#7563=ORIENTED_EDGE('',*,*,#5630,.F.);
#7564=ORIENTED_EDGE('',*,*,#5714,.T.);
#7565=ORIENTED_EDGE('',*,*,#5715,.T.);
#7566=ORIENTED_EDGE('',*,*,#5716,.F.);
#7567=ORIENTED_EDGE('',*,*,#5632,.F.);
#7568=ORIENTED_EDGE('',*,*,#5631,.T.);
#7569=ORIENTED_EDGE('',*,*,#5716,.T.);
#7570=ORIENTED_EDGE('',*,*,#5717,.T.);
#7571=ORIENTED_EDGE('',*,*,#5718,.T.);
#7572=ORIENTED_EDGE('',*,*,#5719,.T.);
#7573=ORIENTED_EDGE('',*,*,#5720,.T.);
#7574=ORIENTED_EDGE('',*,*,#5721,.T.);
#7575=ORIENTED_EDGE('',*,*,#5722,.T.);
#7576=ORIENTED_EDGE('',*,*,#5723,.T.);
#7577=ORIENTED_EDGE('',*,*,#5724,.T.);
#7578=ORIENTED_EDGE('',*,*,#5725,.T.);
#7579=ORIENTED_EDGE('',*,*,#5633,.F.);
#7580=ORIENTED_EDGE('',*,*,#5726,.T.);
#7581=ORIENTED_EDGE('',*,*,#5680,.T.);
#7582=ORIENTED_EDGE('',*,*,#5727,.F.);
#7583=ORIENTED_EDGE('',*,*,#5634,.T.);
#7584=ORIENTED_EDGE('',*,*,#5728,.F.);
#7585=ORIENTED_EDGE('',*,*,#5729,.F.);
#7586=ORIENTED_EDGE('',*,*,#5730,.F.);
#7587=ORIENTED_EDGE('',*,*,#5731,.F.);
#7588=ORIENTED_EDGE('',*,*,#5732,.F.);
#7589=ORIENTED_EDGE('',*,*,#5733,.F.);
#7590=ORIENTED_EDGE('',*,*,#5734,.F.);
#7591=ORIENTED_EDGE('',*,*,#5735,.F.);
#7592=ORIENTED_EDGE('',*,*,#5736,.F.);
#7593=ORIENTED_EDGE('',*,*,#5737,.F.);
#7594=ORIENTED_EDGE('',*,*,#5635,.F.);
#7595=ORIENTED_EDGE('',*,*,#5636,.F.);
#7596=ORIENTED_EDGE('',*,*,#5737,.T.);
#7597=ORIENTED_EDGE('',*,*,#5738,.T.);
#7598=ORIENTED_EDGE('',*,*,#5739,.F.);
#7599=ORIENTED_EDGE('',*,*,#5638,.F.);
#7600=ORIENTED_EDGE('',*,*,#5637,.T.);
#7601=ORIENTED_EDGE('',*,*,#5739,.T.);
#7602=ORIENTED_EDGE('',*,*,#5740,.T.);
#7603=ORIENTED_EDGE('',*,*,#5741,.T.);
#7604=ORIENTED_EDGE('',*,*,#5742,.T.);
#7605=ORIENTED_EDGE('',*,*,#5743,.T.);
#7606=ORIENTED_EDGE('',*,*,#5744,.T.);
#7607=ORIENTED_EDGE('',*,*,#5745,.T.);
#7608=ORIENTED_EDGE('',*,*,#5746,.T.);
#7609=ORIENTED_EDGE('',*,*,#5747,.T.);
#7610=ORIENTED_EDGE('',*,*,#5748,.T.);
#7611=ORIENTED_EDGE('',*,*,#5639,.F.);
#7612=ORIENTED_EDGE('',*,*,#5749,.T.);
#7613=ORIENTED_EDGE('',*,*,#5678,.T.);
#7614=ORIENTED_EDGE('',*,*,#5670,.F.);
#7615=ORIENTED_EDGE('',*,*,#5640,.T.);
#7616=ORIENTED_EDGE('',*,*,#5669,.F.);
#7617=ORIENTED_EDGE('',*,*,#5750,.F.);
#7618=ORIENTED_EDGE('',*,*,#5751,.F.);
#7619=ORIENTED_EDGE('',*,*,#5752,.F.);
#7620=ORIENTED_EDGE('',*,*,#5753,.F.);
#7621=ORIENTED_EDGE('',*,*,#5754,.F.);
#7622=ORIENTED_EDGE('',*,*,#5755,.F.);
#7623=ORIENTED_EDGE('',*,*,#5756,.F.);
#7624=ORIENTED_EDGE('',*,*,#5757,.F.);
#7625=ORIENTED_EDGE('',*,*,#5758,.F.);
#7626=ORIENTED_EDGE('',*,*,#5641,.F.);
#7627=ORIENTED_EDGE('',*,*,#5642,.F.);
#7628=ORIENTED_EDGE('',*,*,#5758,.T.);
#7629=ORIENTED_EDGE('',*,*,#5759,.T.);
#7630=ORIENTED_EDGE('',*,*,#5760,.F.);
#7631=ORIENTED_EDGE('',*,*,#5644,.F.);
#7632=ORIENTED_EDGE('',*,*,#5643,.T.);
#7633=ORIENTED_EDGE('',*,*,#5760,.T.);
#7634=ORIENTED_EDGE('',*,*,#5761,.T.);
#7635=ORIENTED_EDGE('',*,*,#5762,.T.);
#7636=ORIENTED_EDGE('',*,*,#5763,.T.);
#7637=ORIENTED_EDGE('',*,*,#5764,.T.);
#7638=ORIENTED_EDGE('',*,*,#5765,.T.);
#7639=ORIENTED_EDGE('',*,*,#5766,.T.);
#7640=ORIENTED_EDGE('',*,*,#5767,.T.);
#7641=ORIENTED_EDGE('',*,*,#5768,.T.);
#7642=ORIENTED_EDGE('',*,*,#5672,.T.);
#7643=ORIENTED_EDGE('',*,*,#5645,.T.);
#7644=ORIENTED_EDGE('',*,*,#5696,.F.);
#7645=ORIENTED_EDGE('',*,*,#5769,.F.);
#7646=ORIENTED_EDGE('',*,*,#5770,.F.);
#7647=ORIENTED_EDGE('',*,*,#5771,.F.);
#7648=ORIENTED_EDGE('',*,*,#5772,.F.);
#7649=ORIENTED_EDGE('',*,*,#5773,.F.);
#7650=ORIENTED_EDGE('',*,*,#5774,.F.);
#7651=ORIENTED_EDGE('',*,*,#5775,.F.);
#7652=ORIENTED_EDGE('',*,*,#5776,.F.);
#7653=ORIENTED_EDGE('',*,*,#5777,.F.);
#7654=ORIENTED_EDGE('',*,*,#5646,.F.);
#7655=ORIENTED_EDGE('',*,*,#5647,.F.);
#7656=ORIENTED_EDGE('',*,*,#5777,.T.);
#7657=ORIENTED_EDGE('',*,*,#5778,.T.);
#7658=ORIENTED_EDGE('',*,*,#5779,.F.);
#7659=ORIENTED_EDGE('',*,*,#5649,.F.);
#7660=ORIENTED_EDGE('',*,*,#5648,.T.);
#7661=ORIENTED_EDGE('',*,*,#5779,.T.);
#7662=ORIENTED_EDGE('',*,*,#5780,.T.);
#7663=ORIENTED_EDGE('',*,*,#5781,.T.);
#7664=ORIENTED_EDGE('',*,*,#5782,.T.);
#7665=ORIENTED_EDGE('',*,*,#5783,.T.);
#7666=ORIENTED_EDGE('',*,*,#5784,.T.);
#7667=ORIENTED_EDGE('',*,*,#5785,.T.);
#7668=ORIENTED_EDGE('',*,*,#5786,.T.);
#7669=ORIENTED_EDGE('',*,*,#5787,.T.);
#7670=ORIENTED_EDGE('',*,*,#5698,.T.);
#7671=ORIENTED_EDGE('',*,*,#5697,.T.);
#7672=ORIENTED_EDGE('',*,*,#5694,.T.);
#7673=ORIENTED_EDGE('',*,*,#5788,.F.);
#7674=ORIENTED_EDGE('',*,*,#5650,.F.);
#7675=ORIENTED_EDGE('',*,*,#5651,.T.);
#7676=ORIENTED_EDGE('',*,*,#5789,.F.);
#7677=ORIENTED_EDGE('',*,*,#5790,.F.);
#7678=ORIENTED_EDGE('',*,*,#5791,.F.);
#7679=ORIENTED_EDGE('',*,*,#5792,.F.);
#7680=ORIENTED_EDGE('',*,*,#5793,.F.);
#7681=ORIENTED_EDGE('',*,*,#5794,.F.);
#7682=ORIENTED_EDGE('',*,*,#5795,.F.);
#7683=ORIENTED_EDGE('',*,*,#5796,.F.);
#7684=ORIENTED_EDGE('',*,*,#5797,.F.);
#7685=ORIENTED_EDGE('',*,*,#5798,.F.);
#7686=ORIENTED_EDGE('',*,*,#5652,.F.);
#7687=ORIENTED_EDGE('',*,*,#5653,.F.);
#7688=ORIENTED_EDGE('',*,*,#5798,.T.);
#7689=ORIENTED_EDGE('',*,*,#5799,.T.);
#7690=ORIENTED_EDGE('',*,*,#5800,.F.);
#7691=ORIENTED_EDGE('',*,*,#5655,.F.);
#7692=ORIENTED_EDGE('',*,*,#5654,.T.);
#7693=ORIENTED_EDGE('',*,*,#5800,.T.);
#7694=ORIENTED_EDGE('',*,*,#5801,.T.);
#7695=ORIENTED_EDGE('',*,*,#5802,.T.);
#7696=ORIENTED_EDGE('',*,*,#5803,.T.);
#7697=ORIENTED_EDGE('',*,*,#5804,.T.);
#7698=ORIENTED_EDGE('',*,*,#5805,.T.);
#7699=ORIENTED_EDGE('',*,*,#5806,.T.);
#7700=ORIENTED_EDGE('',*,*,#5807,.T.);
#7701=ORIENTED_EDGE('',*,*,#5808,.T.);
#7702=ORIENTED_EDGE('',*,*,#5809,.T.);
#7703=ORIENTED_EDGE('',*,*,#5810,.T.);
#7704=ORIENTED_EDGE('',*,*,#5692,.T.);
#7705=ORIENTED_EDGE('',*,*,#5811,.F.);
#7706=ORIENTED_EDGE('',*,*,#5656,.F.);
#7707=ORIENTED_EDGE('',*,*,#5657,.T.);
#7708=ORIENTED_EDGE('',*,*,#5812,.F.);
#7709=ORIENTED_EDGE('',*,*,#5813,.F.);
#7710=ORIENTED_EDGE('',*,*,#5814,.F.);
#7711=ORIENTED_EDGE('',*,*,#5815,.F.);
#7712=ORIENTED_EDGE('',*,*,#5816,.F.);
#7713=ORIENTED_EDGE('',*,*,#5817,.F.);
#7714=ORIENTED_EDGE('',*,*,#5818,.F.);
#7715=ORIENTED_EDGE('',*,*,#5819,.F.);
#7716=ORIENTED_EDGE('',*,*,#5820,.F.);
#7717=ORIENTED_EDGE('',*,*,#5821,.F.);
#7718=ORIENTED_EDGE('',*,*,#5658,.F.);
#7719=ORIENTED_EDGE('',*,*,#5659,.F.);
#7720=ORIENTED_EDGE('',*,*,#5821,.T.);
#7721=ORIENTED_EDGE('',*,*,#5822,.T.);
#7722=ORIENTED_EDGE('',*,*,#5823,.F.);
#7723=ORIENTED_EDGE('',*,*,#5661,.F.);
#7724=ORIENTED_EDGE('',*,*,#5660,.T.);
#7725=ORIENTED_EDGE('',*,*,#5823,.T.);
#7726=ORIENTED_EDGE('',*,*,#5824,.T.);
#7727=ORIENTED_EDGE('',*,*,#5825,.T.);
#7728=ORIENTED_EDGE('',*,*,#5826,.T.);
#7729=ORIENTED_EDGE('',*,*,#5827,.T.);
#7730=ORIENTED_EDGE('',*,*,#5828,.T.);
#7731=ORIENTED_EDGE('',*,*,#5829,.T.);
#7732=ORIENTED_EDGE('',*,*,#5830,.T.);
#7733=ORIENTED_EDGE('',*,*,#5831,.T.);
#7734=ORIENTED_EDGE('',*,*,#5832,.T.);
#7735=ORIENTED_EDGE('',*,*,#5750,.T.);
#7736=ORIENTED_EDGE('',*,*,#5673,.T.);
#7737=ORIENTED_EDGE('',*,*,#5768,.F.);
#7738=ORIENTED_EDGE('',*,*,#5833,.F.);
#7739=ORIENTED_EDGE('',*,*,#5705,.T.);
#7740=ORIENTED_EDGE('',*,*,#5704,.T.);
#7741=ORIENTED_EDGE('',*,*,#5681,.T.);
#7742=ORIENTED_EDGE('',*,*,#5726,.F.);
#7743=ORIENTED_EDGE('',*,*,#5725,.F.);
#7744=ORIENTED_EDGE('',*,*,#5834,.F.);
#7745=ORIENTED_EDGE('',*,*,#5728,.T.);
#7746=ORIENTED_EDGE('',*,*,#5727,.T.);
#7747=ORIENTED_EDGE('',*,*,#5679,.T.);
#7748=ORIENTED_EDGE('',*,*,#5749,.F.);
#7749=ORIENTED_EDGE('',*,*,#5748,.F.);
#7750=ORIENTED_EDGE('',*,*,#5835,.F.);
#7751=ORIENTED_EDGE('',*,*,#5684,.F.);
#7752=ORIENTED_EDGE('',*,*,#5682,.F.);
#7753=ORIENTED_EDGE('',*,*,#5676,.F.);
#7754=ORIENTED_EDGE('',*,*,#5836,.F.);
#7755=ORIENTED_EDGE('',*,*,#5837,.F.);
#7756=ORIENTED_EDGE('',*,*,#5838,.F.);
#7757=ORIENTED_EDGE('',*,*,#5688,.F.);
#7758=ORIENTED_EDGE('',*,*,#5686,.F.);
#7759=ORIENTED_EDGE('',*,*,#5839,.T.);
#7760=ORIENTED_EDGE('',*,*,#5703,.F.);
#7761=ORIENTED_EDGE('',*,*,#5840,.T.);
#7762=ORIENTED_EDGE('',*,*,#5836,.T.);
#7763=ORIENTED_EDGE('',*,*,#5675,.F.);
#7764=ORIENTED_EDGE('',*,*,#5789,.T.);
#7765=ORIENTED_EDGE('',*,*,#5788,.T.);
#7766=ORIENTED_EDGE('',*,*,#5693,.T.);
#7767=ORIENTED_EDGE('',*,*,#5810,.F.);
#7768=ORIENTED_EDGE('',*,*,#5809,.F.);
#7769=ORIENTED_EDGE('',*,*,#5841,.F.);
#7770=ORIENTED_EDGE('',*,*,#5812,.T.);
#7771=ORIENTED_EDGE('',*,*,#5811,.T.);
#7772=ORIENTED_EDGE('',*,*,#5691,.T.);
#7773=ORIENTED_EDGE('',*,*,#5700,.F.);
#7774=ORIENTED_EDGE('',*,*,#5832,.F.);
#7775=ORIENTED_EDGE('',*,*,#5842,.F.);
#7776=ORIENTED_EDGE('',*,*,#5701,.F.);
#7777=ORIENTED_EDGE('',*,*,#5689,.T.);
#7778=ORIENTED_EDGE('',*,*,#5838,.T.);
#7779=ORIENTED_EDGE('',*,*,#5843,.F.);
#7780=ORIENTED_EDGE('',*,*,#5769,.T.);
#7781=ORIENTED_EDGE('',*,*,#5699,.T.);
#7782=ORIENTED_EDGE('',*,*,#5787,.F.);
#7783=ORIENTED_EDGE('',*,*,#5844,.F.);
#7784=ORIENTED_EDGE('',*,*,#5702,.F.);
#7785=ORIENTED_EDGE('',*,*,#5843,.T.);
#7786=ORIENTED_EDGE('',*,*,#5837,.T.);
#7787=ORIENTED_EDGE('',*,*,#5840,.F.);
#7788=ORIENTED_EDGE('',*,*,#5706,.T.);
#7789=ORIENTED_EDGE('',*,*,#5834,.T.);
#7790=ORIENTED_EDGE('',*,*,#5724,.F.);
#7791=ORIENTED_EDGE('',*,*,#5845,.F.);
#7792=ORIENTED_EDGE('',*,*,#5846,.F.);
#7793=ORIENTED_EDGE('',*,*,#5707,.T.);
#7794=ORIENTED_EDGE('',*,*,#5845,.T.);
#7795=ORIENTED_EDGE('',*,*,#5723,.F.);
#7796=ORIENTED_EDGE('',*,*,#5847,.F.);
#7797=ORIENTED_EDGE('',*,*,#5708,.T.);
#7798=ORIENTED_EDGE('',*,*,#5846,.T.);
#7799=ORIENTED_EDGE('',*,*,#5722,.F.);
#7800=ORIENTED_EDGE('',*,*,#5848,.F.);
#7801=ORIENTED_EDGE('',*,*,#5709,.T.);
#7802=ORIENTED_EDGE('',*,*,#5847,.T.);
#7803=ORIENTED_EDGE('',*,*,#5721,.F.);
#7804=ORIENTED_EDGE('',*,*,#5849,.F.);
#7805=ORIENTED_EDGE('',*,*,#5710,.T.);
#7806=ORIENTED_EDGE('',*,*,#5848,.T.);
#7807=ORIENTED_EDGE('',*,*,#5720,.F.);
#7808=ORIENTED_EDGE('',*,*,#5850,.F.);
#7809=ORIENTED_EDGE('',*,*,#5711,.T.);
#7810=ORIENTED_EDGE('',*,*,#5849,.T.);
#7811=ORIENTED_EDGE('',*,*,#5719,.F.);
#7812=ORIENTED_EDGE('',*,*,#5712,.T.);
#7813=ORIENTED_EDGE('',*,*,#5850,.T.);
#7814=ORIENTED_EDGE('',*,*,#5718,.F.);
#7815=ORIENTED_EDGE('',*,*,#5851,.F.);
#7816=ORIENTED_EDGE('',*,*,#5715,.F.);
#7817=ORIENTED_EDGE('',*,*,#5713,.T.);
#7818=ORIENTED_EDGE('',*,*,#5851,.T.);
#7819=ORIENTED_EDGE('',*,*,#5717,.F.);
#7820=ORIENTED_EDGE('',*,*,#5729,.T.);
#7821=ORIENTED_EDGE('',*,*,#5835,.T.);
#7822=ORIENTED_EDGE('',*,*,#5747,.F.);
#7823=ORIENTED_EDGE('',*,*,#5852,.F.);
#7824=ORIENTED_EDGE('',*,*,#5853,.F.);
#7825=ORIENTED_EDGE('',*,*,#5730,.T.);
#7826=ORIENTED_EDGE('',*,*,#5852,.T.);
#7827=ORIENTED_EDGE('',*,*,#5746,.F.);
#7828=ORIENTED_EDGE('',*,*,#5854,.F.);
#7829=ORIENTED_EDGE('',*,*,#5731,.T.);
#7830=ORIENTED_EDGE('',*,*,#5853,.T.);
#7831=ORIENTED_EDGE('',*,*,#5745,.F.);
#7832=ORIENTED_EDGE('',*,*,#5855,.F.);
#7833=ORIENTED_EDGE('',*,*,#5732,.T.);
#7834=ORIENTED_EDGE('',*,*,#5854,.T.);
#7835=ORIENTED_EDGE('',*,*,#5744,.F.);
#7836=ORIENTED_EDGE('',*,*,#5856,.F.);
#7837=ORIENTED_EDGE('',*,*,#5733,.T.);
#7838=ORIENTED_EDGE('',*,*,#5855,.T.);
#7839=ORIENTED_EDGE('',*,*,#5743,.F.);
#7840=ORIENTED_EDGE('',*,*,#5857,.F.);
#7841=ORIENTED_EDGE('',*,*,#5734,.T.);
#7842=ORIENTED_EDGE('',*,*,#5856,.T.);
#7843=ORIENTED_EDGE('',*,*,#5742,.F.);
#7844=ORIENTED_EDGE('',*,*,#5735,.T.);
#7845=ORIENTED_EDGE('',*,*,#5857,.T.);
#7846=ORIENTED_EDGE('',*,*,#5741,.F.);
#7847=ORIENTED_EDGE('',*,*,#5858,.F.);
#7848=ORIENTED_EDGE('',*,*,#5738,.F.);
#7849=ORIENTED_EDGE('',*,*,#5736,.T.);
#7850=ORIENTED_EDGE('',*,*,#5858,.T.);
#7851=ORIENTED_EDGE('',*,*,#5740,.F.);
#7852=ORIENTED_EDGE('',*,*,#5859,.F.);
#7853=ORIENTED_EDGE('',*,*,#5751,.T.);
#7854=ORIENTED_EDGE('',*,*,#5833,.T.);
#7855=ORIENTED_EDGE('',*,*,#5767,.F.);
#7856=ORIENTED_EDGE('',*,*,#5860,.F.);
#7857=ORIENTED_EDGE('',*,*,#5752,.T.);
#7858=ORIENTED_EDGE('',*,*,#5859,.T.);
#7859=ORIENTED_EDGE('',*,*,#5766,.F.);
#7860=ORIENTED_EDGE('',*,*,#5861,.F.);
#7861=ORIENTED_EDGE('',*,*,#5753,.T.);
#7862=ORIENTED_EDGE('',*,*,#5860,.T.);
#7863=ORIENTED_EDGE('',*,*,#5765,.F.);
#7864=ORIENTED_EDGE('',*,*,#5862,.F.);
#7865=ORIENTED_EDGE('',*,*,#5754,.T.);
#7866=ORIENTED_EDGE('',*,*,#5861,.T.);
#7867=ORIENTED_EDGE('',*,*,#5764,.F.);
#7868=ORIENTED_EDGE('',*,*,#5863,.F.);
#7869=ORIENTED_EDGE('',*,*,#5755,.T.);
#7870=ORIENTED_EDGE('',*,*,#5862,.T.);
#7871=ORIENTED_EDGE('',*,*,#5763,.F.);
#7872=ORIENTED_EDGE('',*,*,#5756,.T.);
#7873=ORIENTED_EDGE('',*,*,#5863,.T.);
#7874=ORIENTED_EDGE('',*,*,#5762,.F.);
#7875=ORIENTED_EDGE('',*,*,#5864,.F.);
#7876=ORIENTED_EDGE('',*,*,#5759,.F.);
#7877=ORIENTED_EDGE('',*,*,#5757,.T.);
#7878=ORIENTED_EDGE('',*,*,#5864,.T.);
#7879=ORIENTED_EDGE('',*,*,#5761,.F.);
#7880=ORIENTED_EDGE('',*,*,#5865,.F.);
#7881=ORIENTED_EDGE('',*,*,#5770,.T.);
#7882=ORIENTED_EDGE('',*,*,#5844,.T.);
#7883=ORIENTED_EDGE('',*,*,#5786,.F.);
#7884=ORIENTED_EDGE('',*,*,#5866,.F.);
#7885=ORIENTED_EDGE('',*,*,#5771,.T.);
#7886=ORIENTED_EDGE('',*,*,#5865,.T.);
#7887=ORIENTED_EDGE('',*,*,#5785,.F.);
#7888=ORIENTED_EDGE('',*,*,#5867,.F.);
#7889=ORIENTED_EDGE('',*,*,#5772,.T.);
#7890=ORIENTED_EDGE('',*,*,#5866,.T.);
#7891=ORIENTED_EDGE('',*,*,#5784,.F.);
#7892=ORIENTED_EDGE('',*,*,#5868,.F.);
#7893=ORIENTED_EDGE('',*,*,#5773,.T.);
#7894=ORIENTED_EDGE('',*,*,#5867,.T.);
#7895=ORIENTED_EDGE('',*,*,#5783,.F.);
#7896=ORIENTED_EDGE('',*,*,#5869,.F.);
#7897=ORIENTED_EDGE('',*,*,#5774,.T.);
#7898=ORIENTED_EDGE('',*,*,#5868,.T.);
#7899=ORIENTED_EDGE('',*,*,#5782,.F.);
#7900=ORIENTED_EDGE('',*,*,#5775,.T.);
#7901=ORIENTED_EDGE('',*,*,#5869,.T.);
#7902=ORIENTED_EDGE('',*,*,#5781,.F.);
#7903=ORIENTED_EDGE('',*,*,#5870,.F.);
#7904=ORIENTED_EDGE('',*,*,#5778,.F.);
#7905=ORIENTED_EDGE('',*,*,#5776,.T.);
#7906=ORIENTED_EDGE('',*,*,#5870,.T.);
#7907=ORIENTED_EDGE('',*,*,#5780,.F.);
#7908=ORIENTED_EDGE('',*,*,#5790,.T.);
#7909=ORIENTED_EDGE('',*,*,#5841,.T.);
#7910=ORIENTED_EDGE('',*,*,#5808,.F.);
#7911=ORIENTED_EDGE('',*,*,#5871,.F.);
#7912=ORIENTED_EDGE('',*,*,#5872,.F.);
#7913=ORIENTED_EDGE('',*,*,#5791,.T.);
#7914=ORIENTED_EDGE('',*,*,#5871,.T.);
#7915=ORIENTED_EDGE('',*,*,#5807,.F.);
#7916=ORIENTED_EDGE('',*,*,#5873,.F.);
#7917=ORIENTED_EDGE('',*,*,#5792,.T.);
#7918=ORIENTED_EDGE('',*,*,#5872,.T.);
#7919=ORIENTED_EDGE('',*,*,#5806,.F.);
#7920=ORIENTED_EDGE('',*,*,#5874,.F.);
#7921=ORIENTED_EDGE('',*,*,#5793,.T.);
#7922=ORIENTED_EDGE('',*,*,#5873,.T.);
#7923=ORIENTED_EDGE('',*,*,#5805,.F.);
#7924=ORIENTED_EDGE('',*,*,#5875,.F.);
#7925=ORIENTED_EDGE('',*,*,#5794,.T.);
#7926=ORIENTED_EDGE('',*,*,#5874,.T.);
#7927=ORIENTED_EDGE('',*,*,#5804,.F.);
#7928=ORIENTED_EDGE('',*,*,#5876,.F.);
#7929=ORIENTED_EDGE('',*,*,#5795,.T.);
#7930=ORIENTED_EDGE('',*,*,#5875,.T.);
#7931=ORIENTED_EDGE('',*,*,#5803,.F.);
#7932=ORIENTED_EDGE('',*,*,#5796,.T.);
#7933=ORIENTED_EDGE('',*,*,#5876,.T.);
#7934=ORIENTED_EDGE('',*,*,#5802,.F.);
#7935=ORIENTED_EDGE('',*,*,#5877,.F.);
#7936=ORIENTED_EDGE('',*,*,#5799,.F.);
#7937=ORIENTED_EDGE('',*,*,#5797,.T.);
#7938=ORIENTED_EDGE('',*,*,#5877,.T.);
#7939=ORIENTED_EDGE('',*,*,#5801,.F.);
#7940=ORIENTED_EDGE('',*,*,#5813,.T.);
#7941=ORIENTED_EDGE('',*,*,#5842,.T.);
#7942=ORIENTED_EDGE('',*,*,#5831,.F.);
#7943=ORIENTED_EDGE('',*,*,#5878,.F.);
#7944=ORIENTED_EDGE('',*,*,#5879,.F.);
#7945=ORIENTED_EDGE('',*,*,#5814,.T.);
#7946=ORIENTED_EDGE('',*,*,#5878,.T.);
#7947=ORIENTED_EDGE('',*,*,#5830,.F.);
#7948=ORIENTED_EDGE('',*,*,#5880,.F.);
#7949=ORIENTED_EDGE('',*,*,#5815,.T.);
#7950=ORIENTED_EDGE('',*,*,#5879,.T.);
#7951=ORIENTED_EDGE('',*,*,#5829,.F.);
#7952=ORIENTED_EDGE('',*,*,#5881,.F.);
#7953=ORIENTED_EDGE('',*,*,#5816,.T.);
#7954=ORIENTED_EDGE('',*,*,#5880,.T.);
#7955=ORIENTED_EDGE('',*,*,#5828,.F.);
#7956=ORIENTED_EDGE('',*,*,#5882,.F.);
#7957=ORIENTED_EDGE('',*,*,#5817,.T.);
#7958=ORIENTED_EDGE('',*,*,#5881,.T.);
#7959=ORIENTED_EDGE('',*,*,#5827,.F.);
#7960=ORIENTED_EDGE('',*,*,#5883,.F.);
#7961=ORIENTED_EDGE('',*,*,#5818,.T.);
#7962=ORIENTED_EDGE('',*,*,#5882,.T.);
#7963=ORIENTED_EDGE('',*,*,#5826,.F.);
#7964=ORIENTED_EDGE('',*,*,#5819,.T.);
#7965=ORIENTED_EDGE('',*,*,#5883,.T.);
#7966=ORIENTED_EDGE('',*,*,#5825,.F.);
#7967=ORIENTED_EDGE('',*,*,#5884,.F.);
#7968=ORIENTED_EDGE('',*,*,#5822,.F.);
#7969=ORIENTED_EDGE('',*,*,#5820,.T.);
#7970=ORIENTED_EDGE('',*,*,#5884,.T.);
#7971=ORIENTED_EDGE('',*,*,#5824,.F.);
#7972=ORIENTED_EDGE('',*,*,#5839,.F.);
#7973=ORIENTED_EDGE('',*,*,#5885,.T.);
#7974=ORIENTED_EDGE('',*,*,#5886,.T.);
#7975=ORIENTED_EDGE('',*,*,#5887,.T.);
#7976=ORIENTED_EDGE('',*,*,#5888,.T.);
#7977=ORIENTED_EDGE('',*,*,#5889,.F.);
#7978=ORIENTED_EDGE('',*,*,#5890,.F.);
#7979=ORIENTED_EDGE('',*,*,#5885,.F.);
#7980=ORIENTED_EDGE('',*,*,#5891,.F.);
#7981=ORIENTED_EDGE('',*,*,#5892,.F.);
#7982=ORIENTED_EDGE('',*,*,#5893,.F.);
#7983=ORIENTED_EDGE('',*,*,#5894,.F.);
#7984=ORIENTED_EDGE('',*,*,#5895,.F.);
#7985=ORIENTED_EDGE('',*,*,#5896,.T.);
#7986=ORIENTED_EDGE('',*,*,#5897,.T.);
#7987=ORIENTED_EDGE('',*,*,#5898,.F.);
#7988=ORIENTED_EDGE('',*,*,#5886,.F.);
#7989=ORIENTED_EDGE('',*,*,#5891,.T.);
#7990=ORIENTED_EDGE('',*,*,#5890,.T.);
#7991=ORIENTED_EDGE('',*,*,#5899,.F.);
#7992=ORIENTED_EDGE('',*,*,#5900,.F.);
#7993=ORIENTED_EDGE('',*,*,#5901,.T.);
#7994=ORIENTED_EDGE('',*,*,#5902,.T.);
#7995=ORIENTED_EDGE('',*,*,#5887,.F.);
#7996=ORIENTED_EDGE('',*,*,#5898,.T.);
#7997=ORIENTED_EDGE('',*,*,#5903,.F.);
#7998=ORIENTED_EDGE('',*,*,#5904,.T.);
#7999=ORIENTED_EDGE('',*,*,#5905,.T.);
#8000=ORIENTED_EDGE('',*,*,#5906,.T.);
#8001=ORIENTED_EDGE('',*,*,#5907,.T.);
#8002=ORIENTED_EDGE('',*,*,#5899,.T.);
#8003=ORIENTED_EDGE('',*,*,#5889,.T.);
#8004=ORIENTED_EDGE('',*,*,#5908,.T.);
#8005=ORIENTED_EDGE('',*,*,#5901,.F.);
#8006=ORIENTED_EDGE('',*,*,#5909,.T.);
#8007=ORIENTED_EDGE('',*,*,#5908,.F.);
#8008=ORIENTED_EDGE('',*,*,#5888,.F.);
#8009=ORIENTED_EDGE('',*,*,#5902,.F.);
#8010=ORIENTED_EDGE('',*,*,#5895,.T.);
#8011=ORIENTED_EDGE('',*,*,#5910,.F.);
#8012=ORIENTED_EDGE('',*,*,#5911,.F.);
#8013=ORIENTED_EDGE('',*,*,#5896,.F.);
#8014=ORIENTED_EDGE('',*,*,#5894,.T.);
#8015=ORIENTED_EDGE('',*,*,#5912,.T.);
#8016=ORIENTED_EDGE('',*,*,#5905,.F.);
#8017=ORIENTED_EDGE('',*,*,#5913,.F.);
#8018=ORIENTED_EDGE('',*,*,#5914,.T.);
#8019=ORIENTED_EDGE('',*,*,#5892,.T.);
#8020=ORIENTED_EDGE('',*,*,#5915,.F.);
#8021=ORIENTED_EDGE('',*,*,#5916,.T.);
#8022=ORIENTED_EDGE('',*,*,#5917,.F.);
#8023=ORIENTED_EDGE('',*,*,#5918,.F.);
#8024=ORIENTED_EDGE('',*,*,#5919,.T.);
#8025=ORIENTED_EDGE('',*,*,#5920,.F.);
#8026=ORIENTED_EDGE('',*,*,#5921,.T.);
#8027=ORIENTED_EDGE('',*,*,#5922,.T.);
#8028=ORIENTED_EDGE('',*,*,#5923,.T.);
#8029=ORIENTED_EDGE('',*,*,#5924,.T.);
#8030=ORIENTED_EDGE('',*,*,#5893,.T.);
#8031=ORIENTED_EDGE('',*,*,#5925,.T.);
#8032=ORIENTED_EDGE('',*,*,#5906,.F.);
#8033=ORIENTED_EDGE('',*,*,#5912,.F.);
#8034=ORIENTED_EDGE('',*,*,#5903,.T.);
#8035=ORIENTED_EDGE('',*,*,#5897,.F.);
#8036=ORIENTED_EDGE('',*,*,#5911,.T.);
#8037=ORIENTED_EDGE('',*,*,#5926,.T.);
#8038=ORIENTED_EDGE('',*,*,#5927,.F.);
#8039=ORIENTED_EDGE('',*,*,#5928,.T.);
#8040=ORIENTED_EDGE('',*,*,#5915,.T.);
#8041=ORIENTED_EDGE('',*,*,#5900,.T.);
#8042=ORIENTED_EDGE('',*,*,#5929,.F.);
#8043=ORIENTED_EDGE('',*,*,#5930,.F.);
#8044=ORIENTED_EDGE('',*,*,#5927,.T.);
#8045=ORIENTED_EDGE('',*,*,#5931,.T.);
#8046=ORIENTED_EDGE('',*,*,#5909,.F.);
#8047=ORIENTED_EDGE('',*,*,#5904,.F.);
#8048=ORIENTED_EDGE('',*,*,#5932,.F.);
#8049=ORIENTED_EDGE('',*,*,#5933,.F.);
#8050=ORIENTED_EDGE('',*,*,#5934,.F.);
#8051=ORIENTED_EDGE('',*,*,#5935,.F.);
#8052=ORIENTED_EDGE('',*,*,#5936,.F.);
#8053=ORIENTED_EDGE('',*,*,#5937,.T.);
#8054=ORIENTED_EDGE('',*,*,#5938,.F.);
#8055=ORIENTED_EDGE('',*,*,#5939,.T.);
#8056=ORIENTED_EDGE('',*,*,#5940,.T.);
#8057=ORIENTED_EDGE('',*,*,#5941,.F.);
#8058=ORIENTED_EDGE('',*,*,#5929,.T.);
#8059=ORIENTED_EDGE('',*,*,#5907,.F.);
#8060=ORIENTED_EDGE('',*,*,#5910,.T.);
#8061=ORIENTED_EDGE('',*,*,#5913,.T.);
#8062=ORIENTED_EDGE('',*,*,#5931,.F.);
#8063=ORIENTED_EDGE('',*,*,#5926,.F.);
#8064=ORIENTED_EDGE('',*,*,#5914,.F.);
#8065=ORIENTED_EDGE('',*,*,#5942,.T.);
#8066=ORIENTED_EDGE('',*,*,#5932,.T.);
#8067=ORIENTED_EDGE('',*,*,#5925,.F.);
#8068=ORIENTED_EDGE('',*,*,#5924,.F.);
#8069=ORIENTED_EDGE('',*,*,#5943,.T.);
#8070=ORIENTED_EDGE('',*,*,#5933,.T.);
#8071=ORIENTED_EDGE('',*,*,#5942,.F.);
#8072=ORIENTED_EDGE('',*,*,#5923,.F.);
#8073=ORIENTED_EDGE('',*,*,#5944,.T.);
#8074=ORIENTED_EDGE('',*,*,#5934,.T.);
#8075=ORIENTED_EDGE('',*,*,#5943,.F.);
#8076=ORIENTED_EDGE('',*,*,#5922,.F.);
#8077=ORIENTED_EDGE('',*,*,#5945,.T.);
#8078=ORIENTED_EDGE('',*,*,#5935,.T.);
#8079=ORIENTED_EDGE('',*,*,#5944,.F.);
#8080=ORIENTED_EDGE('',*,*,#5921,.F.);
#8081=ORIENTED_EDGE('',*,*,#5946,.T.);
#8082=ORIENTED_EDGE('',*,*,#5936,.T.);
#8083=ORIENTED_EDGE('',*,*,#5945,.F.);
#8084=ORIENTED_EDGE('',*,*,#5920,.T.);
#8085=ORIENTED_EDGE('',*,*,#5947,.T.);
#8086=ORIENTED_EDGE('',*,*,#5937,.F.);
#8087=ORIENTED_EDGE('',*,*,#5946,.F.);
#8088=ORIENTED_EDGE('',*,*,#5948,.F.);
#8089=ORIENTED_EDGE('',*,*,#5949,.T.);
#8090=ORIENTED_EDGE('',*,*,#5938,.T.);
#8091=ORIENTED_EDGE('',*,*,#5947,.F.);
#8092=ORIENTED_EDGE('',*,*,#5919,.F.);
#8093=ORIENTED_EDGE('',*,*,#5918,.T.);
#8094=ORIENTED_EDGE('',*,*,#5950,.T.);
#8095=ORIENTED_EDGE('',*,*,#5939,.F.);
#8096=ORIENTED_EDGE('',*,*,#5949,.F.);
#8097=ORIENTED_EDGE('',*,*,#5917,.T.);
#8098=ORIENTED_EDGE('',*,*,#5951,.T.);
#8099=ORIENTED_EDGE('',*,*,#5940,.F.);
#8100=ORIENTED_EDGE('',*,*,#5950,.F.);
#8101=ORIENTED_EDGE('',*,*,#5930,.T.);
#8102=ORIENTED_EDGE('',*,*,#5941,.T.);
#8103=ORIENTED_EDGE('',*,*,#5951,.F.);
#8104=ORIENTED_EDGE('',*,*,#5916,.F.);
#8105=ORIENTED_EDGE('',*,*,#5952,.T.);
#8106=ORIENTED_EDGE('',*,*,#5953,.T.);
#8107=ORIENTED_EDGE('',*,*,#5928,.F.);
#8108=ORIENTED_EDGE('',*,*,#5953,.F.);
#8109=ORIENTED_EDGE('',*,*,#5948,.T.);
#8110=ORIENTED_EDGE('',*,*,#5954,.T.);
#8111=ORIENTED_EDGE('',*,*,#5955,.F.);
#8112=ORIENTED_EDGE('',*,*,#5954,.F.);
#8113=ORIENTED_EDGE('',*,*,#5952,.F.);
#8114=ORIENTED_EDGE('',*,*,#5955,.T.);
#8115=ORIENTED_EDGE('',*,*,#5956,.F.);
#8116=ORIENTED_EDGE('',*,*,#5957,.T.);
#8117=ORIENTED_EDGE('',*,*,#5958,.T.);
#8118=ORIENTED_EDGE('',*,*,#5959,.F.);
#8119=ORIENTED_EDGE('',*,*,#5958,.F.);
#8120=ORIENTED_EDGE('',*,*,#5960,.T.);
#8121=ORIENTED_EDGE('',*,*,#5961,.T.);
#8122=ORIENTED_EDGE('',*,*,#5962,.F.);
#8123=ORIENTED_EDGE('',*,*,#5961,.F.);
#8124=ORIENTED_EDGE('',*,*,#5963,.T.);
#8125=ORIENTED_EDGE('',*,*,#5964,.T.);
#8126=ORIENTED_EDGE('',*,*,#5965,.F.);
#8127=ORIENTED_EDGE('',*,*,#5964,.F.);
#8128=ORIENTED_EDGE('',*,*,#5966,.T.);
#8129=ORIENTED_EDGE('',*,*,#5956,.T.);
#8130=ORIENTED_EDGE('',*,*,#5967,.F.);
#8131=ORIENTED_EDGE('',*,*,#5957,.F.);
#8132=ORIENTED_EDGE('',*,*,#5966,.F.);
#8133=ORIENTED_EDGE('',*,*,#5963,.F.);
#8134=ORIENTED_EDGE('',*,*,#5960,.F.);
#8135=ORIENTED_EDGE('',*,*,#5959,.T.);
#8136=ORIENTED_EDGE('',*,*,#5962,.T.);
#8137=ORIENTED_EDGE('',*,*,#5965,.T.);
#8138=ORIENTED_EDGE('',*,*,#5967,.T.);
#8139=ORIENTED_EDGE('',*,*,#5968,.T.);
#8140=ORIENTED_EDGE('',*,*,#5969,.T.);
#8141=ORIENTED_EDGE('',*,*,#5970,.F.);
#8142=ORIENTED_EDGE('',*,*,#5971,.F.);
#8143=ORIENTED_EDGE('',*,*,#5970,.T.);
#8144=ORIENTED_EDGE('',*,*,#5972,.T.);
#8145=ORIENTED_EDGE('',*,*,#5973,.F.);
#8146=ORIENTED_EDGE('',*,*,#5974,.F.);
#8147=ORIENTED_EDGE('',*,*,#5973,.T.);
#8148=ORIENTED_EDGE('',*,*,#5975,.T.);
#8149=ORIENTED_EDGE('',*,*,#5976,.F.);
#8150=ORIENTED_EDGE('',*,*,#5977,.F.);
#8151=ORIENTED_EDGE('',*,*,#5976,.T.);
#8152=ORIENTED_EDGE('',*,*,#5978,.T.);
#8153=ORIENTED_EDGE('',*,*,#5979,.F.);
#8154=ORIENTED_EDGE('',*,*,#5980,.F.);
#8155=ORIENTED_EDGE('',*,*,#5968,.F.);
#8156=ORIENTED_EDGE('',*,*,#5981,.T.);
#8157=ORIENTED_EDGE('',*,*,#5979,.T.);
#8158=ORIENTED_EDGE('',*,*,#5982,.F.);
#8159=ORIENTED_EDGE('',*,*,#5971,.T.);
#8160=ORIENTED_EDGE('',*,*,#5974,.T.);
#8161=ORIENTED_EDGE('',*,*,#5977,.T.);
#8162=ORIENTED_EDGE('',*,*,#5980,.T.);
#8163=ORIENTED_EDGE('',*,*,#5981,.F.);
#8164=ORIENTED_EDGE('',*,*,#5969,.F.);
#8165=ORIENTED_EDGE('',*,*,#5982,.T.);
#8166=ORIENTED_EDGE('',*,*,#5978,.F.);
#8167=ORIENTED_EDGE('',*,*,#5975,.F.);
#8168=ORIENTED_EDGE('',*,*,#5972,.F.);
#8169=ORIENTED_EDGE('',*,*,#5983,.T.);
#8170=ORIENTED_EDGE('',*,*,#5984,.T.);
#8171=ORIENTED_EDGE('',*,*,#5985,.F.);
#8172=ORIENTED_EDGE('',*,*,#5986,.F.);
#8173=ORIENTED_EDGE('',*,*,#5985,.T.);
#8174=ORIENTED_EDGE('',*,*,#5987,.T.);
#8175=ORIENTED_EDGE('',*,*,#5988,.F.);
#8176=ORIENTED_EDGE('',*,*,#5989,.F.);
#8177=ORIENTED_EDGE('',*,*,#5988,.T.);
#8178=ORIENTED_EDGE('',*,*,#5990,.T.);
#8179=ORIENTED_EDGE('',*,*,#5991,.F.);
#8180=ORIENTED_EDGE('',*,*,#5992,.F.);
#8181=ORIENTED_EDGE('',*,*,#5991,.T.);
#8182=ORIENTED_EDGE('',*,*,#5993,.T.);
#8183=ORIENTED_EDGE('',*,*,#5983,.F.);
#8184=ORIENTED_EDGE('',*,*,#5994,.F.);
#8185=ORIENTED_EDGE('',*,*,#5986,.T.);
#8186=ORIENTED_EDGE('',*,*,#5989,.T.);
#8187=ORIENTED_EDGE('',*,*,#5992,.T.);
#8188=ORIENTED_EDGE('',*,*,#5994,.T.);
#8189=ORIENTED_EDGE('',*,*,#5984,.F.);
#8190=ORIENTED_EDGE('',*,*,#5993,.F.);
#8191=ORIENTED_EDGE('',*,*,#5990,.F.);
#8192=ORIENTED_EDGE('',*,*,#5987,.F.);
#8193=ORIENTED_EDGE('',*,*,#5995,.F.);
#8194=ORIENTED_EDGE('',*,*,#5996,.T.);
#8195=ORIENTED_EDGE('',*,*,#5997,.T.);
#8196=ORIENTED_EDGE('',*,*,#5998,.F.);
#8197=ORIENTED_EDGE('',*,*,#5997,.F.);
#8198=ORIENTED_EDGE('',*,*,#5999,.T.);
#8199=ORIENTED_EDGE('',*,*,#6000,.T.);
#8200=ORIENTED_EDGE('',*,*,#6001,.F.);
#8201=ORIENTED_EDGE('',*,*,#6000,.F.);
#8202=ORIENTED_EDGE('',*,*,#6002,.T.);
#8203=ORIENTED_EDGE('',*,*,#6003,.T.);
#8204=ORIENTED_EDGE('',*,*,#6004,.F.);
#8205=ORIENTED_EDGE('',*,*,#6003,.F.);
#8206=ORIENTED_EDGE('',*,*,#6005,.T.);
#8207=ORIENTED_EDGE('',*,*,#5995,.T.);
#8208=ORIENTED_EDGE('',*,*,#6006,.F.);
#8209=ORIENTED_EDGE('',*,*,#5996,.F.);
#8210=ORIENTED_EDGE('',*,*,#6005,.F.);
#8211=ORIENTED_EDGE('',*,*,#6002,.F.);
#8212=ORIENTED_EDGE('',*,*,#5999,.F.);
#8213=ORIENTED_EDGE('',*,*,#5998,.T.);
#8214=ORIENTED_EDGE('',*,*,#6001,.T.);
#8215=ORIENTED_EDGE('',*,*,#6004,.T.);
#8216=ORIENTED_EDGE('',*,*,#6006,.T.);
#8217=ORIENTED_EDGE('',*,*,#6007,.T.);
#8218=ORIENTED_EDGE('',*,*,#6008,.T.);
#8219=ORIENTED_EDGE('',*,*,#6009,.F.);
#8220=ORIENTED_EDGE('',*,*,#6010,.F.);
#8221=ORIENTED_EDGE('',*,*,#6011,.T.);
#8222=ORIENTED_EDGE('',*,*,#6012,.T.);
#8223=ORIENTED_EDGE('',*,*,#6007,.F.);
#8224=ORIENTED_EDGE('',*,*,#6013,.F.);
#8225=ORIENTED_EDGE('',*,*,#6009,.T.);
#8226=ORIENTED_EDGE('',*,*,#6014,.T.);
#8227=ORIENTED_EDGE('',*,*,#6015,.F.);
#8228=ORIENTED_EDGE('',*,*,#6016,.F.);
#8229=ORIENTED_EDGE('',*,*,#6010,.T.);
#8230=ORIENTED_EDGE('',*,*,#6016,.T.);
#8231=ORIENTED_EDGE('',*,*,#6017,.T.);
#8232=ORIENTED_EDGE('',*,*,#6018,.T.);
#8233=ORIENTED_EDGE('',*,*,#6019,.T.);
#8234=ORIENTED_EDGE('',*,*,#6020,.T.);
#8235=ORIENTED_EDGE('',*,*,#6021,.T.);
#8236=ORIENTED_EDGE('',*,*,#6022,.T.);
#8237=ORIENTED_EDGE('',*,*,#6023,.T.);
#8238=ORIENTED_EDGE('',*,*,#6024,.T.);
#8239=ORIENTED_EDGE('',*,*,#6025,.T.);
#8240=ORIENTED_EDGE('',*,*,#6026,.T.);
#8241=ORIENTED_EDGE('',*,*,#6027,.T.);
#8242=ORIENTED_EDGE('',*,*,#6028,.T.);
#8243=ORIENTED_EDGE('',*,*,#6029,.T.);
#8244=ORIENTED_EDGE('',*,*,#6030,.T.);
#8245=ORIENTED_EDGE('',*,*,#6031,.T.);
#8246=ORIENTED_EDGE('',*,*,#6032,.T.);
#8247=ORIENTED_EDGE('',*,*,#6033,.T.);
#8248=ORIENTED_EDGE('',*,*,#6013,.T.);
#8249=ORIENTED_EDGE('',*,*,#6034,.T.);
#8250=ORIENTED_EDGE('',*,*,#6035,.T.);
#8251=ORIENTED_EDGE('',*,*,#6036,.T.);
#8252=ORIENTED_EDGE('',*,*,#6037,.T.);
#8253=ORIENTED_EDGE('',*,*,#6038,.T.);
#8254=ORIENTED_EDGE('',*,*,#6039,.T.);
#8255=ORIENTED_EDGE('',*,*,#6040,.T.);
#8256=ORIENTED_EDGE('',*,*,#6041,.T.);
#8257=ORIENTED_EDGE('',*,*,#6042,.T.);
#8258=ORIENTED_EDGE('',*,*,#6043,.T.);
#8259=ORIENTED_EDGE('',*,*,#6044,.T.);
#8260=ORIENTED_EDGE('',*,*,#6045,.T.);
#8261=ORIENTED_EDGE('',*,*,#6046,.T.);
#8262=ORIENTED_EDGE('',*,*,#6047,.T.);
#8263=ORIENTED_EDGE('',*,*,#6048,.T.);
#8264=ORIENTED_EDGE('',*,*,#6049,.T.);
#8265=ORIENTED_EDGE('',*,*,#6050,.T.);
#8266=ORIENTED_EDGE('',*,*,#6051,.T.);
#8267=ORIENTED_EDGE('',*,*,#6052,.T.);
#8268=ORIENTED_EDGE('',*,*,#6053,.T.);
#8269=ORIENTED_EDGE('',*,*,#6054,.F.);
#8270=ORIENTED_EDGE('',*,*,#6055,.F.);
#8271=ORIENTED_EDGE('',*,*,#6008,.F.);
#8272=ORIENTED_EDGE('',*,*,#6012,.F.);
#8273=ORIENTED_EDGE('',*,*,#6056,.F.);
#8274=ORIENTED_EDGE('',*,*,#6057,.F.);
#8275=ORIENTED_EDGE('',*,*,#6058,.F.);
#8276=ORIENTED_EDGE('',*,*,#6059,.F.);
#8277=ORIENTED_EDGE('',*,*,#6060,.F.);
#8278=ORIENTED_EDGE('',*,*,#6061,.F.);
#8279=ORIENTED_EDGE('',*,*,#6062,.F.);
#8280=ORIENTED_EDGE('',*,*,#6063,.F.);
#8281=ORIENTED_EDGE('',*,*,#6064,.F.);
#8282=ORIENTED_EDGE('',*,*,#6065,.F.);
#8283=ORIENTED_EDGE('',*,*,#6066,.F.);
#8284=ORIENTED_EDGE('',*,*,#6067,.F.);
#8285=ORIENTED_EDGE('',*,*,#6068,.F.);
#8286=ORIENTED_EDGE('',*,*,#6069,.F.);
#8287=ORIENTED_EDGE('',*,*,#6070,.F.);
#8288=ORIENTED_EDGE('',*,*,#6071,.F.);
#8289=ORIENTED_EDGE('',*,*,#6072,.F.);
#8290=ORIENTED_EDGE('',*,*,#6014,.F.);
#8291=ORIENTED_EDGE('',*,*,#6073,.F.);
#8292=ORIENTED_EDGE('',*,*,#6074,.F.);
#8293=ORIENTED_EDGE('',*,*,#6075,.F.);
#8294=ORIENTED_EDGE('',*,*,#6076,.F.);
#8295=ORIENTED_EDGE('',*,*,#6077,.F.);
#8296=ORIENTED_EDGE('',*,*,#6078,.F.);
#8297=ORIENTED_EDGE('',*,*,#6079,.F.);
#8298=ORIENTED_EDGE('',*,*,#6080,.F.);
#8299=ORIENTED_EDGE('',*,*,#6081,.F.);
#8300=ORIENTED_EDGE('',*,*,#6082,.F.);
#8301=ORIENTED_EDGE('',*,*,#6083,.F.);
#8302=ORIENTED_EDGE('',*,*,#6084,.F.);
#8303=ORIENTED_EDGE('',*,*,#6085,.F.);
#8304=ORIENTED_EDGE('',*,*,#6086,.F.);
#8305=ORIENTED_EDGE('',*,*,#6087,.F.);
#8306=ORIENTED_EDGE('',*,*,#6088,.F.);
#8307=ORIENTED_EDGE('',*,*,#6089,.F.);
#8308=ORIENTED_EDGE('',*,*,#6090,.F.);
#8309=ORIENTED_EDGE('',*,*,#6091,.F.);
#8310=ORIENTED_EDGE('',*,*,#6092,.F.);
#8311=ORIENTED_EDGE('',*,*,#6093,.T.);
#8312=ORIENTED_EDGE('',*,*,#6094,.T.);
#8313=ORIENTED_EDGE('',*,*,#6095,.T.);
#8314=ORIENTED_EDGE('',*,*,#6056,.T.);
#8315=ORIENTED_EDGE('',*,*,#6011,.F.);
#8316=ORIENTED_EDGE('',*,*,#6033,.F.);
#8317=ORIENTED_EDGE('',*,*,#6015,.T.);
#8318=ORIENTED_EDGE('',*,*,#6072,.T.);
#8319=ORIENTED_EDGE('',*,*,#6096,.F.);
#8320=ORIENTED_EDGE('',*,*,#6017,.F.);
#8321=ORIENTED_EDGE('',*,*,#6097,.T.);
#8322=ORIENTED_EDGE('',*,*,#6057,.T.);
#8323=ORIENTED_EDGE('',*,*,#6095,.F.);
#8324=ORIENTED_EDGE('',*,*,#6032,.F.);
#8325=ORIENTED_EDGE('',*,*,#6096,.T.);
#8326=ORIENTED_EDGE('',*,*,#6071,.T.);
#8327=ORIENTED_EDGE('',*,*,#6098,.F.);
#8328=ORIENTED_EDGE('',*,*,#6018,.F.);
#8329=ORIENTED_EDGE('',*,*,#6099,.T.);
#8330=ORIENTED_EDGE('',*,*,#6058,.T.);
#8331=ORIENTED_EDGE('',*,*,#6097,.F.);
#8332=ORIENTED_EDGE('',*,*,#6031,.F.);
#8333=ORIENTED_EDGE('',*,*,#6098,.T.);
#8334=ORIENTED_EDGE('',*,*,#6070,.T.);
#8335=ORIENTED_EDGE('',*,*,#6100,.F.);
#8336=ORIENTED_EDGE('',*,*,#6019,.F.);
#8337=ORIENTED_EDGE('',*,*,#6101,.T.);
#8338=ORIENTED_EDGE('',*,*,#6059,.T.);
#8339=ORIENTED_EDGE('',*,*,#6099,.F.);
#8340=ORIENTED_EDGE('',*,*,#6030,.F.);
#8341=ORIENTED_EDGE('',*,*,#6100,.T.);
#8342=ORIENTED_EDGE('',*,*,#6069,.T.);
#8343=ORIENTED_EDGE('',*,*,#6102,.F.);
#8344=ORIENTED_EDGE('',*,*,#6020,.F.);
#8345=ORIENTED_EDGE('',*,*,#6103,.T.);
#8346=ORIENTED_EDGE('',*,*,#6060,.T.);
#8347=ORIENTED_EDGE('',*,*,#6101,.F.);
#8348=ORIENTED_EDGE('',*,*,#6029,.F.);
#8349=ORIENTED_EDGE('',*,*,#6102,.T.);
#8350=ORIENTED_EDGE('',*,*,#6068,.T.);
#8351=ORIENTED_EDGE('',*,*,#6104,.F.);
#8352=ORIENTED_EDGE('',*,*,#6021,.F.);
#8353=ORIENTED_EDGE('',*,*,#6105,.T.);
#8354=ORIENTED_EDGE('',*,*,#6061,.T.);
#8355=ORIENTED_EDGE('',*,*,#6103,.F.);
#8356=ORIENTED_EDGE('',*,*,#6028,.F.);
#8357=ORIENTED_EDGE('',*,*,#6104,.T.);
#8358=ORIENTED_EDGE('',*,*,#6067,.T.);
#8359=ORIENTED_EDGE('',*,*,#6106,.F.);
#8360=ORIENTED_EDGE('',*,*,#6022,.F.);
#8361=ORIENTED_EDGE('',*,*,#6107,.T.);
#8362=ORIENTED_EDGE('',*,*,#6062,.T.);
#8363=ORIENTED_EDGE('',*,*,#6105,.F.);
#8364=ORIENTED_EDGE('',*,*,#6027,.F.);
#8365=ORIENTED_EDGE('',*,*,#6106,.T.);
#8366=ORIENTED_EDGE('',*,*,#6066,.T.);
#8367=ORIENTED_EDGE('',*,*,#6108,.F.);
#8368=ORIENTED_EDGE('',*,*,#6023,.F.);
#8369=ORIENTED_EDGE('',*,*,#6109,.T.);
#8370=ORIENTED_EDGE('',*,*,#6063,.T.);
#8371=ORIENTED_EDGE('',*,*,#6107,.F.);
#8372=ORIENTED_EDGE('',*,*,#6026,.F.);
#8373=ORIENTED_EDGE('',*,*,#6108,.T.);
#8374=ORIENTED_EDGE('',*,*,#6065,.T.);
#8375=ORIENTED_EDGE('',*,*,#6110,.F.);
#8376=ORIENTED_EDGE('',*,*,#6024,.F.);
#8377=ORIENTED_EDGE('',*,*,#6110,.T.);
#8378=ORIENTED_EDGE('',*,*,#6064,.T.);
#8379=ORIENTED_EDGE('',*,*,#6109,.F.);
#8380=ORIENTED_EDGE('',*,*,#6025,.F.);
#8381=ORIENTED_EDGE('',*,*,#6111,.T.);
#8382=ORIENTED_EDGE('',*,*,#6073,.T.);
#8383=ORIENTED_EDGE('',*,*,#6112,.F.);
#8384=ORIENTED_EDGE('',*,*,#6034,.F.);
#8385=ORIENTED_EDGE('',*,*,#6113,.T.);
#8386=ORIENTED_EDGE('',*,*,#6074,.T.);
#8387=ORIENTED_EDGE('',*,*,#6111,.F.);
#8388=ORIENTED_EDGE('',*,*,#6053,.F.);
#8389=ORIENTED_EDGE('',*,*,#6112,.T.);
#8390=ORIENTED_EDGE('',*,*,#6092,.T.);
#8391=ORIENTED_EDGE('',*,*,#6114,.F.);
#8392=ORIENTED_EDGE('',*,*,#6035,.F.);
#8393=ORIENTED_EDGE('',*,*,#6115,.T.);
#8394=ORIENTED_EDGE('',*,*,#6075,.T.);
#8395=ORIENTED_EDGE('',*,*,#6113,.F.);
#8396=ORIENTED_EDGE('',*,*,#6052,.F.);
#8397=ORIENTED_EDGE('',*,*,#6114,.T.);
#8398=ORIENTED_EDGE('',*,*,#6091,.T.);
#8399=ORIENTED_EDGE('',*,*,#6116,.F.);
#8400=ORIENTED_EDGE('',*,*,#6036,.F.);
#8401=ORIENTED_EDGE('',*,*,#6117,.T.);
#8402=ORIENTED_EDGE('',*,*,#6076,.T.);
#8403=ORIENTED_EDGE('',*,*,#6115,.F.);
#8404=ORIENTED_EDGE('',*,*,#6051,.F.);
#8405=ORIENTED_EDGE('',*,*,#6116,.T.);
#8406=ORIENTED_EDGE('',*,*,#6090,.T.);
#8407=ORIENTED_EDGE('',*,*,#6118,.F.);
#8408=ORIENTED_EDGE('',*,*,#6037,.F.);
#8409=ORIENTED_EDGE('',*,*,#6119,.T.);
#8410=ORIENTED_EDGE('',*,*,#6077,.T.);
#8411=ORIENTED_EDGE('',*,*,#6117,.F.);
#8412=ORIENTED_EDGE('',*,*,#6050,.F.);
#8413=ORIENTED_EDGE('',*,*,#6118,.T.);
#8414=ORIENTED_EDGE('',*,*,#6089,.T.);
#8415=ORIENTED_EDGE('',*,*,#6120,.F.);
#8416=ORIENTED_EDGE('',*,*,#6038,.F.);
#8417=ORIENTED_EDGE('',*,*,#6121,.T.);
#8418=ORIENTED_EDGE('',*,*,#6078,.T.);
#8419=ORIENTED_EDGE('',*,*,#6119,.F.);
#8420=ORIENTED_EDGE('',*,*,#6049,.F.);
#8421=ORIENTED_EDGE('',*,*,#6120,.T.);
#8422=ORIENTED_EDGE('',*,*,#6088,.T.);
#8423=ORIENTED_EDGE('',*,*,#6122,.F.);
#8424=ORIENTED_EDGE('',*,*,#6039,.F.);
#8425=ORIENTED_EDGE('',*,*,#6123,.T.);
#8426=ORIENTED_EDGE('',*,*,#6079,.T.);
#8427=ORIENTED_EDGE('',*,*,#6121,.F.);
#8428=ORIENTED_EDGE('',*,*,#6048,.F.);
#8429=ORIENTED_EDGE('',*,*,#6122,.T.);
#8430=ORIENTED_EDGE('',*,*,#6087,.T.);
#8431=ORIENTED_EDGE('',*,*,#6124,.F.);
#8432=ORIENTED_EDGE('',*,*,#6040,.F.);
#8433=ORIENTED_EDGE('',*,*,#6125,.T.);
#8434=ORIENTED_EDGE('',*,*,#6080,.T.);
#8435=ORIENTED_EDGE('',*,*,#6123,.F.);
#8436=ORIENTED_EDGE('',*,*,#6047,.F.);
#8437=ORIENTED_EDGE('',*,*,#6124,.T.);
#8438=ORIENTED_EDGE('',*,*,#6086,.T.);
#8439=ORIENTED_EDGE('',*,*,#6126,.F.);
#8440=ORIENTED_EDGE('',*,*,#6041,.F.);
#8441=ORIENTED_EDGE('',*,*,#6127,.T.);
#8442=ORIENTED_EDGE('',*,*,#6081,.T.);
#8443=ORIENTED_EDGE('',*,*,#6125,.F.);
#8444=ORIENTED_EDGE('',*,*,#6046,.F.);
#8445=ORIENTED_EDGE('',*,*,#6126,.T.);
#8446=ORIENTED_EDGE('',*,*,#6085,.T.);
#8447=ORIENTED_EDGE('',*,*,#6128,.F.);
#8448=ORIENTED_EDGE('',*,*,#6042,.F.);
#8449=ORIENTED_EDGE('',*,*,#6129,.T.);
#8450=ORIENTED_EDGE('',*,*,#6082,.T.);
#8451=ORIENTED_EDGE('',*,*,#6127,.F.);
#8452=ORIENTED_EDGE('',*,*,#6045,.F.);
#8453=ORIENTED_EDGE('',*,*,#6128,.T.);
#8454=ORIENTED_EDGE('',*,*,#6084,.T.);
#8455=ORIENTED_EDGE('',*,*,#6130,.F.);
#8456=ORIENTED_EDGE('',*,*,#6043,.F.);
#8457=ORIENTED_EDGE('',*,*,#6130,.T.);
#8458=ORIENTED_EDGE('',*,*,#6083,.T.);
#8459=ORIENTED_EDGE('',*,*,#6129,.F.);
#8460=ORIENTED_EDGE('',*,*,#6044,.F.);
#8461=ORIENTED_EDGE('',*,*,#6093,.F.);
#8462=ORIENTED_EDGE('',*,*,#6131,.T.);
#8463=ORIENTED_EDGE('',*,*,#6054,.T.);
#8464=ORIENTED_EDGE('',*,*,#6131,.F.);
#8465=ORIENTED_EDGE('',*,*,#6094,.F.);
#8466=ORIENTED_EDGE('',*,*,#6132,.T.);
#8467=ORIENTED_EDGE('',*,*,#6055,.T.);
#8468=ORIENTED_EDGE('',*,*,#6132,.F.);
#8469=ORIENTED_EDGE('',*,*,#6133,.F.);
#8470=ORIENTED_EDGE('',*,*,#6134,.T.);
#8471=ORIENTED_EDGE('',*,*,#6135,.T.);
#8472=ORIENTED_EDGE('',*,*,#6136,.T.);
#8473=ORIENTED_EDGE('',*,*,#6137,.F.);
#8474=ORIENTED_EDGE('',*,*,#6138,.F.);
#8475=ORIENTED_EDGE('',*,*,#6139,.F.);
#8476=ORIENTED_EDGE('',*,*,#6140,.F.);
#8477=ORIENTED_EDGE('',*,*,#6133,.T.);
#8478=ORIENTED_EDGE('',*,*,#6136,.F.);
#8479=ORIENTED_EDGE('',*,*,#6141,.F.);
#8480=ORIENTED_EDGE('',*,*,#6142,.F.);
#8481=ORIENTED_EDGE('',*,*,#6143,.F.);
#8482=ORIENTED_EDGE('',*,*,#6144,.F.);
#8483=ORIENTED_EDGE('',*,*,#6145,.T.);
#8484=ORIENTED_EDGE('',*,*,#6134,.F.);
#8485=ORIENTED_EDGE('',*,*,#6135,.F.);
#8486=ORIENTED_EDGE('',*,*,#6146,.T.);
#8487=ORIENTED_EDGE('',*,*,#6147,.F.);
#8488=ORIENTED_EDGE('',*,*,#6148,.F.);
#8489=ORIENTED_EDGE('',*,*,#6149,.T.);
#8490=ORIENTED_EDGE('',*,*,#6150,.T.);
#8491=ORIENTED_EDGE('',*,*,#6151,.F.);
#8492=ORIENTED_EDGE('',*,*,#6152,.F.);
#8493=ORIENTED_EDGE('',*,*,#6153,.T.);
#8494=ORIENTED_EDGE('',*,*,#6137,.T.);
#8495=ORIENTED_EDGE('',*,*,#6154,.F.);
#8496=ORIENTED_EDGE('',*,*,#6155,.F.);
#8497=ORIENTED_EDGE('',*,*,#6156,.T.);
#8498=ORIENTED_EDGE('',*,*,#6157,.T.);
#8499=ORIENTED_EDGE('',*,*,#6138,.T.);
#8500=ORIENTED_EDGE('',*,*,#6153,.F.);
#8501=ORIENTED_EDGE('',*,*,#6158,.T.);
#8502=ORIENTED_EDGE('',*,*,#6159,.T.);
#8503=ORIENTED_EDGE('',*,*,#6160,.F.);
#8504=ORIENTED_EDGE('',*,*,#6161,.F.);
#8505=ORIENTED_EDGE('',*,*,#6162,.T.);
#8506=ORIENTED_EDGE('',*,*,#6154,.T.);
#8507=ORIENTED_EDGE('',*,*,#6140,.T.);
#8508=ORIENTED_EDGE('',*,*,#6163,.F.);
#8509=ORIENTED_EDGE('',*,*,#6164,.T.);
#8510=ORIENTED_EDGE('',*,*,#6165,.T.);
#8511=ORIENTED_EDGE('',*,*,#6166,.F.);
#8512=ORIENTED_EDGE('',*,*,#6167,.F.);
#8513=ORIENTED_EDGE('',*,*,#6163,.T.);
#8514=ORIENTED_EDGE('',*,*,#6139,.T.);
#8515=ORIENTED_EDGE('',*,*,#6157,.F.);
#8516=ORIENTED_EDGE('',*,*,#6168,.F.);
#8517=ORIENTED_EDGE('',*,*,#6152,.T.);
#8518=ORIENTED_EDGE('',*,*,#6169,.T.);
#8519=ORIENTED_EDGE('',*,*,#6170,.T.);
#8520=ORIENTED_EDGE('',*,*,#6141,.T.);
#8521=ORIENTED_EDGE('',*,*,#6171,.F.);
#8522=ORIENTED_EDGE('',*,*,#6144,.T.);
#8523=ORIENTED_EDGE('',*,*,#6143,.T.);
#8524=ORIENTED_EDGE('',*,*,#6142,.T.);
#8525=ORIENTED_EDGE('',*,*,#6146,.F.);
#8526=ORIENTED_EDGE('',*,*,#6145,.F.);
#8527=ORIENTED_EDGE('',*,*,#6172,.F.);
#8528=ORIENTED_EDGE('',*,*,#6173,.F.);
#8529=ORIENTED_EDGE('',*,*,#6151,.T.);
#8530=ORIENTED_EDGE('',*,*,#6174,.T.);
#8531=ORIENTED_EDGE('',*,*,#6175,.F.);
#8532=ORIENTED_EDGE('',*,*,#6169,.F.);
#8533=ORIENTED_EDGE('',*,*,#6176,.F.);
#8534=ORIENTED_EDGE('',*,*,#6174,.F.);
#8535=ORIENTED_EDGE('',*,*,#6150,.F.);
#8536=ORIENTED_EDGE('',*,*,#6177,.F.);
#8537=ORIENTED_EDGE('',*,*,#6178,.F.);
#8538=ORIENTED_EDGE('',*,*,#6179,.F.);
#8539=ORIENTED_EDGE('',*,*,#6180,.T.);
#8540=ORIENTED_EDGE('',*,*,#6177,.T.);
#8541=ORIENTED_EDGE('',*,*,#6149,.F.);
#8542=ORIENTED_EDGE('',*,*,#6181,.F.);
#8543=ORIENTED_EDGE('',*,*,#6182,.F.);
#8544=ORIENTED_EDGE('',*,*,#6183,.T.);
#8545=ORIENTED_EDGE('',*,*,#6184,.T.);
#8546=ORIENTED_EDGE('',*,*,#6185,.F.);
#8547=ORIENTED_EDGE('',*,*,#6181,.T.);
#8548=ORIENTED_EDGE('',*,*,#6148,.T.);
#8549=ORIENTED_EDGE('',*,*,#6182,.T.);
#8550=ORIENTED_EDGE('',*,*,#6147,.T.);
#8551=ORIENTED_EDGE('',*,*,#6173,.T.);
#8552=ORIENTED_EDGE('',*,*,#6186,.F.);
#8553=ORIENTED_EDGE('',*,*,#6158,.F.);
#8554=ORIENTED_EDGE('',*,*,#6155,.T.);
#8555=ORIENTED_EDGE('',*,*,#6162,.F.);
#8556=ORIENTED_EDGE('',*,*,#6187,.F.);
#8557=ORIENTED_EDGE('',*,*,#6156,.F.);
#8558=ORIENTED_EDGE('',*,*,#6188,.F.);
#8559=ORIENTED_EDGE('',*,*,#6164,.F.);
#8560=ORIENTED_EDGE('',*,*,#6168,.T.);
#8561=ORIENTED_EDGE('',*,*,#6159,.F.);
#8562=ORIENTED_EDGE('',*,*,#6187,.T.);
#8563=ORIENTED_EDGE('',*,*,#6167,.T.);
#8564=ORIENTED_EDGE('',*,*,#6189,.F.);
#8565=ORIENTED_EDGE('',*,*,#6189,.T.);
#8566=ORIENTED_EDGE('',*,*,#6166,.T.);
#8567=ORIENTED_EDGE('',*,*,#6190,.T.);
#8568=ORIENTED_EDGE('',*,*,#6160,.T.);
#8569=ORIENTED_EDGE('',*,*,#6191,.F.);
#8570=ORIENTED_EDGE('',*,*,#6192,.F.);
#8571=ORIENTED_EDGE('',*,*,#6193,.F.);
#8572=ORIENTED_EDGE('',*,*,#6194,.F.);
#8573=ORIENTED_EDGE('',*,*,#6165,.F.);
#8574=ORIENTED_EDGE('',*,*,#6188,.T.);
#8575=ORIENTED_EDGE('',*,*,#6161,.T.);
#8576=ORIENTED_EDGE('',*,*,#6190,.F.);
#8577=ORIENTED_EDGE('',*,*,#6171,.T.);
#8578=ORIENTED_EDGE('',*,*,#6170,.F.);
#8579=ORIENTED_EDGE('',*,*,#6175,.T.);
#8580=ORIENTED_EDGE('',*,*,#6176,.T.);
#8581=ORIENTED_EDGE('',*,*,#6195,.F.);
#8582=ORIENTED_EDGE('',*,*,#6183,.F.);
#8583=ORIENTED_EDGE('',*,*,#6186,.T.);
#8584=ORIENTED_EDGE('',*,*,#6172,.T.);
#8585=ORIENTED_EDGE('',*,*,#6195,.T.);
#8586=ORIENTED_EDGE('',*,*,#6179,.T.);
#8587=ORIENTED_EDGE('',*,*,#6196,.F.);
#8588=ORIENTED_EDGE('',*,*,#6184,.F.);
#8589=ORIENTED_EDGE('',*,*,#6196,.T.);
#8590=ORIENTED_EDGE('',*,*,#6178,.T.);
#8591=ORIENTED_EDGE('',*,*,#6180,.F.);
#8592=ORIENTED_EDGE('',*,*,#6185,.T.);
#8593=ORIENTED_EDGE('',*,*,#6197,.F.);
#8594=ORIENTED_EDGE('',*,*,#6191,.T.);
#8595=ORIENTED_EDGE('',*,*,#6198,.T.);
#8596=ORIENTED_EDGE('',*,*,#6199,.F.);
#8597=ORIENTED_EDGE('',*,*,#6198,.F.);
#8598=ORIENTED_EDGE('',*,*,#6194,.T.);
#8599=ORIENTED_EDGE('',*,*,#6200,.T.);
#8600=ORIENTED_EDGE('',*,*,#6201,.F.);
#8601=ORIENTED_EDGE('',*,*,#6200,.F.);
#8602=ORIENTED_EDGE('',*,*,#6193,.T.);
#8603=ORIENTED_EDGE('',*,*,#6202,.T.);
#8604=ORIENTED_EDGE('',*,*,#6203,.F.);
#8605=ORIENTED_EDGE('',*,*,#6202,.F.);
#8606=ORIENTED_EDGE('',*,*,#6192,.T.);
#8607=ORIENTED_EDGE('',*,*,#6197,.T.);
#8608=ORIENTED_EDGE('',*,*,#6204,.F.);
#8609=ORIENTED_EDGE('',*,*,#6205,.F.);
#8610=ORIENTED_EDGE('',*,*,#6199,.T.);
#8611=ORIENTED_EDGE('',*,*,#6206,.T.);
#8612=ORIENTED_EDGE('',*,*,#6207,.F.);
#8613=ORIENTED_EDGE('',*,*,#6201,.T.);
#8614=ORIENTED_EDGE('',*,*,#6208,.T.);
#8615=ORIENTED_EDGE('',*,*,#6209,.F.);
#8616=ORIENTED_EDGE('',*,*,#6210,.T.);
#8617=ORIENTED_EDGE('',*,*,#6211,.T.);
#8618=ORIENTED_EDGE('',*,*,#6212,.F.);
#8619=ORIENTED_EDGE('',*,*,#6213,.F.);
#8620=ORIENTED_EDGE('',*,*,#6206,.F.);
#8621=ORIENTED_EDGE('',*,*,#6208,.F.);
#8622=ORIENTED_EDGE('',*,*,#6203,.T.);
#8623=ORIENTED_EDGE('',*,*,#6214,.T.);
#8624=ORIENTED_EDGE('',*,*,#6215,.F.);
#8625=ORIENTED_EDGE('',*,*,#6204,.T.);
#8626=ORIENTED_EDGE('',*,*,#6205,.T.);
#8627=ORIENTED_EDGE('',*,*,#6216,.F.);
#8628=ORIENTED_EDGE('',*,*,#6217,.F.);
#8629=ORIENTED_EDGE('',*,*,#6218,.F.);
#8630=ORIENTED_EDGE('',*,*,#6219,.T.);
#8631=ORIENTED_EDGE('',*,*,#6220,.F.);
#8632=ORIENTED_EDGE('',*,*,#6214,.F.);
#8633=ORIENTED_EDGE('',*,*,#6216,.T.);
#8634=ORIENTED_EDGE('',*,*,#6207,.T.);
#8635=ORIENTED_EDGE('',*,*,#6213,.T.);
#8636=ORIENTED_EDGE('',*,*,#6221,.T.);
#8637=ORIENTED_EDGE('',*,*,#6220,.T.);
#8638=ORIENTED_EDGE('',*,*,#6222,.F.);
#8639=ORIENTED_EDGE('',*,*,#6209,.T.);
#8640=ORIENTED_EDGE('',*,*,#6215,.T.);
#8641=ORIENTED_EDGE('',*,*,#6219,.F.);
#8642=ORIENTED_EDGE('',*,*,#6223,.T.);
#8643=ORIENTED_EDGE('',*,*,#6224,.T.);
#8644=ORIENTED_EDGE('',*,*,#6225,.T.);
#8645=ORIENTED_EDGE('',*,*,#6226,.T.);
#8646=ORIENTED_EDGE('',*,*,#6227,.T.);
#8647=ORIENTED_EDGE('',*,*,#6210,.F.);
#8648=ORIENTED_EDGE('',*,*,#6222,.T.);
#8649=ORIENTED_EDGE('',*,*,#6228,.T.);
#8650=ORIENTED_EDGE('',*,*,#6229,.T.);
#8651=ORIENTED_EDGE('',*,*,#6211,.F.);
#8652=ORIENTED_EDGE('',*,*,#6227,.F.);
#8653=ORIENTED_EDGE('',*,*,#6217,.T.);
#8654=ORIENTED_EDGE('',*,*,#6221,.F.);
#8655=ORIENTED_EDGE('',*,*,#6212,.T.);
#8656=ORIENTED_EDGE('',*,*,#6229,.F.);
#8657=ORIENTED_EDGE('',*,*,#6230,.F.);
#8658=ORIENTED_EDGE('',*,*,#6231,.F.);
#8659=ORIENTED_EDGE('',*,*,#6232,.F.);
#8660=ORIENTED_EDGE('',*,*,#6233,.F.);
#8661=ORIENTED_EDGE('',*,*,#6218,.T.);
#8662=ORIENTED_EDGE('',*,*,#6233,.T.);
#8663=ORIENTED_EDGE('',*,*,#6234,.F.);
#8664=ORIENTED_EDGE('',*,*,#6223,.F.);
#8665=ORIENTED_EDGE('',*,*,#6235,.T.);
#8666=ORIENTED_EDGE('',*,*,#6230,.T.);
#8667=ORIENTED_EDGE('',*,*,#6228,.F.);
#8668=ORIENTED_EDGE('',*,*,#6226,.F.);
#8669=ORIENTED_EDGE('',*,*,#6236,.T.);
#8670=ORIENTED_EDGE('',*,*,#6231,.T.);
#8671=ORIENTED_EDGE('',*,*,#6235,.F.);
#8672=ORIENTED_EDGE('',*,*,#6225,.F.);
#8673=ORIENTED_EDGE('',*,*,#6234,.T.);
#8674=ORIENTED_EDGE('',*,*,#6232,.T.);
#8675=ORIENTED_EDGE('',*,*,#6236,.F.);
#8676=ORIENTED_EDGE('',*,*,#6224,.F.);
#8677=ORIENTED_EDGE('',*,*,#6237,.T.);
#8678=ORIENTED_EDGE('',*,*,#6238,.T.);
#8679=ORIENTED_EDGE('',*,*,#6239,.F.);
#8680=ORIENTED_EDGE('',*,*,#6240,.F.);
#8681=ORIENTED_EDGE('',*,*,#6241,.F.);
#8682=ORIENTED_EDGE('',*,*,#6242,.F.);
#8683=ORIENTED_EDGE('',*,*,#6243,.T.);
#8684=ORIENTED_EDGE('',*,*,#6244,.T.);
#8685=ORIENTED_EDGE('',*,*,#6245,.T.);
#8686=ORIENTED_EDGE('',*,*,#6246,.T.);
#8687=ORIENTED_EDGE('',*,*,#6247,.T.);
#8688=ORIENTED_EDGE('',*,*,#6245,.F.);
#8689=ORIENTED_EDGE('',*,*,#6248,.F.);
#8690=ORIENTED_EDGE('',*,*,#6249,.F.);
#8691=ORIENTED_EDGE('',*,*,#6250,.F.);
#8692=ORIENTED_EDGE('',*,*,#6251,.F.);
#8693=ORIENTED_EDGE('',*,*,#6252,.F.);
#8694=ORIENTED_EDGE('',*,*,#6253,.F.);
#8695=ORIENTED_EDGE('',*,*,#6254,.F.);
#8696=ORIENTED_EDGE('',*,*,#6255,.F.);
#8697=ORIENTED_EDGE('',*,*,#6256,.F.);
#8698=ORIENTED_EDGE('',*,*,#6257,.F.);
#8699=ORIENTED_EDGE('',*,*,#6258,.T.);
#8700=ORIENTED_EDGE('',*,*,#6259,.T.);
#8701=ORIENTED_EDGE('',*,*,#6260,.T.);
#8702=ORIENTED_EDGE('',*,*,#6261,.T.);
#8703=ORIENTED_EDGE('',*,*,#6247,.F.);
#8704=ORIENTED_EDGE('',*,*,#6262,.T.);
#8705=ORIENTED_EDGE('',*,*,#6263,.F.);
#8706=ORIENTED_EDGE('',*,*,#6264,.T.);
#8707=ORIENTED_EDGE('',*,*,#6258,.F.);
#8708=ORIENTED_EDGE('',*,*,#6265,.T.);
#8709=ORIENTED_EDGE('',*,*,#6266,.T.);
#8710=ORIENTED_EDGE('',*,*,#6267,.T.);
#8711=ORIENTED_EDGE('',*,*,#6239,.T.);
#8712=ORIENTED_EDGE('',*,*,#6268,.T.);
#8713=ORIENTED_EDGE('',*,*,#6269,.T.);
#8714=ORIENTED_EDGE('',*,*,#6270,.T.);
#8715=ORIENTED_EDGE('',*,*,#6271,.T.);
#8716=ORIENTED_EDGE('',*,*,#6269,.F.);
#8717=ORIENTED_EDGE('',*,*,#6272,.T.);
#8718=ORIENTED_EDGE('',*,*,#6273,.F.);
#8719=ORIENTED_EDGE('',*,*,#6274,.F.);
#8720=ORIENTED_EDGE('',*,*,#6275,.F.);
#8721=ORIENTED_EDGE('',*,*,#6276,.F.);
#8722=ORIENTED_EDGE('',*,*,#6277,.F.);
#8723=ORIENTED_EDGE('',*,*,#6278,.F.);
#8724=ORIENTED_EDGE('',*,*,#6279,.F.);
#8725=ORIENTED_EDGE('',*,*,#6243,.F.);
#8726=ORIENTED_EDGE('',*,*,#6280,.F.);
#8727=ORIENTED_EDGE('',*,*,#6281,.F.);
#8728=ORIENTED_EDGE('',*,*,#6282,.T.);
#8729=ORIENTED_EDGE('',*,*,#6283,.F.);
#8730=ORIENTED_EDGE('',*,*,#6284,.F.);
#8731=ORIENTED_EDGE('',*,*,#6285,.F.);
#8732=ORIENTED_EDGE('',*,*,#6286,.T.);
#8733=ORIENTED_EDGE('',*,*,#6287,.F.);
#8734=ORIENTED_EDGE('',*,*,#6288,.F.);
#8735=ORIENTED_EDGE('',*,*,#6289,.F.);
#8736=ORIENTED_EDGE('',*,*,#6290,.T.);
#8737=ORIENTED_EDGE('',*,*,#6291,.F.);
#8738=ORIENTED_EDGE('',*,*,#6292,.F.);
#8739=ORIENTED_EDGE('',*,*,#6293,.F.);
#8740=ORIENTED_EDGE('',*,*,#6294,.T.);
#8741=ORIENTED_EDGE('',*,*,#6295,.F.);
#8742=ORIENTED_EDGE('',*,*,#6296,.T.);
#8743=ORIENTED_EDGE('',*,*,#6242,.T.);
#8744=ORIENTED_EDGE('',*,*,#6297,.T.);
#8745=ORIENTED_EDGE('',*,*,#6298,.T.);
#8746=ORIENTED_EDGE('',*,*,#6280,.T.);
#8747=ORIENTED_EDGE('',*,*,#6271,.F.);
#8748=ORIENTED_EDGE('',*,*,#6299,.T.);
#8749=ORIENTED_EDGE('',*,*,#6300,.F.);
#8750=ORIENTED_EDGE('',*,*,#6301,.F.);
#8751=ORIENTED_EDGE('',*,*,#6302,.F.);
#8752=ORIENTED_EDGE('',*,*,#6303,.T.);
#8753=ORIENTED_EDGE('',*,*,#6304,.F.);
#8754=ORIENTED_EDGE('',*,*,#6305,.F.);
#8755=ORIENTED_EDGE('',*,*,#6306,.F.);
#8756=ORIENTED_EDGE('',*,*,#6307,.T.);
#8757=ORIENTED_EDGE('',*,*,#6308,.T.);
#8758=ORIENTED_EDGE('',*,*,#6309,.T.);
#8759=ORIENTED_EDGE('',*,*,#6310,.F.);
#8760=ORIENTED_EDGE('',*,*,#6311,.T.);
#8761=ORIENTED_EDGE('',*,*,#6312,.F.);
#8762=ORIENTED_EDGE('',*,*,#6313,.T.);
#8763=ORIENTED_EDGE('',*,*,#6314,.F.);
#8764=ORIENTED_EDGE('',*,*,#6315,.T.);
#8765=ORIENTED_EDGE('',*,*,#6316,.F.);
#8766=ORIENTED_EDGE('',*,*,#6317,.T.);
#8767=ORIENTED_EDGE('',*,*,#6297,.F.);
#8768=ORIENTED_EDGE('',*,*,#6241,.T.);
#8769=ORIENTED_EDGE('',*,*,#6318,.T.);
#8770=ORIENTED_EDGE('',*,*,#6319,.T.);
#8771=ORIENTED_EDGE('',*,*,#6320,.T.);
#8772=ORIENTED_EDGE('',*,*,#6263,.T.);
#8773=ORIENTED_EDGE('',*,*,#6321,.T.);
#8774=ORIENTED_EDGE('',*,*,#6322,.T.);
#8775=ORIENTED_EDGE('',*,*,#6323,.T.);
#8776=ORIENTED_EDGE('',*,*,#6324,.T.);
#8777=ORIENTED_EDGE('',*,*,#6325,.T.);
#8778=ORIENTED_EDGE('',*,*,#6287,.T.);
#8779=ORIENTED_EDGE('',*,*,#6324,.F.);
#8780=ORIENTED_EDGE('',*,*,#6326,.T.);
#8781=ORIENTED_EDGE('',*,*,#6327,.F.);
#8782=ORIENTED_EDGE('',*,*,#6328,.T.);
#8783=ORIENTED_EDGE('',*,*,#6329,.T.);
#8784=ORIENTED_EDGE('',*,*,#6289,.T.);
#8785=ORIENTED_EDGE('',*,*,#6330,.T.);
#8786=ORIENTED_EDGE('',*,*,#6331,.T.);
#8787=ORIENTED_EDGE('',*,*,#6332,.T.);
#8788=ORIENTED_EDGE('',*,*,#6333,.T.);
#8789=ORIENTED_EDGE('',*,*,#6334,.T.);
#8790=ORIENTED_EDGE('',*,*,#6335,.T.);
#8791=ORIENTED_EDGE('',*,*,#6333,.F.);
#8792=ORIENTED_EDGE('',*,*,#6336,.F.);
#8793=ORIENTED_EDGE('',*,*,#6337,.F.);
#8794=ORIENTED_EDGE('',*,*,#6338,.T.);
#8795=ORIENTED_EDGE('',*,*,#6339,.T.);
#8796=ORIENTED_EDGE('',*,*,#6327,.T.);
#8797=ORIENTED_EDGE('',*,*,#6340,.T.);
#8798=ORIENTED_EDGE('',*,*,#6337,.T.);
#8799=ORIENTED_EDGE('',*,*,#6341,.T.);
#8800=ORIENTED_EDGE('',*,*,#6342,.T.);
#8801=ORIENTED_EDGE('',*,*,#6343,.T.);
#8802=ORIENTED_EDGE('',*,*,#6291,.T.);
#8803=ORIENTED_EDGE('',*,*,#6342,.F.);
#8804=ORIENTED_EDGE('',*,*,#6344,.T.);
#8805=ORIENTED_EDGE('',*,*,#6345,.F.);
#8806=ORIENTED_EDGE('',*,*,#6346,.T.);
#8807=ORIENTED_EDGE('',*,*,#6347,.T.);
#8808=ORIENTED_EDGE('',*,*,#6348,.T.);
#8809=ORIENTED_EDGE('',*,*,#6349,.T.);
#8810=ORIENTED_EDGE('',*,*,#6345,.T.);
#8811=ORIENTED_EDGE('',*,*,#6348,.F.);
#8812=ORIENTED_EDGE('',*,*,#6350,.T.);
#8813=ORIENTED_EDGE('',*,*,#6351,.F.);
#8814=ORIENTED_EDGE('',*,*,#6352,.T.);
#8815=ORIENTED_EDGE('',*,*,#6347,.F.);
#8816=ORIENTED_EDGE('',*,*,#6344,.F.);
#8817=ORIENTED_EDGE('',*,*,#6341,.F.);
#8818=ORIENTED_EDGE('',*,*,#6290,.F.);
#8819=ORIENTED_EDGE('',*,*,#6329,.F.);
#8820=ORIENTED_EDGE('',*,*,#6353,.F.);
#8821=ORIENTED_EDGE('',*,*,#6334,.F.);
#8822=ORIENTED_EDGE('',*,*,#6338,.F.);
#8823=ORIENTED_EDGE('',*,*,#6340,.F.);
#8824=ORIENTED_EDGE('',*,*,#6326,.F.);
#8825=ORIENTED_EDGE('',*,*,#6323,.F.);
#8826=ORIENTED_EDGE('',*,*,#6286,.F.);
#8827=ORIENTED_EDGE('',*,*,#6354,.F.);
#8828=ORIENTED_EDGE('',*,*,#6355,.F.);
#8829=ORIENTED_EDGE('',*,*,#6356,.F.);
#8830=ORIENTED_EDGE('',*,*,#6350,.F.);
#8831=ORIENTED_EDGE('',*,*,#6356,.T.);
#8832=ORIENTED_EDGE('',*,*,#6357,.T.);
#8833=ORIENTED_EDGE('',*,*,#6358,.T.);
#8834=ORIENTED_EDGE('',*,*,#6351,.T.);
#8835=ORIENTED_EDGE('',*,*,#6354,.T.);
#8836=ORIENTED_EDGE('',*,*,#6285,.T.);
#8837=ORIENTED_EDGE('',*,*,#6359,.T.);
#8838=ORIENTED_EDGE('',*,*,#6360,.T.);
#8839=ORIENTED_EDGE('',*,*,#6361,.T.);
#8840=ORIENTED_EDGE('',*,*,#6362,.T.);
#8841=ORIENTED_EDGE('',*,*,#6363,.T.);
#8842=ORIENTED_EDGE('',*,*,#6364,.T.);
#8843=ORIENTED_EDGE('',*,*,#6362,.F.);
#8844=ORIENTED_EDGE('',*,*,#6365,.F.);
#8845=ORIENTED_EDGE('',*,*,#6366,.T.);
#8846=ORIENTED_EDGE('',*,*,#6367,.T.);
#8847=ORIENTED_EDGE('',*,*,#6361,.F.);
#8848=ORIENTED_EDGE('',*,*,#6368,.T.);
#8849=ORIENTED_EDGE('',*,*,#6369,.F.);
#8850=ORIENTED_EDGE('',*,*,#6370,.T.);
#8851=ORIENTED_EDGE('',*,*,#6371,.F.);
#8852=ORIENTED_EDGE('',*,*,#6372,.T.);
#8853=ORIENTED_EDGE('',*,*,#6373,.F.);
#8854=ORIENTED_EDGE('',*,*,#6374,.T.);
#8855=ORIENTED_EDGE('',*,*,#6375,.T.);
#8856=ORIENTED_EDGE('',*,*,#6376,.F.);
#8857=ORIENTED_EDGE('',*,*,#6377,.F.);
#8858=ORIENTED_EDGE('',*,*,#6378,.F.);
#8859=ORIENTED_EDGE('',*,*,#6379,.T.);
#8860=ORIENTED_EDGE('',*,*,#6380,.F.);
#8861=ORIENTED_EDGE('',*,*,#6381,.F.);
#8862=ORIENTED_EDGE('',*,*,#6382,.F.);
#8863=ORIENTED_EDGE('',*,*,#6383,.T.);
#8864=ORIENTED_EDGE('',*,*,#6384,.F.);
#8865=ORIENTED_EDGE('',*,*,#6385,.T.);
#8866=ORIENTED_EDGE('',*,*,#6386,.F.);
#8867=ORIENTED_EDGE('',*,*,#6387,.T.);
#8868=ORIENTED_EDGE('',*,*,#6388,.F.);
#8869=ORIENTED_EDGE('',*,*,#6389,.T.);
#8870=ORIENTED_EDGE('',*,*,#6390,.F.);
#8871=ORIENTED_EDGE('',*,*,#6391,.T.);
#8872=ORIENTED_EDGE('',*,*,#6392,.F.);
#8873=ORIENTED_EDGE('',*,*,#6393,.T.);
#8874=ORIENTED_EDGE('',*,*,#6365,.T.);
#8875=ORIENTED_EDGE('',*,*,#6394,.T.);
#8876=ORIENTED_EDGE('',*,*,#6395,.T.);
#8877=ORIENTED_EDGE('',*,*,#6373,.T.);
#8878=ORIENTED_EDGE('',*,*,#6396,.T.);
#8879=ORIENTED_EDGE('',*,*,#6395,.F.);
#8880=ORIENTED_EDGE('',*,*,#6397,.T.);
#8881=ORIENTED_EDGE('',*,*,#6398,.T.);
#8882=ORIENTED_EDGE('',*,*,#6374,.F.);
#8883=ORIENTED_EDGE('',*,*,#6399,.T.);
#8884=ORIENTED_EDGE('',*,*,#6400,.T.);
#8885=ORIENTED_EDGE('',*,*,#6369,.T.);
#8886=ORIENTED_EDGE('',*,*,#6401,.T.);
#8887=ORIENTED_EDGE('',*,*,#6400,.F.);
#8888=ORIENTED_EDGE('',*,*,#6402,.F.);
#8889=ORIENTED_EDGE('',*,*,#6403,.F.);
#8890=ORIENTED_EDGE('',*,*,#6370,.F.);
#8891=ORIENTED_EDGE('',*,*,#6404,.T.);
#8892=ORIENTED_EDGE('',*,*,#6405,.T.);
#8893=ORIENTED_EDGE('',*,*,#6371,.T.);
#8894=ORIENTED_EDGE('',*,*,#6403,.T.);
#8895=ORIENTED_EDGE('',*,*,#6396,.F.);
#8896=ORIENTED_EDGE('',*,*,#6372,.F.);
#8897=ORIENTED_EDGE('',*,*,#6405,.F.);
#8898=ORIENTED_EDGE('',*,*,#6406,.F.);
#8899=ORIENTED_EDGE('',*,*,#6364,.F.);
#8900=ORIENTED_EDGE('',*,*,#6407,.F.);
#8901=ORIENTED_EDGE('',*,*,#6401,.F.);
#8902=ORIENTED_EDGE('',*,*,#6368,.F.);
#8903=ORIENTED_EDGE('',*,*,#6357,.F.);
#8904=ORIENTED_EDGE('',*,*,#6355,.T.);
#8905=ORIENTED_EDGE('',*,*,#6360,.F.);
#8906=ORIENTED_EDGE('',*,*,#6408,.T.);
#8907=ORIENTED_EDGE('',*,*,#6331,.F.);
#8908=ORIENTED_EDGE('',*,*,#6409,.F.);
#8909=ORIENTED_EDGE('',*,*,#6335,.F.);
#8910=ORIENTED_EDGE('',*,*,#6353,.T.);
#8911=ORIENTED_EDGE('',*,*,#6410,.T.);
#8912=ORIENTED_EDGE('',*,*,#6384,.T.);
#8913=ORIENTED_EDGE('',*,*,#6411,.T.);
#8914=ORIENTED_EDGE('',*,*,#6412,.T.);
#8915=ORIENTED_EDGE('',*,*,#6413,.T.);
#8916=ORIENTED_EDGE('',*,*,#6414,.T.);
#8917=ORIENTED_EDGE('',*,*,#6415,.T.);
#8918=ORIENTED_EDGE('',*,*,#6416,.T.);
#8919=ORIENTED_EDGE('',*,*,#6414,.F.);
#8920=ORIENTED_EDGE('',*,*,#6417,.T.);
#8921=ORIENTED_EDGE('',*,*,#6418,.F.);
#8922=ORIENTED_EDGE('',*,*,#6419,.T.);
#8923=ORIENTED_EDGE('',*,*,#6420,.T.);
#8924=ORIENTED_EDGE('',*,*,#6421,.T.);
#8925=ORIENTED_EDGE('',*,*,#6422,.T.);
#8926=ORIENTED_EDGE('',*,*,#6418,.T.);
#8927=ORIENTED_EDGE('',*,*,#6412,.F.);
#8928=ORIENTED_EDGE('',*,*,#6423,.T.);
#8929=ORIENTED_EDGE('',*,*,#6421,.F.);
#8930=ORIENTED_EDGE('',*,*,#6424,.T.);
#8931=ORIENTED_EDGE('',*,*,#6425,.T.);
#8932=ORIENTED_EDGE('',*,*,#6426,.T.);
#8933=ORIENTED_EDGE('',*,*,#6427,.T.);
#8934=ORIENTED_EDGE('',*,*,#6312,.T.);
#8935=ORIENTED_EDGE('',*,*,#6426,.F.);
#8936=ORIENTED_EDGE('',*,*,#6428,.T.);
#8937=ORIENTED_EDGE('',*,*,#6429,.F.);
#8938=ORIENTED_EDGE('',*,*,#6430,.T.);
#8939=ORIENTED_EDGE('',*,*,#6431,.T.);
#8940=ORIENTED_EDGE('',*,*,#6310,.T.);
#8941=ORIENTED_EDGE('',*,*,#6432,.T.);
#8942=ORIENTED_EDGE('',*,*,#6433,.T.);
#8943=ORIENTED_EDGE('',*,*,#6434,.T.);
#8944=ORIENTED_EDGE('',*,*,#6314,.T.);
#8945=ORIENTED_EDGE('',*,*,#6435,.T.);
#8946=ORIENTED_EDGE('',*,*,#6436,.T.);
#8947=ORIENTED_EDGE('',*,*,#6437,.T.);
#8948=ORIENTED_EDGE('',*,*,#6438,.T.);
#8949=ORIENTED_EDGE('',*,*,#6439,.T.);
#8950=ORIENTED_EDGE('',*,*,#6316,.T.);
#8951=ORIENTED_EDGE('',*,*,#6438,.F.);
#8952=ORIENTED_EDGE('',*,*,#6440,.T.);
#8953=ORIENTED_EDGE('',*,*,#6441,.F.);
#8954=ORIENTED_EDGE('',*,*,#6442,.T.);
#8955=ORIENTED_EDGE('',*,*,#6443,.T.);
#8956=ORIENTED_EDGE('',*,*,#6444,.T.);
#8957=ORIENTED_EDGE('',*,*,#6445,.T.);
#8958=ORIENTED_EDGE('',*,*,#6306,.T.);
#8959=ORIENTED_EDGE('',*,*,#6444,.F.);
#8960=ORIENTED_EDGE('',*,*,#6446,.T.);
#8961=ORIENTED_EDGE('',*,*,#6447,.F.);
#8962=ORIENTED_EDGE('',*,*,#6448,.T.);
#8963=ORIENTED_EDGE('',*,*,#6449,.T.);
#8964=ORIENTED_EDGE('',*,*,#6304,.T.);
#8965=ORIENTED_EDGE('',*,*,#6450,.T.);
#8966=ORIENTED_EDGE('',*,*,#6451,.T.);
#8967=ORIENTED_EDGE('',*,*,#6452,.T.);
#8968=ORIENTED_EDGE('',*,*,#6453,.T.);
#8969=ORIENTED_EDGE('',*,*,#6454,.T.);
#8970=ORIENTED_EDGE('',*,*,#6302,.T.);
#8971=ORIENTED_EDGE('',*,*,#6453,.F.);
#8972=ORIENTED_EDGE('',*,*,#6455,.T.);
#8973=ORIENTED_EDGE('',*,*,#6456,.F.);
#8974=ORIENTED_EDGE('',*,*,#6457,.T.);
#8975=ORIENTED_EDGE('',*,*,#6458,.T.);
#8976=ORIENTED_EDGE('',*,*,#6300,.T.);
#8977=ORIENTED_EDGE('',*,*,#6459,.T.);
#8978=ORIENTED_EDGE('',*,*,#6460,.T.);
#8979=ORIENTED_EDGE('',*,*,#6461,.T.);
#8980=ORIENTED_EDGE('',*,*,#6462,.T.);
#8981=ORIENTED_EDGE('',*,*,#6463,.T.);
#8982=ORIENTED_EDGE('',*,*,#6382,.T.);
#8983=ORIENTED_EDGE('',*,*,#6433,.F.);
#8984=ORIENTED_EDGE('',*,*,#6464,.T.);
#8985=ORIENTED_EDGE('',*,*,#6462,.F.);
#8986=ORIENTED_EDGE('',*,*,#6465,.T.);
#8987=ORIENTED_EDGE('',*,*,#6466,.T.);
#8988=ORIENTED_EDGE('',*,*,#6380,.T.);
#8989=ORIENTED_EDGE('',*,*,#6467,.T.);
#8990=ORIENTED_EDGE('',*,*,#6429,.T.);
#8991=ORIENTED_EDGE('',*,*,#6468,.T.);
#8992=ORIENTED_EDGE('',*,*,#6386,.T.);
#8993=ORIENTED_EDGE('',*,*,#6469,.T.);
#8994=ORIENTED_EDGE('',*,*,#6447,.T.);
#8995=ORIENTED_EDGE('',*,*,#6470,.T.);
#8996=ORIENTED_EDGE('',*,*,#6471,.T.);
#8997=ORIENTED_EDGE('',*,*,#6472,.T.);
#8998=ORIENTED_EDGE('',*,*,#6388,.T.);
#8999=ORIENTED_EDGE('',*,*,#6451,.F.);
#9000=ORIENTED_EDGE('',*,*,#6473,.T.);
#9001=ORIENTED_EDGE('',*,*,#6471,.F.);
#9002=ORIENTED_EDGE('',*,*,#6474,.T.);
#9003=ORIENTED_EDGE('',*,*,#6475,.T.);
#9004=ORIENTED_EDGE('',*,*,#6476,.T.);
#9005=ORIENTED_EDGE('',*,*,#6477,.T.);
#9006=ORIENTED_EDGE('',*,*,#6378,.T.);
#9007=ORIENTED_EDGE('',*,*,#6436,.F.);
#9008=ORIENTED_EDGE('',*,*,#6478,.T.);
#9009=ORIENTED_EDGE('',*,*,#6476,.F.);
#9010=ORIENTED_EDGE('',*,*,#6479,.T.);
#9011=ORIENTED_EDGE('',*,*,#6480,.T.);
#9012=ORIENTED_EDGE('',*,*,#6376,.T.);
#9013=ORIENTED_EDGE('',*,*,#6481,.T.);
#9014=ORIENTED_EDGE('',*,*,#6441,.T.);
#9015=ORIENTED_EDGE('',*,*,#6482,.T.);
#9016=ORIENTED_EDGE('',*,*,#6390,.T.);
#9017=ORIENTED_EDGE('',*,*,#6483,.T.);
#9018=ORIENTED_EDGE('',*,*,#6456,.T.);
#9019=ORIENTED_EDGE('',*,*,#6484,.T.);
#9020=ORIENTED_EDGE('',*,*,#6485,.T.);
#9021=ORIENTED_EDGE('',*,*,#6486,.T.);
#9022=ORIENTED_EDGE('',*,*,#6392,.T.);
#9023=ORIENTED_EDGE('',*,*,#6460,.F.);
#9024=ORIENTED_EDGE('',*,*,#6487,.T.);
#9025=ORIENTED_EDGE('',*,*,#6485,.F.);
#9026=ORIENTED_EDGE('',*,*,#6488,.T.);
#9027=ORIENTED_EDGE('',*,*,#6489,.F.);
#9028=ORIENTED_EDGE('',*,*,#6490,.F.);
#9029=ORIENTED_EDGE('',*,*,#6282,.F.);
#9030=ORIENTED_EDGE('',*,*,#6491,.F.);
#9031=ORIENTED_EDGE('',*,*,#6296,.F.);
#9032=ORIENTED_EDGE('',*,*,#6492,.T.);
#9033=ORIENTED_EDGE('',*,*,#6493,.F.);
#9034=ORIENTED_EDGE('',*,*,#6492,.F.);
#9035=ORIENTED_EDGE('',*,*,#6494,.F.);
#9036=ORIENTED_EDGE('',*,*,#6495,.F.);
#9037=ORIENTED_EDGE('',*,*,#6294,.F.);
#9038=ORIENTED_EDGE('',*,*,#6496,.F.);
#9039=ORIENTED_EDGE('',*,*,#6490,.T.);
#9040=ORIENTED_EDGE('',*,*,#6497,.F.);
#9041=ORIENTED_EDGE('',*,*,#6498,.F.);
#9042=ORIENTED_EDGE('',*,*,#6283,.T.);
#9043=ORIENTED_EDGE('',*,*,#6495,.T.);
#9044=ORIENTED_EDGE('',*,*,#6499,.F.);
#9045=ORIENTED_EDGE('',*,*,#6500,.F.);
#9046=ORIENTED_EDGE('',*,*,#6501,.T.);
#9047=ORIENTED_EDGE('',*,*,#6259,.F.);
#9048=ORIENTED_EDGE('',*,*,#6264,.F.);
#9049=ORIENTED_EDGE('',*,*,#6320,.F.);
#9050=ORIENTED_EDGE('',*,*,#6502,.F.);
#9051=ORIENTED_EDGE('',*,*,#6503,.F.);
#9052=ORIENTED_EDGE('',*,*,#6504,.F.);
#9053=ORIENTED_EDGE('',*,*,#6307,.F.);
#9054=ORIENTED_EDGE('',*,*,#6445,.F.);
#9055=ORIENTED_EDGE('',*,*,#6448,.F.);
#9056=ORIENTED_EDGE('',*,*,#6469,.F.);
#9057=ORIENTED_EDGE('',*,*,#6385,.F.);
#9058=ORIENTED_EDGE('',*,*,#6410,.F.);
#9059=ORIENTED_EDGE('',*,*,#6424,.F.);
#9060=ORIENTED_EDGE('',*,*,#6420,.F.);
#9061=ORIENTED_EDGE('',*,*,#6417,.F.);
#9062=ORIENTED_EDGE('',*,*,#6413,.F.);
#9063=ORIENTED_EDGE('',*,*,#6505,.F.);
#9064=ORIENTED_EDGE('',*,*,#6506,.F.);
#9065=ORIENTED_EDGE('',*,*,#6507,.F.);
#9066=ORIENTED_EDGE('',*,*,#6508,.F.);
#9067=ORIENTED_EDGE('',*,*,#6509,.F.);
#9068=ORIENTED_EDGE('',*,*,#6510,.F.);
#9069=ORIENTED_EDGE('',*,*,#6366,.F.);
#9070=ORIENTED_EDGE('',*,*,#6393,.F.);
#9071=ORIENTED_EDGE('',*,*,#6486,.F.);
#9072=ORIENTED_EDGE('',*,*,#6487,.F.);
#9073=ORIENTED_EDGE('',*,*,#6459,.F.);
#9074=ORIENTED_EDGE('',*,*,#6299,.F.);
#9075=ORIENTED_EDGE('',*,*,#6270,.F.);
#9076=ORIENTED_EDGE('',*,*,#6295,.T.);
#9077=ORIENTED_EDGE('',*,*,#6450,.F.);
#9078=ORIENTED_EDGE('',*,*,#6303,.F.);
#9079=ORIENTED_EDGE('',*,*,#6454,.F.);
#9080=ORIENTED_EDGE('',*,*,#6457,.F.);
#9081=ORIENTED_EDGE('',*,*,#6483,.F.);
#9082=ORIENTED_EDGE('',*,*,#6389,.F.);
#9083=ORIENTED_EDGE('',*,*,#6472,.F.);
#9084=ORIENTED_EDGE('',*,*,#6473,.F.);
#9085=ORIENTED_EDGE('',*,*,#6496,.T.);
#9086=ORIENTED_EDGE('',*,*,#6293,.T.);
#9087=ORIENTED_EDGE('',*,*,#6511,.T.);
#9088=ORIENTED_EDGE('',*,*,#6512,.F.);
#9089=ORIENTED_EDGE('',*,*,#6267,.F.);
#9090=ORIENTED_EDGE('',*,*,#6513,.F.);
#9091=ORIENTED_EDGE('',*,*,#6318,.F.);
#9092=ORIENTED_EDGE('',*,*,#6240,.T.);
#9093=ORIENTED_EDGE('',*,*,#6514,.T.);
#9094=ORIENTED_EDGE('',*,*,#6272,.F.);
#9095=ORIENTED_EDGE('',*,*,#6268,.F.);
#9096=ORIENTED_EDGE('',*,*,#6319,.F.);
#9097=ORIENTED_EDGE('',*,*,#6513,.T.);
#9098=ORIENTED_EDGE('',*,*,#6266,.F.);
#9099=ORIENTED_EDGE('',*,*,#6515,.T.);
#9100=ORIENTED_EDGE('',*,*,#6516,.F.);
#9101=ORIENTED_EDGE('',*,*,#6517,.T.);
#9102=ORIENTED_EDGE('',*,*,#6518,.T.);
#9103=ORIENTED_EDGE('',*,*,#6519,.F.);
#9104=ORIENTED_EDGE('',*,*,#6520,.F.);
#9105=ORIENTED_EDGE('',*,*,#6521,.F.);
#9106=ORIENTED_EDGE('',*,*,#6522,.T.);
#9107=ORIENTED_EDGE('',*,*,#6523,.T.);
#9108=ORIENTED_EDGE('',*,*,#6524,.F.);
#9109=ORIENTED_EDGE('',*,*,#6525,.T.);
#9110=ORIENTED_EDGE('',*,*,#6526,.F.);
#9111=ORIENTED_EDGE('',*,*,#6527,.T.);
#9112=ORIENTED_EDGE('',*,*,#6528,.F.);
#9113=ORIENTED_EDGE('',*,*,#6518,.F.);
#9114=ORIENTED_EDGE('',*,*,#6529,.T.);
#9115=ORIENTED_EDGE('',*,*,#6522,.F.);
#9116=ORIENTED_EDGE('',*,*,#6530,.F.);
#9117=ORIENTED_EDGE('',*,*,#6527,.F.);
#9118=ORIENTED_EDGE('',*,*,#6531,.F.);
#9119=ORIENTED_EDGE('',*,*,#6532,.F.);
#9120=ORIENTED_EDGE('',*,*,#6533,.F.);
#9121=ORIENTED_EDGE('',*,*,#6532,.T.);
#9122=ORIENTED_EDGE('',*,*,#6534,.F.);
#9123=ORIENTED_EDGE('',*,*,#6535,.F.);
#9124=ORIENTED_EDGE('',*,*,#6536,.F.);
#9125=ORIENTED_EDGE('',*,*,#6535,.T.);
#9126=ORIENTED_EDGE('',*,*,#6537,.F.);
#9127=ORIENTED_EDGE('',*,*,#6525,.F.);
#9128=ORIENTED_EDGE('',*,*,#6538,.F.);
#9129=ORIENTED_EDGE('',*,*,#6523,.F.);
#9130=ORIENTED_EDGE('',*,*,#6529,.F.);
#9131=ORIENTED_EDGE('',*,*,#6517,.F.);
#9132=ORIENTED_EDGE('',*,*,#6322,.F.);
#9133=ORIENTED_EDGE('',*,*,#6539,.T.);
#9134=ORIENTED_EDGE('',*,*,#6540,.F.);
#9135=ORIENTED_EDGE('',*,*,#6519,.T.);
#9136=ORIENTED_EDGE('',*,*,#6528,.T.);
#9137=ORIENTED_EDGE('',*,*,#6521,.T.);
#9138=ORIENTED_EDGE('',*,*,#6541,.F.);
#9139=ORIENTED_EDGE('',*,*,#6502,.T.);
#9140=ORIENTED_EDGE('',*,*,#6301,.T.);
#9141=ORIENTED_EDGE('',*,*,#6458,.F.);
#9142=ORIENTED_EDGE('',*,*,#6488,.F.);
#9143=ORIENTED_EDGE('',*,*,#6484,.F.);
#9144=ORIENTED_EDGE('',*,*,#6391,.F.);
#9145=ORIENTED_EDGE('',*,*,#6482,.F.);
#9146=ORIENTED_EDGE('',*,*,#6455,.F.);
#9147=ORIENTED_EDGE('',*,*,#6452,.F.);
#9148=ORIENTED_EDGE('',*,*,#6387,.F.);
#9149=ORIENTED_EDGE('',*,*,#6468,.F.);
#9150=ORIENTED_EDGE('',*,*,#6446,.F.);
#9151=ORIENTED_EDGE('',*,*,#6443,.F.);
#9152=ORIENTED_EDGE('',*,*,#6305,.T.);
#9153=ORIENTED_EDGE('',*,*,#6449,.F.);
#9154=ORIENTED_EDGE('',*,*,#6474,.F.);
#9155=ORIENTED_EDGE('',*,*,#6470,.F.);
#9156=ORIENTED_EDGE('',*,*,#6377,.T.);
#9157=ORIENTED_EDGE('',*,*,#6480,.F.);
#9158=ORIENTED_EDGE('',*,*,#6440,.F.);
#9159=ORIENTED_EDGE('',*,*,#6437,.F.);
#9160=ORIENTED_EDGE('',*,*,#6315,.F.);
#9161=ORIENTED_EDGE('',*,*,#6434,.F.);
#9162=ORIENTED_EDGE('',*,*,#6479,.F.);
#9163=ORIENTED_EDGE('',*,*,#6475,.F.);
#9164=ORIENTED_EDGE('',*,*,#6311,.F.);
#9165=ORIENTED_EDGE('',*,*,#6431,.F.);
#9166=ORIENTED_EDGE('',*,*,#6465,.F.);
#9167=ORIENTED_EDGE('',*,*,#6461,.F.);
#9168=ORIENTED_EDGE('',*,*,#6381,.T.);
#9169=ORIENTED_EDGE('',*,*,#6466,.F.);
#9170=ORIENTED_EDGE('',*,*,#6428,.F.);
#9171=ORIENTED_EDGE('',*,*,#6425,.F.);
#9172=ORIENTED_EDGE('',*,*,#6516,.T.);
#9173=ORIENTED_EDGE('',*,*,#6540,.T.);
#9174=ORIENTED_EDGE('',*,*,#6542,.T.);
#9175=ORIENTED_EDGE('',*,*,#6543,.F.);
#9176=ORIENTED_EDGE('',*,*,#6503,.T.);
#9177=ORIENTED_EDGE('',*,*,#6541,.T.);
#9178=ORIENTED_EDGE('',*,*,#6520,.T.);
#9179=ORIENTED_EDGE('',*,*,#6538,.T.);
#9180=ORIENTED_EDGE('',*,*,#6544,.T.);
#9181=ORIENTED_EDGE('',*,*,#6308,.F.);
#9182=ORIENTED_EDGE('',*,*,#6504,.T.);
#9183=ORIENTED_EDGE('',*,*,#6543,.T.);
#9184=ORIENTED_EDGE('',*,*,#6416,.F.);
#9185=ORIENTED_EDGE('',*,*,#6545,.T.);
#9186=ORIENTED_EDGE('',*,*,#6546,.F.);
#9187=ORIENTED_EDGE('',*,*,#6505,.T.);
#9188=ORIENTED_EDGE('',*,*,#6533,.T.);
#9189=ORIENTED_EDGE('',*,*,#6536,.T.);
#9190=ORIENTED_EDGE('',*,*,#6524,.T.);
#9191=ORIENTED_EDGE('',*,*,#6530,.T.);
#9192=ORIENTED_EDGE('',*,*,#6547,.T.);
#9193=ORIENTED_EDGE('',*,*,#6548,.F.);
#9194=ORIENTED_EDGE('',*,*,#6506,.T.);
#9195=ORIENTED_EDGE('',*,*,#6546,.T.);
#9196=ORIENTED_EDGE('',*,*,#6549,.T.);
#9197=ORIENTED_EDGE('',*,*,#6550,.F.);
#9198=ORIENTED_EDGE('',*,*,#6507,.T.);
#9199=ORIENTED_EDGE('',*,*,#6548,.T.);
#9200=ORIENTED_EDGE('',*,*,#6534,.T.);
#9201=ORIENTED_EDGE('',*,*,#6531,.T.);
#9202=ORIENTED_EDGE('',*,*,#6526,.T.);
#9203=ORIENTED_EDGE('',*,*,#6537,.T.);
#9204=ORIENTED_EDGE('',*,*,#6551,.T.);
#9205=ORIENTED_EDGE('',*,*,#6552,.F.);
#9206=ORIENTED_EDGE('',*,*,#6508,.T.);
#9207=ORIENTED_EDGE('',*,*,#6550,.T.);
#9208=ORIENTED_EDGE('',*,*,#6553,.T.);
#9209=ORIENTED_EDGE('',*,*,#6554,.F.);
#9210=ORIENTED_EDGE('',*,*,#6509,.T.);
#9211=ORIENTED_EDGE('',*,*,#6552,.T.);
#9212=ORIENTED_EDGE('',*,*,#6363,.F.);
#9213=ORIENTED_EDGE('',*,*,#6367,.F.);
#9214=ORIENTED_EDGE('',*,*,#6510,.T.);
#9215=ORIENTED_EDGE('',*,*,#6554,.T.);
#9216=ORIENTED_EDGE('',*,*,#6555,.T.);
#9217=ORIENTED_EDGE('',*,*,#6397,.F.);
#9218=ORIENTED_EDGE('',*,*,#6394,.F.);
#9219=ORIENTED_EDGE('',*,*,#6406,.T.);
#9220=ORIENTED_EDGE('',*,*,#6404,.F.);
#9221=ORIENTED_EDGE('',*,*,#6402,.T.);
#9222=ORIENTED_EDGE('',*,*,#6399,.F.);
#9223=ORIENTED_EDGE('',*,*,#6407,.T.);
#9224=ORIENTED_EDGE('',*,*,#6260,.F.);
#9225=ORIENTED_EDGE('',*,*,#6501,.F.);
#9226=ORIENTED_EDGE('',*,*,#6556,.F.);
#9227=ORIENTED_EDGE('',*,*,#6557,.F.);
#9228=ORIENTED_EDGE('',*,*,#6558,.F.);
#9229=ORIENTED_EDGE('',*,*,#6559,.F.);
#9230=ORIENTED_EDGE('',*,*,#6560,.F.);
#9231=ORIENTED_EDGE('',*,*,#6561,.F.);
#9232=ORIENTED_EDGE('',*,*,#6562,.F.);
#9233=ORIENTED_EDGE('',*,*,#6563,.F.);
#9234=ORIENTED_EDGE('',*,*,#6564,.T.);
#9235=ORIENTED_EDGE('',*,*,#6565,.T.);
#9236=ORIENTED_EDGE('',*,*,#6566,.T.);
#9237=ORIENTED_EDGE('',*,*,#6254,.T.);
#9238=ORIENTED_EDGE('',*,*,#6565,.F.);
#9239=ORIENTED_EDGE('',*,*,#6567,.T.);
#9240=ORIENTED_EDGE('',*,*,#6568,.T.);
#9241=ORIENTED_EDGE('',*,*,#6569,.T.);
#9242=ORIENTED_EDGE('',*,*,#6570,.T.);
#9243=ORIENTED_EDGE('',*,*,#6571,.T.);
#9244=ORIENTED_EDGE('',*,*,#6572,.T.);
#9245=ORIENTED_EDGE('',*,*,#6573,.T.);
#9246=ORIENTED_EDGE('',*,*,#6574,.T.);
#9247=ORIENTED_EDGE('',*,*,#6575,.T.);
#9248=ORIENTED_EDGE('',*,*,#6576,.T.);
#9249=ORIENTED_EDGE('',*,*,#6577,.T.);
#9250=ORIENTED_EDGE('',*,*,#6578,.T.);
#9251=ORIENTED_EDGE('',*,*,#6579,.T.);
#9252=ORIENTED_EDGE('',*,*,#6580,.T.);
#9253=ORIENTED_EDGE('',*,*,#6581,.T.);
#9254=ORIENTED_EDGE('',*,*,#6582,.T.);
#9255=ORIENTED_EDGE('',*,*,#6583,.T.);
#9256=ORIENTED_EDGE('',*,*,#6584,.T.);
#9257=ORIENTED_EDGE('',*,*,#6585,.T.);
#9258=ORIENTED_EDGE('',*,*,#6586,.F.);
#9259=ORIENTED_EDGE('',*,*,#6587,.F.);
#9260=ORIENTED_EDGE('',*,*,#6588,.F.);
#9261=ORIENTED_EDGE('',*,*,#6589,.F.);
#9262=ORIENTED_EDGE('',*,*,#6590,.F.);
#9263=ORIENTED_EDGE('',*,*,#6591,.T.);
#9264=ORIENTED_EDGE('',*,*,#6557,.T.);
#9265=ORIENTED_EDGE('',*,*,#6592,.T.);
#9266=ORIENTED_EDGE('',*,*,#6586,.T.);
#9267=ORIENTED_EDGE('',*,*,#6593,.F.);
#9268=ORIENTED_EDGE('',*,*,#6594,.T.);
#9269=ORIENTED_EDGE('',*,*,#6588,.T.);
#9270=ORIENTED_EDGE('',*,*,#6594,.F.);
#9271=ORIENTED_EDGE('',*,*,#6595,.F.);
#9272=ORIENTED_EDGE('',*,*,#6596,.T.);
#9273=ORIENTED_EDGE('',*,*,#6589,.T.);
#9274=ORIENTED_EDGE('',*,*,#6596,.F.);
#9275=ORIENTED_EDGE('',*,*,#6597,.F.);
#9276=ORIENTED_EDGE('',*,*,#6598,.T.);
#9277=ORIENTED_EDGE('',*,*,#6590,.T.);
#9278=ORIENTED_EDGE('',*,*,#6598,.F.);
#9279=ORIENTED_EDGE('',*,*,#6489,.T.);
#9280=ORIENTED_EDGE('',*,*,#6599,.T.);
#9281=ORIENTED_EDGE('',*,*,#6600,.T.);
#9282=ORIENTED_EDGE('',*,*,#6499,.T.);
#9283=ORIENTED_EDGE('',*,*,#6494,.T.);
#9284=ORIENTED_EDGE('',*,*,#6512,.T.);
#9285=ORIENTED_EDGE('',*,*,#6601,.T.);
#9286=ORIENTED_EDGE('',*,*,#6497,.T.);
#9287=ORIENTED_EDGE('',*,*,#6493,.T.);
#9288=ORIENTED_EDGE('',*,*,#6597,.T.);
#9289=ORIENTED_EDGE('',*,*,#6595,.T.);
#9290=ORIENTED_EDGE('',*,*,#6593,.T.);
#9291=ORIENTED_EDGE('',*,*,#6556,.T.);
#9292=ORIENTED_EDGE('',*,*,#6500,.T.);
#9293=ORIENTED_EDGE('',*,*,#6600,.F.);
#9294=ORIENTED_EDGE('',*,*,#6602,.F.);
#9295=ORIENTED_EDGE('',*,*,#6255,.T.);
#9296=ORIENTED_EDGE('',*,*,#6566,.F.);
#9297=ORIENTED_EDGE('',*,*,#6587,.T.);
#9298=ORIENTED_EDGE('',*,*,#6592,.F.);
#9299=ORIENTED_EDGE('',*,*,#6349,.F.);
#9300=ORIENTED_EDGE('',*,*,#6352,.F.);
#9301=ORIENTED_EDGE('',*,*,#6358,.F.);
#9302=ORIENTED_EDGE('',*,*,#6408,.F.);
#9303=ORIENTED_EDGE('',*,*,#6359,.F.);
#9304=ORIENTED_EDGE('',*,*,#6284,.T.);
#9305=ORIENTED_EDGE('',*,*,#6498,.T.);
#9306=ORIENTED_EDGE('',*,*,#6601,.F.);
#9307=ORIENTED_EDGE('',*,*,#6511,.F.);
#9308=ORIENTED_EDGE('',*,*,#6292,.T.);
#9309=ORIENTED_EDGE('',*,*,#6343,.F.);
#9310=ORIENTED_EDGE('',*,*,#6346,.F.);
#9311=ORIENTED_EDGE('',*,*,#6336,.T.);
#9312=ORIENTED_EDGE('',*,*,#6332,.F.);
#9313=ORIENTED_EDGE('',*,*,#6409,.T.);
#9314=ORIENTED_EDGE('',*,*,#6330,.F.);
#9315=ORIENTED_EDGE('',*,*,#6288,.T.);
#9316=ORIENTED_EDGE('',*,*,#6325,.F.);
#9317=ORIENTED_EDGE('',*,*,#6328,.F.);
#9318=ORIENTED_EDGE('',*,*,#6339,.F.);
#9319=ORIENTED_EDGE('',*,*,#6491,.T.);
#9320=ORIENTED_EDGE('',*,*,#6281,.T.);
#9321=ORIENTED_EDGE('',*,*,#6298,.F.);
#9322=ORIENTED_EDGE('',*,*,#6317,.F.);
#9323=ORIENTED_EDGE('',*,*,#6439,.F.);
#9324=ORIENTED_EDGE('',*,*,#6442,.F.);
#9325=ORIENTED_EDGE('',*,*,#6481,.F.);
#9326=ORIENTED_EDGE('',*,*,#6375,.F.);
#9327=ORIENTED_EDGE('',*,*,#6398,.F.);
#9328=ORIENTED_EDGE('',*,*,#6555,.F.);
#9329=ORIENTED_EDGE('',*,*,#6553,.F.);
#9330=ORIENTED_EDGE('',*,*,#6551,.F.);
#9331=ORIENTED_EDGE('',*,*,#6549,.F.);
#9332=ORIENTED_EDGE('',*,*,#6547,.F.);
#9333=ORIENTED_EDGE('',*,*,#6545,.F.);
#9334=ORIENTED_EDGE('',*,*,#6415,.F.);
#9335=ORIENTED_EDGE('',*,*,#6419,.F.);
#9336=ORIENTED_EDGE('',*,*,#6422,.F.);
#9337=ORIENTED_EDGE('',*,*,#6423,.F.);
#9338=ORIENTED_EDGE('',*,*,#6411,.F.);
#9339=ORIENTED_EDGE('',*,*,#6383,.F.);
#9340=ORIENTED_EDGE('',*,*,#6463,.F.);
#9341=ORIENTED_EDGE('',*,*,#6464,.F.);
#9342=ORIENTED_EDGE('',*,*,#6432,.F.);
#9343=ORIENTED_EDGE('',*,*,#6309,.F.);
#9344=ORIENTED_EDGE('',*,*,#6544,.F.);
#9345=ORIENTED_EDGE('',*,*,#6542,.F.);
#9346=ORIENTED_EDGE('',*,*,#6539,.F.);
#9347=ORIENTED_EDGE('',*,*,#6321,.F.);
#9348=ORIENTED_EDGE('',*,*,#6262,.F.);
#9349=ORIENTED_EDGE('',*,*,#6246,.F.);
#9350=ORIENTED_EDGE('',*,*,#6256,.T.);
#9351=ORIENTED_EDGE('',*,*,#6602,.T.);
#9352=ORIENTED_EDGE('',*,*,#6599,.F.);
#9353=ORIENTED_EDGE('',*,*,#6435,.F.);
#9354=ORIENTED_EDGE('',*,*,#6313,.F.);
#9355=ORIENTED_EDGE('',*,*,#6427,.F.);
#9356=ORIENTED_EDGE('',*,*,#6430,.F.);
#9357=ORIENTED_EDGE('',*,*,#6467,.F.);
#9358=ORIENTED_EDGE('',*,*,#6379,.F.);
#9359=ORIENTED_EDGE('',*,*,#6477,.F.);
#9360=ORIENTED_EDGE('',*,*,#6478,.F.);
#9361=ORIENTED_EDGE('',*,*,#6253,.T.);
#9362=ORIENTED_EDGE('',*,*,#6603,.T.);
#9363=ORIENTED_EDGE('',*,*,#6567,.F.);
#9364=ORIENTED_EDGE('',*,*,#6564,.F.);
#9365=ORIENTED_EDGE('',*,*,#6252,.T.);
#9366=ORIENTED_EDGE('',*,*,#6604,.T.);
#9367=ORIENTED_EDGE('',*,*,#6568,.F.);
#9368=ORIENTED_EDGE('',*,*,#6603,.F.);
#9369=ORIENTED_EDGE('',*,*,#6251,.T.);
#9370=ORIENTED_EDGE('',*,*,#6605,.T.);
#9371=ORIENTED_EDGE('',*,*,#6569,.F.);
#9372=ORIENTED_EDGE('',*,*,#6604,.F.);
#9373=ORIENTED_EDGE('',*,*,#6250,.T.);
#9374=ORIENTED_EDGE('',*,*,#6606,.T.);
#9375=ORIENTED_EDGE('',*,*,#6570,.F.);
#9376=ORIENTED_EDGE('',*,*,#6605,.F.);
#9377=ORIENTED_EDGE('',*,*,#6249,.T.);
#9378=ORIENTED_EDGE('',*,*,#6607,.T.);
#9379=ORIENTED_EDGE('',*,*,#6571,.F.);
#9380=ORIENTED_EDGE('',*,*,#6606,.F.);
#9381=ORIENTED_EDGE('',*,*,#6248,.T.);
#9382=ORIENTED_EDGE('',*,*,#6244,.F.);
#9383=ORIENTED_EDGE('',*,*,#6261,.F.);
#9384=ORIENTED_EDGE('',*,*,#6238,.F.);
#9385=ORIENTED_EDGE('',*,*,#6608,.F.);
#9386=ORIENTED_EDGE('',*,*,#6572,.F.);
#9387=ORIENTED_EDGE('',*,*,#6607,.F.);
#9388=ORIENTED_EDGE('',*,*,#6279,.T.);
#9389=ORIENTED_EDGE('',*,*,#6609,.T.);
#9390=ORIENTED_EDGE('',*,*,#6573,.F.);
#9391=ORIENTED_EDGE('',*,*,#6608,.T.);
#9392=ORIENTED_EDGE('',*,*,#6237,.F.);
#9393=ORIENTED_EDGE('',*,*,#6278,.T.);
#9394=ORIENTED_EDGE('',*,*,#6610,.T.);
#9395=ORIENTED_EDGE('',*,*,#6574,.F.);
#9396=ORIENTED_EDGE('',*,*,#6609,.F.);
#9397=ORIENTED_EDGE('',*,*,#6277,.T.);
#9398=ORIENTED_EDGE('',*,*,#6611,.T.);
#9399=ORIENTED_EDGE('',*,*,#6575,.F.);
#9400=ORIENTED_EDGE('',*,*,#6610,.F.);
#9401=ORIENTED_EDGE('',*,*,#6276,.T.);
#9402=ORIENTED_EDGE('',*,*,#6612,.T.);
#9403=ORIENTED_EDGE('',*,*,#6576,.F.);
#9404=ORIENTED_EDGE('',*,*,#6611,.F.);
#9405=ORIENTED_EDGE('',*,*,#6275,.T.);
#9406=ORIENTED_EDGE('',*,*,#6613,.T.);
#9407=ORIENTED_EDGE('',*,*,#6577,.F.);
#9408=ORIENTED_EDGE('',*,*,#6612,.F.);
#9409=ORIENTED_EDGE('',*,*,#6274,.T.);
#9410=ORIENTED_EDGE('',*,*,#6614,.T.);
#9411=ORIENTED_EDGE('',*,*,#6578,.F.);
#9412=ORIENTED_EDGE('',*,*,#6613,.F.);
#9413=ORIENTED_EDGE('',*,*,#6273,.T.);
#9414=ORIENTED_EDGE('',*,*,#6514,.F.);
#9415=ORIENTED_EDGE('',*,*,#6615,.T.);
#9416=ORIENTED_EDGE('',*,*,#6579,.F.);
#9417=ORIENTED_EDGE('',*,*,#6614,.F.);
#9418=ORIENTED_EDGE('',*,*,#6257,.T.);
#9419=ORIENTED_EDGE('',*,*,#6563,.T.);
#9420=ORIENTED_EDGE('',*,*,#6616,.T.);
#9421=ORIENTED_EDGE('',*,*,#6580,.F.);
#9422=ORIENTED_EDGE('',*,*,#6615,.F.);
#9423=ORIENTED_EDGE('',*,*,#6515,.F.);
#9424=ORIENTED_EDGE('',*,*,#6265,.F.);
#9425=ORIENTED_EDGE('',*,*,#6562,.T.);
#9426=ORIENTED_EDGE('',*,*,#6617,.T.);
#9427=ORIENTED_EDGE('',*,*,#6581,.F.);
#9428=ORIENTED_EDGE('',*,*,#6616,.F.);
#9429=ORIENTED_EDGE('',*,*,#6561,.T.);
#9430=ORIENTED_EDGE('',*,*,#6618,.T.);
#9431=ORIENTED_EDGE('',*,*,#6582,.F.);
#9432=ORIENTED_EDGE('',*,*,#6617,.F.);
#9433=ORIENTED_EDGE('',*,*,#6560,.T.);
#9434=ORIENTED_EDGE('',*,*,#6619,.T.);
#9435=ORIENTED_EDGE('',*,*,#6583,.F.);
#9436=ORIENTED_EDGE('',*,*,#6618,.F.);
#9437=ORIENTED_EDGE('',*,*,#6559,.T.);
#9438=ORIENTED_EDGE('',*,*,#6620,.T.);
#9439=ORIENTED_EDGE('',*,*,#6584,.F.);
#9440=ORIENTED_EDGE('',*,*,#6619,.F.);
#9441=ORIENTED_EDGE('',*,*,#6558,.T.);
#9442=ORIENTED_EDGE('',*,*,#6591,.F.);
#9443=ORIENTED_EDGE('',*,*,#6585,.F.);
#9444=ORIENTED_EDGE('',*,*,#6620,.F.);
#9445=ORIENTED_EDGE('',*,*,#6621,.T.);
#9446=ORIENTED_EDGE('',*,*,#6622,.F.);
#9447=ORIENTED_EDGE('',*,*,#6623,.F.);
#9448=ORIENTED_EDGE('',*,*,#6624,.T.);
#9449=ORIENTED_EDGE('',*,*,#6625,.T.);
#9450=ORIENTED_EDGE('',*,*,#6626,.F.);
#9451=ORIENTED_EDGE('',*,*,#6627,.F.);
#9452=ORIENTED_EDGE('',*,*,#6622,.T.);
#9453=ORIENTED_EDGE('',*,*,#6628,.T.);
#9454=ORIENTED_EDGE('',*,*,#6629,.F.);
#9455=ORIENTED_EDGE('',*,*,#6630,.F.);
#9456=ORIENTED_EDGE('',*,*,#6626,.T.);
#9457=ORIENTED_EDGE('',*,*,#6631,.T.);
#9458=ORIENTED_EDGE('',*,*,#6632,.F.);
#9459=ORIENTED_EDGE('',*,*,#6633,.F.);
#9460=ORIENTED_EDGE('',*,*,#6629,.T.);
#9461=ORIENTED_EDGE('',*,*,#6634,.T.);
#9462=ORIENTED_EDGE('',*,*,#6635,.F.);
#9463=ORIENTED_EDGE('',*,*,#6636,.T.);
#9464=ORIENTED_EDGE('',*,*,#6632,.T.);
#9465=ORIENTED_EDGE('',*,*,#6637,.T.);
#9466=ORIENTED_EDGE('',*,*,#6638,.F.);
#9467=ORIENTED_EDGE('',*,*,#6639,.T.);
#9468=ORIENTED_EDGE('',*,*,#6635,.T.);
#9469=ORIENTED_EDGE('',*,*,#6640,.T.);
#9470=ORIENTED_EDGE('',*,*,#6641,.F.);
#9471=ORIENTED_EDGE('',*,*,#6642,.T.);
#9472=ORIENTED_EDGE('',*,*,#6638,.T.);
#9473=ORIENTED_EDGE('',*,*,#6643,.T.);
#9474=ORIENTED_EDGE('',*,*,#6644,.F.);
#9475=ORIENTED_EDGE('',*,*,#6645,.F.);
#9476=ORIENTED_EDGE('',*,*,#6641,.T.);
#9477=ORIENTED_EDGE('',*,*,#6646,.T.);
#9478=ORIENTED_EDGE('',*,*,#6647,.F.);
#9479=ORIENTED_EDGE('',*,*,#6648,.F.);
#9480=ORIENTED_EDGE('',*,*,#6644,.T.);
#9481=ORIENTED_EDGE('',*,*,#6649,.T.);
#9482=ORIENTED_EDGE('',*,*,#6650,.F.);
#9483=ORIENTED_EDGE('',*,*,#6651,.F.);
#9484=ORIENTED_EDGE('',*,*,#6647,.T.);
#9485=ORIENTED_EDGE('',*,*,#6652,.T.);
#9486=ORIENTED_EDGE('',*,*,#6653,.F.);
#9487=ORIENTED_EDGE('',*,*,#6654,.F.);
#9488=ORIENTED_EDGE('',*,*,#6650,.T.);
#9489=ORIENTED_EDGE('',*,*,#6655,.T.);
#9490=ORIENTED_EDGE('',*,*,#6656,.F.);
#9491=ORIENTED_EDGE('',*,*,#6657,.F.);
#9492=ORIENTED_EDGE('',*,*,#6653,.T.);
#9493=ORIENTED_EDGE('',*,*,#6658,.T.);
#9494=ORIENTED_EDGE('',*,*,#6659,.F.);
#9495=ORIENTED_EDGE('',*,*,#6660,.F.);
#9496=ORIENTED_EDGE('',*,*,#6656,.T.);
#9497=ORIENTED_EDGE('',*,*,#6661,.T.);
#9498=ORIENTED_EDGE('',*,*,#6624,.F.);
#9499=ORIENTED_EDGE('',*,*,#6662,.F.);
#9500=ORIENTED_EDGE('',*,*,#6659,.T.);
#9501=ORIENTED_EDGE('',*,*,#6642,.F.);
#9502=ORIENTED_EDGE('',*,*,#6645,.T.);
#9503=ORIENTED_EDGE('',*,*,#6648,.T.);
#9504=ORIENTED_EDGE('',*,*,#6651,.T.);
#9505=ORIENTED_EDGE('',*,*,#6654,.T.);
#9506=ORIENTED_EDGE('',*,*,#6657,.T.);
#9507=ORIENTED_EDGE('',*,*,#6660,.T.);
#9508=ORIENTED_EDGE('',*,*,#6662,.T.);
#9509=ORIENTED_EDGE('',*,*,#6623,.T.);
#9510=ORIENTED_EDGE('',*,*,#6627,.T.);
#9511=ORIENTED_EDGE('',*,*,#6630,.T.);
#9512=ORIENTED_EDGE('',*,*,#6633,.T.);
#9513=ORIENTED_EDGE('',*,*,#6636,.F.);
#9514=ORIENTED_EDGE('',*,*,#6639,.F.);
#9515=ORIENTED_EDGE('',*,*,#6643,.F.);
#9516=ORIENTED_EDGE('',*,*,#6640,.F.);
#9517=ORIENTED_EDGE('',*,*,#6637,.F.);
#9518=ORIENTED_EDGE('',*,*,#6634,.F.);
#9519=ORIENTED_EDGE('',*,*,#6631,.F.);
#9520=ORIENTED_EDGE('',*,*,#6628,.F.);
#9521=ORIENTED_EDGE('',*,*,#6625,.F.);
#9522=ORIENTED_EDGE('',*,*,#6621,.F.);
#9523=ORIENTED_EDGE('',*,*,#6661,.F.);
#9524=ORIENTED_EDGE('',*,*,#6658,.F.);
#9525=ORIENTED_EDGE('',*,*,#6655,.F.);
#9526=ORIENTED_EDGE('',*,*,#6652,.F.);
#9527=ORIENTED_EDGE('',*,*,#6649,.F.);
#9528=ORIENTED_EDGE('',*,*,#6646,.F.);
#9529=ORIENTED_EDGE('',*,*,#6663,.F.);
#9530=ORIENTED_EDGE('',*,*,#6664,.F.);
#9531=ORIENTED_EDGE('',*,*,#6665,.F.);
#9532=ORIENTED_EDGE('',*,*,#6666,.F.);
#9533=ORIENTED_EDGE('',*,*,#6667,.F.);
#9534=ORIENTED_EDGE('',*,*,#6668,.F.);
#9535=ORIENTED_EDGE('',*,*,#6669,.F.);
#9536=ORIENTED_EDGE('',*,*,#6670,.F.);
#9537=ORIENTED_EDGE('',*,*,#6671,.F.);
#9538=ORIENTED_EDGE('',*,*,#6672,.F.);
#9539=ORIENTED_EDGE('',*,*,#6673,.F.);
#9540=ORIENTED_EDGE('',*,*,#6674,.F.);
#9541=ORIENTED_EDGE('',*,*,#6675,.F.);
#9542=ORIENTED_EDGE('',*,*,#6676,.F.);
#9543=ORIENTED_EDGE('',*,*,#6677,.F.);
#9544=ORIENTED_EDGE('',*,*,#6678,.F.);
#9545=ORIENTED_EDGE('',*,*,#6679,.F.);
#9546=ORIENTED_EDGE('',*,*,#6680,.F.);
#9547=ORIENTED_EDGE('',*,*,#6679,.T.);
#9548=ORIENTED_EDGE('',*,*,#6681,.T.);
#9549=ORIENTED_EDGE('',*,*,#6672,.T.);
#9550=ORIENTED_EDGE('',*,*,#6682,.T.);
#9551=ORIENTED_EDGE('',*,*,#6667,.T.);
#9552=ORIENTED_EDGE('',*,*,#6683,.T.);
#9553=ORIENTED_EDGE('',*,*,#6680,.T.);
#9554=ORIENTED_EDGE('',*,*,#6684,.T.);
#9555=ORIENTED_EDGE('',*,*,#6685,.F.);
#9556=ORIENTED_EDGE('',*,*,#6686,.F.);
#9557=ORIENTED_EDGE('',*,*,#6687,.F.);
#9558=ORIENTED_EDGE('',*,*,#6688,.F.);
#9559=ORIENTED_EDGE('',*,*,#6689,.F.);
#9560=ORIENTED_EDGE('',*,*,#6690,.F.);
#9561=ORIENTED_EDGE('',*,*,#6686,.T.);
#9562=ORIENTED_EDGE('',*,*,#6691,.T.);
#9563=ORIENTED_EDGE('',*,*,#6689,.T.);
#9564=ORIENTED_EDGE('',*,*,#6692,.T.);
#9565=ORIENTED_EDGE('',*,*,#6690,.T.);
#9566=ORIENTED_EDGE('',*,*,#6693,.T.);
#9567=ORIENTED_EDGE('',*,*,#6678,.T.);
#9568=ORIENTED_EDGE('',*,*,#6694,.T.);
#9569=ORIENTED_EDGE('',*,*,#6676,.T.);
#9570=ORIENTED_EDGE('',*,*,#6695,.T.);
#9571=ORIENTED_EDGE('',*,*,#6688,.T.);
#9572=ORIENTED_EDGE('',*,*,#6696,.T.);
#9573=ORIENTED_EDGE('',*,*,#6670,.T.);
#9574=ORIENTED_EDGE('',*,*,#6697,.T.);
#9575=ORIENTED_EDGE('',*,*,#6687,.T.);
#9576=ORIENTED_EDGE('',*,*,#6698,.T.);
#9577=ORIENTED_EDGE('',*,*,#6673,.T.);
#9578=ORIENTED_EDGE('',*,*,#6699,.T.);
#9579=ORIENTED_EDGE('',*,*,#6685,.T.);
#9580=ORIENTED_EDGE('',*,*,#6700,.T.);
#9581=ORIENTED_EDGE('',*,*,#6666,.T.);
#9582=ORIENTED_EDGE('',*,*,#6701,.T.);
#9583=ORIENTED_EDGE('',*,*,#6677,.T.);
#9584=ORIENTED_EDGE('',*,*,#6702,.T.);
#9585=ORIENTED_EDGE('',*,*,#6675,.T.);
#9586=ORIENTED_EDGE('',*,*,#6703,.T.);
#9587=ORIENTED_EDGE('',*,*,#6671,.T.);
#9588=ORIENTED_EDGE('',*,*,#6704,.T.);
#9589=ORIENTED_EDGE('',*,*,#6664,.T.);
#9590=ORIENTED_EDGE('',*,*,#6705,.T.);
#9591=ORIENTED_EDGE('',*,*,#6674,.T.);
#9592=ORIENTED_EDGE('',*,*,#6706,.T.);
#9593=ORIENTED_EDGE('',*,*,#6669,.T.);
#9594=ORIENTED_EDGE('',*,*,#6707,.T.);
#9595=ORIENTED_EDGE('',*,*,#6665,.T.);
#9596=ORIENTED_EDGE('',*,*,#6708,.T.);
#9597=ORIENTED_EDGE('',*,*,#6663,.T.);
#9598=ORIENTED_EDGE('',*,*,#6709,.T.);
#9599=ORIENTED_EDGE('',*,*,#6668,.T.);
#9600=ORIENTED_EDGE('',*,*,#6710,.T.);
#9601=ORIENTED_EDGE('',*,*,#6682,.F.);
#9602=ORIENTED_EDGE('',*,*,#6705,.F.);
#9603=ORIENTED_EDGE('',*,*,#6710,.F.);
#9604=ORIENTED_EDGE('',*,*,#6684,.F.);
#9605=ORIENTED_EDGE('',*,*,#6683,.F.);
#9606=ORIENTED_EDGE('',*,*,#6702,.F.);
#9607=ORIENTED_EDGE('',*,*,#6696,.F.);
#9608=ORIENTED_EDGE('',*,*,#6694,.F.);
#9609=ORIENTED_EDGE('',*,*,#6692,.F.);
#9610=ORIENTED_EDGE('',*,*,#6695,.F.);
#9611=ORIENTED_EDGE('',*,*,#6704,.F.);
#9612=ORIENTED_EDGE('',*,*,#6698,.F.);
#9613=ORIENTED_EDGE('',*,*,#6691,.F.);
#9614=ORIENTED_EDGE('',*,*,#6699,.F.);
#9615=ORIENTED_EDGE('',*,*,#6681,.F.);
#9616=ORIENTED_EDGE('',*,*,#6693,.F.);
#9617=ORIENTED_EDGE('',*,*,#6697,.F.);
#9618=ORIENTED_EDGE('',*,*,#6708,.F.);
#9619=ORIENTED_EDGE('',*,*,#6706,.F.);
#9620=ORIENTED_EDGE('',*,*,#6700,.F.);
#9621=ORIENTED_EDGE('',*,*,#6701,.F.);
#9622=ORIENTED_EDGE('',*,*,#6709,.F.);
#9623=ORIENTED_EDGE('',*,*,#6707,.F.);
#9624=ORIENTED_EDGE('',*,*,#6703,.F.);
#9625=PLANE('',#10700);
#9626=PLANE('',#10701);
#9627=PLANE('',#10702);
#9628=PLANE('',#10703);
#9629=PLANE('',#10704);
#9630=PLANE('',#10705);
#9631=PLANE('',#10706);
#9632=PLANE('',#10707);
#9633=PLANE('',#10708);
#9634=PLANE('',#10709);
#9635=PLANE('',#10710);
#9636=PLANE('',#10711);
#9637=PLANE('',#10712);
#9638=PLANE('',#10713);
#9639=PLANE('',#10714);
#9640=PLANE('',#10715);
#9641=PLANE('',#10716);
#9642=PLANE('',#10717);
#9643=PLANE('',#10718);
#9644=PLANE('',#10719);
#9645=PLANE('',#10720);
#9646=PLANE('',#10721);
#9647=PLANE('',#10722);
#9648=PLANE('',#10723);
#9649=PLANE('',#10724);
#9650=PLANE('',#10725);
#9651=PLANE('',#10726);
#9652=PLANE('',#10727);
#9653=PLANE('',#10728);
#9654=PLANE('',#10729);
#9655=PLANE('',#10730);
#9656=PLANE('',#10731);
#9657=PLANE('',#10732);
#9658=PLANE('',#10733);
#9659=PLANE('',#10734);
#9660=PLANE('',#10735);
#9661=PLANE('',#10736);
#9662=PLANE('',#10737);
#9663=PLANE('',#10738);
#9664=PLANE('',#10739);
#9665=PLANE('',#10740);
#9666=PLANE('',#10741);
#9667=PLANE('',#10742);
#9668=PLANE('',#10743);
#9669=PLANE('',#10744);
#9670=PLANE('',#10745);
#9671=PLANE('',#10746);
#9672=PLANE('',#10747);
#9673=PLANE('',#10748);
#9674=PLANE('',#10749);
#9675=PLANE('',#10750);
#9676=PLANE('',#10751);
#9677=PLANE('',#10752);
#9678=PLANE('',#10753);
#9679=PLANE('',#10754);
#9680=PLANE('',#10755);
#9681=PLANE('',#10756);
#9682=PLANE('',#10757);
#9683=PLANE('',#10758);
#9684=PLANE('',#10759);
#9685=PLANE('',#10760);
#9686=PLANE('',#10761);
#9687=PLANE('',#10762);
#9688=PLANE('',#10763);
#9689=PLANE('',#10764);
#9690=PLANE('',#10765);
#9691=PLANE('',#10766);
#9692=PLANE('',#10767);
#9693=PLANE('',#10768);
#9694=PLANE('',#10769);
#9695=PLANE('',#10770);
#9696=PLANE('',#10771);
#9697=PLANE('',#10772);
#9698=PLANE('',#10773);
#9699=PLANE('',#10774);
#9700=PLANE('',#10775);
#9701=PLANE('',#10776);
#9702=PLANE('',#10777);
#9703=PLANE('',#10778);
#9704=PLANE('',#10779);
#9705=PLANE('',#10780);
#9706=PLANE('',#10781);
#9707=PLANE('',#10782);
#9708=PLANE('',#10783);
#9709=PLANE('',#10784);
#9710=PLANE('',#10785);
#9711=PLANE('',#10786);
#9712=PLANE('',#10787);
#9713=PLANE('',#10788);
#9714=PLANE('',#10789);
#9715=PLANE('',#10790);
#9716=PLANE('',#10794);
#9717=PLANE('',#10799);
#9718=PLANE('',#10804);
#9719=PLANE('',#10805);
#9720=PLANE('',#10810);
#9721=PLANE('',#10811);
#9722=PLANE('',#10818);
#9723=PLANE('',#10821);
#9724=PLANE('',#10824);
#9725=PLANE('',#10827);
#9726=PLANE('',#10828);
#9727=PLANE('',#10833);
#9728=PLANE('',#10838);
#9729=PLANE('',#10839);
#9730=PLANE('',#10844);
#9731=PLANE('',#10845);
#9732=PLANE('',#10849);
#9733=PLANE('',#10850);
#9734=PLANE('',#10851);
#9735=PLANE('',#10852);
#9736=PLANE('',#10853);
#9737=PLANE('',#10854);
#9738=PLANE('',#10855);
#9739=PLANE('',#10856);
#9740=PLANE('',#10857);
#9741=PLANE('',#10858);
#9742=PLANE('',#10859);
#9743=PLANE('',#10860);
#9744=PLANE('',#10861);
#9745=PLANE('',#10862);
#9746=PLANE('',#10863);
#9747=PLANE('',#10864);
#9748=PLANE('',#10865);
#9749=PLANE('',#10866);
#9750=PLANE('',#10867);
#9751=PLANE('',#10868);
#9752=PLANE('',#10869);
#9753=PLANE('',#10870);
#9754=PLANE('',#10871);
#9755=PLANE('',#10872);
#9756=PLANE('',#10873);
#9757=PLANE('',#10874);
#9758=PLANE('',#10875);
#9759=PLANE('',#10876);
#9760=PLANE('',#10877);
#9761=PLANE('',#10878);
#9762=PLANE('',#10879);
#9763=PLANE('',#10880);
#9764=PLANE('',#10881);
#9765=PLANE('',#10882);
#9766=PLANE('',#10883);
#9767=PLANE('',#10884);
#9768=PLANE('',#10885);
#9769=PLANE('',#10886);
#9770=PLANE('',#10887);
#9771=PLANE('',#10894);
#9772=PLANE('',#10898);
#9773=PLANE('',#10899);
#9774=PLANE('',#10906);
#9775=PLANE('',#10910);
#9776=PLANE('',#10911);
#9777=PLANE('',#10918);
#9778=PLANE('',#10922);
#9779=PLANE('',#10929);
#9780=PLANE('',#10933);
#9781=PLANE('',#10934);
#9782=PLANE('',#10941);
#9783=PLANE('',#10945);
#9784=PLANE('',#10946);
#9785=PLANE('',#10953);
#9786=PLANE('',#10958);
#9787=PLANE('',#10959);
#9788=PLANE('',#10960);
#9789=PLANE('',#10962);
#9790=PLANE('',#10963);
#9791=PLANE('',#10964);
#9792=PLANE('',#10965);
#9793=PLANE('',#10967);
#9794=PLANE('',#10969);
#9795=PLANE('',#10971);
#9796=PLANE('',#10972);
#9797=PLANE('',#10973);
#9798=PLANE('',#10975);
#9799=PLANE('',#10977);
#9800=PLANE('',#10979);
#9801=PLANE('',#10980);
#9802=PLANE('',#10981);
#9803=PLANE('',#10983);
#9804=PLANE('',#10984);
#9805=PLANE('',#10986);
#9806=PLANE('',#10987);
#9807=PLANE('',#10988);
#9808=PLANE('',#10990);
#9809=PLANE('',#10991);
#9810=PLANE('',#10993);
#9811=PLANE('',#10994);
#9812=PLANE('',#10995);
#9813=PLANE('',#10997);
#9814=PLANE('',#10999);
#9815=PLANE('',#11001);
#9816=PLANE('',#11002);
#9817=PLANE('',#11003);
#9818=PLANE('',#11005);
#9819=PLANE('',#11007);
#9820=PLANE('',#11009);
#9821=PLANE('',#11010);
#9822=PLANE('',#11011);
#9823=PLANE('',#11013);
#9824=PLANE('',#11014);
#9825=PLANE('',#11019);
#9826=PLANE('',#11020);
#9827=PLANE('',#11024);
#9828=PLANE('',#11025);
#9829=PLANE('',#11027);
#9830=PLANE('',#11028);
#9831=PLANE('',#11031);
#9832=PLANE('',#11032);
#9833=PLANE('',#11037);
#9834=PLANE('',#11038);
#9835=PLANE('',#11040);
#9836=PLANE('',#11043);
#9837=PLANE('',#11049);
#9838=PLANE('',#11051);
#9839=PLANE('',#11052);
#9840=PLANE('',#11054);
#9841=PLANE('',#11057);
#9842=PLANE('',#11058);
#9843=PLANE('',#11064);
#9844=PLANE('',#11065);
#9845=PLANE('',#11067);
#9846=PLANE('',#11068);
#9847=PLANE('',#11069);
#9848=PLANE('',#11070);
#9849=PLANE('',#11071);
#9850=PLANE('',#11072);
#9851=PLANE('',#11074);
#9852=PLANE('',#11075);
#9853=PLANE('',#11076);
#9854=PLANE('',#11077);
#9855=PLANE('',#11078);
#9856=PLANE('',#11079);
#9857=PLANE('',#11080);
#9858=PLANE('',#11082);
#9859=PLANE('',#11083);
#9860=PLANE('',#11084);
#9861=PLANE('',#11085);
#9862=PLANE('',#11086);
#9863=PLANE('',#11087);
#9864=PLANE('',#11089);
#9865=PLANE('',#11090);
#9866=PLANE('',#11091);
#9867=PLANE('',#11092);
#9868=PLANE('',#11093);
#9869=PLANE('',#11094);
#9870=PLANE('',#11102);
#9871=PLANE('',#11103);
#9872=PLANE('',#11107);
#9873=PLANE('',#11123);
#9874=PLANE('',#11139);
#9875=PLANE('',#11140);
#9876=PLANE('',#11141);
#9877=PLANE('',#11142);
#9878=PLANE('',#11143);
#9879=PLANE('',#11144);
#9880=PLANE('',#11146);
#9881=PLANE('',#11147);
#9882=PLANE('',#11148);
#9883=PLANE('',#11149);
#9884=PLANE('',#11150);
#9885=PLANE('',#11151);
#9886=PLANE('',#11152);
#9887=PLANE('',#11153);
#9888=PLANE('',#11154);
#9889=PLANE('',#11155);
#9890=PLANE('',#11159);
#9891=PLANE('',#11160);
#9892=PLANE('',#11161);
#9893=PLANE('',#11162);
#9894=PLANE('',#11169);
#9895=PLANE('',#11170);
#9896=PLANE('',#11171);
#9897=PLANE('',#11172);
#9898=PLANE('',#11180);
#9899=PLANE('',#11181);
#9900=PLANE('',#11182);
#9901=PLANE('',#11185);
#9902=PLANE('',#11186);
#9903=PLANE('',#11187);
#9904=PLANE('',#11188);
#9905=PLANE('',#11189);
#9906=PLANE('',#11190);
#9907=PLANE('',#11191);
#9908=PLANE('',#11194);
#9909=PLANE('',#11195);
#9910=PLANE('',#11196);
#9911=PLANE('',#11199);
#9912=PLANE('',#11200);
#9913=PLANE('',#11201);
#9914=PLANE('',#11202);
#9915=PLANE('',#11203);
#9916=PLANE('',#11204);
#9917=PLANE('',#11205);
#9918=PLANE('',#11206);
#9919=PLANE('',#11207);
#9920=PLANE('',#11208);
#9921=PLANE('',#11209);
#9922=PLANE('',#11210);
#9923=PLANE('',#11211);
#9924=PLANE('',#11212);
#9925=PLANE('',#11213);
#9926=PLANE('',#11214);
#9927=PLANE('',#11215);
#9928=PLANE('',#11216);
#9929=PLANE('',#11217);
#9930=PLANE('',#11218);
#9931=PLANE('',#11219);
#9932=PLANE('',#11220);
#9933=PLANE('',#11221);
#9934=PLANE('',#11222);
#9935=PLANE('',#11223);
#9936=PLANE('',#11231);
#9937=PLANE('',#11235);
#9938=PLANE('',#11239);
#9939=PLANE('',#11247);
#9940=PLANE('',#11255);
#9941=PLANE('',#11262);
#9942=PLANE('',#11269);
#9943=PLANE('',#11273);
#9944=PLANE('',#11274);
#9945=PLANE('',#11284);
#9946=PLANE('',#11285);
#9947=PLANE('',#11291);
#9948=PLANE('',#11294);
#9949=PLANE('',#11297);
#9950=PLANE('',#11298);
#9951=PLANE('',#11299);
#9952=PLANE('',#11300);
#9953=PLANE('',#11307);
#9954=PLANE('',#11311);
#9955=PLANE('',#11315);
#9956=PLANE('',#11325);
#9957=PLANE('',#11329);
#9958=PLANE('',#11336);
#9959=PLANE('',#11343);
#9960=PLANE('',#11353);
#9961=PLANE('',#11357);
#9962=PLANE('',#11367);
#9963=PLANE('',#11374);
#9964=PLANE('',#11375);
#9965=PLANE('',#11376);
#9966=PLANE('',#11377);
#9967=PLANE('',#11379);
#9968=PLANE('',#11380);
#9969=PLANE('',#11381);
#9970=PLANE('',#11382);
#9971=PLANE('',#11383);
#9972=PLANE('',#11384);
#9973=PLANE('',#11385);
#9974=PLANE('',#11386);
#9975=PLANE('',#11387);
#9976=PLANE('',#11388);
#9977=PLANE('',#11389);
#9978=PLANE('',#11390);
#9979=PLANE('',#11391);
#9980=PLANE('',#11392);
#9981=PLANE('',#11393);
#9982=PLANE('',#11394);
#9983=PLANE('',#11395);
#9984=PLANE('',#11396);
#9985=PLANE('',#11397);
#9986=PLANE('',#11398);
#9987=PLANE('',#11399);
#9988=PLANE('',#11400);
#9989=PLANE('',#11401);
#9990=PLANE('',#11402);
#9991=PLANE('',#11408);
#9992=PLANE('',#11415);
#9993=PLANE('',#11416);
#9994=PLANE('',#11417);
#9995=PLANE('',#11418);
#9996=PLANE('',#11419);
#9997=PLANE('',#11420);
#9998=PLANE('',#11421);
#9999=PLANE('',#11422);
#10000=PLANE('',#11423);
#10001=PLANE('',#11424);
#10002=PLANE('',#11426);
#10003=PLANE('',#11427);
#10004=PLANE('',#11428);
#10005=PLANE('',#11429);
#10006=PLANE('',#11430);
#10007=PLANE('',#11432);
#10008=PLANE('',#11433);
#10009=PLANE('',#11434);
#10010=PLANE('',#11435);
#10011=PLANE('',#11436);
#10012=PLANE('',#11437);
#10013=PLANE('',#11438);
#10014=PLANE('',#11439);
#10015=PLANE('',#11440);
#10016=PLANE('',#11441);
#10017=PLANE('',#11442);
#10018=PLANE('',#11443);
#10019=PLANE('',#11444);
#10020=PLANE('',#11445);
#10021=PLANE('',#11446);
#10022=PLANE('',#11447);
#10023=PLANE('',#11448);
#10024=PLANE('',#11452);
#10025=PLANE('',#11456);
#10026=PLANE('',#11457);
#10027=PLANE('',#11502);
#10028=PLANE('',#11503);
#10029=PLANE('',#11504);
#10030=PLANE('',#11505);
#10031=PLANE('',#11506);
#10032=PLANE('',#11507);
#10033=ADVANCED_FACE('',(#777),#9625,.F.);
#10034=ADVANCED_FACE('',(#778),#9626,.F.);
#10035=ADVANCED_FACE('',(#779),#9627,.F.);
#10036=ADVANCED_FACE('',(#780),#9628,.F.);
#10037=ADVANCED_FACE('',(#781),#9629,.F.);
#10038=ADVANCED_FACE('',(#782),#9630,.F.);
#10039=ADVANCED_FACE('',(#783,#746),#9631,.T.);
#10040=ADVANCED_FACE('',(#784),#9632,.T.);
#10041=ADVANCED_FACE('',(#785),#9633,.F.);
#10042=ADVANCED_FACE('',(#786),#9634,.F.);
#10043=ADVANCED_FACE('',(#787),#9635,.F.);
#10044=ADVANCED_FACE('',(#788),#9636,.F.);
#10045=ADVANCED_FACE('',(#789),#9637,.F.);
#10046=ADVANCED_FACE('',(#790),#9638,.T.);
#10047=ADVANCED_FACE('',(#791),#9639,.F.);
#10048=ADVANCED_FACE('',(#792),#9640,.T.);
#10049=ADVANCED_FACE('',(#793),#9641,.T.);
#10050=ADVANCED_FACE('',(#794),#9642,.F.);
#10051=ADVANCED_FACE('',(#795),#9643,.T.);
#10052=ADVANCED_FACE('',(#796),#9644,.T.);
#10053=ADVANCED_FACE('',(#797),#9645,.T.);
#10054=ADVANCED_FACE('',(#798),#9646,.F.);
#10055=ADVANCED_FACE('',(#799),#9647,.T.);
#10056=ADVANCED_FACE('',(#800),#9648,.T.);
#10057=ADVANCED_FACE('',(#801),#9649,.F.);
#10058=ADVANCED_FACE('',(#802),#9650,.T.);
#10059=ADVANCED_FACE('',(#803),#9651,.T.);
#10060=ADVANCED_FACE('',(#804),#9652,.F.);
#10061=ADVANCED_FACE('',(#805),#9653,.T.);
#10062=ADVANCED_FACE('',(#806),#9654,.T.);
#10063=ADVANCED_FACE('',(#807),#9655,.F.);
#10064=ADVANCED_FACE('',(#808),#9656,.T.);
#10065=ADVANCED_FACE('',(#809),#9657,.T.);
#10066=ADVANCED_FACE('',(#810),#9658,.T.);
#10067=ADVANCED_FACE('',(#811),#9659,.F.);
#10068=ADVANCED_FACE('',(#812),#9660,.F.);
#10069=ADVANCED_FACE('',(#813),#9661,.F.);
#10070=ADVANCED_FACE('',(#814),#9662,.F.);
#10071=ADVANCED_FACE('',(#815),#9663,.F.);
#10072=ADVANCED_FACE('',(#816),#9664,.F.);
#10073=ADVANCED_FACE('',(#817),#9665,.F.);
#10074=ADVANCED_FACE('',(#818),#9666,.F.);
#10075=ADVANCED_FACE('',(#819),#9667,.F.);
#10076=ADVANCED_FACE('',(#820),#9668,.F.);
#10077=ADVANCED_FACE('',(#821),#9669,.F.);
#10078=ADVANCED_FACE('',(#822),#9670,.F.);
#10079=ADVANCED_FACE('',(#823),#9671,.F.);
#10080=ADVANCED_FACE('',(#824),#9672,.T.);
#10081=ADVANCED_FACE('',(#825),#9673,.F.);
#10082=ADVANCED_FACE('',(#826),#9674,.T.);
#10083=ADVANCED_FACE('',(#827),#9675,.T.);
#10084=ADVANCED_FACE('',(#828),#9676,.T.);
#10085=ADVANCED_FACE('',(#829),#9677,.T.);
#10086=ADVANCED_FACE('',(#830),#9678,.F.);
#10087=ADVANCED_FACE('',(#831),#9679,.F.);
#10088=ADVANCED_FACE('',(#832),#9680,.F.);
#10089=ADVANCED_FACE('',(#833),#9681,.F.);
#10090=ADVANCED_FACE('',(#834),#9682,.F.);
#10091=ADVANCED_FACE('',(#835),#9683,.T.);
#10092=ADVANCED_FACE('',(#836),#9684,.T.);
#10093=ADVANCED_FACE('',(#837),#9685,.T.);
#10094=ADVANCED_FACE('',(#838),#9686,.T.);
#10095=ADVANCED_FACE('',(#839),#9687,.T.);
#10096=ADVANCED_FACE('',(#840),#9688,.T.);
#10097=ADVANCED_FACE('',(#841),#9689,.T.);
#10098=ADVANCED_FACE('',(#842),#9690,.T.);
#10099=ADVANCED_FACE('',(#843),#9691,.T.);
#10100=ADVANCED_FACE('',(#844),#9692,.T.);
#10101=ADVANCED_FACE('',(#845),#9693,.T.);
#10102=ADVANCED_FACE('',(#846,#747,#748,#749,#750),#9694,.T.);
#10103=ADVANCED_FACE('',(#847),#9695,.T.);
#10104=ADVANCED_FACE('',(#848),#9696,.T.);
#10105=ADVANCED_FACE('',(#849),#9697,.F.);
#10106=ADVANCED_FACE('',(#850),#9698,.T.);
#10107=ADVANCED_FACE('',(#851),#9699,.T.);
#10108=ADVANCED_FACE('',(#852),#9700,.T.);
#10109=ADVANCED_FACE('',(#853),#9701,.T.);
#10110=ADVANCED_FACE('',(#854),#9702,.F.);
#10111=ADVANCED_FACE('',(#855),#9703,.T.);
#10112=ADVANCED_FACE('',(#856),#9704,.T.);
#10113=ADVANCED_FACE('',(#857),#9705,.T.);
#10114=ADVANCED_FACE('',(#858),#9706,.F.);
#10115=ADVANCED_FACE('',(#859),#9707,.T.);
#10116=ADVANCED_FACE('',(#860),#9708,.T.);
#10117=ADVANCED_FACE('',(#861),#9709,.T.);
#10118=ADVANCED_FACE('',(#862),#9710,.F.);
#10119=ADVANCED_FACE('',(#863),#9711,.T.);
#10120=ADVANCED_FACE('',(#864),#9712,.T.);
#10121=ADVANCED_FACE('',(#865),#9713,.T.);
#10122=ADVANCED_FACE('',(#866),#9714,.T.);
#10123=ADVANCED_FACE('',(#867),#9715,.T.);
#10124=ADVANCED_FACE('',(#868),#9716,.F.);
#10125=ADVANCED_FACE('',(#869),#9717,.F.);
#10126=ADVANCED_FACE('',(#870),#37,.T.);
#10127=ADVANCED_FACE('',(#871),#38,.T.);
#10128=ADVANCED_FACE('',(#872),#9718,.F.);
#10129=ADVANCED_FACE('',(#873),#9719,.T.);
#10130=ADVANCED_FACE('',(#874),#39,.T.);
#10131=ADVANCED_FACE('',(#875),#40,.T.);
#10132=ADVANCED_FACE('',(#876),#9720,.T.);
#10133=ADVANCED_FACE('',(#877,#751),#9721,.T.);
#10134=ADVANCED_FACE('',(#878),#41,.T.);
#10135=ADVANCED_FACE('',(#879),#9722,.F.);
#10136=ADVANCED_FACE('',(#880),#42,.T.);
#10137=ADVANCED_FACE('',(#881),#9723,.T.);
#10138=ADVANCED_FACE('',(#882),#43,.T.);
#10139=ADVANCED_FACE('',(#883),#9724,.T.);
#10140=ADVANCED_FACE('',(#884),#44,.T.);
#10141=ADVANCED_FACE('',(#885),#9725,.F.);
#10142=ADVANCED_FACE('',(#886,#752),#9726,.F.);
#10143=ADVANCED_FACE('',(#887),#9727,.F.);
#10144=ADVANCED_FACE('',(#888),#45,.T.);
#10145=ADVANCED_FACE('',(#889),#46,.T.);
#10146=ADVANCED_FACE('',(#890),#9728,.F.);
#10147=ADVANCED_FACE('',(#891),#9729,.T.);
#10148=ADVANCED_FACE('',(#892),#47,.T.);
#10149=ADVANCED_FACE('',(#893),#48,.T.);
#10150=ADVANCED_FACE('',(#894),#9730,.T.);
#10151=ADVANCED_FACE('',(#895),#9731,.T.);
#10152=ADVANCED_FACE('',(#896),#9732,.F.);
#10153=ADVANCED_FACE('',(#897),#9733,.F.);
#10154=ADVANCED_FACE('',(#898),#9734,.F.);
#10155=ADVANCED_FACE('',(#899),#9735,.F.);
#10156=ADVANCED_FACE('',(#900),#9736,.F.);
#10157=ADVANCED_FACE('',(#901),#9737,.F.);
#10158=ADVANCED_FACE('',(#902),#9738,.F.);
#10159=ADVANCED_FACE('',(#903),#9739,.F.);
#10160=ADVANCED_FACE('',(#904),#9740,.F.);
#10161=ADVANCED_FACE('',(#905),#9741,.F.);
#10162=ADVANCED_FACE('',(#906),#9742,.F.);
#10163=ADVANCED_FACE('',(#907),#9743,.F.);
#10164=ADVANCED_FACE('',(#908),#9744,.F.);
#10165=ADVANCED_FACE('',(#909),#9745,.F.);
#10166=ADVANCED_FACE('',(#910),#9746,.F.);
#10167=ADVANCED_FACE('',(#911),#9747,.F.);
#10168=ADVANCED_FACE('',(#912),#9748,.F.);
#10169=ADVANCED_FACE('',(#913),#9749,.F.);
#10170=ADVANCED_FACE('',(#914),#9750,.F.);
#10171=ADVANCED_FACE('',(#915),#9751,.F.);
#10172=ADVANCED_FACE('',(#916),#9752,.F.);
#10173=ADVANCED_FACE('',(#917),#9753,.F.);
#10174=ADVANCED_FACE('',(#918),#9754,.F.);
#10175=ADVANCED_FACE('',(#919),#9755,.F.);
#10176=ADVANCED_FACE('',(#920),#9756,.F.);
#10177=ADVANCED_FACE('',(#921),#9757,.F.);
#10178=ADVANCED_FACE('',(#922),#9758,.F.);
#10179=ADVANCED_FACE('',(#923),#9759,.F.);
#10180=ADVANCED_FACE('',(#924),#9760,.F.);
#10181=ADVANCED_FACE('',(#925),#9761,.F.);
#10182=ADVANCED_FACE('',(#926),#9762,.F.);
#10183=ADVANCED_FACE('',(#927),#9763,.F.);
#10184=ADVANCED_FACE('',(#928),#9764,.F.);
#10185=ADVANCED_FACE('',(#929),#9765,.F.);
#10186=ADVANCED_FACE('',(#930),#9766,.F.);
#10187=ADVANCED_FACE('',(#931),#9767,.F.);
#10188=ADVANCED_FACE('',(#932),#9768,.F.);
#10189=ADVANCED_FACE('',(#933),#9769,.F.);
#10190=ADVANCED_FACE('',(#934),#9770,.F.);
#10191=ADVANCED_FACE('',(#935),#49,.F.);
#10192=ADVANCED_FACE('',(#936),#9771,.T.);
#10193=ADVANCED_FACE('',(#937),#9772,.F.);
#10194=ADVANCED_FACE('',(#938),#9773,.F.);
#10195=ADVANCED_FACE('',(#939),#50,.F.);
#10196=ADVANCED_FACE('',(#940),#9774,.T.);
#10197=ADVANCED_FACE('',(#941),#9775,.F.);
#10198=ADVANCED_FACE('',(#942),#9776,.F.);
#10199=ADVANCED_FACE('',(#943),#51,.F.);
#10200=ADVANCED_FACE('',(#944),#9777,.T.);
#10201=ADVANCED_FACE('',(#945),#9778,.F.);
#10202=ADVANCED_FACE('',(#946),#52,.F.);
#10203=ADVANCED_FACE('',(#947),#9779,.T.);
#10204=ADVANCED_FACE('',(#948),#9780,.F.);
#10205=ADVANCED_FACE('',(#949),#9781,.F.);
#10206=ADVANCED_FACE('',(#950),#53,.F.);
#10207=ADVANCED_FACE('',(#951),#9782,.T.);
#10208=ADVANCED_FACE('',(#952),#9783,.F.);
#10209=ADVANCED_FACE('',(#953),#9784,.F.);
#10210=ADVANCED_FACE('',(#954),#54,.F.);
#10211=ADVANCED_FACE('',(#955),#9785,.T.);
#10212=ADVANCED_FACE('',(#956),#55,.T.);
#10213=ADVANCED_FACE('',(#957),#9786,.F.);
#10214=ADVANCED_FACE('',(#958),#9787,.F.);
#10215=ADVANCED_FACE('',(#959,#753),#9788,.T.);
#10216=ADVANCED_FACE('',(#960),#9789,.F.);
#10217=ADVANCED_FACE('',(#961),#9790,.F.);
#10218=ADVANCED_FACE('',(#962),#9791,.F.);
#10219=ADVANCED_FACE('',(#963),#9792,.F.);
#10220=ADVANCED_FACE('',(#964),#56,.T.);
#10221=ADVANCED_FACE('',(#965),#9793,.F.);
#10222=ADVANCED_FACE('',(#966),#57,.T.);
#10223=ADVANCED_FACE('',(#967),#9794,.F.);
#10224=ADVANCED_FACE('',(#968),#58,.F.);
#10225=ADVANCED_FACE('',(#969),#9795,.F.);
#10226=ADVANCED_FACE('',(#970),#9796,.F.);
#10227=ADVANCED_FACE('',(#971),#9797,.F.);
#10228=ADVANCED_FACE('',(#972),#59,.T.);
#10229=ADVANCED_FACE('',(#973),#9798,.F.);
#10230=ADVANCED_FACE('',(#974),#60,.T.);
#10231=ADVANCED_FACE('',(#975),#9799,.F.);
#10232=ADVANCED_FACE('',(#976),#61,.F.);
#10233=ADVANCED_FACE('',(#977),#9800,.F.);
#10234=ADVANCED_FACE('',(#978),#9801,.F.);
#10235=ADVANCED_FACE('',(#979),#9802,.F.);
#10236=ADVANCED_FACE('',(#980),#62,.T.);
#10237=ADVANCED_FACE('',(#981),#9803,.F.);
#10238=ADVANCED_FACE('',(#982),#9804,.F.);
#10239=ADVANCED_FACE('',(#983),#63,.F.);
#10240=ADVANCED_FACE('',(#984),#9805,.F.);
#10241=ADVANCED_FACE('',(#985),#9806,.F.);
#10242=ADVANCED_FACE('',(#986),#9807,.F.);
#10243=ADVANCED_FACE('',(#987),#64,.T.);
#10244=ADVANCED_FACE('',(#988),#9808,.F.);
#10245=ADVANCED_FACE('',(#989),#9809,.F.);
#10246=ADVANCED_FACE('',(#990),#65,.F.);
#10247=ADVANCED_FACE('',(#991),#9810,.F.);
#10248=ADVANCED_FACE('',(#992),#9811,.F.);
#10249=ADVANCED_FACE('',(#993),#9812,.F.);
#10250=ADVANCED_FACE('',(#994),#66,.T.);
#10251=ADVANCED_FACE('',(#995),#9813,.F.);
#10252=ADVANCED_FACE('',(#996),#67,.T.);
#10253=ADVANCED_FACE('',(#997),#9814,.F.);
#10254=ADVANCED_FACE('',(#998),#68,.F.);
#10255=ADVANCED_FACE('',(#999),#9815,.F.);
#10256=ADVANCED_FACE('',(#1000),#9816,.F.);
#10257=ADVANCED_FACE('',(#1001),#9817,.F.);
#10258=ADVANCED_FACE('',(#1002),#69,.T.);
#10259=ADVANCED_FACE('',(#1003),#9818,.F.);
#10260=ADVANCED_FACE('',(#1004),#70,.T.);
#10261=ADVANCED_FACE('',(#1005),#9819,.F.);
#10262=ADVANCED_FACE('',(#1006),#71,.F.);
#10263=ADVANCED_FACE('',(#1007),#9820,.F.);
#10264=ADVANCED_FACE('',(#1008),#9821,.F.);
#10265=ADVANCED_FACE('',(#1009),#9822,.F.);
#10266=ADVANCED_FACE('',(#1010),#72,.T.);
#10267=ADVANCED_FACE('',(#1011),#9823,.F.);
#10268=ADVANCED_FACE('',(#1012),#9824,.F.);
#10269=ADVANCED_FACE('',(#1013),#9825,.F.);
#10270=ADVANCED_FACE('',(#1014),#9826,.T.);
#10271=ADVANCED_FACE('',(#1015),#73,.T.);
#10272=ADVANCED_FACE('',(#1016),#9827,.F.);
#10273=ADVANCED_FACE('',(#1017),#9828,.T.);
#10274=ADVANCED_FACE('',(#1018),#9829,.T.);
#10275=ADVANCED_FACE('',(#1019),#9830,.F.);
#10276=ADVANCED_FACE('',(#1020),#74,.T.);
#10277=ADVANCED_FACE('',(#1021),#9831,.F.);
#10278=ADVANCED_FACE('',(#1022),#9832,.T.);
#10279=ADVANCED_FACE('',(#1023),#9833,.F.);
#10280=ADVANCED_FACE('',(#1024,#754),#9834,.F.);
#10281=ADVANCED_FACE('',(#1025),#9835,.T.);
#10282=ADVANCED_FACE('',(#1026),#75,.T.);
#10283=ADVANCED_FACE('',(#1027),#9836,.F.);
#10284=ADVANCED_FACE('',(#1028),#76,.T.);
#10285=ADVANCED_FACE('',(#1029),#9837,.T.);
#10286=ADVANCED_FACE('',(#1030),#77,.T.);
#10287=ADVANCED_FACE('',(#1031),#9838,.T.);
#10288=ADVANCED_FACE('',(#1032),#9839,.T.);
#10289=ADVANCED_FACE('',(#1033),#78,.T.);
#10290=ADVANCED_FACE('',(#1034,#755),#9840,.T.);
#10291=ADVANCED_FACE('',(#1035),#79,.T.);
#10292=ADVANCED_FACE('',(#1036),#9841,.T.);
#10293=ADVANCED_FACE('',(#1037),#9842,.T.);
#10294=ADVANCED_FACE('',(#1038),#80,.T.);
#10295=ADVANCED_FACE('',(#1039),#23,.F.);
#10296=ADVANCED_FACE('',(#1040),#81,.F.);
#10297=ADVANCED_FACE('',(#1041),#9843,.F.);
#10298=ADVANCED_FACE('',(#1042),#9844,.T.);
#10299=ADVANCED_FACE('',(#1043),#9845,.F.);
#10300=ADVANCED_FACE('',(#1044),#9846,.F.);
#10301=ADVANCED_FACE('',(#1045),#9847,.F.);
#10302=ADVANCED_FACE('',(#1046),#9848,.F.);
#10303=ADVANCED_FACE('',(#1047),#9849,.F.);
#10304=ADVANCED_FACE('',(#1048),#9850,.T.);
#10305=ADVANCED_FACE('',(#1049),#9851,.T.);
#10306=ADVANCED_FACE('',(#1050),#9852,.T.);
#10307=ADVANCED_FACE('',(#1051),#9853,.T.);
#10308=ADVANCED_FACE('',(#1052),#9854,.T.);
#10309=ADVANCED_FACE('',(#1053),#9855,.F.);
#10310=ADVANCED_FACE('',(#1054),#9856,.F.);
#10311=ADVANCED_FACE('',(#1055),#9857,.T.);
#10312=ADVANCED_FACE('',(#1056),#9858,.T.);
#10313=ADVANCED_FACE('',(#1057),#9859,.T.);
#10314=ADVANCED_FACE('',(#1058),#9860,.T.);
#10315=ADVANCED_FACE('',(#1059),#9861,.T.);
#10316=ADVANCED_FACE('',(#1060),#9862,.F.);
#10317=ADVANCED_FACE('',(#1061),#9863,.T.);
#10318=ADVANCED_FACE('',(#1062),#9864,.F.);
#10319=ADVANCED_FACE('',(#1063),#9865,.F.);
#10320=ADVANCED_FACE('',(#1064),#9866,.F.);
#10321=ADVANCED_FACE('',(#1065),#9867,.F.);
#10322=ADVANCED_FACE('',(#1066),#9868,.F.);
#10323=ADVANCED_FACE('',(#1067),#9869,.T.);
#10324=ADVANCED_FACE('',(#1068),#9870,.T.);
#10325=ADVANCED_FACE('',(#1069),#9871,.T.);
#10326=ADVANCED_FACE('',(#1070),#82,.F.);
#10327=ADVANCED_FACE('',(#1071,#756,#757,#758),#9872,.F.);
#10328=ADVANCED_FACE('',(#1072,#759,#760,#761),#9873,.T.);
#10329=ADVANCED_FACE('',(#1073),#9874,.T.);
#10330=ADVANCED_FACE('',(#1074),#9875,.T.);
#10331=ADVANCED_FACE('',(#1075),#9876,.T.);
#10332=ADVANCED_FACE('',(#1076),#9877,.T.);
#10333=ADVANCED_FACE('',(#1077),#9878,.T.);
#10334=ADVANCED_FACE('',(#1078),#9879,.T.);
#10335=ADVANCED_FACE('',(#1079),#83,.F.);
#10336=ADVANCED_FACE('',(#1080),#9880,.T.);
#10337=ADVANCED_FACE('',(#1081),#9881,.T.);
#10338=ADVANCED_FACE('',(#1082),#9882,.T.);
#10339=ADVANCED_FACE('',(#1083),#9883,.T.);
#10340=ADVANCED_FACE('',(#1084),#9884,.T.);
#10341=ADVANCED_FACE('',(#1085),#9885,.T.);
#10342=ADVANCED_FACE('',(#1086),#9886,.T.);
#10343=ADVANCED_FACE('',(#1087),#9887,.T.);
#10344=ADVANCED_FACE('',(#1088),#9888,.T.);
#10345=ADVANCED_FACE('',(#1089),#9889,.T.);
#10346=ADVANCED_FACE('',(#1090),#84,.F.);
#10347=ADVANCED_FACE('',(#1091),#85,.T.);
#10348=ADVANCED_FACE('',(#1092),#86,.T.);
#10349=ADVANCED_FACE('',(#1093),#9890,.T.);
#10350=ADVANCED_FACE('',(#1094),#9891,.T.);
#10351=ADVANCED_FACE('',(#1095),#9892,.T.);
#10352=ADVANCED_FACE('',(#1096),#9893,.T.);
#10353=ADVANCED_FACE('',(#1097),#87,.T.);
#10354=ADVANCED_FACE('',(#1098),#88,.T.);
#10355=ADVANCED_FACE('',(#1099),#89,.F.);
#10356=ADVANCED_FACE('',(#1100),#90,.F.);
#10357=ADVANCED_FACE('',(#1101),#91,.T.);
#10358=ADVANCED_FACE('',(#1102),#92,.T.);
#10359=ADVANCED_FACE('',(#1103),#9894,.T.);
#10360=ADVANCED_FACE('',(#1104),#9895,.T.);
#10361=ADVANCED_FACE('',(#1105),#9896,.T.);
#10362=ADVANCED_FACE('',(#1106),#9897,.T.);
#10363=ADVANCED_FACE('',(#1107),#93,.T.);
#10364=ADVANCED_FACE('',(#1108),#94,.T.);
#10365=ADVANCED_FACE('',(#1109),#95,.F.);
#10366=ADVANCED_FACE('',(#1110),#96,.F.);
#10367=ADVANCED_FACE('',(#1111),#97,.F.);
#10368=ADVANCED_FACE('',(#1112),#9898,.T.);
#10369=ADVANCED_FACE('',(#1113,#762),#9899,.F.);
#10370=ADVANCED_FACE('',(#1114),#9900,.F.);
#10371=ADVANCED_FACE('',(#1115),#9901,.T.);
#10372=ADVANCED_FACE('',(#1116),#9902,.F.);
#10373=ADVANCED_FACE('',(#1117),#9903,.F.);
#10374=ADVANCED_FACE('',(#1118),#9904,.T.);
#10375=ADVANCED_FACE('',(#1119),#9905,.F.);
#10376=ADVANCED_FACE('',(#1120),#9906,.T.);
#10377=ADVANCED_FACE('',(#1121),#9907,.T.);
#10378=ADVANCED_FACE('',(#1122),#98,.T.);
#10379=ADVANCED_FACE('',(#1123),#9908,.F.);
#10380=ADVANCED_FACE('',(#1124),#9909,.T.);
#10381=ADVANCED_FACE('',(#1125),#9910,.T.);
#10382=ADVANCED_FACE('',(#1126),#99,.F.);
#10383=ADVANCED_FACE('',(#1127),#9911,.F.);
#10384=ADVANCED_FACE('',(#1128),#9912,.F.);
#10385=ADVANCED_FACE('',(#1129),#9913,.F.);
#10386=ADVANCED_FACE('',(#1130,#763),#9914,.T.);
#10387=ADVANCED_FACE('',(#1131),#9915,.F.);
#10388=ADVANCED_FACE('',(#1132),#9916,.F.);
#10389=ADVANCED_FACE('',(#1133),#9917,.T.);
#10390=ADVANCED_FACE('',(#1134),#9918,.T.);
#10391=ADVANCED_FACE('',(#1135),#9919,.T.);
#10392=ADVANCED_FACE('',(#1136),#9920,.T.);
#10393=ADVANCED_FACE('',(#1137),#9921,.T.);
#10394=ADVANCED_FACE('',(#1138),#9922,.T.);
#10395=ADVANCED_FACE('',(#1139),#9923,.F.);
#10396=ADVANCED_FACE('',(#1140),#9924,.F.);
#10397=ADVANCED_FACE('',(#1141),#9925,.F.);
#10398=ADVANCED_FACE('',(#1142),#9926,.F.);
#10399=ADVANCED_FACE('',(#1143),#9927,.T.);
#10400=ADVANCED_FACE('',(#1144),#9928,.T.);
#10401=ADVANCED_FACE('',(#1145),#9929,.T.);
#10402=ADVANCED_FACE('',(#1146),#9930,.T.);
#10403=ADVANCED_FACE('',(#1147),#9931,.F.);
#10404=ADVANCED_FACE('',(#1148),#9932,.T.);
#10405=ADVANCED_FACE('',(#1149),#9933,.T.);
#10406=ADVANCED_FACE('',(#1150),#9934,.T.);
#10407=ADVANCED_FACE('',(#1151),#9935,.T.);
#10408=ADVANCED_FACE('',(#1152),#100,.F.);
#10409=ADVANCED_FACE('',(#1153),#101,.F.);
#10410=ADVANCED_FACE('',(#1154),#9936,.T.);
#10411=ADVANCED_FACE('',(#1155),#102,.F.);
#10412=ADVANCED_FACE('',(#1156),#9937,.T.);
#10413=ADVANCED_FACE('',(#1157),#103,.F.);
#10414=ADVANCED_FACE('',(#1158,#764),#9938,.T.);
#10415=ADVANCED_FACE('',(#1159),#104,.F.);
#10416=ADVANCED_FACE('',(#1160),#9939,.T.);
#10417=ADVANCED_FACE('',(#1161),#105,.F.);
#10418=ADVANCED_FACE('',(#1162),#106,.F.);
#10419=ADVANCED_FACE('',(#1163),#9940,.T.);
#10420=ADVANCED_FACE('',(#1164),#107,.F.);
#10421=ADVANCED_FACE('',(#1165),#108,.F.);
#10422=ADVANCED_FACE('',(#1166),#9941,.T.);
#10423=ADVANCED_FACE('',(#1167),#109,.F.);
#10424=ADVANCED_FACE('',(#1168),#110,.F.);
#10425=ADVANCED_FACE('',(#1169),#9942,.T.);
#10426=ADVANCED_FACE('',(#1170),#111,.T.);
#10427=ADVANCED_FACE('',(#1171),#9943,.T.);
#10428=ADVANCED_FACE('',(#1172),#9944,.T.);
#10429=ADVANCED_FACE('',(#1173),#112,.T.);
#10430=ADVANCED_FACE('',(#1174),#113,.F.);
#10431=ADVANCED_FACE('',(#1175),#114,.T.);
#10432=ADVANCED_FACE('',(#1176),#9945,.T.);
#10433=ADVANCED_FACE('',(#1177),#9946,.T.);
#10434=ADVANCED_FACE('',(#1178),#115,.T.);
#10435=ADVANCED_FACE('',(#1179),#9947,.T.);
#10436=ADVANCED_FACE('',(#1180),#116,.F.);
#10437=ADVANCED_FACE('',(#1181),#9948,.F.);
#10438=ADVANCED_FACE('',(#1182),#117,.F.);
#10439=ADVANCED_FACE('',(#1183),#9949,.F.);
#10440=ADVANCED_FACE('',(#1184),#9950,.F.);
#10441=ADVANCED_FACE('',(#1185),#9951,.T.);
#10442=ADVANCED_FACE('',(#1186),#9952,.T.);
#10443=ADVANCED_FACE('',(#1187),#118,.F.);
#10444=ADVANCED_FACE('',(#1188),#119,.F.);
#10445=ADVANCED_FACE('',(#1189),#9953,.T.);
#10446=ADVANCED_FACE('',(#1190),#120,.F.);
#10447=ADVANCED_FACE('',(#1191),#9954,.T.);
#10448=ADVANCED_FACE('',(#1192),#121,.F.);
#10449=ADVANCED_FACE('',(#1193),#9955,.T.);
#10450=ADVANCED_FACE('',(#1194),#122,.F.);
#10451=ADVANCED_FACE('',(#1195),#123,.F.);
#10452=ADVANCED_FACE('',(#1196),#124,.F.);
#10453=ADVANCED_FACE('',(#1197),#9956,.T.);
#10454=ADVANCED_FACE('',(#1198),#125,.F.);
#10455=ADVANCED_FACE('',(#1199),#9957,.T.);
#10456=ADVANCED_FACE('',(#1200),#126,.F.);
#10457=ADVANCED_FACE('',(#1201),#127,.F.);
#10458=ADVANCED_FACE('',(#1202),#9958,.T.);
#10459=ADVANCED_FACE('',(#1203),#128,.F.);
#10460=ADVANCED_FACE('',(#1204),#129,.F.);
#10461=ADVANCED_FACE('',(#1205),#9959,.T.);
#10462=ADVANCED_FACE('',(#1206),#130,.F.);
#10463=ADVANCED_FACE('',(#1207),#131,.F.);
#10464=ADVANCED_FACE('',(#1208),#132,.F.);
#10465=ADVANCED_FACE('',(#1209),#9960,.T.);
#10466=ADVANCED_FACE('',(#1210),#133,.F.);
#10467=ADVANCED_FACE('',(#1211),#9961,.T.);
#10468=ADVANCED_FACE('',(#1212),#134,.F.);
#10469=ADVANCED_FACE('',(#1213),#135,.F.);
#10470=ADVANCED_FACE('',(#1214),#136,.F.);
#10471=ADVANCED_FACE('',(#1215),#9962,.T.);
#10472=ADVANCED_FACE('',(#1216),#137,.F.);
#10473=ADVANCED_FACE('',(#1217),#138,.F.);
#10474=ADVANCED_FACE('',(#1218),#139,.F.);
#10475=ADVANCED_FACE('',(#1219),#9963,.T.);
#10476=ADVANCED_FACE('',(#1220,#765),#9964,.T.);
#10477=ADVANCED_FACE('',(#1221),#9965,.T.);
#10478=ADVANCED_FACE('',(#1222),#9966,.F.);
#10479=ADVANCED_FACE('',(#1223),#140,.F.);
#10480=ADVANCED_FACE('',(#1224),#9967,.F.);
#10481=ADVANCED_FACE('',(#1225),#9968,.F.);
#10482=ADVANCED_FACE('',(#1226),#9969,.F.);
#10483=ADVANCED_FACE('',(#1227),#9970,.F.);
#10484=ADVANCED_FACE('',(#1228),#9971,.F.);
#10485=ADVANCED_FACE('',(#1229),#9972,.F.);
#10486=ADVANCED_FACE('',(#1230),#9973,.F.);
#10487=ADVANCED_FACE('',(#1231),#9974,.F.);
#10488=ADVANCED_FACE('',(#1232),#9975,.T.);
#10489=ADVANCED_FACE('',(#1233),#9976,.F.);
#10490=ADVANCED_FACE('',(#1234),#9977,.F.);
#10491=ADVANCED_FACE('',(#1235),#9978,.F.);
#10492=ADVANCED_FACE('',(#1236),#9979,.F.);
#10493=ADVANCED_FACE('',(#1237),#9980,.T.);
#10494=ADVANCED_FACE('',(#1238),#9981,.T.);
#10495=ADVANCED_FACE('',(#1239,#766),#9982,.T.);
#10496=ADVANCED_FACE('',(#1240),#9983,.T.);
#10497=ADVANCED_FACE('',(#1241,#767),#9984,.T.);
#10498=ADVANCED_FACE('',(#1242),#9985,.T.);
#10499=ADVANCED_FACE('',(#1243),#9986,.T.);
#10500=ADVANCED_FACE('',(#1244),#9987,.T.);
#10501=ADVANCED_FACE('',(#1245),#9988,.T.);
#10502=ADVANCED_FACE('',(#1246),#9989,.T.);
#10503=ADVANCED_FACE('',(#1247,#768,#769,#770),#9990,.F.);
#10504=ADVANCED_FACE('',(#1248),#9991,.T.);
#10505=ADVANCED_FACE('',(#1249),#141,.F.);
#10506=ADVANCED_FACE('',(#1250),#142,.F.);
#10507=ADVANCED_FACE('',(#1251),#143,.F.);
#10508=ADVANCED_FACE('',(#1252,#771,#772,#773,#774),#9992,.T.);
#10509=ADVANCED_FACE('',(#1253),#9993,.T.);
#10510=ADVANCED_FACE('',(#1254,#775),#9994,.T.);
#10511=ADVANCED_FACE('',(#1255,#776),#9995,.T.);
#10512=ADVANCED_FACE('',(#1256),#9996,.T.);
#10513=ADVANCED_FACE('',(#1257),#9997,.T.);
#10514=ADVANCED_FACE('',(#1258),#9998,.T.);
#10515=ADVANCED_FACE('',(#1259),#9999,.T.);
#10516=ADVANCED_FACE('',(#1260),#10000,.T.);
#10517=ADVANCED_FACE('',(#1261),#10001,.T.);
#10518=ADVANCED_FACE('',(#1262),#144,.T.);
#10519=ADVANCED_FACE('',(#1263),#10002,.T.);
#10520=ADVANCED_FACE('',(#1264),#10003,.T.);
#10521=ADVANCED_FACE('',(#1265),#10004,.T.);
#10522=ADVANCED_FACE('',(#1266),#10005,.T.);
#10523=ADVANCED_FACE('',(#1267),#10006,.T.);
#10524=ADVANCED_FACE('',(#1268),#145,.T.);
#10525=ADVANCED_FACE('',(#1269),#10007,.T.);
#10526=ADVANCED_FACE('',(#1270),#10008,.T.);
#10527=ADVANCED_FACE('',(#1271),#10009,.T.);
#10528=ADVANCED_FACE('',(#1272),#10010,.T.);
#10529=ADVANCED_FACE('',(#1273),#10011,.T.);
#10530=ADVANCED_FACE('',(#1274),#10012,.T.);
#10531=ADVANCED_FACE('',(#1275),#10013,.T.);
#10532=ADVANCED_FACE('',(#1276),#10014,.T.);
#10533=ADVANCED_FACE('',(#1277),#10015,.T.);
#10534=ADVANCED_FACE('',(#1278),#10016,.T.);
#10535=ADVANCED_FACE('',(#1279),#10017,.T.);
#10536=ADVANCED_FACE('',(#1280),#10018,.T.);
#10537=ADVANCED_FACE('',(#1281),#10019,.T.);
#10538=ADVANCED_FACE('',(#1282),#10020,.T.);
#10539=ADVANCED_FACE('',(#1283),#10021,.T.);
#10540=ADVANCED_FACE('',(#1284),#10022,.T.);
#10541=ADVANCED_FACE('',(#1285),#10023,.T.);
#10542=ADVANCED_FACE('',(#1286),#146,.T.);
#10543=ADVANCED_FACE('',(#1287),#10024,.T.);
#10544=ADVANCED_FACE('',(#1288),#147,.T.);
#10545=ADVANCED_FACE('',(#1289),#10025,.T.);
#10546=ADVANCED_FACE('',(#1290),#10026,.T.);
#10547=ADVANCED_FACE('',(#1291),#11,.T.);
#10548=ADVANCED_FACE('',(#1292),#12,.T.);
#10549=ADVANCED_FACE('',(#1293),#13,.T.);
#10550=ADVANCED_FACE('',(#1294),#14,.T.);
#10551=ADVANCED_FACE('',(#1295),#15,.T.);
#10552=ADVANCED_FACE('',(#1296),#16,.T.);
#10553=ADVANCED_FACE('',(#1297),#148,.T.);
#10554=ADVANCED_FACE('',(#1298),#149,.T.);
#10555=ADVANCED_FACE('',(#1299),#17,.T.);
#10556=ADVANCED_FACE('',(#1300),#18,.T.);
#10557=ADVANCED_FACE('',(#1301),#150,.T.);
#10558=ADVANCED_FACE('',(#1302),#151,.T.);
#10559=ADVANCED_FACE('',(#1303),#152,.T.);
#10560=ADVANCED_FACE('',(#1304),#153,.T.);
#10561=ADVANCED_FACE('',(#1305),#154,.T.);
#10562=ADVANCED_FACE('',(#1306),#155,.T.);
#10563=ADVANCED_FACE('',(#1307),#156,.T.);
#10564=ADVANCED_FACE('',(#1308),#157,.T.);
#10565=ADVANCED_FACE('',(#1309),#158,.T.);
#10566=ADVANCED_FACE('',(#1310),#159,.T.);
#10567=ADVANCED_FACE('',(#1311),#10027,.T.);
#10568=ADVANCED_FACE('',(#1312),#10028,.T.);
#10569=ADVANCED_FACE('',(#1313),#10029,.T.);
#10570=ADVANCED_FACE('',(#1314),#10030,.T.);
#10571=ADVANCED_FACE('',(#1315),#10031,.T.);
#10572=ADVANCED_FACE('',(#1316),#10032,.T.);
#10573=CLOSED_SHELL('',(#10033,#10034,#10035,#10036,#10037,#10038,#10039,
#10040,#10041,#10042,#10043,#10044,#10045,#10046,#10047,#10048,#10049,#10050,
#10051,#10052,#10053,#10054,#10055,#10056,#10057,#10058,#10059,#10060,#10061,
#10062,#10063,#10064,#10065,#10066,#10067,#10068,#10069,#10070,#10071,#10072,
#10073,#10074,#10075,#10076,#10077,#10078,#10079,#10080,#10081,#10082,#10083,
#10084,#10085,#10086,#10087,#10088,#10089,#10090,#10091,#10092,#10093,#10094,
#10095,#10096,#10097,#10098,#10099,#10100,#10101,#10102,#10103,#10104,#10105,
#10106,#10107,#10108,#10109,#10110,#10111,#10112,#10113,#10114,#10115,#10116,
#10117,#10118,#10119,#10120,#10121,#10122,#10123));
#10574=CLOSED_SHELL('',(#10124,#10125,#10126,#10127,#10128,#10129,#10130,
#10131,#10132,#10133,#10134,#10135,#10136,#10137,#10138,#10139,#10140,#10141,
#10142,#10143,#10144,#10145,#10146,#10147,#10148,#10149,#10150,#10151));
#10575=CLOSED_SHELL('',(#10152,#10153,#10154,#10155,#10156,#10157,#10158,
#10159,#10160,#10161,#10162,#10163,#10164,#10165,#10166,#10167,#10168,#10169,
#10170,#10171,#10172,#10173,#10174,#10175,#10176,#10177,#10178,#10179,#10180,
#10181,#10182,#10183,#10184,#10185,#10186,#10187,#10188,#10189,#10190,#10191,
#10192,#10193,#10194,#10195,#10196,#10197,#10198,#10199,#10200,#10201,#10202,
#10203,#10204,#10205,#10206,#10207,#10208,#10209,#10210,#10211,#10212,#10213,
#10214,#10215,#10216,#10217,#10218,#10219,#10220,#10221,#10222,#10223,#10224,
#10225,#10226,#10227,#10228,#10229,#10230,#10231,#10232,#10233,#10234,#10235,
#10236,#10237,#10238,#10239,#10240,#10241,#10242,#10243,#10244,#10245,#10246,
#10247,#10248,#10249,#10250,#10251,#10252,#10253,#10254,#10255,#10256,#10257,
#10258,#10259,#10260,#10261,#10262,#10263,#10264,#10265,#10266,#10267,#10268));
#10576=CLOSED_SHELL('',(#10269,#10270,#10271,#10272,#10273,#10274,#10275,
#10276,#10277,#10278,#10279,#10280,#10281,#10282,#10283,#10284,#10285,#10286,
#10287,#10288,#10289,#10290,#10291,#10292,#10293,#10294,#10295,#10296,#10297,
#10298));
#10577=CLOSED_SHELL('',(#10299,#10300,#10301,#10302,#10303,#10304));
#10578=CLOSED_SHELL('',(#10305,#10306,#10307,#10308,#10309,#10310,#10311));
#10579=CLOSED_SHELL('',(#10312,#10313,#10314,#10315,#10316,#10317));
#10580=CLOSED_SHELL('',(#10318,#10319,#10320,#10321,#10322,#10323));
#10581=CLOSED_SHELL('',(#10324,#10325,#10326,#10327,#10328,#10329,#10330,
#10331,#10332,#10333,#10334,#10335,#10336,#10337,#10338,#10339,#10340,#10341,
#10342,#10343,#10344,#10345,#10346,#10347,#10348,#10349,#10350,#10351,#10352,
#10353,#10354,#10355,#10356,#10357,#10358,#10359,#10360,#10361,#10362,#10363,
#10364,#10365,#10366,#10367));
#10582=CLOSED_SHELL('',(#10368,#10369,#10370,#10371,#10372,#10373,#10374,
#10375,#10376,#10377,#10378,#10379,#10380,#10381,#10382,#10383,#10384,#10385,
#10386,#10387,#10388,#10389,#10390,#10391,#10392,#10393,#10394,#10395,#10396,
#10397,#10398,#10399,#10400,#10401,#10402,#10403,#10404,#10405,#10406,#10407));
#10583=CLOSED_SHELL('',(#10408,#10409,#10410,#10411,#10412,#10413,#10414,
#10415,#10416,#10417,#10418,#10419,#10420,#10421,#10422,#10423,#10424,#10425,
#10426,#10427,#10428,#10429,#10430,#10431,#10432,#10433,#10434,#10435,#10436,
#10437,#10438,#10439,#10440,#10441,#10442,#10443,#10444,#10445,#10446,#10447,
#10448,#10449,#10450,#10451,#10452,#10453,#10454,#10455,#10456,#10457,#10458,
#10459,#10460,#10461,#10462,#10463,#10464,#10465,#10466,#10467,#10468,#10469,
#10470,#10471,#10472,#10473,#10474,#10475,#10476,#10477,#10478,#10479,#10480,
#10481,#10482,#10483,#10484,#10485,#10486,#10487,#10488,#10489,#10490,#10491,
#10492,#10493,#10494,#10495,#10496,#10497,#10498,#10499,#10500,#10501,#10502,
#10503,#10504,#10505,#10506,#10507,#10508,#10509,#10510,#10511,#10512,#10513,
#10514,#10515,#10516,#10517,#10518,#10519,#10520,#10521,#10522,#10523,#10524,
#10525,#10526,#10527,#10528,#10529,#10530));
#10584=CLOSED_SHELL('',(#10531,#10532,#10533,#10534,#10535,#10536,#10537,
#10538,#10539,#10540,#10541,#10542,#10543,#10544,#10545,#10546));
#10585=CLOSED_SHELL('',(#10547,#10548,#10549,#10550,#10551,#10552,#10553,
#10554,#10555,#10556,#10557,#10558,#10559,#10560,#10561,#10562,#10563,#10564,
#10565,#10566,#10567,#10568,#10569,#10570,#10571,#10572));
#10586=DERIVED_UNIT_ELEMENT(#10606,1.);
#10587=DERIVED_UNIT_ELEMENT(#17412,-3.);
#10588=DERIVED_UNIT_ELEMENT(#10606,1.);
#10589=DERIVED_UNIT_ELEMENT(#17412,-3.);
#10590=DERIVED_UNIT_ELEMENT(#10606,1.);
#10591=DERIVED_UNIT_ELEMENT(#17412,-3.);
#10592=DERIVED_UNIT_ELEMENT(#10606,1.);
#10593=DERIVED_UNIT_ELEMENT(#17412,-3.);
#10594=DERIVED_UNIT_ELEMENT(#10606,1.);
#10595=DERIVED_UNIT_ELEMENT(#17412,-3.);
#10596=DERIVED_UNIT_ELEMENT(#10606,1.);
#10597=DERIVED_UNIT_ELEMENT(#17412,-3.);
#10598=DERIVED_UNIT_ELEMENT(#10606,1.);
#10599=DERIVED_UNIT_ELEMENT(#17412,-3.);
#10600=DERIVED_UNIT_ELEMENT(#10606,1.);
#10601=DERIVED_UNIT_ELEMENT(#17412,-3.);
#10602=DERIVED_UNIT_ELEMENT(#10606,1.);
#10603=DERIVED_UNIT_ELEMENT(#17412,-3.);
#10604=DERIVED_UNIT_ELEMENT(#10606,1.);
#10605=DERIVED_UNIT_ELEMENT(#17412,-3.);
#10606=(
MASS_UNIT()
NAMED_UNIT(*)
SI_UNIT(.KILO.,.GRAM.)
);
#10607=DERIVED_UNIT((#10586,#10587));
#10608=DERIVED_UNIT((#10588,#10589));
#10609=DERIVED_UNIT((#10590,#10591));
#10610=DERIVED_UNIT((#10592,#10593));
#10611=DERIVED_UNIT((#10594,#10595));
#10612=DERIVED_UNIT((#10596,#10597));
#10613=DERIVED_UNIT((#10598,#10599));
#10614=DERIVED_UNIT((#10600,#10601));
#10615=DERIVED_UNIT((#10602,#10603));
#10616=DERIVED_UNIT((#10604,#10605));
#10617=MEASURE_REPRESENTATION_ITEM('density measure',
POSITIVE_RATIO_MEASURE(7850.),#10607);
#10618=MEASURE_REPRESENTATION_ITEM('density measure',
POSITIVE_RATIO_MEASURE(7850.),#10608);
#10619=MEASURE_REPRESENTATION_ITEM('density measure',
POSITIVE_RATIO_MEASURE(7850.),#10609);
#10620=MEASURE_REPRESENTATION_ITEM('density measure',
POSITIVE_RATIO_MEASURE(7850.),#10610);
#10621=MEASURE_REPRESENTATION_ITEM('density measure',
POSITIVE_RATIO_MEASURE(7850.),#10611);
#10622=MEASURE_REPRESENTATION_ITEM('density measure',
POSITIVE_RATIO_MEASURE(7850.),#10612);
#10623=MEASURE_REPRESENTATION_ITEM('density measure',
POSITIVE_RATIO_MEASURE(7850.),#10613);
#10624=MEASURE_REPRESENTATION_ITEM('density measure',
POSITIVE_RATIO_MEASURE(7850.),#10614);
#10625=MEASURE_REPRESENTATION_ITEM('density measure',
POSITIVE_RATIO_MEASURE(7850.),#10615);
#10626=MEASURE_REPRESENTATION_ITEM('density measure',
POSITIVE_RATIO_MEASURE(7850.),#10616);
#10627=PROPERTY_DEFINITION_REPRESENTATION(#10677,#10647);
#10628=PROPERTY_DEFINITION_REPRESENTATION(#10678,#10648);
#10629=PROPERTY_DEFINITION_REPRESENTATION(#10679,#10649);
#10630=PROPERTY_DEFINITION_REPRESENTATION(#10680,#10650);
#10631=PROPERTY_DEFINITION_REPRESENTATION(#10681,#10651);
#10632=PROPERTY_DEFINITION_REPRESENTATION(#10682,#10652);
#10633=PROPERTY_DEFINITION_REPRESENTATION(#10683,#10653);
#10634=PROPERTY_DEFINITION_REPRESENTATION(#10684,#10654);
#10635=PROPERTY_DEFINITION_REPRESENTATION(#10685,#10655);
#10636=PROPERTY_DEFINITION_REPRESENTATION(#10686,#10656);
#10637=PROPERTY_DEFINITION_REPRESENTATION(#10687,#10657);
#10638=PROPERTY_DEFINITION_REPRESENTATION(#10688,#10658);
#10639=PROPERTY_DEFINITION_REPRESENTATION(#10689,#10659);
#10640=PROPERTY_DEFINITION_REPRESENTATION(#10690,#10660);
#10641=PROPERTY_DEFINITION_REPRESENTATION(#10691,#10661);
#10642=PROPERTY_DEFINITION_REPRESENTATION(#10692,#10662);
#10643=PROPERTY_DEFINITION_REPRESENTATION(#10693,#10663);
#10644=PROPERTY_DEFINITION_REPRESENTATION(#10694,#10664);
#10645=PROPERTY_DEFINITION_REPRESENTATION(#10695,#10665);
#10646=PROPERTY_DEFINITION_REPRESENTATION(#10696,#10666);
#10647=REPRESENTATION('material name',(#10667),#17395);
#10648=REPRESENTATION('density',(#10617),#17395);
#10649=REPRESENTATION('material name',(#10668),#17397);
#10650=REPRESENTATION('density',(#10618),#17397);
#10651=REPRESENTATION('material name',(#10669),#17399);
#10652=REPRESENTATION('density',(#10619),#17399);
#10653=REPRESENTATION('material name',(#10670),#17402);
#10654=REPRESENTATION('density',(#10620),#17402);
#10655=REPRESENTATION('material name',(#10671),#17403);
#10656=REPRESENTATION('density',(#10621),#17403);
#10657=REPRESENTATION('material name',(#10672),#17404);
#10658=REPRESENTATION('density',(#10622),#17404);
#10659=REPRESENTATION('material name',(#10673),#17405);
#10660=REPRESENTATION('density',(#10623),#17405);
#10661=REPRESENTATION('material name',(#10674),#17406);
#10662=REPRESENTATION('density',(#10624),#17406);
#10663=REPRESENTATION('material name',(#10675),#17407);
#10664=REPRESENTATION('density',(#10625),#17407);
#10665=REPRESENTATION('material name',(#10676),#17409);
#10666=REPRESENTATION('density',(#10626),#17409);
#10667=DESCRIPTIVE_REPRESENTATION_ITEM('Steel','Steel');
#10668=DESCRIPTIVE_REPRESENTATION_ITEM('Steel','Steel');
#10669=DESCRIPTIVE_REPRESENTATION_ITEM('Steel','Steel');
#10670=DESCRIPTIVE_REPRESENTATION_ITEM('Steel','Steel');
#10671=DESCRIPTIVE_REPRESENTATION_ITEM('Steel','Steel');
#10672=DESCRIPTIVE_REPRESENTATION_ITEM('Steel','Steel');
#10673=DESCRIPTIVE_REPRESENTATION_ITEM('Steel','Steel');
#10674=DESCRIPTIVE_REPRESENTATION_ITEM('Steel','Steel');
#10675=DESCRIPTIVE_REPRESENTATION_ITEM('Steel','Steel');
#10676=DESCRIPTIVE_REPRESENTATION_ITEM('Steel','Steel');
#10677=PROPERTY_DEFINITION('material property','material name',#17486);
#10678=PROPERTY_DEFINITION('material property','density of part',#17486);
#10679=PROPERTY_DEFINITION('material property','material name',#17488);
#10680=PROPERTY_DEFINITION('material property','density of part',#17488);
#10681=PROPERTY_DEFINITION('material property','material name',#17490);
#10682=PROPERTY_DEFINITION('material property','density of part',#17490);
#10683=PROPERTY_DEFINITION('material property','material name',#17493);
#10684=PROPERTY_DEFINITION('material property','density of part',#17493);
#10685=PROPERTY_DEFINITION('material property','material name',#17494);
#10686=PROPERTY_DEFINITION('material property','density of part',#17494);
#10687=PROPERTY_DEFINITION('material property','material name',#17495);
#10688=PROPERTY_DEFINITION('material property','density of part',#17495);
#10689=PROPERTY_DEFINITION('material property','material name',#17496);
#10690=PROPERTY_DEFINITION('material property','density of part',#17496);
#10691=PROPERTY_DEFINITION('material property','material name',#17497);
#10692=PROPERTY_DEFINITION('material property','density of part',#17497);
#10693=PROPERTY_DEFINITION('material property','material name',#17498);
#10694=PROPERTY_DEFINITION('material property','density of part',#17498);
#10695=PROPERTY_DEFINITION('material property','material name',#17500);
#10696=PROPERTY_DEFINITION('material property','density of part',#17500);
#10697=AXIS2_PLACEMENT_3D('',#14360,#11515,#11516);
#10698=AXIS2_PLACEMENT_3D('',#14361,#11517,#11518);
#10699=AXIS2_PLACEMENT_3D('',#14362,#11519,#11520);
#10700=AXIS2_PLACEMENT_3D('',#14363,#11521,#11522);
#10701=AXIS2_PLACEMENT_3D('',#14388,#11535,#11536);
#10702=AXIS2_PLACEMENT_3D('',#14438,#11562,#11563);
#10703=AXIS2_PLACEMENT_3D('',#14442,#11566,#11567);
#10704=AXIS2_PLACEMENT_3D('',#14446,#11570,#11571);
#10705=AXIS2_PLACEMENT_3D('',#14450,#11574,#11575);
#10706=AXIS2_PLACEMENT_3D('',#14454,#11578,#11579);
#10707=AXIS2_PLACEMENT_3D('',#14491,#11599,#11600);
#10708=AXIS2_PLACEMENT_3D('',#14503,#11607,#11608);
#10709=AXIS2_PLACEMENT_3D('',#14507,#11611,#11612);
#10710=AXIS2_PLACEMENT_3D('',#14511,#11615,#11616);
#10711=AXIS2_PLACEMENT_3D('',#14515,#11619,#11620);
#10712=AXIS2_PLACEMENT_3D('',#14519,#11623,#11624);
#10713=AXIS2_PLACEMENT_3D('',#14546,#11641,#11642);
#10714=AXIS2_PLACEMENT_3D('',#14561,#11651,#11652);
#10715=AXIS2_PLACEMENT_3D('',#14565,#11655,#11656);
#10716=AXIS2_PLACEMENT_3D('',#14571,#11660,#11661);
#10717=AXIS2_PLACEMENT_3D('',#14575,#11664,#11665);
#10718=AXIS2_PLACEMENT_3D('',#14581,#11669,#11670);
#10719=AXIS2_PLACEMENT_3D('',#14585,#11673,#11674);
#10720=AXIS2_PLACEMENT_3D('',#14593,#11679,#11680);
#10721=AXIS2_PLACEMENT_3D('',#14597,#11683,#11684);
#10722=AXIS2_PLACEMENT_3D('',#14603,#11688,#11689);
#10723=AXIS2_PLACEMENT_3D('',#14611,#11694,#11695);
#10724=AXIS2_PLACEMENT_3D('',#14615,#11698,#11699);
#10725=AXIS2_PLACEMENT_3D('',#14621,#11703,#11704);
#10726=AXIS2_PLACEMENT_3D('',#14629,#11709,#11710);
#10727=AXIS2_PLACEMENT_3D('',#14633,#11713,#11714);
#10728=AXIS2_PLACEMENT_3D('',#14639,#11718,#11719);
#10729=AXIS2_PLACEMENT_3D('',#14647,#11724,#11725);
#10730=AXIS2_PLACEMENT_3D('',#14651,#11728,#11729);
#10731=AXIS2_PLACEMENT_3D('',#14657,#11733,#11734);
#10732=AXIS2_PLACEMENT_3D('',#14661,#11737,#11738);
#10733=AXIS2_PLACEMENT_3D('',#14663,#11740,#11741);
#10734=AXIS2_PLACEMENT_3D('',#14667,#11744,#11745);
#10735=AXIS2_PLACEMENT_3D('',#14671,#11748,#11749);
#10736=AXIS2_PLACEMENT_3D('',#14682,#11756,#11757);
#10737=AXIS2_PLACEMENT_3D('',#14686,#11760,#11761);
#10738=AXIS2_PLACEMENT_3D('',#14690,#11764,#11765);
#10739=AXIS2_PLACEMENT_3D('',#14692,#11767,#11768);
#10740=AXIS2_PLACEMENT_3D('',#14696,#11771,#11772);
#10741=AXIS2_PLACEMENT_3D('',#14705,#11778,#11779);
#10742=AXIS2_PLACEMENT_3D('',#14709,#11782,#11783);
#10743=AXIS2_PLACEMENT_3D('',#14713,#11786,#11787);
#10744=AXIS2_PLACEMENT_3D('',#14715,#11789,#11790);
#10745=AXIS2_PLACEMENT_3D('',#14717,#11792,#11793);
#10746=AXIS2_PLACEMENT_3D('',#14725,#11798,#11799);
#10747=AXIS2_PLACEMENT_3D('',#14727,#11801,#11802);
#10748=AXIS2_PLACEMENT_3D('',#14728,#11803,#11804);
#10749=AXIS2_PLACEMENT_3D('',#14730,#11806,#11807);
#10750=AXIS2_PLACEMENT_3D('',#14732,#11809,#11810);
#10751=AXIS2_PLACEMENT_3D('',#14734,#11812,#11813);
#10752=AXIS2_PLACEMENT_3D('',#14736,#11815,#11816);
#10753=AXIS2_PLACEMENT_3D('',#14738,#11818,#11819);
#10754=AXIS2_PLACEMENT_3D('',#14742,#11822,#11823);
#10755=AXIS2_PLACEMENT_3D('',#14744,#11825,#11826);
#10756=AXIS2_PLACEMENT_3D('',#14746,#11828,#11829);
#10757=AXIS2_PLACEMENT_3D('',#14747,#11830,#11831);
#10758=AXIS2_PLACEMENT_3D('',#14749,#11833,#11834);
#10759=AXIS2_PLACEMENT_3D('',#14750,#11835,#11836);
#10760=AXIS2_PLACEMENT_3D('',#14751,#11837,#11838);
#10761=AXIS2_PLACEMENT_3D('',#14753,#11840,#11841);
#10762=AXIS2_PLACEMENT_3D('',#14754,#11842,#11843);
#10763=AXIS2_PLACEMENT_3D('',#14756,#11845,#11846);
#10764=AXIS2_PLACEMENT_3D('',#14757,#11847,#11848);
#10765=AXIS2_PLACEMENT_3D('',#14759,#11850,#11851);
#10766=AXIS2_PLACEMENT_3D('',#14760,#11852,#11853);
#10767=AXIS2_PLACEMENT_3D('',#14762,#11855,#11856);
#10768=AXIS2_PLACEMENT_3D('',#14763,#11857,#11858);
#10769=AXIS2_PLACEMENT_3D('',#14764,#11859,#11860);
#10770=AXIS2_PLACEMENT_3D('',#14797,#11877,#11878);
#10771=AXIS2_PLACEMENT_3D('',#14798,#11879,#11880);
#10772=AXIS2_PLACEMENT_3D('',#14804,#11884,#11885);
#10773=AXIS2_PLACEMENT_3D('',#14808,#11888,#11889);
#10774=AXIS2_PLACEMENT_3D('',#14812,#11892,#11893);
#10775=AXIS2_PLACEMENT_3D('',#14814,#11895,#11896);
#10776=AXIS2_PLACEMENT_3D('',#14820,#11900,#11901);
#10777=AXIS2_PLACEMENT_3D('',#14824,#11904,#11905);
#10778=AXIS2_PLACEMENT_3D('',#14828,#11908,#11909);
#10779=AXIS2_PLACEMENT_3D('',#14830,#11911,#11912);
#10780=AXIS2_PLACEMENT_3D('',#14836,#11916,#11917);
#10781=AXIS2_PLACEMENT_3D('',#14840,#11920,#11921);
#10782=AXIS2_PLACEMENT_3D('',#14844,#11924,#11925);
#10783=AXIS2_PLACEMENT_3D('',#14846,#11927,#11928);
#10784=AXIS2_PLACEMENT_3D('',#14852,#11932,#11933);
#10785=AXIS2_PLACEMENT_3D('',#14856,#11936,#11937);
#10786=AXIS2_PLACEMENT_3D('',#14860,#11940,#11941);
#10787=AXIS2_PLACEMENT_3D('',#14862,#11943,#11944);
#10788=AXIS2_PLACEMENT_3D('',#14863,#11945,#11946);
#10789=AXIS2_PLACEMENT_3D('',#14864,#11947,#11948);
#10790=AXIS2_PLACEMENT_3D('',#14865,#11949,#11950);
#10791=AXIS2_PLACEMENT_3D('',#14866,#11951,#11952);
#10792=AXIS2_PLACEMENT_3D('',#14867,#11953,#11954);
#10793=AXIS2_PLACEMENT_3D('',#14868,#11955,#11956);
#10794=AXIS2_PLACEMENT_3D('',#14869,#11957,#11958);
#10795=AXIS2_PLACEMENT_3D('',#14874,#11960,#11961);
#10796=AXIS2_PLACEMENT_3D('',#14878,#11963,#11964);
#10797=AXIS2_PLACEMENT_3D('',#14882,#11966,#11967);
#10798=AXIS2_PLACEMENT_3D('',#14885,#11969,#11970);
#10799=AXIS2_PLACEMENT_3D('',#14886,#11971,#11972);
#10800=AXIS2_PLACEMENT_3D('',#14892,#11976,#11977);
#10801=AXIS2_PLACEMENT_3D('',#14895,#11979,#11980);
#10802=AXIS2_PLACEMENT_3D('',#14896,#11981,#11982);
#10803=AXIS2_PLACEMENT_3D('',#14898,#11983,#11984);
#10804=AXIS2_PLACEMENT_3D('',#14900,#11986,#11987);
#10805=AXIS2_PLACEMENT_3D('',#14904,#11990,#11991);
#10806=AXIS2_PLACEMENT_3D('',#14908,#11994,#11995);
#10807=AXIS2_PLACEMENT_3D('',#14911,#11997,#11998);
#10808=AXIS2_PLACEMENT_3D('',#14912,#11999,#12000);
#10809=AXIS2_PLACEMENT_3D('',#14914,#12001,#12002);
#10810=AXIS2_PLACEMENT_3D('',#14916,#12004,#12005);
#10811=AXIS2_PLACEMENT_3D('',#14918,#12007,#12008);
#10812=AXIS2_PLACEMENT_3D('',#14921,#12009,#12010);
#10813=AXIS2_PLACEMENT_3D('',#14925,#12012,#12013);
#10814=AXIS2_PLACEMENT_3D('',#14929,#12015,#12016);
#10815=AXIS2_PLACEMENT_3D('',#14933,#12018,#12019);
#10816=AXIS2_PLACEMENT_3D('',#14935,#12021,#12022);
#10817=AXIS2_PLACEMENT_3D('',#14939,#12024,#12025);
#10818=AXIS2_PLACEMENT_3D('',#14941,#12027,#12028);
#10819=AXIS2_PLACEMENT_3D('',#14945,#12031,#12032);
#10820=AXIS2_PLACEMENT_3D('',#14948,#12034,#12035);
#10821=AXIS2_PLACEMENT_3D('',#14949,#12036,#12037);
#10822=AXIS2_PLACEMENT_3D('',#14953,#12040,#12041);
#10823=AXIS2_PLACEMENT_3D('',#14956,#12043,#12044);
#10824=AXIS2_PLACEMENT_3D('',#14957,#12045,#12046);
#10825=AXIS2_PLACEMENT_3D('',#14961,#12049,#12050);
#10826=AXIS2_PLACEMENT_3D('',#14964,#12052,#12053);
#10827=AXIS2_PLACEMENT_3D('',#14965,#12054,#12055);
#10828=AXIS2_PLACEMENT_3D('',#14967,#12057,#12058);
#10829=AXIS2_PLACEMENT_3D('',#14972,#12060,#12061);
#10830=AXIS2_PLACEMENT_3D('',#14976,#12063,#12064);
#10831=AXIS2_PLACEMENT_3D('',#14980,#12066,#12067);
#10832=AXIS2_PLACEMENT_3D('',#14983,#12069,#12070);
#10833=AXIS2_PLACEMENT_3D('',#14984,#12071,#12072);
#10834=AXIS2_PLACEMENT_3D('',#14990,#12076,#12077);
#10835=AXIS2_PLACEMENT_3D('',#14993,#12079,#12080);
#10836=AXIS2_PLACEMENT_3D('',#14994,#12081,#12082);
#10837=AXIS2_PLACEMENT_3D('',#14996,#12083,#12084);
#10838=AXIS2_PLACEMENT_3D('',#14998,#12086,#12087);
#10839=AXIS2_PLACEMENT_3D('',#15002,#12090,#12091);
#10840=AXIS2_PLACEMENT_3D('',#15006,#12094,#12095);
#10841=AXIS2_PLACEMENT_3D('',#15009,#12097,#12098);
#10842=AXIS2_PLACEMENT_3D('',#15010,#12099,#12100);
#10843=AXIS2_PLACEMENT_3D('',#15012,#12101,#12102);
#10844=AXIS2_PLACEMENT_3D('',#15014,#12104,#12105);
#10845=AXIS2_PLACEMENT_3D('',#15016,#12107,#12108);
#10846=AXIS2_PLACEMENT_3D('',#15017,#12109,#12110);
#10847=AXIS2_PLACEMENT_3D('',#15018,#12111,#12112);
#10848=AXIS2_PLACEMENT_3D('',#15019,#12113,#12114);
#10849=AXIS2_PLACEMENT_3D('',#15020,#12115,#12116);
#10850=AXIS2_PLACEMENT_3D('',#15029,#12121,#12122);
#10851=AXIS2_PLACEMENT_3D('',#15043,#12130,#12131);
#10852=AXIS2_PLACEMENT_3D('',#15047,#12134,#12135);
#10853=AXIS2_PLACEMENT_3D('',#15053,#12139,#12140);
#10854=AXIS2_PLACEMENT_3D('',#15057,#12143,#12144);
#10855=AXIS2_PLACEMENT_3D('',#15073,#12153,#12154);
#10856=AXIS2_PLACEMENT_3D('',#15089,#12163,#12164);
#10857=AXIS2_PLACEMENT_3D('',#15093,#12167,#12168);
#10858=AXIS2_PLACEMENT_3D('',#15097,#12171,#12172);
#10859=AXIS2_PLACEMENT_3D('',#15099,#12174,#12175);
#10860=AXIS2_PLACEMENT_3D('',#15103,#12178,#12179);
#10861=AXIS2_PLACEMENT_3D('',#15123,#12190,#12191);
#10862=AXIS2_PLACEMENT_3D('',#15125,#12193,#12194);
#10863=AXIS2_PLACEMENT_3D('',#15131,#12198,#12199);
#10864=AXIS2_PLACEMENT_3D('',#15137,#12203,#12204);
#10865=AXIS2_PLACEMENT_3D('',#15143,#12208,#12209);
#10866=AXIS2_PLACEMENT_3D('',#15149,#12213,#12214);
#10867=AXIS2_PLACEMENT_3D('',#15155,#12218,#12219);
#10868=AXIS2_PLACEMENT_3D('',#15161,#12223,#12224);
#10869=AXIS2_PLACEMENT_3D('',#15163,#12226,#12227);
#10870=AXIS2_PLACEMENT_3D('',#15165,#12229,#12230);
#10871=AXIS2_PLACEMENT_3D('',#15171,#12234,#12235);
#10872=AXIS2_PLACEMENT_3D('',#15177,#12239,#12240);
#10873=AXIS2_PLACEMENT_3D('',#15183,#12244,#12245);
#10874=AXIS2_PLACEMENT_3D('',#15189,#12249,#12250);
#10875=AXIS2_PLACEMENT_3D('',#15195,#12254,#12255);
#10876=AXIS2_PLACEMENT_3D('',#15201,#12259,#12260);
#10877=AXIS2_PLACEMENT_3D('',#15205,#12263,#12264);
#10878=AXIS2_PLACEMENT_3D('',#15209,#12267,#12268);
#10879=AXIS2_PLACEMENT_3D('',#15211,#12270,#12271);
#10880=AXIS2_PLACEMENT_3D('',#15220,#12277,#12278);
#10881=AXIS2_PLACEMENT_3D('',#15236,#12287,#12288);
#10882=AXIS2_PLACEMENT_3D('',#15240,#12291,#12292);
#10883=AXIS2_PLACEMENT_3D('',#15244,#12295,#12296);
#10884=AXIS2_PLACEMENT_3D('',#15248,#12299,#12300);
#10885=AXIS2_PLACEMENT_3D('',#15264,#12309,#12310);
#10886=AXIS2_PLACEMENT_3D('',#15271,#12315,#12316);
#10887=AXIS2_PLACEMENT_3D('',#15279,#12322,#12323);
#10888=AXIS2_PLACEMENT_3D('',#15283,#12325,#12326);
#10889=AXIS2_PLACEMENT_3D('',#15287,#12328,#12329);
#10890=AXIS2_PLACEMENT_3D('',#15295,#12333,#12334);
#10891=AXIS2_PLACEMENT_3D('',#15298,#12336,#12337);
#10892=AXIS2_PLACEMENT_3D('',#15299,#12338,#12339);
#10893=AXIS2_PLACEMENT_3D('',#15302,#12341,#12342);
#10894=AXIS2_PLACEMENT_3D('',#15303,#12343,#12344);
#10895=AXIS2_PLACEMENT_3D('',#15307,#12346,#12347);
#10896=AXIS2_PLACEMENT_3D('',#15315,#12351,#12352);
#10897=AXIS2_PLACEMENT_3D('',#15319,#12354,#12355);
#10898=AXIS2_PLACEMENT_3D('',#15321,#12357,#12358);
#10899=AXIS2_PLACEMENT_3D('',#15324,#12361,#12362);
#10900=AXIS2_PLACEMENT_3D('',#15328,#12364,#12365);
#10901=AXIS2_PLACEMENT_3D('',#15332,#12367,#12368);
#10902=AXIS2_PLACEMENT_3D('',#15340,#12372,#12373);
#10903=AXIS2_PLACEMENT_3D('',#15343,#12375,#12376);
#10904=AXIS2_PLACEMENT_3D('',#15344,#12377,#12378);
#10905=AXIS2_PLACEMENT_3D('',#15347,#12380,#12381);
#10906=AXIS2_PLACEMENT_3D('',#15348,#12382,#12383);
#10907=AXIS2_PLACEMENT_3D('',#15352,#12385,#12386);
#10908=AXIS2_PLACEMENT_3D('',#15360,#12390,#12391);
#10909=AXIS2_PLACEMENT_3D('',#15364,#12393,#12394);
#10910=AXIS2_PLACEMENT_3D('',#15366,#12396,#12397);
#10911=AXIS2_PLACEMENT_3D('',#15368,#12399,#12400);
#10912=AXIS2_PLACEMENT_3D('',#15370,#12401,#12402);
#10913=AXIS2_PLACEMENT_3D('',#15374,#12404,#12405);
#10914=AXIS2_PLACEMENT_3D('',#15382,#12409,#12410);
#10915=AXIS2_PLACEMENT_3D('',#15385,#12412,#12413);
#10916=AXIS2_PLACEMENT_3D('',#15386,#12414,#12415);
#10917=AXIS2_PLACEMENT_3D('',#15389,#12417,#12418);
#10918=AXIS2_PLACEMENT_3D('',#15390,#12419,#12420);
#10919=AXIS2_PLACEMENT_3D('',#15394,#12422,#12423);
#10920=AXIS2_PLACEMENT_3D('',#15402,#12427,#12428);
#10921=AXIS2_PLACEMENT_3D('',#15405,#12430,#12431);
#10922=AXIS2_PLACEMENT_3D('',#15406,#12432,#12433);
#10923=AXIS2_PLACEMENT_3D('',#15408,#12434,#12435);
#10924=AXIS2_PLACEMENT_3D('',#15412,#12437,#12438);
#10925=AXIS2_PLACEMENT_3D('',#15420,#12442,#12443);
#10926=AXIS2_PLACEMENT_3D('',#15423,#12445,#12446);
#10927=AXIS2_PLACEMENT_3D('',#15424,#12447,#12448);
#10928=AXIS2_PLACEMENT_3D('',#15427,#12450,#12451);
#10929=AXIS2_PLACEMENT_3D('',#15428,#12452,#12453);
#10930=AXIS2_PLACEMENT_3D('',#15432,#12455,#12456);
#10931=AXIS2_PLACEMENT_3D('',#15440,#12460,#12461);
#10932=AXIS2_PLACEMENT_3D('',#15443,#12463,#12464);
#10933=AXIS2_PLACEMENT_3D('',#15444,#12465,#12466);
#10934=AXIS2_PLACEMENT_3D('',#15446,#12468,#12469);
#10935=AXIS2_PLACEMENT_3D('',#15450,#12471,#12472);
#10936=AXIS2_PLACEMENT_3D('',#15454,#12474,#12475);
#10937=AXIS2_PLACEMENT_3D('',#15462,#12479,#12480);
#10938=AXIS2_PLACEMENT_3D('',#15465,#12482,#12483);
#10939=AXIS2_PLACEMENT_3D('',#15466,#12484,#12485);
#10940=AXIS2_PLACEMENT_3D('',#15469,#12487,#12488);
#10941=AXIS2_PLACEMENT_3D('',#15470,#12489,#12490);
#10942=AXIS2_PLACEMENT_3D('',#15474,#12492,#12493);
#10943=AXIS2_PLACEMENT_3D('',#15482,#12497,#12498);
#10944=AXIS2_PLACEMENT_3D('',#15486,#12500,#12501);
#10945=AXIS2_PLACEMENT_3D('',#15488,#12503,#12504);
#10946=AXIS2_PLACEMENT_3D('',#15491,#12507,#12508);
#10947=AXIS2_PLACEMENT_3D('',#15495,#12510,#12511);
#10948=AXIS2_PLACEMENT_3D('',#15499,#12513,#12514);
#10949=AXIS2_PLACEMENT_3D('',#15507,#12518,#12519);
#10950=AXIS2_PLACEMENT_3D('',#15510,#12521,#12522);
#10951=AXIS2_PLACEMENT_3D('',#15511,#12523,#12524);
#10952=AXIS2_PLACEMENT_3D('',#15514,#12526,#12527);
#10953=AXIS2_PLACEMENT_3D('',#15515,#12528,#12529);
#10954=AXIS2_PLACEMENT_3D('',#15519,#12531,#12532);
#10955=AXIS2_PLACEMENT_3D('',#15527,#12536,#12537);
#10956=AXIS2_PLACEMENT_3D('',#15531,#12539,#12540);
#10957=AXIS2_PLACEMENT_3D('',#15533,#12542,#12543);
#10958=AXIS2_PLACEMENT_3D('',#15535,#12545,#12546);
#10959=AXIS2_PLACEMENT_3D('',#15537,#12548,#12549);
#10960=AXIS2_PLACEMENT_3D('',#15539,#12551,#12552);
#10961=AXIS2_PLACEMENT_3D('',#15546,#12556,#12557);
#10962=AXIS2_PLACEMENT_3D('',#15547,#12558,#12559);
#10963=AXIS2_PLACEMENT_3D('',#15549,#12561,#12562);
#10964=AXIS2_PLACEMENT_3D('',#15551,#12564,#12565);
#10965=AXIS2_PLACEMENT_3D('',#15553,#12567,#12568);
#10966=AXIS2_PLACEMENT_3D('',#15555,#12570,#12571);
#10967=AXIS2_PLACEMENT_3D('',#15557,#12573,#12574);
#10968=AXIS2_PLACEMENT_3D('',#15558,#12575,#12576);
#10969=AXIS2_PLACEMENT_3D('',#15560,#12578,#12579);
#10970=AXIS2_PLACEMENT_3D('',#15562,#12581,#12582);
#10971=AXIS2_PLACEMENT_3D('',#15564,#12584,#12585);
#10972=AXIS2_PLACEMENT_3D('',#15566,#12587,#12588);
#10973=AXIS2_PLACEMENT_3D('',#15568,#12590,#12591);
#10974=AXIS2_PLACEMENT_3D('',#15570,#12593,#12594);
#10975=AXIS2_PLACEMENT_3D('',#15572,#12596,#12597);
#10976=AXIS2_PLACEMENT_3D('',#15573,#12598,#12599);
#10977=AXIS2_PLACEMENT_3D('',#15575,#12601,#12602);
#10978=AXIS2_PLACEMENT_3D('',#15577,#12604,#12605);
#10979=AXIS2_PLACEMENT_3D('',#15579,#12607,#12608);
#10980=AXIS2_PLACEMENT_3D('',#15581,#12610,#12611);
#10981=AXIS2_PLACEMENT_3D('',#15583,#12613,#12614);
#10982=AXIS2_PLACEMENT_3D('',#15585,#12616,#12617);
#10983=AXIS2_PLACEMENT_3D('',#15587,#12619,#12620);
#10984=AXIS2_PLACEMENT_3D('',#15588,#12621,#12622);
#10985=AXIS2_PLACEMENT_3D('',#15590,#12624,#12625);
#10986=AXIS2_PLACEMENT_3D('',#15592,#12627,#12628);
#10987=AXIS2_PLACEMENT_3D('',#15594,#12630,#12631);
#10988=AXIS2_PLACEMENT_3D('',#15596,#12633,#12634);
#10989=AXIS2_PLACEMENT_3D('',#15598,#12636,#12637);
#10990=AXIS2_PLACEMENT_3D('',#15600,#12639,#12640);
#10991=AXIS2_PLACEMENT_3D('',#15601,#12641,#12642);
#10992=AXIS2_PLACEMENT_3D('',#15603,#12644,#12645);
#10993=AXIS2_PLACEMENT_3D('',#15605,#12647,#12648);
#10994=AXIS2_PLACEMENT_3D('',#15607,#12650,#12651);
#10995=AXIS2_PLACEMENT_3D('',#15609,#12653,#12654);
#10996=AXIS2_PLACEMENT_3D('',#15611,#12656,#12657);
#10997=AXIS2_PLACEMENT_3D('',#15613,#12659,#12660);
#10998=AXIS2_PLACEMENT_3D('',#15614,#12661,#12662);
#10999=AXIS2_PLACEMENT_3D('',#15616,#12664,#12665);
#11000=AXIS2_PLACEMENT_3D('',#15618,#12667,#12668);
#11001=AXIS2_PLACEMENT_3D('',#15620,#12670,#12671);
#11002=AXIS2_PLACEMENT_3D('',#15622,#12673,#12674);
#11003=AXIS2_PLACEMENT_3D('',#15624,#12676,#12677);
#11004=AXIS2_PLACEMENT_3D('',#15626,#12679,#12680);
#11005=AXIS2_PLACEMENT_3D('',#15628,#12682,#12683);
#11006=AXIS2_PLACEMENT_3D('',#15629,#12684,#12685);
#11007=AXIS2_PLACEMENT_3D('',#15631,#12687,#12688);
#11008=AXIS2_PLACEMENT_3D('',#15633,#12690,#12691);
#11009=AXIS2_PLACEMENT_3D('',#15635,#12693,#12694);
#11010=AXIS2_PLACEMENT_3D('',#15637,#12696,#12697);
#11011=AXIS2_PLACEMENT_3D('',#15639,#12699,#12700);
#11012=AXIS2_PLACEMENT_3D('',#15641,#12702,#12703);
#11013=AXIS2_PLACEMENT_3D('',#15643,#12705,#12706);
#11014=AXIS2_PLACEMENT_3D('',#15644,#12707,#12708);
#11015=AXIS2_PLACEMENT_3D('',#15645,#12709,#12710);
#11016=AXIS2_PLACEMENT_3D('',#15646,#12711,#12712);
#11017=AXIS2_PLACEMENT_3D('',#15647,#12713,#12714);
#11018=AXIS2_PLACEMENT_3D('',#15648,#12715,#12716);
#11019=AXIS2_PLACEMENT_3D('',#15649,#12717,#12718);
#11020=AXIS2_PLACEMENT_3D('',#15662,#12725,#12726);
#11021=AXIS2_PLACEMENT_3D('',#15672,#12732,#12733);
#11022=AXIS2_PLACEMENT_3D('',#15674,#12734,#12735);
#11023=AXIS2_PLACEMENT_3D('',#15677,#12737,#12738);
#11024=AXIS2_PLACEMENT_3D('',#15678,#12739,#12740);
#11025=AXIS2_PLACEMENT_3D('',#15682,#12743,#12744);
#11026=AXIS2_PLACEMENT_3D('',#15689,#12748,#12749);
#11027=AXIS2_PLACEMENT_3D('',#15690,#12750,#12751);
#11028=AXIS2_PLACEMENT_3D('',#15699,#12757,#12758);
#11029=AXIS2_PLACEMENT_3D('',#15700,#12759,#12760);
#11030=AXIS2_PLACEMENT_3D('',#15702,#12761,#12762);
#11031=AXIS2_PLACEMENT_3D('',#15704,#12764,#12765);
#11032=AXIS2_PLACEMENT_3D('',#15707,#12768,#12769);
#11033=AXIS2_PLACEMENT_3D('',#15713,#12772,#12773);
#11034=AXIS2_PLACEMENT_3D('',#15719,#12776,#12777);
#11035=AXIS2_PLACEMENT_3D('',#15723,#12779,#12780);
#11036=AXIS2_PLACEMENT_3D('',#15728,#12783,#12784);
#11037=AXIS2_PLACEMENT_3D('',#15729,#12785,#12786);
#11038=AXIS2_PLACEMENT_3D('',#15731,#12788,#12789);
#11039=AXIS2_PLACEMENT_3D('',#15736,#12792,#12793);
#11040=AXIS2_PLACEMENT_3D('',#15737,#12794,#12795);
#11041=AXIS2_PLACEMENT_3D('',#15741,#12798,#12799);
#11042=AXIS2_PLACEMENT_3D('',#15742,#12800,#12801);
#11043=AXIS2_PLACEMENT_3D('',#15743,#12802,#12803);
#11044=AXIS2_PLACEMENT_3D('',#15747,#12805,#12806);
#11045=AXIS2_PLACEMENT_3D('',#15753,#12809,#12810);
#11046=AXIS2_PLACEMENT_3D('',#15757,#12812,#12813);
#11047=AXIS2_PLACEMENT_3D('',#15762,#12816,#12817);
#11048=AXIS2_PLACEMENT_3D('',#15763,#12818,#12819);
#11049=AXIS2_PLACEMENT_3D('',#15764,#12820,#12821);
#11050=AXIS2_PLACEMENT_3D('',#15766,#12823,#12824);
#11051=AXIS2_PLACEMENT_3D('',#15768,#12826,#12827);
#11052=AXIS2_PLACEMENT_3D('',#15770,#12829,#12830);
#11053=AXIS2_PLACEMENT_3D('',#15772,#12832,#12833);
#11054=AXIS2_PLACEMENT_3D('',#15774,#12835,#12836);
#11055=AXIS2_PLACEMENT_3D('',#15777,#12838,#12839);
#11056=AXIS2_PLACEMENT_3D('',#15778,#12840,#12841);
#11057=AXIS2_PLACEMENT_3D('',#15780,#12843,#12844);
#11058=AXIS2_PLACEMENT_3D('',#15782,#12846,#12847);
#11059=AXIS2_PLACEMENT_3D('',#15784,#12849,#12850);
#11060=AXIS2_PLACEMENT_3D('',#15785,#12851,#12852);
#11061=AXIS2_PLACEMENT_3D('',#15787,#12853,#12854);
#11062=AXIS2_PLACEMENT_3D('',#15789,#12856,#12857);
#11063=AXIS2_PLACEMENT_3D('',#15792,#12859,#12860);
#11064=AXIS2_PLACEMENT_3D('',#15793,#12861,#12862);
#11065=AXIS2_PLACEMENT_3D('',#15794,#12863,#12864);
#11066=AXIS2_PLACEMENT_3D('',#15795,#12865,#12866);
#11067=AXIS2_PLACEMENT_3D('',#15796,#12867,#12868);
#11068=AXIS2_PLACEMENT_3D('',#15805,#12873,#12874);
#11069=AXIS2_PLACEMENT_3D('',#15811,#12878,#12879);
#11070=AXIS2_PLACEMENT_3D('',#15817,#12883,#12884);
#11071=AXIS2_PLACEMENT_3D('',#15820,#12887,#12888);
#11072=AXIS2_PLACEMENT_3D('',#15821,#12889,#12890);
#11073=AXIS2_PLACEMENT_3D('',#15822,#12891,#12892);
#11074=AXIS2_PLACEMENT_3D('',#15823,#12893,#12894);
#11075=AXIS2_PLACEMENT_3D('',#15832,#12899,#12900);
#11076=AXIS2_PLACEMENT_3D('',#15838,#12904,#12905);
#11077=AXIS2_PLACEMENT_3D('',#15844,#12909,#12910);
#11078=AXIS2_PLACEMENT_3D('',#15850,#12914,#12915);
#11079=AXIS2_PLACEMENT_3D('',#15853,#12918,#12919);
#11080=AXIS2_PLACEMENT_3D('',#15854,#12920,#12921);
#11081=AXIS2_PLACEMENT_3D('',#15855,#12922,#12923);
#11082=AXIS2_PLACEMENT_3D('',#15856,#12924,#12925);
#11083=AXIS2_PLACEMENT_3D('',#15865,#12930,#12931);
#11084=AXIS2_PLACEMENT_3D('',#15871,#12935,#12936);
#11085=AXIS2_PLACEMENT_3D('',#15877,#12940,#12941);
#11086=AXIS2_PLACEMENT_3D('',#15880,#12944,#12945);
#11087=AXIS2_PLACEMENT_3D('',#15881,#12946,#12947);
#11088=AXIS2_PLACEMENT_3D('',#15882,#12948,#12949);
#11089=AXIS2_PLACEMENT_3D('',#15883,#12950,#12951);
#11090=AXIS2_PLACEMENT_3D('',#15892,#12956,#12957);
#11091=AXIS2_PLACEMENT_3D('',#15898,#12961,#12962);
#11092=AXIS2_PLACEMENT_3D('',#15904,#12966,#12967);
#11093=AXIS2_PLACEMENT_3D('',#15907,#12970,#12971);
#11094=AXIS2_PLACEMENT_3D('',#15908,#12972,#12973);
#11095=AXIS2_PLACEMENT_3D('',#15909,#12974,#12975);
#11096=AXIS2_PLACEMENT_3D('',#15910,#12976,#12977);
#11097=AXIS2_PLACEMENT_3D('',#15911,#12978,#12979);
#11098=AXIS2_PLACEMENT_3D('',#15912,#12980,#12981);
#11099=AXIS2_PLACEMENT_3D('',#15913,#12982,#12983);
#11100=AXIS2_PLACEMENT_3D('',#15914,#12984,#12985);
#11101=AXIS2_PLACEMENT_3D('',#15915,#12986,#12987);
#11102=AXIS2_PLACEMENT_3D('',#15916,#12988,#12989);
#11103=AXIS2_PLACEMENT_3D('',#15925,#12994,#12995);
#11104=AXIS2_PLACEMENT_3D('',#15931,#12999,#13000);
#11105=AXIS2_PLACEMENT_3D('',#15933,#13001,#13002);
#11106=AXIS2_PLACEMENT_3D('',#15936,#13004,#13005);
#11107=AXIS2_PLACEMENT_3D('',#15937,#13006,#13007);
#11108=AXIS2_PLACEMENT_3D('',#15965,#13021,#13022);
#11109=AXIS2_PLACEMENT_3D('',#15973,#13026,#13027);
#11110=AXIS2_PLACEMENT_3D('',#15975,#13028,#13029);
#11111=AXIS2_PLACEMENT_3D('',#15981,#13032,#13033);
#11112=AXIS2_PLACEMENT_3D('',#15983,#13034,#13035);
#11113=AXIS2_PLACEMENT_3D('',#15985,#13036,#13037);
#11114=AXIS2_PLACEMENT_3D('',#15991,#13040,#13041);
#11115=AXIS2_PLACEMENT_3D('',#15993,#13042,#13043);
#11116=AXIS2_PLACEMENT_3D('',#15995,#13044,#13045);
#11117=AXIS2_PLACEMENT_3D('',#16001,#13048,#13049);
#11118=AXIS2_PLACEMENT_3D('',#16003,#13050,#13051);
#11119=AXIS2_PLACEMENT_3D('',#16005,#13052,#13053);
#11120=AXIS2_PLACEMENT_3D('',#16010,#13056,#13057);
#11121=AXIS2_PLACEMENT_3D('',#16012,#13058,#13059);
#11122=AXIS2_PLACEMENT_3D('',#16014,#13060,#13061);
#11123=AXIS2_PLACEMENT_3D('',#16015,#13062,#13063);
#11124=AXIS2_PLACEMENT_3D('',#16023,#13067,#13068);
#11125=AXIS2_PLACEMENT_3D('',#16051,#13082,#13083);
#11126=AXIS2_PLACEMENT_3D('',#16053,#13084,#13085);
#11127=AXIS2_PLACEMENT_3D('',#16059,#13088,#13089);
#11128=AXIS2_PLACEMENT_3D('',#16061,#13090,#13091);
#11129=AXIS2_PLACEMENT_3D('',#16063,#13092,#13093);
#11130=AXIS2_PLACEMENT_3D('',#16069,#13096,#13097);
#11131=AXIS2_PLACEMENT_3D('',#16071,#13098,#13099);
#11132=AXIS2_PLACEMENT_3D('',#16073,#13100,#13101);
#11133=AXIS2_PLACEMENT_3D('',#16079,#13104,#13105);
#11134=AXIS2_PLACEMENT_3D('',#16081,#13106,#13107);
#11135=AXIS2_PLACEMENT_3D('',#16083,#13108,#13109);
#11136=AXIS2_PLACEMENT_3D('',#16088,#13112,#13113);
#11137=AXIS2_PLACEMENT_3D('',#16090,#13114,#13115);
#11138=AXIS2_PLACEMENT_3D('',#16092,#13116,#13117);
#11139=AXIS2_PLACEMENT_3D('',#16093,#13118,#13119);
#11140=AXIS2_PLACEMENT_3D('',#16095,#13121,#13122);
#11141=AXIS2_PLACEMENT_3D('',#16097,#13124,#13125);
#11142=AXIS2_PLACEMENT_3D('',#16099,#13127,#13128);
#11143=AXIS2_PLACEMENT_3D('',#16101,#13130,#13131);
#11144=AXIS2_PLACEMENT_3D('',#16103,#13133,#13134);
#11145=AXIS2_PLACEMENT_3D('',#16105,#13136,#13137);
#11146=AXIS2_PLACEMENT_3D('',#16107,#13139,#13140);
#11147=AXIS2_PLACEMENT_3D('',#16109,#13142,#13143);
#11148=AXIS2_PLACEMENT_3D('',#16111,#13145,#13146);
#11149=AXIS2_PLACEMENT_3D('',#16113,#13148,#13149);
#11150=AXIS2_PLACEMENT_3D('',#16115,#13151,#13152);
#11151=AXIS2_PLACEMENT_3D('',#16117,#13154,#13155);
#11152=AXIS2_PLACEMENT_3D('',#16119,#13157,#13158);
#11153=AXIS2_PLACEMENT_3D('',#16121,#13160,#13161);
#11154=AXIS2_PLACEMENT_3D('',#16123,#13163,#13164);
#11155=AXIS2_PLACEMENT_3D('',#16125,#13166,#13167);
#11156=AXIS2_PLACEMENT_3D('',#16126,#13168,#13169);
#11157=AXIS2_PLACEMENT_3D('',#16129,#13172,#13173);
#11158=AXIS2_PLACEMENT_3D('',#16131,#13175,#13176);
#11159=AXIS2_PLACEMENT_3D('',#16133,#13178,#13179);
#11160=AXIS2_PLACEMENT_3D('',#16135,#13181,#13182);
#11161=AXIS2_PLACEMENT_3D('',#16137,#13184,#13185);
#11162=AXIS2_PLACEMENT_3D('',#16139,#13187,#13188);
#11163=AXIS2_PLACEMENT_3D('',#16141,#13190,#13191);
#11164=AXIS2_PLACEMENT_3D('',#16143,#13193,#13194);
#11165=AXIS2_PLACEMENT_3D('',#16145,#13196,#13197);
#11166=AXIS2_PLACEMENT_3D('',#16147,#13199,#13200);
#11167=AXIS2_PLACEMENT_3D('',#16149,#13202,#13203);
#11168=AXIS2_PLACEMENT_3D('',#16151,#13205,#13206);
#11169=AXIS2_PLACEMENT_3D('',#16153,#13208,#13209);
#11170=AXIS2_PLACEMENT_3D('',#16155,#13211,#13212);
#11171=AXIS2_PLACEMENT_3D('',#16157,#13214,#13215);
#11172=AXIS2_PLACEMENT_3D('',#16159,#13217,#13218);
#11173=AXIS2_PLACEMENT_3D('',#16161,#13220,#13221);
#11174=AXIS2_PLACEMENT_3D('',#16163,#13223,#13224);
#11175=AXIS2_PLACEMENT_3D('',#16165,#13226,#13227);
#11176=AXIS2_PLACEMENT_3D('',#16166,#13228,#13229);
#11177=AXIS2_PLACEMENT_3D('',#16168,#13231,#13232);
#11178=AXIS2_PLACEMENT_3D('',#16170,#13234,#13235);
#11179=AXIS2_PLACEMENT_3D('',#16171,#13236,#13237);
#11180=AXIS2_PLACEMENT_3D('',#16172,#13238,#13239);
#11181=AXIS2_PLACEMENT_3D('',#16181,#13244,#13245);
#11182=AXIS2_PLACEMENT_3D('',#16199,#13255,#13256);
#11183=AXIS2_PLACEMENT_3D('',#16203,#13258,#13259);
#11184=AXIS2_PLACEMENT_3D('',#16211,#13263,#13264);
#11185=AXIS2_PLACEMENT_3D('',#16213,#13266,#13267);
#11186=AXIS2_PLACEMENT_3D('',#16219,#13271,#13272);
#11187=AXIS2_PLACEMENT_3D('',#16231,#13279,#13280);
#11188=AXIS2_PLACEMENT_3D('',#16243,#13287,#13288);
#11189=AXIS2_PLACEMENT_3D('',#16245,#13290,#13291);
#11190=AXIS2_PLACEMENT_3D('',#16249,#13294,#13295);
#11191=AXIS2_PLACEMENT_3D('',#16251,#13297,#13298);
#11192=AXIS2_PLACEMENT_3D('',#16255,#13301,#13302);
#11193=AXIS2_PLACEMENT_3D('',#16258,#13304,#13305);
#11194=AXIS2_PLACEMENT_3D('',#16259,#13306,#13307);
#11195=AXIS2_PLACEMENT_3D('',#16267,#13312,#13313);
#11196=AXIS2_PLACEMENT_3D('',#16271,#13316,#13317);
#11197=AXIS2_PLACEMENT_3D('',#16279,#13322,#13323);
#11198=AXIS2_PLACEMENT_3D('',#16280,#13324,#13325);
#11199=AXIS2_PLACEMENT_3D('',#16281,#13326,#13327);
#11200=AXIS2_PLACEMENT_3D('',#16283,#13329,#13330);
#11201=AXIS2_PLACEMENT_3D('',#16285,#13332,#13333);
#11202=AXIS2_PLACEMENT_3D('',#16287,#13335,#13336);
#11203=AXIS2_PLACEMENT_3D('',#16297,#13342,#13343);
#11204=AXIS2_PLACEMENT_3D('',#16298,#13344,#13345);
#11205=AXIS2_PLACEMENT_3D('',#16300,#13347,#13348);
#11206=AXIS2_PLACEMENT_3D('',#16302,#13350,#13351);
#11207=AXIS2_PLACEMENT_3D('',#16303,#13352,#13353);
#11208=AXIS2_PLACEMENT_3D('',#16309,#13357,#13358);
#11209=AXIS2_PLACEMENT_3D('',#16313,#13361,#13362);
#11210=AXIS2_PLACEMENT_3D('',#16317,#13365,#13366);
#11211=AXIS2_PLACEMENT_3D('',#16319,#13368,#13369);
#11212=AXIS2_PLACEMENT_3D('',#16325,#13373,#13374);
#11213=AXIS2_PLACEMENT_3D('',#16337,#13381,#13382);
#11214=AXIS2_PLACEMENT_3D('',#16341,#13385,#13386);
#11215=AXIS2_PLACEMENT_3D('',#16351,#13392,#13393);
#11216=AXIS2_PLACEMENT_3D('',#16353,#13395,#13396);
#11217=AXIS2_PLACEMENT_3D('',#16355,#13398,#13399);
#11218=AXIS2_PLACEMENT_3D('',#16365,#13405,#13406);
#11219=AXIS2_PLACEMENT_3D('',#16369,#13409,#13410);
#11220=AXIS2_PLACEMENT_3D('',#16377,#13415,#13416);
#11221=AXIS2_PLACEMENT_3D('',#16379,#13418,#13419);
#11222=AXIS2_PLACEMENT_3D('',#16381,#13421,#13422);
#11223=AXIS2_PLACEMENT_3D('',#16383,#13424,#13425);
#11224=AXIS2_PLACEMENT_3D('',#16384,#13426,#13427);
#11225=AXIS2_PLACEMENT_3D('',#16385,#13428,#13429);
#11226=AXIS2_PLACEMENT_3D('',#16399,#13431,#13432);
#11227=AXIS2_PLACEMENT_3D('',#16403,#13434,#13435);
#11228=AXIS2_PLACEMENT_3D('',#16418,#13437,#13438);
#11229=AXIS2_PLACEMENT_3D('',#16421,#13439,#13440);
#11230=AXIS2_PLACEMENT_3D('',#16425,#13442,#13443);
#11231=AXIS2_PLACEMENT_3D('',#16427,#13445,#13446);
#11232=AXIS2_PLACEMENT_3D('',#16445,#13456,#13457);
#11233=AXIS2_PLACEMENT_3D('',#16448,#13458,#13459);
#11234=AXIS2_PLACEMENT_3D('',#16452,#13461,#13462);
#11235=AXIS2_PLACEMENT_3D('',#16454,#13464,#13465);
#11236=AXIS2_PLACEMENT_3D('',#16464,#13471,#13472);
#11237=AXIS2_PLACEMENT_3D('',#16466,#13474,#13475);
#11238=AXIS2_PLACEMENT_3D('',#16484,#13477,#13478);
#11239=AXIS2_PLACEMENT_3D('',#16486,#13480,#13481);
#11240=AXIS2_PLACEMENT_3D('',#16490,#13483,#13484);
#11241=AXIS2_PLACEMENT_3D('',#16501,#13490,#13491);
#11242=AXIS2_PLACEMENT_3D('',#16507,#13494,#13495);
#11243=AXIS2_PLACEMENT_3D('',#16531,#13507,#13508);
#11244=AXIS2_PLACEMENT_3D('',#16534,#13510,#13511);
#11245=AXIS2_PLACEMENT_3D('',#16535,#13512,#13513);
#11246=AXIS2_PLACEMENT_3D('',#16538,#13515,#13516);
#11247=AXIS2_PLACEMENT_3D('',#16539,#13517,#13518);
#11248=AXIS2_PLACEMENT_3D('',#16579,#13539,#13540);
#11249=AXIS2_PLACEMENT_3D('',#16580,#13541,#13542);
#11250=AXIS2_PLACEMENT_3D('',#16582,#13543,#13544);
#11251=AXIS2_PLACEMENT_3D('',#16584,#13545,#13546);
#11252=AXIS2_PLACEMENT_3D('',#16586,#13548,#13549);
#11253=AXIS2_PLACEMENT_3D('',#16588,#13550,#13551);
#11254=AXIS2_PLACEMENT_3D('',#16591,#13553,#13554);
#11255=AXIS2_PLACEMENT_3D('',#16592,#13555,#13556);
#11256=AXIS2_PLACEMENT_3D('',#16598,#13560,#13561);
#11257=AXIS2_PLACEMENT_3D('',#16600,#13562,#13563);
#11258=AXIS2_PLACEMENT_3D('',#16602,#13564,#13565);
#11259=AXIS2_PLACEMENT_3D('',#16604,#13567,#13568);
#11260=AXIS2_PLACEMENT_3D('',#16607,#13569,#13570);
#11261=AXIS2_PLACEMENT_3D('',#16611,#13572,#13573);
#11262=AXIS2_PLACEMENT_3D('',#16613,#13575,#13576);
#11263=AXIS2_PLACEMENT_3D('',#16619,#13580,#13581);
#11264=AXIS2_PLACEMENT_3D('',#16620,#13582,#13583);
#11265=AXIS2_PLACEMENT_3D('',#16621,#13584,#13585);
#11266=AXIS2_PLACEMENT_3D('',#16622,#13586,#13587);
#11267=AXIS2_PLACEMENT_3D('',#16624,#13588,#13589);
#11268=AXIS2_PLACEMENT_3D('',#16627,#13591,#13592);
#11269=AXIS2_PLACEMENT_3D('',#16628,#13593,#13594);
#11270=AXIS2_PLACEMENT_3D('',#16634,#13598,#13599);
#11271=AXIS2_PLACEMENT_3D('',#16636,#13600,#13601);
#11272=AXIS2_PLACEMENT_3D('',#16639,#13603,#13604);
#11273=AXIS2_PLACEMENT_3D('',#16640,#13605,#13606);
#11274=AXIS2_PLACEMENT_3D('',#16646,#13610,#13611);
#11275=AXIS2_PLACEMENT_3D('',#16649,#13613,#13614);
#11276=AXIS2_PLACEMENT_3D('',#16652,#13616,#13617);
#11277=AXIS2_PLACEMENT_3D('',#16653,#13618,#13619);
#11278=AXIS2_PLACEMENT_3D('',#16656,#13621,#13622);
#11279=AXIS2_PLACEMENT_3D('',#16657,#13623,#13624);
#11280=AXIS2_PLACEMENT_3D('',#16659,#13625,#13626);
#11281=AXIS2_PLACEMENT_3D('',#16661,#13628,#13629);
#11282=AXIS2_PLACEMENT_3D('',#16664,#13630,#13631);
#11283=AXIS2_PLACEMENT_3D('',#16668,#13633,#13634);
#11284=AXIS2_PLACEMENT_3D('',#16670,#13636,#13637);
#11285=AXIS2_PLACEMENT_3D('',#16676,#13641,#13642);
#11286=AXIS2_PLACEMENT_3D('',#16680,#13644,#13645);
#11287=AXIS2_PLACEMENT_3D('',#16684,#13647,#13648);
#11288=AXIS2_PLACEMENT_3D('',#16688,#13650,#13651);
#11289=AXIS2_PLACEMENT_3D('',#16728,#13672,#13673);
#11290=AXIS2_PLACEMENT_3D('',#16731,#13674,#13675);
#11291=AXIS2_PLACEMENT_3D('',#16734,#13678,#13679);
#11292=AXIS2_PLACEMENT_3D('',#16738,#13682,#13683);
#11293=AXIS2_PLACEMENT_3D('',#16741,#13684,#13685);
#11294=AXIS2_PLACEMENT_3D('',#16744,#13688,#13689);
#11295=AXIS2_PLACEMENT_3D('',#16748,#13692,#13693);
#11296=AXIS2_PLACEMENT_3D('',#16750,#13694,#13695);
#11297=AXIS2_PLACEMENT_3D('',#16752,#13697,#13698);
#11298=AXIS2_PLACEMENT_3D('',#16754,#13700,#13701);
#11299=AXIS2_PLACEMENT_3D('',#16756,#13703,#13704);
#11300=AXIS2_PLACEMENT_3D('',#16758,#13706,#13707);
#11301=AXIS2_PLACEMENT_3D('',#16760,#13709,#13710);
#11302=AXIS2_PLACEMENT_3D('',#16762,#13711,#13712);
#11303=AXIS2_PLACEMENT_3D('',#16764,#13713,#13714);
#11304=AXIS2_PLACEMENT_3D('',#16766,#13716,#13717);
#11305=AXIS2_PLACEMENT_3D('',#16769,#13718,#13719);
#11306=AXIS2_PLACEMENT_3D('',#16773,#13721,#13722);
#11307=AXIS2_PLACEMENT_3D('',#16775,#13724,#13725);
#11308=AXIS2_PLACEMENT_3D('',#16781,#13729,#13730);
#11309=AXIS2_PLACEMENT_3D('',#16783,#13731,#13732);
#11310=AXIS2_PLACEMENT_3D('',#16786,#13734,#13735);
#11311=AXIS2_PLACEMENT_3D('',#16787,#13736,#13737);
#11312=AXIS2_PLACEMENT_3D('',#16790,#13740,#13741);
#11313=AXIS2_PLACEMENT_3D('',#16792,#13742,#13743);
#11314=AXIS2_PLACEMENT_3D('',#16795,#13745,#13746);
#11315=AXIS2_PLACEMENT_3D('',#16796,#13747,#13748);
#11316=AXIS2_PLACEMENT_3D('',#16802,#13752,#13753);
#11317=AXIS2_PLACEMENT_3D('',#16804,#13754,#13755);
#11318=AXIS2_PLACEMENT_3D('',#16806,#13756,#13757);
#11319=AXIS2_PLACEMENT_3D('',#16808,#13759,#13760);
#11320=AXIS2_PLACEMENT_3D('',#16810,#13761,#13762);
#11321=AXIS2_PLACEMENT_3D('',#16812,#13763,#13764);
#11322=AXIS2_PLACEMENT_3D('',#16814,#13766,#13767);
#11323=AXIS2_PLACEMENT_3D('',#16816,#13768,#13769);
#11324=AXIS2_PLACEMENT_3D('',#16819,#13771,#13772);
#11325=AXIS2_PLACEMENT_3D('',#16820,#13773,#13774);
#11326=AXIS2_PLACEMENT_3D('',#16826,#13778,#13779);
#11327=AXIS2_PLACEMENT_3D('',#16828,#13780,#13781);
#11328=AXIS2_PLACEMENT_3D('',#16831,#13783,#13784);
#11329=AXIS2_PLACEMENT_3D('',#16832,#13785,#13786);
#11330=AXIS2_PLACEMENT_3D('',#16838,#13790,#13791);
#11331=AXIS2_PLACEMENT_3D('',#16840,#13792,#13793);
#11332=AXIS2_PLACEMENT_3D('',#16842,#13794,#13795);
#11333=AXIS2_PLACEMENT_3D('',#16844,#13797,#13798);
#11334=AXIS2_PLACEMENT_3D('',#16846,#13799,#13800);
#11335=AXIS2_PLACEMENT_3D('',#16849,#13802,#13803);
#11336=AXIS2_PLACEMENT_3D('',#16850,#13804,#13805);
#11337=AXIS2_PLACEMENT_3D('',#16856,#13809,#13810);
#11338=AXIS2_PLACEMENT_3D('',#16858,#13811,#13812);
#11339=AXIS2_PLACEMENT_3D('',#16860,#13813,#13814);
#11340=AXIS2_PLACEMENT_3D('',#16862,#13816,#13817);
#11341=AXIS2_PLACEMENT_3D('',#16864,#13818,#13819);
#11342=AXIS2_PLACEMENT_3D('',#16867,#13821,#13822);
#11343=AXIS2_PLACEMENT_3D('',#16868,#13823,#13824);
#11344=AXIS2_PLACEMENT_3D('',#16871,#13827,#13828);
#11345=AXIS2_PLACEMENT_3D('',#16872,#13829,#13830);
#11346=AXIS2_PLACEMENT_3D('',#16873,#13831,#13832);
#11347=AXIS2_PLACEMENT_3D('',#16874,#13833,#13834);
#11348=AXIS2_PLACEMENT_3D('',#16875,#13835,#13836);
#11349=AXIS2_PLACEMENT_3D('',#16876,#13837,#13838);
#11350=AXIS2_PLACEMENT_3D('',#16877,#13839,#13840);
#11351=AXIS2_PLACEMENT_3D('',#16879,#13841,#13842);
#11352=AXIS2_PLACEMENT_3D('',#16882,#13844,#13845);
#11353=AXIS2_PLACEMENT_3D('',#16883,#13846,#13847);
#11354=AXIS2_PLACEMENT_3D('',#16886,#13850,#13851);
#11355=AXIS2_PLACEMENT_3D('',#16888,#13852,#13853);
#11356=AXIS2_PLACEMENT_3D('',#16891,#13855,#13856);
#11357=AXIS2_PLACEMENT_3D('',#16892,#13857,#13858);
#11358=AXIS2_PLACEMENT_3D('',#16895,#13861,#13862);
#11359=AXIS2_PLACEMENT_3D('',#16896,#13863,#13864);
#11360=AXIS2_PLACEMENT_3D('',#16897,#13865,#13866);
#11361=AXIS2_PLACEMENT_3D('',#16898,#13867,#13868);
#11362=AXIS2_PLACEMENT_3D('',#16899,#13869,#13870);
#11363=AXIS2_PLACEMENT_3D('',#16900,#13871,#13872);
#11364=AXIS2_PLACEMENT_3D('',#16901,#13873,#13874);
#11365=AXIS2_PLACEMENT_3D('',#16903,#13875,#13876);
#11366=AXIS2_PLACEMENT_3D('',#16906,#13878,#13879);
#11367=AXIS2_PLACEMENT_3D('',#16907,#13880,#13881);
#11368=AXIS2_PLACEMENT_3D('',#16910,#13884,#13885);
#11369=AXIS2_PLACEMENT_3D('',#16913,#13886,#13887);
#11370=AXIS2_PLACEMENT_3D('',#16916,#13890,#13891);
#11371=AXIS2_PLACEMENT_3D('',#16919,#13893,#13894);
#11372=AXIS2_PLACEMENT_3D('',#16920,#13895,#13896);
#11373=AXIS2_PLACEMENT_3D('',#16923,#13897,#13898);
#11374=AXIS2_PLACEMENT_3D('',#16926,#13901,#13902);
#11375=AXIS2_PLACEMENT_3D('',#16930,#13905,#13906);
#11376=AXIS2_PLACEMENT_3D('',#16952,#13919,#13920);
#11377=AXIS2_PLACEMENT_3D('',#16956,#13923,#13924);
#11378=AXIS2_PLACEMENT_3D('',#16958,#13926,#13927);
#11379=AXIS2_PLACEMENT_3D('',#16969,#13929,#13930);
#11380=AXIS2_PLACEMENT_3D('',#16978,#13935,#13936);
#11381=AXIS2_PLACEMENT_3D('',#16987,#13941,#13942);
#11382=AXIS2_PLACEMENT_3D('',#16996,#13947,#13948);
#11383=AXIS2_PLACEMENT_3D('',#16999,#13951,#13952);
#11384=AXIS2_PLACEMENT_3D('',#17005,#13956,#13957);
#11385=AXIS2_PLACEMENT_3D('',#17011,#13961,#13962);
#11386=AXIS2_PLACEMENT_3D('',#17014,#13965,#13966);
#11387=AXIS2_PLACEMENT_3D('',#17016,#13968,#13969);
#11388=AXIS2_PLACEMENT_3D('',#17021,#13973,#13974);
#11389=AXIS2_PLACEMENT_3D('',#17022,#13975,#13976);
#11390=AXIS2_PLACEMENT_3D('',#17023,#13977,#13978);
#11391=AXIS2_PLACEMENT_3D('',#17024,#13979,#13980);
#11392=AXIS2_PLACEMENT_3D('',#17025,#13981,#13982);
#11393=AXIS2_PLACEMENT_3D('',#17029,#13985,#13986);
#11394=AXIS2_PLACEMENT_3D('',#17031,#13988,#13989);
#11395=AXIS2_PLACEMENT_3D('',#17035,#13992,#13993);
#11396=AXIS2_PLACEMENT_3D('',#17039,#13996,#13997);
#11397=AXIS2_PLACEMENT_3D('',#17043,#14000,#14001);
#11398=AXIS2_PLACEMENT_3D('',#17047,#14004,#14005);
#11399=AXIS2_PLACEMENT_3D('',#17051,#14008,#14009);
#11400=AXIS2_PLACEMENT_3D('',#17053,#14011,#14012);
#11401=AXIS2_PLACEMENT_3D('',#17069,#14021,#14022);
#11402=AXIS2_PLACEMENT_3D('',#17075,#14026,#14027);
#11403=AXIS2_PLACEMENT_3D('',#17089,#14034,#14035);
#11404=AXIS2_PLACEMENT_3D('',#17101,#14041,#14042);
#11405=AXIS2_PLACEMENT_3D('',#17118,#14051,#14052);
#11406=AXIS2_PLACEMENT_3D('',#17120,#14053,#14054);
#11407=AXIS2_PLACEMENT_3D('',#17122,#14055,#14056);
#11408=AXIS2_PLACEMENT_3D('',#17123,#14057,#14058);
#11409=AXIS2_PLACEMENT_3D('',#17126,#14061,#14062);
#11410=AXIS2_PLACEMENT_3D('',#17128,#14063,#14064);
#11411=AXIS2_PLACEMENT_3D('',#17130,#14066,#14067);
#11412=AXIS2_PLACEMENT_3D('',#17132,#14068,#14069);
#11413=AXIS2_PLACEMENT_3D('',#17134,#14071,#14072);
#11414=AXIS2_PLACEMENT_3D('',#17136,#14073,#14074);
#11415=AXIS2_PLACEMENT_3D('',#17138,#14076,#14077);
#11416=AXIS2_PLACEMENT_3D('',#17143,#14081,#14082);
#11417=AXIS2_PLACEMENT_3D('',#17145,#14084,#14085);
#11418=AXIS2_PLACEMENT_3D('',#17146,#14086,#14087);
#11419=AXIS2_PLACEMENT_3D('',#17147,#14088,#14089);
#11420=AXIS2_PLACEMENT_3D('',#17149,#14091,#14092);
#11421=AXIS2_PLACEMENT_3D('',#17151,#14094,#14095);
#11422=AXIS2_PLACEMENT_3D('',#17153,#14097,#14098);
#11423=AXIS2_PLACEMENT_3D('',#17155,#14100,#14101);
#11424=AXIS2_PLACEMENT_3D('',#17157,#14103,#14104);
#11425=AXIS2_PLACEMENT_3D('',#17159,#14106,#14107);
#11426=AXIS2_PLACEMENT_3D('',#17161,#14109,#14110);
#11427=AXIS2_PLACEMENT_3D('',#17163,#14112,#14113);
#11428=AXIS2_PLACEMENT_3D('',#17165,#14115,#14116);
#11429=AXIS2_PLACEMENT_3D('',#17167,#14118,#14119);
#11430=AXIS2_PLACEMENT_3D('',#17169,#14121,#14122);
#11431=AXIS2_PLACEMENT_3D('',#17171,#14124,#14125);
#11432=AXIS2_PLACEMENT_3D('',#17173,#14127,#14128);
#11433=AXIS2_PLACEMENT_3D('',#17175,#14130,#14131);
#11434=AXIS2_PLACEMENT_3D('',#17177,#14133,#14134);
#11435=AXIS2_PLACEMENT_3D('',#17179,#14136,#14137);
#11436=AXIS2_PLACEMENT_3D('',#17181,#14139,#14140);
#11437=AXIS2_PLACEMENT_3D('',#17183,#14142,#14143);
#11438=AXIS2_PLACEMENT_3D('',#17184,#14144,#14145);
#11439=AXIS2_PLACEMENT_3D('',#17193,#14150,#14151);
#11440=AXIS2_PLACEMENT_3D('',#17199,#14155,#14156);
#11441=AXIS2_PLACEMENT_3D('',#17205,#14160,#14161);
#11442=AXIS2_PLACEMENT_3D('',#17211,#14165,#14166);
#11443=AXIS2_PLACEMENT_3D('',#17217,#14170,#14171);
#11444=AXIS2_PLACEMENT_3D('',#17223,#14175,#14176);
#11445=AXIS2_PLACEMENT_3D('',#17229,#14180,#14181);
#11446=AXIS2_PLACEMENT_3D('',#17235,#14185,#14186);
#11447=AXIS2_PLACEMENT_3D('',#17241,#14190,#14191);
#11448=AXIS2_PLACEMENT_3D('',#17247,#14195,#14196);
#11449=AXIS2_PLACEMENT_3D('',#17253,#14200,#14201);
#11450=AXIS2_PLACEMENT_3D('',#17255,#14202,#14203);
#11451=AXIS2_PLACEMENT_3D('',#17258,#14205,#14206);
#11452=AXIS2_PLACEMENT_3D('',#17259,#14207,#14208);
#11453=AXIS2_PLACEMENT_3D('',#17265,#14212,#14213);
#11454=AXIS2_PLACEMENT_3D('',#17266,#14214,#14215);
#11455=AXIS2_PLACEMENT_3D('',#17267,#14216,#14217);
#11456=AXIS2_PLACEMENT_3D('',#17268,#14218,#14219);
#11457=AXIS2_PLACEMENT_3D('',#17269,#14220,#14221);
#11458=AXIS2_PLACEMENT_3D('',#17270,#14222,#14223);
#11459=AXIS2_PLACEMENT_3D('',#17273,#14224,#14225);
#11460=AXIS2_PLACEMENT_3D('',#17275,#14226,#14227);
#11461=AXIS2_PLACEMENT_3D('',#17276,#14228,#14229);
#11462=AXIS2_PLACEMENT_3D('',#17277,#14230,#14231);
#11463=AXIS2_PLACEMENT_3D('',#17280,#14232,#14233);
#11464=AXIS2_PLACEMENT_3D('',#17282,#14234,#14235);
#11465=AXIS2_PLACEMENT_3D('',#17283,#14236,#14237);
#11466=AXIS2_PLACEMENT_3D('',#17284,#14238,#14239);
#11467=AXIS2_PLACEMENT_3D('',#17287,#14240,#14241);
#11468=AXIS2_PLACEMENT_3D('',#17289,#14242,#14243);
#11469=AXIS2_PLACEMENT_3D('',#17290,#14244,#14245);
#11470=AXIS2_PLACEMENT_3D('',#17291,#14246,#14247);
#11471=AXIS2_PLACEMENT_3D('',#17294,#14248,#14249);
#11472=AXIS2_PLACEMENT_3D('',#17296,#14250,#14251);
#11473=AXIS2_PLACEMENT_3D('',#17297,#14252,#14253);
#11474=AXIS2_PLACEMENT_3D('',#17298,#14254,#14255);
#11475=AXIS2_PLACEMENT_3D('',#17301,#14256,#14257);
#11476=AXIS2_PLACEMENT_3D('',#17303,#14258,#14259);
#11477=AXIS2_PLACEMENT_3D('',#17304,#14260,#14261);
#11478=AXIS2_PLACEMENT_3D('',#17305,#14262,#14263);
#11479=AXIS2_PLACEMENT_3D('',#17308,#14264,#14265);
#11480=AXIS2_PLACEMENT_3D('',#17310,#14266,#14267);
#11481=AXIS2_PLACEMENT_3D('',#17311,#14268,#14269);
#11482=AXIS2_PLACEMENT_3D('',#17312,#14270,#14271);
#11483=AXIS2_PLACEMENT_3D('',#17315,#14274,#14275);
#11484=AXIS2_PLACEMENT_3D('',#17318,#14278,#14279);
#11485=AXIS2_PLACEMENT_3D('',#17321,#14280,#14281);
#11486=AXIS2_PLACEMENT_3D('',#17323,#14282,#14283);
#11487=AXIS2_PLACEMENT_3D('',#17324,#14284,#14285);
#11488=AXIS2_PLACEMENT_3D('',#17325,#14286,#14287);
#11489=AXIS2_PLACEMENT_3D('',#17328,#14288,#14289);
#11490=AXIS2_PLACEMENT_3D('',#17330,#14290,#14291);
#11491=AXIS2_PLACEMENT_3D('',#17331,#14292,#14293);
#11492=AXIS2_PLACEMENT_3D('',#17332,#14294,#14295);
#11493=AXIS2_PLACEMENT_3D('',#17335,#14298,#14299);
#11494=AXIS2_PLACEMENT_3D('',#17338,#14302,#14303);
#11495=AXIS2_PLACEMENT_3D('',#17341,#14306,#14307);
#11496=AXIS2_PLACEMENT_3D('',#17344,#14310,#14311);
#11497=AXIS2_PLACEMENT_3D('',#17347,#14314,#14315);
#11498=AXIS2_PLACEMENT_3D('',#17350,#14318,#14319);
#11499=AXIS2_PLACEMENT_3D('',#17353,#14322,#14323);
#11500=AXIS2_PLACEMENT_3D('',#17356,#14326,#14327);
#11501=AXIS2_PLACEMENT_3D('',#17359,#14330,#14331);
#11502=AXIS2_PLACEMENT_3D('',#17362,#14334,#14335);
#11503=AXIS2_PLACEMENT_3D('',#17363,#14336,#14337);
#11504=AXIS2_PLACEMENT_3D('',#17364,#14338,#14339);
#11505=AXIS2_PLACEMENT_3D('',#17365,#14340,#14341);
#11506=AXIS2_PLACEMENT_3D('',#17366,#14342,#14343);
#11507=AXIS2_PLACEMENT_3D('',#17367,#14344,#14345);
#11508=AXIS2_PLACEMENT_3D('',#17368,#14346,#14347);
#11509=AXIS2_PLACEMENT_3D('',#17369,#14348,#14349);
#11510=AXIS2_PLACEMENT_3D('',#17370,#14350,#14351);
#11511=AXIS2_PLACEMENT_3D('',#17371,#14352,#14353);
#11512=AXIS2_PLACEMENT_3D('',#17372,#14354,#14355);
#11513=AXIS2_PLACEMENT_3D('',#17373,#14356,#14357);
#11514=AXIS2_PLACEMENT_3D('',#17374,#14358,#14359);
#11515=DIRECTION('axis',(0.,0.,1.));
#11516=DIRECTION('refdir',(1.,0.,0.));
#11517=DIRECTION('axis',(0.,0.,1.));
#11518=DIRECTION('refdir',(1.,0.,0.));
#11519=DIRECTION('axis',(0.,0.,1.));
#11520=DIRECTION('refdir',(1.,0.,0.));
#11521=DIRECTION('center_axis',(1.,0.,0.));
#11522=DIRECTION('ref_axis',(0.,-1.,1.110223024625E-16));
#11523=DIRECTION('',(0.,-1.,1.110223024625E-16));
#11524=DIRECTION('',(0.,-1.110223024625E-16,-1.));
#11525=DIRECTION('',(0.,1.,-1.110223024625E-16));
#11526=DIRECTION('',(0.,-1.110223024625E-16,-1.));
#11527=DIRECTION('',(0.,1.,-1.110223024625E-16));
#11528=DIRECTION('',(0.,1.110223024625E-16,1.));
#11529=DIRECTION('',(0.,-1.,1.110223024625E-16));
#11530=DIRECTION('',(0.,-0.500421834462797,0.865781720523649));
#11531=DIRECTION('',(0.,-1.,1.110223024625E-16));
#11532=DIRECTION('',(0.,1.110223024625E-16,1.));
#11533=DIRECTION('',(0.,-1.,1.110223024625E-16));
#11534=DIRECTION('',(0.,1.110223024625E-16,1.));
#11535=DIRECTION('center_axis',(0.,1.110223024625E-16,1.));
#11536=DIRECTION('ref_axis',(0.,-1.,1.110223024625E-16));
#11537=DIRECTION('',(0.,-1.,1.110223024625E-16));
#11538=DIRECTION('',(1.,0.,0.));
#11539=DIRECTION('',(1.,0.,0.));
#11540=DIRECTION('',(0.,-1.,2.590520390792E-16));
#11541=DIRECTION('',(1.,0.,0.));
#11542=DIRECTION('',(0.,-1.,2.590520390792E-16));
#11543=DIRECTION('',(1.,0.,0.));
#11544=DIRECTION('',(1.,0.,0.));
#11545=DIRECTION('',(1.,0.,0.));
#11546=DIRECTION('',(0.,1.,0.));
#11547=DIRECTION('',(1.,0.,0.));
#11548=DIRECTION('',(0.,1.,0.));
#11549=DIRECTION('',(1.,0.,0.));
#11550=DIRECTION('',(0.,1.,0.));
#11551=DIRECTION('',(1.,0.,0.));
#11552=DIRECTION('',(0.,1.,0.));
#11553=DIRECTION('',(1.,0.,0.));
#11554=DIRECTION('',(0.,1.,0.));
#11555=DIRECTION('',(1.,0.,0.));
#11556=DIRECTION('',(0.,1.,0.));
#11557=DIRECTION('',(1.,0.,0.));
#11558=DIRECTION('',(0.,1.,0.));
#11559=DIRECTION('',(1.,0.,0.));
#11560=DIRECTION('',(0.,1.,0.));
#11561=DIRECTION('',(1.,0.,0.));
#11562=DIRECTION('center_axis',(0.,1.,-1.110223024625E-16));
#11563=DIRECTION('ref_axis',(0.,-1.110223024625E-16,-1.));
#11564=DIRECTION('',(0.,0.,-1.));
#11565=DIRECTION('',(1.,0.,0.));
#11566=DIRECTION('center_axis',(0.,1.110223024625E-16,1.));
#11567=DIRECTION('ref_axis',(0.,1.,-1.110223024625E-16));
#11568=DIRECTION('',(0.,1.,0.));
#11569=DIRECTION('',(1.,0.,0.));
#11570=DIRECTION('center_axis',(0.,1.,-1.110223024625E-16));
#11571=DIRECTION('ref_axis',(0.,-1.110223024625E-16,-1.));
#11572=DIRECTION('',(0.,0.,-1.));
#11573=DIRECTION('',(1.,0.,0.));
#11574=DIRECTION('center_axis',(0.,1.110223024625E-16,1.));
#11575=DIRECTION('ref_axis',(0.,1.,-1.110223024625E-16));
#11576=DIRECTION('',(0.,1.,0.));
#11577=DIRECTION('',(1.,0.,0.));
#11578=DIRECTION('center_axis',(0.,-1.,1.110223024625E-16));
#11579=DIRECTION('ref_axis',(1.,0.,0.));
#11580=DIRECTION('',(1.,0.,0.));
#11581=DIRECTION('',(0.,1.110223024625E-16,1.));
#11582=DIRECTION('',(0.,1.110223024625E-16,1.));
#11583=DIRECTION('',(1.,0.,0.));
#11584=DIRECTION('',(1.,0.,0.));
#11585=DIRECTION('',(0.,1.110223024625E-16,1.));
#11586=DIRECTION('',(1.,0.,0.));
#11587=DIRECTION('',(0.,1.110223024625E-16,1.));
#11588=DIRECTION('',(1.,0.,0.));
#11589=DIRECTION('',(0.,-1.110223024625E-16,-1.));
#11590=DIRECTION('',(1.,0.,0.));
#11591=DIRECTION('',(0.,-1.110223024625E-16,-1.));
#11592=DIRECTION('',(-1.,0.,0.));
#11593=DIRECTION('',(0.,-1.110223024625E-16,-1.));
#11594=DIRECTION('',(-1.,0.,0.));
#11595=DIRECTION('',(0.,1.110223024625E-16,1.));
#11596=DIRECTION('',(-1.,0.,0.));
#11597=DIRECTION('',(0.,1.110223024625E-16,1.));
#11598=DIRECTION('',(1.,0.,0.));
#11599=DIRECTION('center_axis',(0.,1.110223024625E-16,1.));
#11600=DIRECTION('ref_axis',(0.,-1.,1.110223024625E-16));
#11601=DIRECTION('',(1.,0.,0.));
#11602=DIRECTION('',(0.,1.,-1.110223024625E-16));
#11603=DIRECTION('',(1.,0.,0.));
#11604=DIRECTION('',(0.,-1.,1.110223024625E-16));
#11605=DIRECTION('',(1.,0.,0.));
#11606=DIRECTION('',(0.,1.,-1.110223024625E-16));
#11607=DIRECTION('center_axis',(0.,-0.865781720523649,-0.500421834462797));
#11608=DIRECTION('ref_axis',(0.,-0.500421834462797,0.865781720523649));
#11609=DIRECTION('',(1.,0.,0.));
#11610=DIRECTION('',(0.,-0.500421834462797,0.865781720523649));
#11611=DIRECTION('center_axis',(0.,-1.110223024625E-16,-1.));
#11612=DIRECTION('ref_axis',(0.,-1.,1.110223024625E-16));
#11613=DIRECTION('',(1.,0.,0.));
#11614=DIRECTION('',(0.,-1.,1.110223024625E-16));
#11615=DIRECTION('center_axis',(0.,-1.,1.110223024625E-16));
#11616=DIRECTION('ref_axis',(0.,1.110223024625E-16,1.));
#11617=DIRECTION('',(1.,0.,0.));
#11618=DIRECTION('',(0.,1.110223024625E-16,1.));
#11619=DIRECTION('center_axis',(0.,-1.110223024625E-16,-1.));
#11620=DIRECTION('ref_axis',(0.,-1.,1.110223024625E-16));
#11621=DIRECTION('',(1.,0.,0.));
#11622=DIRECTION('',(0.,-1.,1.110223024625E-16));
#11623=DIRECTION('center_axis',(0.,-1.,1.110223024625E-16));
#11624=DIRECTION('ref_axis',(1.,0.,0.));
#11625=DIRECTION('',(0.,-1.110223024625E-16,-1.));
#11626=DIRECTION('',(0.,-1.110223024625E-16,-1.));
#11627=DIRECTION('',(1.,0.,0.));
#11628=DIRECTION('',(0.,1.110223024625E-16,1.));
#11629=DIRECTION('',(0.,0.,1.));
#11630=DIRECTION('',(1.,0.,0.));
#11631=DIRECTION('',(0.,0.,1.));
#11632=DIRECTION('',(0.,0.,1.));
#11633=DIRECTION('',(1.,0.,0.));
#11634=DIRECTION('',(0.,0.,1.));
#11635=DIRECTION('',(0.,0.,1.));
#11636=DIRECTION('',(1.,0.,0.));
#11637=DIRECTION('',(0.,0.,1.));
#11638=DIRECTION('',(0.,0.,1.));
#11639=DIRECTION('',(1.,0.,0.));
#11640=DIRECTION('',(0.,0.,1.));
#11641=DIRECTION('center_axis',(1.,0.,0.));
#11642=DIRECTION('ref_axis',(0.,-1.,1.110223024625E-16));
#11643=DIRECTION('',(0.,-1.,1.110223024625E-16));
#11644=DIRECTION('',(0.,1.110223024625E-16,1.));
#11645=DIRECTION('',(0.,-1.,1.110223024625E-16));
#11646=DIRECTION('',(0.,-0.500421834462797,0.865781720523649));
#11647=DIRECTION('',(0.,1.,-1.110223024625E-16));
#11648=DIRECTION('',(0.,-1.110223024625E-16,-1.));
#11649=DIRECTION('',(0.,1.,-1.110223024625E-16));
#11650=DIRECTION('',(0.,-1.110223024625E-16,-1.));
#11651=DIRECTION('center_axis',(0.,1.,-1.110223024625E-16));
#11652=DIRECTION('ref_axis',(0.,-1.110223024625E-16,-1.));
#11653=DIRECTION('',(0.,0.,-1.));
#11654=DIRECTION('',(1.,0.,0.));
#11655=DIRECTION('center_axis',(0.,1.,0.));
#11656=DIRECTION('ref_axis',(0.,0.,-1.));
#11657=DIRECTION('',(0.,0.,-1.));
#11658=DIRECTION('',(0.,0.,-1.));
#11659=DIRECTION('',(1.,0.,0.));
#11660=DIRECTION('center_axis',(-1.,0.,0.));
#11661=DIRECTION('ref_axis',(0.,0.,-1.));
#11662=DIRECTION('',(0.,-1.,-5.782411586589E-18));
#11663=DIRECTION('',(0.,0.,1.));
#11664=DIRECTION('center_axis',(-1.,0.,0.));
#11665=DIRECTION('ref_axis',(0.,0.,-1.));
#11666=DIRECTION('',(0.,-1.,-5.782411586589E-18));
#11667=DIRECTION('',(0.,0.,-1.));
#11668=DIRECTION('',(0.,0.,1.));
#11669=DIRECTION('center_axis',(0.,1.,0.));
#11670=DIRECTION('ref_axis',(0.,0.,-1.));
#11671=DIRECTION('',(0.,0.,-1.));
#11672=DIRECTION('',(1.,0.,0.));
#11673=DIRECTION('center_axis',(-1.,0.,0.));
#11674=DIRECTION('ref_axis',(0.,0.,-1.));
#11675=DIRECTION('',(0.,0.,1.));
#11676=DIRECTION('',(0.,1.,0.));
#11677=DIRECTION('',(0.,0.,-1.));
#11678=DIRECTION('',(0.,-1.,0.));
#11679=DIRECTION('center_axis',(0.,-1.,0.));
#11680=DIRECTION('ref_axis',(0.,0.,1.));
#11681=DIRECTION('',(1.,0.,0.));
#11682=DIRECTION('',(0.,0.,1.));
#11683=DIRECTION('center_axis',(-1.,0.,0.));
#11684=DIRECTION('ref_axis',(0.,0.,-1.));
#11685=DIRECTION('',(0.,-1.,0.));
#11686=DIRECTION('',(0.,0.,-1.));
#11687=DIRECTION('',(0.,1.,0.));
#11688=DIRECTION('center_axis',(-1.,0.,0.));
#11689=DIRECTION('ref_axis',(0.,0.,-1.));
#11690=DIRECTION('',(0.,0.,1.));
#11691=DIRECTION('',(0.,1.,0.));
#11692=DIRECTION('',(0.,0.,-1.));
#11693=DIRECTION('',(0.,-1.,0.));
#11694=DIRECTION('center_axis',(0.,-1.,0.));
#11695=DIRECTION('ref_axis',(0.,0.,1.));
#11696=DIRECTION('',(1.,0.,0.));
#11697=DIRECTION('',(0.,0.,1.));
#11698=DIRECTION('center_axis',(-1.,0.,0.));
#11699=DIRECTION('ref_axis',(0.,0.,-1.));
#11700=DIRECTION('',(0.,-1.,0.));
#11701=DIRECTION('',(0.,0.,-1.));
#11702=DIRECTION('',(0.,1.,0.));
#11703=DIRECTION('center_axis',(-1.,0.,0.));
#11704=DIRECTION('ref_axis',(0.,0.,-1.));
#11705=DIRECTION('',(0.,0.,1.));
#11706=DIRECTION('',(0.,1.,0.));
#11707=DIRECTION('',(0.,0.,-1.));
#11708=DIRECTION('',(0.,-1.,0.));
#11709=DIRECTION('center_axis',(0.,-1.,0.));
#11710=DIRECTION('ref_axis',(0.,0.,1.));
#11711=DIRECTION('',(1.,0.,0.));
#11712=DIRECTION('',(0.,0.,1.));
#11713=DIRECTION('center_axis',(-1.,0.,0.));
#11714=DIRECTION('ref_axis',(0.,0.,-1.));
#11715=DIRECTION('',(0.,-1.,0.));
#11716=DIRECTION('',(0.,0.,-1.));
#11717=DIRECTION('',(0.,1.,0.));
#11718=DIRECTION('center_axis',(-1.,0.,0.));
#11719=DIRECTION('ref_axis',(0.,0.,-1.));
#11720=DIRECTION('',(0.,0.,1.));
#11721=DIRECTION('',(0.,1.,0.));
#11722=DIRECTION('',(0.,0.,-1.));
#11723=DIRECTION('',(0.,-1.,0.));
#11724=DIRECTION('center_axis',(0.,-1.,0.));
#11725=DIRECTION('ref_axis',(0.,0.,1.));
#11726=DIRECTION('',(1.,0.,0.));
#11727=DIRECTION('',(0.,0.,1.));
#11728=DIRECTION('center_axis',(-1.,0.,0.));
#11729=DIRECTION('ref_axis',(0.,0.,-1.));
#11730=DIRECTION('',(0.,-1.,0.));
#11731=DIRECTION('',(0.,0.,-1.));
#11732=DIRECTION('',(0.,1.,0.));
#11733=DIRECTION('center_axis',(-1.,0.,0.));
#11734=DIRECTION('ref_axis',(0.,0.,-1.));
#11735=DIRECTION('',(0.,0.,1.));
#11736=DIRECTION('',(0.,-1.,-5.782411586589E-18));
#11737=DIRECTION('center_axis',(0.,-1.,0.));
#11738=DIRECTION('ref_axis',(0.,0.,1.));
#11739=DIRECTION('',(1.,0.,0.));
#11740=DIRECTION('center_axis',(0.,-1.,0.));
#11741=DIRECTION('ref_axis',(0.,0.,1.));
#11742=DIRECTION('',(1.,0.,0.));
#11743=DIRECTION('',(0.,0.,1.));
#11744=DIRECTION('center_axis',(0.,1.110223024625E-16,1.));
#11745=DIRECTION('ref_axis',(0.,1.,-1.110223024625E-16));
#11746=DIRECTION('',(0.,1.,0.));
#11747=DIRECTION('',(1.,0.,0.));
#11748=DIRECTION('center_axis',(1.,0.,0.));
#11749=DIRECTION('ref_axis',(0.,1.110223024625E-16,1.));
#11750=DIRECTION('',(0.,1.,-1.110223024625E-16));
#11751=DIRECTION('',(0.,-1.110223024625E-16,-1.));
#11752=DIRECTION('',(0.,-1.,1.110223024625E-16));
#11753=DIRECTION('',(0.,1.,-1.110223024625E-16));
#11754=DIRECTION('',(0.,1.110223024625E-16,1.));
#11755=DIRECTION('',(0.,1.,-1.110223024625E-16));
#11756=DIRECTION('center_axis',(0.,-1.110223024625E-16,-1.));
#11757=DIRECTION('ref_axis',(1.,0.,0.));
#11758=DIRECTION('',(0.,1.,-1.110223024625E-16));
#11759=DIRECTION('',(1.,0.,0.));
#11760=DIRECTION('center_axis',(1.,0.,0.));
#11761=DIRECTION('ref_axis',(0.,1.110223024625E-16,1.));
#11762=DIRECTION('',(0.,1.,-1.110223024625E-16));
#11763=DIRECTION('',(0.,1.110223024625E-16,1.));
#11764=DIRECTION('center_axis',(0.,1.110223024625E-16,1.));
#11765=DIRECTION('ref_axis',(-1.,0.,0.));
#11766=DIRECTION('',(-1.,0.,0.));
#11767=DIRECTION('center_axis',(0.,1.110223024625E-16,1.));
#11768=DIRECTION('ref_axis',(-1.,0.,0.));
#11769=DIRECTION('',(0.,1.,-1.110223024625E-16));
#11770=DIRECTION('',(-1.,0.,0.));
#11771=DIRECTION('center_axis',(-1.,0.,0.));
#11772=DIRECTION('ref_axis',(0.,-1.110223024625E-16,-1.));
#11773=DIRECTION('',(0.,1.,-1.110223024625E-16));
#11774=DIRECTION('',(0.,1.110223024625E-16,1.));
#11775=DIRECTION('',(0.,-1.,1.110223024625E-16));
#11776=DIRECTION('',(0.,1.,-1.110223024625E-16));
#11777=DIRECTION('',(0.,-1.110223024625E-16,-1.));
#11778=DIRECTION('center_axis',(0.,1.110223024625E-16,1.));
#11779=DIRECTION('ref_axis',(-1.,0.,0.));
#11780=DIRECTION('',(0.,1.,-1.110223024625E-16));
#11781=DIRECTION('',(-1.,0.,0.));
#11782=DIRECTION('center_axis',(-1.,0.,0.));
#11783=DIRECTION('ref_axis',(0.,-1.110223024625E-16,-1.));
#11784=DIRECTION('',(0.,1.,-1.110223024625E-16));
#11785=DIRECTION('',(0.,-1.110223024625E-16,-1.));
#11786=DIRECTION('center_axis',(0.,-1.110223024625E-16,-1.));
#11787=DIRECTION('ref_axis',(1.,0.,0.));
#11788=DIRECTION('',(1.,0.,0.));
#11789=DIRECTION('center_axis',(0.,-1.110223024625E-16,-1.));
#11790=DIRECTION('ref_axis',(1.,0.,0.));
#11791=DIRECTION('',(1.,0.,0.));
#11792=DIRECTION('center_axis',(-1.,0.,0.));
#11793=DIRECTION('ref_axis',(0.,1.,-1.110223024625E-16));
#11794=DIRECTION('',(0.,-0.500421834462797,0.865781720523649));
#11795=DIRECTION('',(0.,-1.,1.110223024625E-16));
#11796=DIRECTION('',(0.,1.110223024625E-16,1.));
#11797=DIRECTION('',(0.,-1.,1.110223024625E-16));
#11798=DIRECTION('center_axis',(0.,-0.865781720523649,-0.500421834462797));
#11799=DIRECTION('ref_axis',(0.,-0.500421834462797,0.865781720523649));
#11800=DIRECTION('',(1.,0.,0.));
#11801=DIRECTION('center_axis',(-1.,0.,0.));
#11802=DIRECTION('ref_axis',(0.,1.,-1.110223024625E-16));
#11803=DIRECTION('center_axis',(0.,-1.110223024625E-16,-1.));
#11804=DIRECTION('ref_axis',(0.,-1.,1.110223024625E-16));
#11805=DIRECTION('',(1.,0.,0.));
#11806=DIRECTION('center_axis',(0.,0.,1.));
#11807=DIRECTION('ref_axis',(0.,1.,0.));
#11808=DIRECTION('',(1.,0.,0.));
#11809=DIRECTION('center_axis',(0.,0.,1.));
#11810=DIRECTION('ref_axis',(0.,1.,0.));
#11811=DIRECTION('',(1.,0.,0.));
#11812=DIRECTION('center_axis',(0.,0.,1.));
#11813=DIRECTION('ref_axis',(0.,1.,0.));
#11814=DIRECTION('',(1.,0.,0.));
#11815=DIRECTION('center_axis',(0.,0.,1.));
#11816=DIRECTION('ref_axis',(0.,1.,0.));
#11817=DIRECTION('',(1.,0.,0.));
#11818=DIRECTION('center_axis',(0.,1.110223024625E-16,1.));
#11819=DIRECTION('ref_axis',(0.,1.,-1.110223024625E-16));
#11820=DIRECTION('',(0.,1.,0.));
#11821=DIRECTION('',(1.,0.,0.));
#11822=DIRECTION('center_axis',(0.,1.,-1.110223024625E-16));
#11823=DIRECTION('ref_axis',(0.,-1.110223024625E-16,-1.));
#11824=DIRECTION('',(0.,0.,-1.));
#11825=DIRECTION('center_axis',(0.,-1.110223024625E-16,-1.));
#11826=DIRECTION('ref_axis',(0.,-1.,1.110223024625E-16));
#11827=DIRECTION('',(1.,0.,0.));
#11828=DIRECTION('center_axis',(0.,-1.,1.110223024625E-16));
#11829=DIRECTION('ref_axis',(0.,1.110223024625E-16,1.));
#11830=DIRECTION('center_axis',(-1.,0.,0.));
#11831=DIRECTION('ref_axis',(0.,0.,-1.));
#11832=DIRECTION('',(0.,-1.,-5.782411586589E-18));
#11833=DIRECTION('center_axis',(0.,5.782411586589E-18,-1.));
#11834=DIRECTION('ref_axis',(0.,-1.,-5.782411586589E-18));
#11835=DIRECTION('center_axis',(0.,5.782411586589E-18,-1.));
#11836=DIRECTION('ref_axis',(0.,-1.,-5.782411586589E-18));
#11837=DIRECTION('center_axis',(0.,1.,0.));
#11838=DIRECTION('ref_axis',(0.,0.,-1.));
#11839=DIRECTION('',(1.,0.,0.));
#11840=DIRECTION('center_axis',(0.,0.,-1.));
#11841=DIRECTION('ref_axis',(0.,-1.,0.));
#11842=DIRECTION('center_axis',(0.,1.,0.));
#11843=DIRECTION('ref_axis',(0.,0.,-1.));
#11844=DIRECTION('',(1.,0.,0.));
#11845=DIRECTION('center_axis',(0.,0.,-1.));
#11846=DIRECTION('ref_axis',(0.,-1.,0.));
#11847=DIRECTION('center_axis',(0.,1.,0.));
#11848=DIRECTION('ref_axis',(0.,0.,-1.));
#11849=DIRECTION('',(1.,0.,0.));
#11850=DIRECTION('center_axis',(0.,0.,-1.));
#11851=DIRECTION('ref_axis',(0.,-1.,0.));
#11852=DIRECTION('center_axis',(0.,1.,0.));
#11853=DIRECTION('ref_axis',(0.,0.,-1.));
#11854=DIRECTION('',(1.,0.,0.));
#11855=DIRECTION('center_axis',(0.,0.,-1.));
#11856=DIRECTION('ref_axis',(0.,-1.,0.));
#11857=DIRECTION('center_axis',(0.,-1.,1.110223024625E-16));
#11858=DIRECTION('ref_axis',(1.,0.,0.));
#11859=DIRECTION('center_axis',(0.,-1.,1.110223024625E-16));
#11860=DIRECTION('ref_axis',(1.,0.,0.));
#11861=DIRECTION('',(1.,0.,0.));
#11862=DIRECTION('',(0.,0.,-1.));
#11863=DIRECTION('',(1.,0.,0.));
#11864=DIRECTION('',(0.,0.,-1.));
#11865=DIRECTION('',(0.,0.,-1.));
#11866=DIRECTION('',(1.,0.,0.));
#11867=DIRECTION('',(0.,0.,-1.));
#11868=DIRECTION('',(1.,0.,0.));
#11869=DIRECTION('',(0.,0.,-1.));
#11870=DIRECTION('',(1.,0.,0.));
#11871=DIRECTION('',(0.,0.,-1.));
#11872=DIRECTION('',(1.,0.,0.));
#11873=DIRECTION('',(0.,0.,-1.));
#11874=DIRECTION('',(1.,0.,0.));
#11875=DIRECTION('',(0.,0.,-1.));
#11876=DIRECTION('',(1.,0.,0.));
#11877=DIRECTION('center_axis',(0.,-1.,1.110223024625E-16));
#11878=DIRECTION('ref_axis',(1.,0.,0.));
#11879=DIRECTION('center_axis',(0.,-0.0740815907895589,-0.997252183705851));
#11880=DIRECTION('ref_axis',(0.,-0.997252183705851,0.0740815907895589));
#11881=DIRECTION('',(0.,-0.997252183705851,0.0740815907895589));
#11882=DIRECTION('',(1.,0.,0.));
#11883=DIRECTION('',(0.,-0.997252183705851,0.0740815907895589));
#11884=DIRECTION('center_axis',(-1.,0.,0.));
#11885=DIRECTION('ref_axis',(0.,0.,-1.));
#11886=DIRECTION('',(0.,0.,1.));
#11887=DIRECTION('',(0.,1.,0.));
#11888=DIRECTION('center_axis',(0.,0.,1.));
#11889=DIRECTION('ref_axis',(0.,1.,0.));
#11890=DIRECTION('',(1.,0.,0.));
#11891=DIRECTION('',(0.,1.,0.));
#11892=DIRECTION('center_axis',(-1.,0.,0.));
#11893=DIRECTION('ref_axis',(0.,0.,-1.));
#11894=DIRECTION('',(0.,0.,1.));
#11895=DIRECTION('center_axis',(-1.,0.,0.));
#11896=DIRECTION('ref_axis',(0.,0.,-1.));
#11897=DIRECTION('',(0.,0.,1.));
#11898=DIRECTION('',(0.,1.,0.));
#11899=DIRECTION('',(0.,-0.997252183705851,0.0740815907895589));
#11900=DIRECTION('center_axis',(0.,-0.0740815907895589,-0.997252183705851));
#11901=DIRECTION('ref_axis',(0.,-0.997252183705851,0.0740815907895589));
#11902=DIRECTION('',(0.,-0.997252183705851,0.0740815907895589));
#11903=DIRECTION('',(1.,0.,0.));
#11904=DIRECTION('center_axis',(-1.,0.,0.));
#11905=DIRECTION('ref_axis',(0.,0.,-1.));
#11906=DIRECTION('',(0.,0.,1.));
#11907=DIRECTION('',(0.,1.,0.));
#11908=DIRECTION('center_axis',(0.,0.,1.));
#11909=DIRECTION('ref_axis',(0.,1.,0.));
#11910=DIRECTION('',(1.,0.,0.));
#11911=DIRECTION('center_axis',(-1.,0.,0.));
#11912=DIRECTION('ref_axis',(0.,0.,-1.));
#11913=DIRECTION('',(0.,0.,1.));
#11914=DIRECTION('',(0.,1.,0.));
#11915=DIRECTION('',(0.,-0.997252183705851,0.0740815907895589));
#11916=DIRECTION('center_axis',(0.,-0.0740815907895589,-0.997252183705851));
#11917=DIRECTION('ref_axis',(0.,-0.997252183705851,0.0740815907895589));
#11918=DIRECTION('',(0.,-0.997252183705851,0.0740815907895589));
#11919=DIRECTION('',(1.,0.,0.));
#11920=DIRECTION('center_axis',(-1.,0.,0.));
#11921=DIRECTION('ref_axis',(0.,0.,-1.));
#11922=DIRECTION('',(0.,0.,1.));
#11923=DIRECTION('',(0.,1.,0.));
#11924=DIRECTION('center_axis',(0.,0.,1.));
#11925=DIRECTION('ref_axis',(0.,1.,0.));
#11926=DIRECTION('',(1.,0.,0.));
#11927=DIRECTION('center_axis',(-1.,0.,0.));
#11928=DIRECTION('ref_axis',(0.,0.,-1.));
#11929=DIRECTION('',(0.,0.,1.));
#11930=DIRECTION('',(0.,1.,0.));
#11931=DIRECTION('',(0.,-0.997252183705851,0.0740815907895589));
#11932=DIRECTION('center_axis',(0.,-0.0740815907895589,-0.997252183705851));
#11933=DIRECTION('ref_axis',(0.,-0.997252183705851,0.0740815907895589));
#11934=DIRECTION('',(0.,-0.997252183705851,0.0740815907895589));
#11935=DIRECTION('',(1.,0.,0.));
#11936=DIRECTION('center_axis',(-1.,0.,0.));
#11937=DIRECTION('ref_axis',(0.,0.,-1.));
#11938=DIRECTION('',(0.,0.,1.));
#11939=DIRECTION('',(0.,1.,0.));
#11940=DIRECTION('center_axis',(0.,0.,1.));
#11941=DIRECTION('ref_axis',(0.,1.,0.));
#11942=DIRECTION('',(1.,0.,0.));
#11943=DIRECTION('center_axis',(0.,-1.,0.));
#11944=DIRECTION('ref_axis',(0.,0.,1.));
#11945=DIRECTION('center_axis',(0.,-1.,0.));
#11946=DIRECTION('ref_axis',(0.,0.,1.));
#11947=DIRECTION('center_axis',(0.,-1.,0.));
#11948=DIRECTION('ref_axis',(0.,0.,1.));
#11949=DIRECTION('center_axis',(0.,-1.,0.));
#11950=DIRECTION('ref_axis',(0.,0.,1.));
#11951=DIRECTION('',(0.,0.,1.));
#11952=DIRECTION('',(1.,0.,0.));
#11953=DIRECTION('axis',(0.,0.,1.));
#11954=DIRECTION('refdir',(1.,0.,0.));
#11955=DIRECTION('axis',(0.,0.,1.));
#11956=DIRECTION('refdir',(1.,0.,0.));
#11957=DIRECTION('center_axis',(1.,0.,0.));
#11958=DIRECTION('ref_axis',(0.,0.,1.));
#11959=DIRECTION('',(0.,0.,1.));
#11960=DIRECTION('center_axis',(-1.,0.,0.));
#11961=DIRECTION('ref_axis',(0.,0.,1.));
#11962=DIRECTION('',(0.,1.,0.));
#11963=DIRECTION('center_axis',(1.,0.,0.));
#11964=DIRECTION('ref_axis',(0.,0.,1.));
#11965=DIRECTION('',(0.,0.,1.));
#11966=DIRECTION('center_axis',(-1.,0.,0.));
#11967=DIRECTION('ref_axis',(0.,0.,1.));
#11968=DIRECTION('',(0.,1.,0.));
#11969=DIRECTION('center_axis',(1.,0.,0.));
#11970=DIRECTION('ref_axis',(0.,0.,1.));
#11971=DIRECTION('center_axis',(0.,1.,0.));
#11972=DIRECTION('ref_axis',(0.,0.,1.));
#11973=DIRECTION('',(0.,0.,1.));
#11974=DIRECTION('',(1.,0.,0.));
#11975=DIRECTION('',(1.,0.,0.));
#11976=DIRECTION('center_axis',(1.,0.,0.));
#11977=DIRECTION('ref_axis',(0.,-1.,0.));
#11978=DIRECTION('',(1.,0.,0.));
#11979=DIRECTION('center_axis',(1.,0.,0.));
#11980=DIRECTION('ref_axis',(0.,0.,1.));
#11981=DIRECTION('center_axis',(1.,0.,0.));
#11982=DIRECTION('ref_axis',(0.,-1.,0.));
#11983=DIRECTION('center_axis',(-1.,0.,0.));
#11984=DIRECTION('ref_axis',(0.,0.,1.));
#11985=DIRECTION('',(1.,0.,0.));
#11986=DIRECTION('center_axis',(0.,0.,1.));
#11987=DIRECTION('ref_axis',(1.,0.,0.));
#11988=DIRECTION('',(1.,0.,0.));
#11989=DIRECTION('',(0.,1.,0.));
#11990=DIRECTION('center_axis',(0.,0.,1.));
#11991=DIRECTION('ref_axis',(1.,0.,0.));
#11992=DIRECTION('',(0.,1.,0.));
#11993=DIRECTION('',(1.,0.,0.));
#11994=DIRECTION('center_axis',(1.,0.,0.));
#11995=DIRECTION('ref_axis',(0.,1.,0.));
#11996=DIRECTION('',(1.,0.,0.));
#11997=DIRECTION('center_axis',(-1.,0.,0.));
#11998=DIRECTION('ref_axis',(0.,0.,1.));
#11999=DIRECTION('center_axis',(1.,0.,0.));
#12000=DIRECTION('ref_axis',(0.,1.,0.));
#12001=DIRECTION('center_axis',(1.,0.,0.));
#12002=DIRECTION('ref_axis',(0.,0.,1.));
#12003=DIRECTION('',(1.,0.,0.));
#12004=DIRECTION('center_axis',(0.,1.,0.));
#12005=DIRECTION('ref_axis',(0.,0.,1.));
#12006=DIRECTION('',(0.,0.,1.));
#12007=DIRECTION('center_axis',(1.,0.,0.));
#12008=DIRECTION('ref_axis',(0.,0.,1.));
#12009=DIRECTION('center_axis',(1.,0.,0.));
#12010=DIRECTION('ref_axis',(0.,0.,1.));
#12011=DIRECTION('',(0.,0.,1.));
#12012=DIRECTION('center_axis',(-1.,0.,0.));
#12013=DIRECTION('ref_axis',(0.,0.,1.));
#12014=DIRECTION('',(0.,1.,0.));
#12015=DIRECTION('center_axis',(1.,0.,0.));
#12016=DIRECTION('ref_axis',(0.,0.,1.));
#12017=DIRECTION('',(0.,0.,1.));
#12018=DIRECTION('center_axis',(-1.,0.,0.));
#12019=DIRECTION('ref_axis',(0.,0.,1.));
#12020=DIRECTION('',(0.,1.,0.));
#12021=DIRECTION('center_axis',(1.,0.,0.));
#12022=DIRECTION('ref_axis',(0.,-1.,0.));
#12023=DIRECTION('',(1.,0.,0.));
#12024=DIRECTION('center_axis',(1.,0.,0.));
#12025=DIRECTION('ref_axis',(0.,0.,1.));
#12026=DIRECTION('',(1.,0.,0.));
#12027=DIRECTION('center_axis',(0.,0.,1.));
#12028=DIRECTION('ref_axis',(1.,0.,0.));
#12029=DIRECTION('',(1.,0.,0.));
#12030=DIRECTION('',(0.,1.,0.));
#12031=DIRECTION('center_axis',(1.,0.,0.));
#12032=DIRECTION('ref_axis',(0.,1.,0.));
#12033=DIRECTION('',(1.,0.,0.));
#12034=DIRECTION('center_axis',(-1.,0.,0.));
#12035=DIRECTION('ref_axis',(0.,0.,1.));
#12036=DIRECTION('center_axis',(0.,1.,0.));
#12037=DIRECTION('ref_axis',(0.,0.,1.));
#12038=DIRECTION('',(0.,0.,1.));
#12039=DIRECTION('',(1.,0.,0.));
#12040=DIRECTION('center_axis',(1.,0.,0.));
#12041=DIRECTION('ref_axis',(0.,1.,0.));
#12042=DIRECTION('',(1.,0.,0.));
#12043=DIRECTION('center_axis',(1.,0.,0.));
#12044=DIRECTION('ref_axis',(0.,0.,1.));
#12045=DIRECTION('center_axis',(0.,0.,1.));
#12046=DIRECTION('ref_axis',(1.,0.,0.));
#12047=DIRECTION('',(1.,0.,0.));
#12048=DIRECTION('',(0.,1.,0.));
#12049=DIRECTION('center_axis',(1.,0.,0.));
#12050=DIRECTION('ref_axis',(0.,-1.,0.));
#12051=DIRECTION('',(1.,0.,0.));
#12052=DIRECTION('center_axis',(-1.,0.,0.));
#12053=DIRECTION('ref_axis',(0.,0.,1.));
#12054=DIRECTION('center_axis',(0.,1.,0.));
#12055=DIRECTION('ref_axis',(0.,0.,1.));
#12056=DIRECTION('',(0.,0.,1.));
#12057=DIRECTION('center_axis',(1.,0.,0.));
#12058=DIRECTION('ref_axis',(0.,0.,1.));
#12059=DIRECTION('',(0.,0.,1.));
#12060=DIRECTION('center_axis',(-1.,0.,0.));
#12061=DIRECTION('ref_axis',(0.,0.,1.));
#12062=DIRECTION('',(0.,1.,0.));
#12063=DIRECTION('center_axis',(1.,0.,0.));
#12064=DIRECTION('ref_axis',(0.,0.,1.));
#12065=DIRECTION('',(0.,0.,1.));
#12066=DIRECTION('center_axis',(-1.,0.,0.));
#12067=DIRECTION('ref_axis',(0.,0.,1.));
#12068=DIRECTION('',(0.,1.,0.));
#12069=DIRECTION('center_axis',(1.,0.,0.));
#12070=DIRECTION('ref_axis',(0.,0.,1.));
#12071=DIRECTION('center_axis',(0.,1.,0.));
#12072=DIRECTION('ref_axis',(0.,0.,1.));
#12073=DIRECTION('',(0.,0.,1.));
#12074=DIRECTION('',(1.,0.,0.));
#12075=DIRECTION('',(1.,0.,0.));
#12076=DIRECTION('center_axis',(1.,0.,0.));
#12077=DIRECTION('ref_axis',(0.,-1.,0.));
#12078=DIRECTION('',(1.,0.,0.));
#12079=DIRECTION('center_axis',(1.,0.,0.));
#12080=DIRECTION('ref_axis',(0.,0.,1.));
#12081=DIRECTION('center_axis',(1.,0.,0.));
#12082=DIRECTION('ref_axis',(0.,-1.,0.));
#12083=DIRECTION('center_axis',(-1.,0.,0.));
#12084=DIRECTION('ref_axis',(0.,0.,1.));
#12085=DIRECTION('',(1.,0.,0.));
#12086=DIRECTION('center_axis',(0.,0.,1.));
#12087=DIRECTION('ref_axis',(1.,0.,0.));
#12088=DIRECTION('',(1.,0.,0.));
#12089=DIRECTION('',(0.,1.,0.));
#12090=DIRECTION('center_axis',(0.,0.,1.));
#12091=DIRECTION('ref_axis',(1.,0.,0.));
#12092=DIRECTION('',(0.,1.,0.));
#12093=DIRECTION('',(1.,0.,0.));
#12094=DIRECTION('center_axis',(1.,0.,0.));
#12095=DIRECTION('ref_axis',(0.,1.,0.));
#12096=DIRECTION('',(1.,0.,0.));
#12097=DIRECTION('center_axis',(-1.,0.,0.));
#12098=DIRECTION('ref_axis',(0.,0.,1.));
#12099=DIRECTION('center_axis',(1.,0.,0.));
#12100=DIRECTION('ref_axis',(0.,1.,0.));
#12101=DIRECTION('center_axis',(1.,0.,0.));
#12102=DIRECTION('ref_axis',(0.,0.,1.));
#12103=DIRECTION('',(1.,0.,0.));
#12104=DIRECTION('center_axis',(0.,1.,0.));
#12105=DIRECTION('ref_axis',(0.,0.,1.));
#12106=DIRECTION('',(0.,0.,1.));
#12107=DIRECTION('center_axis',(1.,0.,0.));
#12108=DIRECTION('ref_axis',(0.,0.,1.));
#12109=DIRECTION('',(0.,0.,1.));
#12110=DIRECTION('',(1.,0.,0.));
#12111=DIRECTION('axis',(0.,0.,1.));
#12112=DIRECTION('refdir',(1.,0.,0.));
#12113=DIRECTION('axis',(0.,0.,1.));
#12114=DIRECTION('refdir',(1.,0.,0.));
#12115=DIRECTION('center_axis',(0.,-0.990268068741477,0.139173100960731));
#12116=DIRECTION('ref_axis',(0.,-0.139173100960731,-0.990268068741477));
#12117=DIRECTION('',(1.,1.110223024625E-16,0.));
#12118=DIRECTION('',(-0.069418680829641,0.138837361660802,0.987879159492162));
#12119=DIRECTION('',(1.,1.110223024625E-16,0.));
#12120=DIRECTION('',(0.069418680829641,0.138837361660802,0.987879159492162));
#12121=DIRECTION('center_axis',(0.,0.,1.));
#12122=DIRECTION('ref_axis',(0.43658743396403,-0.899661832304063,0.));
#12123=DIRECTION('',(0.707106781186548,-0.707106781186548,0.));
#12124=DIRECTION('',(1.110223024625E-16,-1.,0.));
#12125=DIRECTION('',(-0.707106781186548,-0.707106781186548,0.));
#12126=DIRECTION('',(-1.,-1.110223024625E-16,0.));
#12127=DIRECTION('',(-0.707106781186548,0.707106781186548,0.));
#12128=DIRECTION('',(-1.110223024625E-16,1.,0.));
#12129=DIRECTION('',(0.707106781186548,0.707106781186548,0.));
#12130=DIRECTION('center_axis',(-0.699379129651787,-0.699379129651787,0.147436989982222));
#12131=DIRECTION('ref_axis',(0.206277448964772,0.,0.978493543181858));
#12132=DIRECTION('',(0.707106781186548,-0.707106781186548,0.));
#12133=DIRECTION('',(0.138837361660803,0.0694186808296415,0.987879159492162));
#12134=DIRECTION('center_axis',(1.110223024625E-16,-1.,0.));
#12135=DIRECTION('ref_axis',(1.,1.110223024625E-16,0.));
#12136=DIRECTION('',(0.,0.,1.));
#12137=DIRECTION('',(1.,1.110223024625E-16,0.));
#12138=DIRECTION('',(0.,0.,1.));
#12139=DIRECTION('center_axis',(0.699379129651787,-0.699379129651787,0.147436989982222));
#12140=DIRECTION('ref_axis',(0.206277448964772,0.,-0.978493543181858));
#12141=DIRECTION('',(-0.138837361660803,0.0694186808296415,0.987879159492162));
#12142=DIRECTION('',(0.707106781186548,0.707106781186548,0.));
#12143=DIRECTION('center_axis',(0.990268068741477,0.,0.139173100960731));
#12144=DIRECTION('ref_axis',(0.139173100960731,0.,-0.990268068741477));
#12145=DIRECTION('',(-0.138837361660803,-0.0694186808296415,0.987879159492162));
#12146=DIRECTION('',(-1.110223024625E-16,1.,0.));
#12147=DIRECTION('',(-1.110223024625E-16,1.,0.));
#12148=DIRECTION('',(-1.110223024625E-16,1.,0.));
#12149=DIRECTION('',(-1.110223024625E-16,1.,0.));
#12150=DIRECTION('',(-1.110223024625E-16,1.,0.));
#12151=DIRECTION('',(-1.110223024625E-16,1.,0.));
#12152=DIRECTION('',(-1.110223024625E-16,1.,0.));
#12153=DIRECTION('center_axis',(-0.990268068741477,0.,0.139173100960731));
#12154=DIRECTION('ref_axis',(0.139173100960731,0.,0.990268068741477));
#12155=DIRECTION('',(1.110223024625E-16,-1.,0.));
#12156=DIRECTION('',(1.110223024625E-16,-1.,0.));
#12157=DIRECTION('',(1.110223024625E-16,-1.,0.));
#12158=DIRECTION('',(1.110223024625E-16,-1.,0.));
#12159=DIRECTION('',(1.110223024625E-16,-1.,0.));
#12160=DIRECTION('',(1.110223024625E-16,-1.,0.));
#12161=DIRECTION('',(1.110223024625E-16,-1.,0.));
#12162=DIRECTION('',(0.138837361660803,-0.0694186808296415,0.987879159492162));
#12163=DIRECTION('center_axis',(0.699379129651787,0.699379129651787,0.147436989982222));
#12164=DIRECTION('ref_axis',(0.206277448964772,0.,-0.978493543181858));
#12165=DIRECTION('',(-0.069418680829641,-0.138837361660802,0.987879159492162));
#12166=DIRECTION('',(-0.707106781186548,0.707106781186548,0.));
#12167=DIRECTION('center_axis',(-0.699379129651787,0.699379129651787,0.147436989982222));
#12168=DIRECTION('ref_axis',(0.206277448964772,0.,0.978493543181858));
#12169=DIRECTION('',(-0.707106781186548,-0.707106781186548,0.));
#12170=DIRECTION('',(0.069418680829641,-0.138837361660802,0.987879159492162));
#12171=DIRECTION('center_axis',(0.,0.990268068741477,0.139173100960731));
#12172=DIRECTION('ref_axis',(0.,-0.139173100960731,0.990268068741477));
#12173=DIRECTION('',(-1.,-1.110223024625E-16,0.));
#12174=DIRECTION('center_axis',(-0.707106781186548,-0.707106781186548,0.));
#12175=DIRECTION('ref_axis',(0.707106781186548,-0.707106781186548,0.));
#12176=DIRECTION('',(0.707106781186548,-0.707106781186548,0.));
#12177=DIRECTION('',(0.,0.,1.));
#12178=DIRECTION('center_axis',(4.595758349624E-18,6.551522493592E-27,-1.));
#12179=DIRECTION('ref_axis',(1.,1.51922136901E-16,4.595758349624E-18));
#12180=DIRECTION('',(0.707106781186548,0.707106781186548,0.));
#12181=DIRECTION('',(-1.110223024625E-16,1.,0.));
#12182=DIRECTION('',(1.,-1.144237745222E-17,0.));
#12183=DIRECTION('',(-1.110223024625E-16,1.,0.));
#12184=DIRECTION('',(0.707106781186548,0.707106781186548,0.));
#12185=DIRECTION('',(1.,1.110223024625E-16,0.));
#12186=DIRECTION('',(0.707106781186548,-0.707106781186548,0.));
#12187=DIRECTION('',(1.110223024625E-16,-1.,0.));
#12188=DIRECTION('',(-1.,-1.110223024625E-16,0.));
#12189=DIRECTION('',(1.110223024625E-16,-1.,0.));
#12190=DIRECTION('center_axis',(0.707106781186548,-0.707106781186548,0.));
#12191=DIRECTION('ref_axis',(0.707106781186548,0.707106781186548,0.));
#12192=DIRECTION('',(0.,0.,1.));
#12193=DIRECTION('center_axis',(1.,1.110223024625E-16,0.));
#12194=DIRECTION('ref_axis',(-1.110223024625E-16,1.,0.));
#12195=DIRECTION('',(0.,0.,1.));
#12196=DIRECTION('',(-1.110223024625E-16,1.,0.));
#12197=DIRECTION('',(0.,0.,1.));
#12198=DIRECTION('center_axis',(0.,0.,1.));
#12199=DIRECTION('ref_axis',(-1.,1.144237745222E-17,0.));
#12200=DIRECTION('',(-1.,1.144237745222E-17,0.));
#12201=DIRECTION('',(1.144237745222E-17,1.,0.));
#12202=DIRECTION('',(-1.,1.144237745222E-17,0.));
#12203=DIRECTION('center_axis',(1.,1.110223024625E-16,0.));
#12204=DIRECTION('ref_axis',(-1.110223024625E-16,1.,0.));
#12205=DIRECTION('',(0.,0.,1.));
#12206=DIRECTION('',(-1.110223024625E-16,1.,0.));
#12207=DIRECTION('',(0.,0.,1.));
#12208=DIRECTION('center_axis',(0.,0.,1.));
#12209=DIRECTION('ref_axis',(-1.,1.144237745222E-17,0.));
#12210=DIRECTION('',(-1.,1.144237745222E-17,0.));
#12211=DIRECTION('',(1.144237745222E-17,1.,0.));
#12212=DIRECTION('',(-1.,1.144237745222E-17,0.));
#12213=DIRECTION('center_axis',(1.,1.110223024625E-16,0.));
#12214=DIRECTION('ref_axis',(-1.110223024625E-16,1.,0.));
#12215=DIRECTION('',(0.,0.,1.));
#12216=DIRECTION('',(-1.110223024625E-16,1.,0.));
#12217=DIRECTION('',(0.,0.,1.));
#12218=DIRECTION('center_axis',(0.,0.,1.));
#12219=DIRECTION('ref_axis',(-1.,1.144237745222E-17,0.));
#12220=DIRECTION('',(-1.,1.144237745222E-17,0.));
#12221=DIRECTION('',(1.144237745222E-17,1.,0.));
#12222=DIRECTION('',(-1.,1.144237745222E-17,0.));
#12223=DIRECTION('center_axis',(1.,1.110223024625E-16,0.));
#12224=DIRECTION('ref_axis',(-1.110223024625E-16,1.,0.));
#12225=DIRECTION('',(0.,0.,1.));
#12226=DIRECTION('center_axis',(-1.,-1.110223024625E-16,0.));
#12227=DIRECTION('ref_axis',(1.110223024625E-16,-1.,0.));
#12228=DIRECTION('',(0.,0.,1.));
#12229=DIRECTION('center_axis',(0.,0.,1.));
#12230=DIRECTION('ref_axis',(1.,1.110223024625E-16,0.));
#12231=DIRECTION('',(1.,1.110223024625E-16,0.));
#12232=DIRECTION('',(1.110223024625E-16,-1.,0.));
#12233=DIRECTION('',(1.,1.110223024625E-16,0.));
#12234=DIRECTION('center_axis',(-1.,-1.110223024625E-16,0.));
#12235=DIRECTION('ref_axis',(1.110223024625E-16,-1.,0.));
#12236=DIRECTION('',(0.,0.,1.));
#12237=DIRECTION('',(1.110223024625E-16,-1.,0.));
#12238=DIRECTION('',(0.,0.,1.));
#12239=DIRECTION('center_axis',(0.,0.,1.));
#12240=DIRECTION('ref_axis',(1.,1.110223024625E-16,0.));
#12241=DIRECTION('',(1.,1.110223024625E-16,0.));
#12242=DIRECTION('',(1.110223024625E-16,-1.,0.));
#12243=DIRECTION('',(1.,1.110223024625E-16,0.));
#12244=DIRECTION('center_axis',(-1.,-1.110223024625E-16,0.));
#12245=DIRECTION('ref_axis',(1.110223024625E-16,-1.,0.));
#12246=DIRECTION('',(0.,0.,1.));
#12247=DIRECTION('',(1.110223024625E-16,-1.,0.));
#12248=DIRECTION('',(0.,0.,1.));
#12249=DIRECTION('center_axis',(0.,0.,1.));
#12250=DIRECTION('ref_axis',(1.,1.110223024625E-16,0.));
#12251=DIRECTION('',(1.,1.110223024625E-16,0.));
#12252=DIRECTION('',(1.110223024625E-16,-1.,0.));
#12253=DIRECTION('',(1.,1.110223024625E-16,0.));
#12254=DIRECTION('center_axis',(-1.,-1.110223024625E-16,0.));
#12255=DIRECTION('ref_axis',(1.110223024625E-16,-1.,0.));
#12256=DIRECTION('',(0.,0.,1.));
#12257=DIRECTION('',(1.110223024625E-16,-1.,0.));
#12258=DIRECTION('',(0.,0.,1.));
#12259=DIRECTION('center_axis',(0.707106781186548,0.707106781186548,0.));
#12260=DIRECTION('ref_axis',(-0.707106781186548,0.707106781186548,0.));
#12261=DIRECTION('',(0.,0.,1.));
#12262=DIRECTION('',(-0.707106781186548,0.707106781186548,0.));
#12263=DIRECTION('center_axis',(-0.707106781186548,0.707106781186548,0.));
#12264=DIRECTION('ref_axis',(-0.707106781186548,-0.707106781186548,0.));
#12265=DIRECTION('',(-0.707106781186548,-0.707106781186548,0.));
#12266=DIRECTION('',(0.,0.,1.));
#12267=DIRECTION('center_axis',(-1.110223024625E-16,1.,0.));
#12268=DIRECTION('ref_axis',(-1.,-1.110223024625E-16,0.));
#12269=DIRECTION('',(-1.,-1.110223024625E-16,0.));
#12270=DIRECTION('center_axis',(0.,0.,-1.));
#12271=DIRECTION('ref_axis',(1.,-1.144237745222E-17,0.));
#12272=DIRECTION('',(1.,-1.144237745222E-17,0.));
#12273=DIRECTION('',(1.,-1.144237745222E-17,0.));
#12274=DIRECTION('',(-1.110223024625E-16,1.,0.));
#12275=DIRECTION('',(1.,-1.144237745222E-17,0.));
#12276=DIRECTION('',(1.144237745222E-17,1.,0.));
#12277=DIRECTION('center_axis',(0.990268068741477,0.,-0.139173100960731));
#12278=DIRECTION('ref_axis',(-0.139173100960731,0.,-0.990268068741477));
#12279=DIRECTION('',(-1.110223024625E-16,1.,0.));
#12280=DIRECTION('',(0.138837361660803,0.0694186808296415,0.987879159492162));
#12281=DIRECTION('',(-1.110223024625E-16,1.,0.));
#12282=DIRECTION('',(0.138837361660803,-0.0694186808296415,0.987879159492162));
#12283=DIRECTION('',(-1.110223024625E-16,1.,0.));
#12284=DIRECTION('',(-1.110223024625E-16,1.,0.));
#12285=DIRECTION('',(-1.110223024625E-16,1.,0.));
#12286=DIRECTION('',(-1.110223024625E-16,1.,0.));
#12287=DIRECTION('center_axis',(0.699379129651787,-0.699379129651787,-0.147436989982222));
#12288=DIRECTION('ref_axis',(-0.206277448964772,0.,-0.978493543181858));
#12289=DIRECTION('',(0.707106781186548,0.707106781186548,0.));
#12290=DIRECTION('',(0.0694186808296415,-0.138837361660802,0.987879159492162));
#12291=DIRECTION('center_axis',(0.,-0.990268068741477,-0.139173100960731));
#12292=DIRECTION('ref_axis',(0.,0.139173100960731,-0.990268068741477));
#12293=DIRECTION('',(1.,1.110223024625E-16,0.));
#12294=DIRECTION('',(-0.0694186808296415,-0.138837361660802,0.987879159492162));
#12295=DIRECTION('center_axis',(-0.699379129651787,-0.699379129651787,-0.147436989982222));
#12296=DIRECTION('ref_axis',(-0.206277448964772,0.,0.978493543181858));
#12297=DIRECTION('',(0.707106781186548,-0.707106781186548,0.));
#12298=DIRECTION('',(-0.138837361660803,-0.0694186808296415,0.987879159492162));
#12299=DIRECTION('center_axis',(-0.990268068741477,0.,-0.139173100960731));
#12300=DIRECTION('ref_axis',(-0.139173100960731,0.,0.990268068741477));
#12301=DIRECTION('',(1.110223024625E-16,-1.,0.));
#12302=DIRECTION('',(-0.138837361660803,0.0694186808296415,0.987879159492162));
#12303=DIRECTION('',(1.110223024625E-16,-1.,0.));
#12304=DIRECTION('',(1.110223024625E-16,-1.,0.));
#12305=DIRECTION('',(1.110223024625E-16,-1.,0.));
#12306=DIRECTION('',(1.110223024625E-16,-1.,0.));
#12307=DIRECTION('',(1.110223024625E-16,-1.,0.));
#12308=DIRECTION('',(1.110223024625E-16,-1.,0.));
#12309=DIRECTION('center_axis',(0.,0.,-1.));
#12310=DIRECTION('ref_axis',(-1.,-1.110223024625E-16,0.));
#12311=DIRECTION('',(-1.,-1.110223024625E-16,0.));
#12312=DIRECTION('',(-1.,-1.110223024625E-16,0.));
#12313=DIRECTION('',(-1.,-1.110223024625E-16,0.));
#12314=DIRECTION('',(1.110223024625E-16,-1.,0.));
#12315=DIRECTION('center_axis',(4.595758349624E-18,6.551522493592E-27,-1.));
#12316=DIRECTION('ref_axis',(1.,1.51922136901E-16,4.595758349624E-18));
#12317=DIRECTION('',(-1.,-1.110223024625E-16,0.));
#12318=DIRECTION('',(-0.707106781186548,-0.707106781186548,0.));
#12319=DIRECTION('',(-1.,-1.110223024625E-16,0.));
#12320=DIRECTION('',(-0.707106781186548,0.707106781186548,0.));
#12321=DIRECTION('',(1.,-1.144237745222E-17,0.));
#12322=DIRECTION('center_axis',(1.144237745222E-17,1.,0.));
#12323=DIRECTION('ref_axis',(0.,0.,1.));
#12324=DIRECTION('',(1.,-1.144237745222E-17,0.));
#12325=DIRECTION('center_axis',(1.144237745222E-17,1.,7.703719777549E-34));
#12326=DIRECTION('ref_axis',(-0.98480775301219,1.12685420278381E-17,0.173648177667033));
#12327=DIRECTION('',(0.162423314011974,-1.85850886596371E-18,0.986721169867845));
#12328=DIRECTION('center_axis',(-1.144237745222E-17,-1.,0.));
#12329=DIRECTION('ref_axis',(-2.22044604925E-15,2.54071818078092E-32,-1.));
#12330=DIRECTION('',(1.,-1.144237745222E-17,0.));
#12331=DIRECTION('',(0.,0.,1.));
#12332=DIRECTION('',(-1.,1.144237745222E-17,0.));
#12333=DIRECTION('center_axis',(1.144237745222E-17,1.,1.155557966632E-33));
#12334=DIRECTION('ref_axis',(0.98480775301219,-1.12685420278381E-17,-0.173648177667033));
#12335=DIRECTION('',(-0.162423314011974,1.85850886596371E-18,-0.986721169867845));
#12336=DIRECTION('center_axis',(-1.144237745222E-17,-1.,0.));
#12337=DIRECTION('ref_axis',(0.,0.,1.));
#12338=DIRECTION('center_axis',(-1.144237745222E-17,-1.,0.));
#12339=DIRECTION('ref_axis',(0.,0.,1.));
#12340=DIRECTION('',(1.144237745222E-17,1.,0.));
#12341=DIRECTION('center_axis',(-1.144237745222E-17,-1.,0.));
#12342=DIRECTION('ref_axis',(0.,0.,1.));
#12343=DIRECTION('center_axis',(1.144237745222E-17,1.,0.));
#12344=DIRECTION('ref_axis',(0.,0.,1.));
#12345=DIRECTION('',(-0.162423314011974,1.85850886596371E-18,-0.986721169867845));
#12346=DIRECTION('center_axis',(1.144237745222E-17,1.,1.155557966632E-33));
#12347=DIRECTION('ref_axis',(0.98480775301219,-1.12685420278381E-17,-0.173648177667033));
#12348=DIRECTION('',(-1.,1.144237745222E-17,0.));
#12349=DIRECTION('',(0.,0.,1.));
#12350=DIRECTION('',(1.,-1.144237745222E-17,0.));
#12351=DIRECTION('center_axis',(-1.144237745222E-17,-1.,0.));
#12352=DIRECTION('ref_axis',(-2.22044604925E-15,2.54071818078092E-32,-1.));
#12353=DIRECTION('',(0.162423314011974,-1.85850886596371E-18,0.986721169867845));
#12354=DIRECTION('center_axis',(1.144237745222E-17,1.,7.703719777549E-34));
#12355=DIRECTION('ref_axis',(-0.98480775301219,1.12685420278381E-17,0.173648177667033));
#12356=DIRECTION('',(1.,-1.144237745222E-17,0.));
#12357=DIRECTION('center_axis',(4.595758349624E-18,6.551522493592E-27,-1.));
#12358=DIRECTION('ref_axis',(1.,1.51922136901E-16,4.595758349624E-18));
#12359=DIRECTION('',(1.,-1.144237745222E-17,0.));
#12360=DIRECTION('',(1.,-1.144237745222E-17,0.));
#12361=DIRECTION('center_axis',(1.144237745222E-17,1.,0.));
#12362=DIRECTION('ref_axis',(0.,0.,1.));
#12363=DIRECTION('',(1.,-1.144237745222E-17,0.));
#12364=DIRECTION('center_axis',(1.144237745222E-17,1.,7.703719777549E-34));
#12365=DIRECTION('ref_axis',(-0.98480775301219,1.12685420278381E-17,0.173648177667033));
#12366=DIRECTION('',(0.162423314011974,-1.85850886596371E-18,0.986721169867845));
#12367=DIRECTION('center_axis',(-1.144237745222E-17,-1.,0.));
#12368=DIRECTION('ref_axis',(-2.22044604925E-15,2.54071818078092E-32,-1.));
#12369=DIRECTION('',(1.,-1.144237745222E-17,0.));
#12370=DIRECTION('',(0.,0.,1.));
#12371=DIRECTION('',(-1.,1.144237745222E-17,0.));
#12372=DIRECTION('center_axis',(1.144237745222E-17,1.,1.155557966632E-33));
#12373=DIRECTION('ref_axis',(0.98480775301219,-1.12685420278381E-17,-0.173648177667033));
#12374=DIRECTION('',(-0.162423314011974,1.85850886596371E-18,-0.986721169867845));
#12375=DIRECTION('center_axis',(-1.144237745222E-17,-1.,0.));
#12376=DIRECTION('ref_axis',(0.,0.,1.));
#12377=DIRECTION('center_axis',(-1.144237745222E-17,-1.,0.));
#12378=DIRECTION('ref_axis',(0.,0.,1.));
#12379=DIRECTION('',(1.144237745222E-17,1.,0.));
#12380=DIRECTION('center_axis',(-1.144237745222E-17,-1.,0.));
#12381=DIRECTION('ref_axis',(0.,0.,1.));
#12382=DIRECTION('center_axis',(1.144237745222E-17,1.,0.));
#12383=DIRECTION('ref_axis',(0.,0.,1.));
#12384=DIRECTION('',(-0.162423314011974,1.85850886596371E-18,-0.986721169867845));
#12385=DIRECTION('center_axis',(1.144237745222E-17,1.,1.155557966632E-33));
#12386=DIRECTION('ref_axis',(0.98480775301219,-1.12685420278381E-17,-0.173648177667033));
#12387=DIRECTION('',(-1.,1.144237745222E-17,0.));
#12388=DIRECTION('',(0.,0.,1.));
#12389=DIRECTION('',(1.,-1.144237745222E-17,0.));
#12390=DIRECTION('center_axis',(-1.144237745222E-17,-1.,0.));
#12391=DIRECTION('ref_axis',(-2.22044604925E-15,2.54071818078092E-32,-1.));
#12392=DIRECTION('',(0.162423314011974,-1.85850886596371E-18,0.986721169867845));
#12393=DIRECTION('center_axis',(1.144237745222E-17,1.,7.703719777549E-34));
#12394=DIRECTION('ref_axis',(-0.98480775301219,1.12685420278381E-17,0.173648177667033));
#12395=DIRECTION('',(1.,-1.144237745222E-17,0.));
#12396=DIRECTION('center_axis',(4.595758349624E-18,6.551522493592E-27,-1.));
#12397=DIRECTION('ref_axis',(1.,1.51922136901E-16,4.595758349624E-18));
#12398=DIRECTION('',(1.,-1.144237745222E-17,0.));
#12399=DIRECTION('center_axis',(1.144237745222E-17,1.,0.));
#12400=DIRECTION('ref_axis',(0.,0.,1.));
#12401=DIRECTION('center_axis',(1.144237745222E-17,1.,7.703719777549E-34));
#12402=DIRECTION('ref_axis',(-0.98480775301219,1.12685420278381E-17,0.173648177667033));
#12403=DIRECTION('',(0.162423314011974,-1.85850886596371E-18,0.986721169867845));
#12404=DIRECTION('center_axis',(-1.144237745222E-17,-1.,0.));
#12405=DIRECTION('ref_axis',(-2.22044604925E-15,2.54071818078092E-32,-1.));
#12406=DIRECTION('',(1.,-1.144237745222E-17,0.));
#12407=DIRECTION('',(0.,0.,1.));
#12408=DIRECTION('',(-1.,1.144237745222E-17,0.));
#12409=DIRECTION('center_axis',(1.144237745222E-17,1.,1.155557966632E-33));
#12410=DIRECTION('ref_axis',(0.98480775301219,-1.12685420278381E-17,-0.173648177667033));
#12411=DIRECTION('',(-0.162423314011974,1.85850886596371E-18,-0.986721169867845));
#12412=DIRECTION('center_axis',(-1.144237745222E-17,-1.,0.));
#12413=DIRECTION('ref_axis',(0.,0.,1.));
#12414=DIRECTION('center_axis',(-1.144237745222E-17,-1.,0.));
#12415=DIRECTION('ref_axis',(0.,0.,1.));
#12416=DIRECTION('',(1.144237745222E-17,1.,0.));
#12417=DIRECTION('center_axis',(-1.144237745222E-17,-1.,0.));
#12418=DIRECTION('ref_axis',(0.,0.,1.));
#12419=DIRECTION('center_axis',(1.144237745222E-17,1.,0.));
#12420=DIRECTION('ref_axis',(0.,0.,1.));
#12421=DIRECTION('',(-0.162423314011974,1.85850886596371E-18,-0.986721169867845));
#12422=DIRECTION('center_axis',(1.144237745222E-17,1.,1.155557966632E-33));
#12423=DIRECTION('ref_axis',(0.98480775301219,-1.12685420278381E-17,-0.173648177667033));
#12424=DIRECTION('',(-1.,1.144237745222E-17,0.));
#12425=DIRECTION('',(0.,0.,1.));
#12426=DIRECTION('',(1.,-1.144237745222E-17,0.));
#12427=DIRECTION('center_axis',(-1.144237745222E-17,-1.,0.));
#12428=DIRECTION('ref_axis',(-2.22044604925E-15,2.54071818078092E-32,-1.));
#12429=DIRECTION('',(0.162423314011974,-1.85850886596371E-18,0.986721169867845));
#12430=DIRECTION('center_axis',(1.144237745222E-17,1.,7.703719777549E-34));
#12431=DIRECTION('ref_axis',(-0.98480775301219,1.12685420278381E-17,0.173648177667033));
#12432=DIRECTION('center_axis',(1.110223024625E-16,-1.,0.));
#12433=DIRECTION('ref_axis',(0.,0.,1.));
#12434=DIRECTION('center_axis',(1.110223024625E-16,-1.,0.));
#12435=DIRECTION('ref_axis',(0.98480775301219,1.09335624222334E-16,0.173648177667033));
#12436=DIRECTION('',(-0.162423314011974,-1.80326102951872E-17,0.986721169867845));
#12437=DIRECTION('center_axis',(-1.110223024625E-16,1.,0.));
#12438=DIRECTION('ref_axis',(2.22044604925E-15,2.46519032881497E-31,-1.));
#12439=DIRECTION('',(-1.,-1.110223024625E-16,0.));
#12440=DIRECTION('',(0.,0.,1.));
#12441=DIRECTION('',(1.,1.110223024625E-16,0.));
#12442=DIRECTION('center_axis',(1.110223024625E-16,-1.,0.));
#12443=DIRECTION('ref_axis',(-0.98480775301219,-1.09335624222334E-16,-0.173648177667033));
#12444=DIRECTION('',(0.162423314011974,1.80326102951872E-17,-0.986721169867845));
#12445=DIRECTION('center_axis',(-1.110223024625E-16,1.,0.));
#12446=DIRECTION('ref_axis',(0.,0.,1.));
#12447=DIRECTION('center_axis',(-1.110223024625E-16,1.,0.));
#12448=DIRECTION('ref_axis',(0.,0.,1.));
#12449=DIRECTION('',(1.110223024625E-16,-1.,0.));
#12450=DIRECTION('center_axis',(-1.110223024625E-16,1.,0.));
#12451=DIRECTION('ref_axis',(0.,0.,1.));
#12452=DIRECTION('center_axis',(1.110223024625E-16,-1.,0.));
#12453=DIRECTION('ref_axis',(0.,0.,1.));
#12454=DIRECTION('',(0.162423314011974,1.80326102951872E-17,-0.986721169867845));
#12455=DIRECTION('center_axis',(1.110223024625E-16,-1.,0.));
#12456=DIRECTION('ref_axis',(-0.98480775301219,-1.09335624222334E-16,-0.173648177667033));
#12457=DIRECTION('',(1.,1.110223024625E-16,0.));
#12458=DIRECTION('',(0.,0.,1.));
#12459=DIRECTION('',(-1.,-1.110223024625E-16,0.));
#12460=DIRECTION('center_axis',(-1.110223024625E-16,1.,0.));
#12461=DIRECTION('ref_axis',(2.22044604925E-15,2.46519032881497E-31,-1.));
#12462=DIRECTION('',(-0.162423314011974,-1.80326102951872E-17,0.986721169867845));
#12463=DIRECTION('center_axis',(1.110223024625E-16,-1.,0.));
#12464=DIRECTION('ref_axis',(0.98480775301219,1.09335624222334E-16,0.173648177667033));
#12465=DIRECTION('center_axis',(4.595758349624E-18,6.551522493592E-27,-1.));
#12466=DIRECTION('ref_axis',(1.,1.51922136901E-16,4.595758349624E-18));
#12467=DIRECTION('',(-1.,-1.110223024625E-16,0.));
#12468=DIRECTION('center_axis',(1.110223024625E-16,-1.,0.));
#12469=DIRECTION('ref_axis',(0.,0.,1.));
#12470=DIRECTION('',(-1.,-1.110223024625E-16,0.));
#12471=DIRECTION('center_axis',(1.110223024625E-16,-1.,0.));
#12472=DIRECTION('ref_axis',(0.98480775301219,1.09335624222334E-16,0.173648177667033));
#12473=DIRECTION('',(-0.162423314011974,-1.80326102951872E-17,0.986721169867845));
#12474=DIRECTION('center_axis',(-1.110223024625E-16,1.,0.));
#12475=DIRECTION('ref_axis',(2.22044604925E-15,2.46519032881497E-31,-1.));
#12476=DIRECTION('',(-1.,-1.110223024625E-16,0.));
#12477=DIRECTION('',(0.,0.,1.));
#12478=DIRECTION('',(1.,1.110223024625E-16,0.));
#12479=DIRECTION('center_axis',(1.110223024625E-16,-1.,0.));
#12480=DIRECTION('ref_axis',(-0.98480775301219,-1.09335624222334E-16,-0.173648177667033));
#12481=DIRECTION('',(0.162423314011974,1.80326102951872E-17,-0.986721169867845));
#12482=DIRECTION('center_axis',(-1.110223024625E-16,1.,0.));
#12483=DIRECTION('ref_axis',(0.,0.,1.));
#12484=DIRECTION('center_axis',(-1.110223024625E-16,1.,0.));
#12485=DIRECTION('ref_axis',(0.,0.,1.));
#12486=DIRECTION('',(1.110223024625E-16,-1.,0.));
#12487=DIRECTION('center_axis',(-1.110223024625E-16,1.,0.));
#12488=DIRECTION('ref_axis',(0.,0.,1.));
#12489=DIRECTION('center_axis',(1.110223024625E-16,-1.,0.));
#12490=DIRECTION('ref_axis',(0.,0.,1.));
#12491=DIRECTION('',(0.162423314011974,1.80326102951872E-17,-0.986721169867845));
#12492=DIRECTION('center_axis',(1.110223024625E-16,-1.,0.));
#12493=DIRECTION('ref_axis',(-0.98480775301219,-1.09335624222334E-16,-0.173648177667033));
#12494=DIRECTION('',(1.,1.110223024625E-16,0.));
#12495=DIRECTION('',(0.,0.,1.));
#12496=DIRECTION('',(-1.,-1.110223024625E-16,0.));
#12497=DIRECTION('center_axis',(-1.110223024625E-16,1.,0.));
#12498=DIRECTION('ref_axis',(2.22044604925E-15,2.46519032881497E-31,-1.));
#12499=DIRECTION('',(-0.162423314011974,-1.80326102951872E-17,0.986721169867845));
#12500=DIRECTION('center_axis',(1.110223024625E-16,-1.,0.));
#12501=DIRECTION('ref_axis',(0.98480775301219,1.09335624222334E-16,0.173648177667033));
#12502=DIRECTION('',(-1.,-1.110223024625E-16,0.));
#12503=DIRECTION('center_axis',(4.595758349624E-18,6.551522493592E-27,-1.));
#12504=DIRECTION('ref_axis',(1.,1.51922136901E-16,4.595758349624E-18));
#12505=DIRECTION('',(-1.,-1.110223024625E-16,0.));
#12506=DIRECTION('',(-1.,-1.110223024625E-16,0.));
#12507=DIRECTION('center_axis',(1.110223024625E-16,-1.,0.));
#12508=DIRECTION('ref_axis',(0.,0.,1.));
#12509=DIRECTION('',(-1.,-1.110223024625E-16,0.));
#12510=DIRECTION('center_axis',(1.110223024625E-16,-1.,0.));
#12511=DIRECTION('ref_axis',(0.98480775301219,1.09335624222334E-16,0.173648177667033));
#12512=DIRECTION('',(-0.162423314011974,-1.80326102951872E-17,0.986721169867845));
#12513=DIRECTION('center_axis',(-1.110223024625E-16,1.,0.));
#12514=DIRECTION('ref_axis',(2.22044604925E-15,2.46519032881497E-31,-1.));
#12515=DIRECTION('',(-1.,-1.110223024625E-16,0.));
#12516=DIRECTION('',(0.,0.,1.));
#12517=DIRECTION('',(1.,1.110223024625E-16,0.));
#12518=DIRECTION('center_axis',(1.110223024625E-16,-1.,0.));
#12519=DIRECTION('ref_axis',(-0.98480775301219,-1.09335624222334E-16,-0.173648177667033));
#12520=DIRECTION('',(0.162423314011974,1.80326102951872E-17,-0.986721169867845));
#12521=DIRECTION('center_axis',(-1.110223024625E-16,1.,0.));
#12522=DIRECTION('ref_axis',(0.,0.,1.));
#12523=DIRECTION('center_axis',(-1.110223024625E-16,1.,0.));
#12524=DIRECTION('ref_axis',(0.,0.,1.));
#12525=DIRECTION('',(1.110223024625E-16,-1.,0.));
#12526=DIRECTION('center_axis',(-1.110223024625E-16,1.,0.));
#12527=DIRECTION('ref_axis',(0.,0.,1.));
#12528=DIRECTION('center_axis',(1.110223024625E-16,-1.,0.));
#12529=DIRECTION('ref_axis',(0.,0.,1.));
#12530=DIRECTION('',(0.162423314011974,1.80326102951872E-17,-0.986721169867845));
#12531=DIRECTION('center_axis',(1.110223024625E-16,-1.,0.));
#12532=DIRECTION('ref_axis',(-0.98480775301219,-1.09335624222334E-16,-0.173648177667033));
#12533=DIRECTION('',(1.,1.110223024625E-16,0.));
#12534=DIRECTION('',(0.,0.,1.));
#12535=DIRECTION('',(-1.,-1.110223024625E-16,0.));
#12536=DIRECTION('center_axis',(-1.110223024625E-16,1.,0.));
#12537=DIRECTION('ref_axis',(2.22044604925E-15,2.46519032881497E-31,-1.));
#12538=DIRECTION('',(-0.162423314011974,-1.80326102951872E-17,0.986721169867845));
#12539=DIRECTION('center_axis',(1.110223024625E-16,-1.,0.));
#12540=DIRECTION('ref_axis',(0.98480775301219,1.09335624222334E-16,0.173648177667033));
#12541=DIRECTION('',(-1.,-1.110223024625E-16,0.));
#12542=DIRECTION('center_axis',(-1.144237745222E-17,-1.,0.));
#12543=DIRECTION('ref_axis',(-0.98480775301219,1.12685420278381E-17,0.173648177667033));
#12544=DIRECTION('',(1.144237745222E-17,1.,0.));
#12545=DIRECTION('center_axis',(0.,0.,-1.));
#12546=DIRECTION('ref_axis',(1.,-1.144237745222E-17,0.));
#12547=DIRECTION('',(1.144237745222E-17,1.,0.));
#12548=DIRECTION('center_axis',(0.,0.,-1.));
#12549=DIRECTION('ref_axis',(1.,-1.144237745222E-17,0.));
#12550=DIRECTION('',(1.144237745222E-17,1.,0.));
#12551=DIRECTION('center_axis',(0.,0.,1.));
#12552=DIRECTION('ref_axis',(0.436386464522171,-0.899759330922353,0.));
#12553=DIRECTION('',(-0.707106781186548,0.707106781186548,0.));
#12554=DIRECTION('',(-1.,-1.110223024625E-16,0.));
#12555=DIRECTION('',(-0.707106781186548,-0.707106781186548,0.));
#12556=DIRECTION('center_axis',(0.,0.,-1.));
#12557=DIRECTION('ref_axis',(1.110223024625E-16,-1.,0.));
#12558=DIRECTION('center_axis',(0.699379129651787,0.699379129651787,-0.147436989982222));
#12559=DIRECTION('ref_axis',(-0.206277448964772,0.,-0.978493543181858));
#12560=DIRECTION('',(0.0694186808296415,0.138837361660802,0.987879159492162));
#12561=DIRECTION('center_axis',(0.,0.,-1.));
#12562=DIRECTION('ref_axis',(-1.,-1.110223024625E-16,0.));
#12563=DIRECTION('',(1.110223024625E-16,-1.,0.));
#12564=DIRECTION('center_axis',(0.,0.,-1.));
#12565=DIRECTION('ref_axis',(-1.,-1.110223024625E-16,0.));
#12566=DIRECTION('',(1.110223024625E-16,-1.,0.));
#12567=DIRECTION('center_axis',(-0.699379129651787,0.699379129651787,-0.147436989982222));
#12568=DIRECTION('ref_axis',(-0.206277448964772,0.,0.978493543181858));
#12569=DIRECTION('',(-0.0694186808296415,0.138837361660802,0.987879159492162));
#12570=DIRECTION('center_axis',(-1.110223024625E-16,1.,0.));
#12571=DIRECTION('ref_axis',(0.98480775301219,1.09335624222334E-16,0.173648177667033));
#12572=DIRECTION('',(1.110223024625E-16,-1.,0.));
#12573=DIRECTION('center_axis',(0.,0.990268068741477,-0.139173100960731));
#12574=DIRECTION('ref_axis',(0.,0.139173100960731,0.990268068741477));
#12575=DIRECTION('center_axis',(-1.144237745222E-17,-1.,0.));
#12576=DIRECTION('ref_axis',(-0.98480775301219,1.12685420278381E-17,0.173648177667033));
#12577=DIRECTION('',(1.144237745222E-17,1.,0.));
#12578=DIRECTION('center_axis',(0.986721169867845,-1.12904360657182E-17,
-0.162423314011974));
#12579=DIRECTION('ref_axis',(0.162423314011974,-1.85850886596371E-18,0.986721169867845));
#12580=DIRECTION('',(1.144237745222E-17,1.,0.));
#12581=DIRECTION('center_axis',(-1.144237745222E-17,-1.,0.));
#12582=DIRECTION('ref_axis',(-2.22044604925E-15,2.54071818078092E-32,-1.));
#12583=DIRECTION('',(1.144237745222E-17,1.,0.));
#12584=DIRECTION('center_axis',(0.,0.,-1.));
#12585=DIRECTION('ref_axis',(1.,-1.144237745222E-17,0.));
#12586=DIRECTION('',(1.144237745222E-17,1.,0.));
#12587=DIRECTION('center_axis',(1.,-1.144237745222E-17,0.));
#12588=DIRECTION('ref_axis',(0.,0.,1.));
#12589=DIRECTION('',(1.144237745222E-17,1.,0.));
#12590=DIRECTION('center_axis',(0.,0.,1.));
#12591=DIRECTION('ref_axis',(-1.,1.144237745222E-17,0.));
#12592=DIRECTION('',(1.144237745222E-17,1.,0.));
#12593=DIRECTION('center_axis',(-1.144237745222E-17,-1.,0.));
#12594=DIRECTION('ref_axis',(0.98480775301219,-1.12685420278381E-17,-0.173648177667033));
#12595=DIRECTION('',(1.144237745222E-17,1.,0.));
#12596=DIRECTION('center_axis',(-0.986721169867845,1.12904360657182E-17,
0.162423314011974));
#12597=DIRECTION('ref_axis',(-0.162423314011974,1.85850886596371E-18,-0.986721169867845));
#12598=DIRECTION('center_axis',(-1.144237745222E-17,-1.,0.));
#12599=DIRECTION('ref_axis',(-0.98480775301219,1.12685420278381E-17,0.173648177667033));
#12600=DIRECTION('',(1.144237745222E-17,1.,0.));
#12601=DIRECTION('center_axis',(0.986721169867845,-1.12904360657182E-17,
-0.162423314011974));
#12602=DIRECTION('ref_axis',(0.162423314011974,-1.85850886596371E-18,0.986721169867845));
#12603=DIRECTION('',(1.144237745222E-17,1.,0.));
#12604=DIRECTION('center_axis',(-1.144237745222E-17,-1.,0.));
#12605=DIRECTION('ref_axis',(-2.22044604925E-15,2.54071818078092E-32,-1.));
#12606=DIRECTION('',(1.144237745222E-17,1.,0.));
#12607=DIRECTION('center_axis',(0.,0.,-1.));
#12608=DIRECTION('ref_axis',(1.,-1.144237745222E-17,0.));
#12609=DIRECTION('',(1.144237745222E-17,1.,0.));
#12610=DIRECTION('center_axis',(1.,-1.144237745222E-17,0.));
#12611=DIRECTION('ref_axis',(0.,0.,1.));
#12612=DIRECTION('',(1.144237745222E-17,1.,0.));
#12613=DIRECTION('center_axis',(0.,0.,1.));
#12614=DIRECTION('ref_axis',(-1.,1.144237745222E-17,0.));
#12615=DIRECTION('',(1.144237745222E-17,1.,0.));
#12616=DIRECTION('center_axis',(-1.144237745222E-17,-1.,0.));
#12617=DIRECTION('ref_axis',(0.98480775301219,-1.12685420278381E-17,-0.173648177667033));
#12618=DIRECTION('',(1.144237745222E-17,1.,0.));
#12619=DIRECTION('center_axis',(-0.986721169867845,1.12904360657182E-17,
0.162423314011974));
#12620=DIRECTION('ref_axis',(-0.162423314011974,1.85850886596371E-18,-0.986721169867845));
#12621=DIRECTION('center_axis',(0.986721169867845,-1.12904360657182E-17,
-0.162423314011974));
#12622=DIRECTION('ref_axis',(0.162423314011974,-1.85850886596371E-18,0.986721169867845));
#12623=DIRECTION('',(1.144237745222E-17,1.,0.));
#12624=DIRECTION('center_axis',(-1.144237745222E-17,-1.,0.));
#12625=DIRECTION('ref_axis',(-2.22044604925E-15,2.54071818078092E-32,-1.));
#12626=DIRECTION('',(1.144237745222E-17,1.,0.));
#12627=DIRECTION('center_axis',(0.,0.,-1.));
#12628=DIRECTION('ref_axis',(1.,-1.144237745222E-17,0.));
#12629=DIRECTION('',(1.144237745222E-17,1.,0.));
#12630=DIRECTION('center_axis',(1.,-1.144237745222E-17,0.));
#12631=DIRECTION('ref_axis',(0.,0.,1.));
#12632=DIRECTION('',(1.144237745222E-17,1.,0.));
#12633=DIRECTION('center_axis',(0.,0.,1.));
#12634=DIRECTION('ref_axis',(-1.,1.144237745222E-17,0.));
#12635=DIRECTION('',(1.144237745222E-17,1.,0.));
#12636=DIRECTION('center_axis',(-1.144237745222E-17,-1.,0.));
#12637=DIRECTION('ref_axis',(0.98480775301219,-1.12685420278381E-17,-0.173648177667033));
#12638=DIRECTION('',(1.144237745222E-17,1.,0.));
#12639=DIRECTION('center_axis',(-0.986721169867845,1.12904360657182E-17,
0.162423314011974));
#12640=DIRECTION('ref_axis',(-0.162423314011974,1.85850886596371E-18,-0.986721169867845));
#12641=DIRECTION('center_axis',(-0.986721169867845,-1.09548056167183E-16,
-0.162423314011974));
#12642=DIRECTION('ref_axis',(-0.162423314011974,-1.80326102951872E-17,0.986721169867845));
#12643=DIRECTION('',(1.110223024625E-16,-1.,0.));
#12644=DIRECTION('center_axis',(-1.110223024625E-16,1.,0.));
#12645=DIRECTION('ref_axis',(2.22044604925E-15,2.46519032881497E-31,-1.));
#12646=DIRECTION('',(1.110223024625E-16,-1.,0.));
#12647=DIRECTION('center_axis',(0.,0.,-1.));
#12648=DIRECTION('ref_axis',(-1.,-1.110223024625E-16,0.));
#12649=DIRECTION('',(1.110223024625E-16,-1.,0.));
#12650=DIRECTION('center_axis',(-1.,-1.110223024625E-16,0.));
#12651=DIRECTION('ref_axis',(0.,0.,1.));
#12652=DIRECTION('',(1.110223024625E-16,-1.,0.));
#12653=DIRECTION('center_axis',(0.,0.,1.));
#12654=DIRECTION('ref_axis',(1.,1.110223024625E-16,0.));
#12655=DIRECTION('',(1.110223024625E-16,-1.,0.));
#12656=DIRECTION('center_axis',(-1.110223024625E-16,1.,0.));
#12657=DIRECTION('ref_axis',(-0.98480775301219,-1.09335624222334E-16,-0.173648177667033));
#12658=DIRECTION('',(1.110223024625E-16,-1.,0.));
#12659=DIRECTION('center_axis',(0.986721169867845,1.09548056167183E-16,
0.162423314011974));
#12660=DIRECTION('ref_axis',(0.162423314011974,1.80326102951872E-17,-0.986721169867845));
#12661=DIRECTION('center_axis',(-1.110223024625E-16,1.,0.));
#12662=DIRECTION('ref_axis',(0.98480775301219,1.09335624222334E-16,0.173648177667033));
#12663=DIRECTION('',(1.110223024625E-16,-1.,0.));
#12664=DIRECTION('center_axis',(-0.986721169867845,-1.09548056167183E-16,
-0.162423314011974));
#12665=DIRECTION('ref_axis',(-0.162423314011974,-1.80326102951872E-17,0.986721169867845));
#12666=DIRECTION('',(1.110223024625E-16,-1.,0.));
#12667=DIRECTION('center_axis',(-1.110223024625E-16,1.,0.));
#12668=DIRECTION('ref_axis',(2.22044604925E-15,2.46519032881497E-31,-1.));
#12669=DIRECTION('',(1.110223024625E-16,-1.,0.));
#12670=DIRECTION('center_axis',(0.,0.,-1.));
#12671=DIRECTION('ref_axis',(-1.,-1.110223024625E-16,0.));
#12672=DIRECTION('',(1.110223024625E-16,-1.,0.));
#12673=DIRECTION('center_axis',(-1.,-1.110223024625E-16,0.));
#12674=DIRECTION('ref_axis',(0.,0.,1.));
#12675=DIRECTION('',(1.110223024625E-16,-1.,0.));
#12676=DIRECTION('center_axis',(0.,0.,1.));
#12677=DIRECTION('ref_axis',(1.,1.110223024625E-16,0.));
#12678=DIRECTION('',(1.110223024625E-16,-1.,0.));
#12679=DIRECTION('center_axis',(-1.110223024625E-16,1.,0.));
#12680=DIRECTION('ref_axis',(-0.98480775301219,-1.09335624222334E-16,-0.173648177667033));
#12681=DIRECTION('',(1.110223024625E-16,-1.,0.));
#12682=DIRECTION('center_axis',(0.986721169867845,1.09548056167183E-16,
0.162423314011974));
#12683=DIRECTION('ref_axis',(0.162423314011974,1.80326102951872E-17,-0.986721169867845));
#12684=DIRECTION('center_axis',(-1.110223024625E-16,1.,0.));
#12685=DIRECTION('ref_axis',(0.98480775301219,1.09335624222334E-16,0.173648177667033));
#12686=DIRECTION('',(1.110223024625E-16,-1.,0.));
#12687=DIRECTION('center_axis',(-0.986721169867845,-1.09548056167183E-16,
-0.162423314011974));
#12688=DIRECTION('ref_axis',(-0.162423314011974,-1.80326102951872E-17,0.986721169867845));
#12689=DIRECTION('',(1.110223024625E-16,-1.,0.));
#12690=DIRECTION('center_axis',(-1.110223024625E-16,1.,0.));
#12691=DIRECTION('ref_axis',(2.22044604925E-15,2.46519032881497E-31,-1.));
#12692=DIRECTION('',(1.110223024625E-16,-1.,0.));
#12693=DIRECTION('center_axis',(0.,0.,-1.));
#12694=DIRECTION('ref_axis',(-1.,-1.110223024625E-16,0.));
#12695=DIRECTION('',(1.110223024625E-16,-1.,0.));
#12696=DIRECTION('center_axis',(-1.,-1.110223024625E-16,0.));
#12697=DIRECTION('ref_axis',(0.,0.,1.));
#12698=DIRECTION('',(1.110223024625E-16,-1.,0.));
#12699=DIRECTION('center_axis',(0.,0.,1.));
#12700=DIRECTION('ref_axis',(1.,1.110223024625E-16,0.));
#12701=DIRECTION('',(1.110223024625E-16,-1.,0.));
#12702=DIRECTION('center_axis',(-1.110223024625E-16,1.,0.));
#12703=DIRECTION('ref_axis',(-0.98480775301219,-1.09335624222334E-16,-0.173648177667033));
#12704=DIRECTION('',(1.110223024625E-16,-1.,0.));
#12705=DIRECTION('center_axis',(0.986721169867845,1.09548056167183E-16,
0.162423314011974));
#12706=DIRECTION('ref_axis',(0.162423314011974,1.80326102951872E-17,-0.986721169867845));
#12707=DIRECTION('center_axis',(0.,0.,-1.));
#12708=DIRECTION('ref_axis',(1.110223024625E-16,-1.,0.));
#12709=DIRECTION('',(0.,0.,1.));
#12710=DIRECTION('',(1.,0.,0.));
#12711=DIRECTION('axis',(0.,0.,1.));
#12712=DIRECTION('refdir',(1.,0.,0.));
#12713=DIRECTION('axis',(0.,0.,1.));
#12714=DIRECTION('refdir',(1.,0.,0.));
#12715=DIRECTION('axis',(0.,0.,1.));
#12716=DIRECTION('refdir',(1.,0.,0.));
#12717=DIRECTION('center_axis',(1.,0.,0.));
#12718=DIRECTION('ref_axis',(0.,-2.2E-16,-1.));
#12719=DIRECTION('',(0.,2.2E-16,-1.));
#12720=DIRECTION('',(0.,-1.,2.2E-16));
#12721=DIRECTION('',(0.,0.,1.));
#12722=DIRECTION('',(0.,-1.,-2.2E-16));
#12723=DIRECTION('',(0.,2.2E-16,-1.));
#12724=DIRECTION('',(0.,-1.,2.2E-16));
#12725=DIRECTION('center_axis',(0.,1.,-2.5E-16));
#12726=DIRECTION('ref_axis',(0.,-2.5E-16,-1.));
#12727=DIRECTION('',(-1.,0.,0.));
#12728=DIRECTION('',(-1.,-1.1E-16,1.1E-16));
#12729=DIRECTION('',(-1.,0.,0.));
#12730=DIRECTION('',(0.,-2.2E-16,1.));
#12731=DIRECTION('',(1.,0.,0.));
#12732=DIRECTION('center_axis',(0.,-1.,2.2E-16));
#12733=DIRECTION('ref_axis',(-1.,0.,0.));
#12734=DIRECTION('center_axis',(-0.707106781186548,-0.707106781186548,1.59999999999798E-16));
#12735=DIRECTION('ref_axis',(0.707106781186548,-0.707106781186548,1.59999999999798E-16));
#12736=DIRECTION('',(0.,-1.,2.2E-16));
#12737=DIRECTION('center_axis',(-0.707106781186548,-0.707106781186548,0.));
#12738=DIRECTION('ref_axis',(-0.707106781186548,0.707106781186548,-1.5556349186104E-16));
#12739=DIRECTION('center_axis',(0.,-2.2E-16,-1.));
#12740=DIRECTION('ref_axis',(-1.,0.,0.));
#12741=DIRECTION('',(-1.,0.,0.));
#12742=DIRECTION('',(0.,-1.,2.2E-16));
#12743=DIRECTION('center_axis',(-0.707106781186548,-0.707106781186548,0.));
#12744=DIRECTION('ref_axis',(-0.707106781186548,0.707106781186548,0.));
#12745=DIRECTION('',(0.,0.,1.));
#12746=DIRECTION('',(-0.707106781186548,0.707106781186548,1.59999999999798E-16));
#12747=DIRECTION('',(-0.707106781186548,0.707106781186548,1.59999999999798E-16));
#12748=DIRECTION('center_axis',(-0.707106781186548,-0.707106781186548,0.));
#12749=DIRECTION('ref_axis',(-0.707106781186548,0.707106781186548,-1.5556349186104E-16));
#12750=DIRECTION('center_axis',(0.,-1.,2.5E-16));
#12751=DIRECTION('ref_axis',(0.,2.5E-16,1.));
#12752=DIRECTION('',(0.,-2.2E-16,1.));
#12753=DIRECTION('',(-1.,0.,0.));
#12754=DIRECTION('',(-1.,0.,0.));
#12755=DIRECTION('',(1.,5.5E-16,0.));
#12756=DIRECTION('',(1.,0.,0.));
#12757=DIRECTION('center_axis',(0.,-2.2E-16,1.));
#12758=DIRECTION('ref_axis',(1.,0.,0.));
#12759=DIRECTION('center_axis',(1.,0.,0.));
#12760=DIRECTION('ref_axis',(0.,1.,-2.5E-16));
#12761=DIRECTION('center_axis',(0.707106781186548,-0.707106781186548,1.59999999999798E-16));
#12762=DIRECTION('ref_axis',(-0.707106781186548,-0.707106781186548,1.59999999999798E-16));
#12763=DIRECTION('',(1.,0.,0.));
#12764=DIRECTION('center_axis',(-1.,0.,0.));
#12765=DIRECTION('ref_axis',(0.,2.2E-16,1.));
#12766=DIRECTION('',(0.,-1.,2.2E-16));
#12767=DIRECTION('',(0.,-1.,2.2E-16));
#12768=DIRECTION('center_axis',(-8.99999999999189E-17,0.98480775302755,
0.173648177579921));
#12769=DIRECTION('ref_axis',(2.99999999999763E-16,-0.173648177579921,0.98480775302755));
#12770=DIRECTION('',(0.179556884817091,0.170825976580086,-0.96880225579849));
#12771=DIRECTION('',(-0.179556884817091,0.170825976580086,-0.96880225579849));
#12772=DIRECTION('center_axis',(-8.99999999999189E-17,0.98480775302755,
0.173648177579921));
#12773=DIRECTION('ref_axis',(5.09999999999567E-16,0.173648177579921,-0.98480775302755));
#12774=DIRECTION('',(-1.,-9.E-17,0.));
#12775=DIRECTION('',(-0.255144817824869,0.167900917852914,-0.952213423409512));
#12776=DIRECTION('center_axis',(-8.99999999999189E-17,0.98480775302755,
0.173648177579921));
#12777=DIRECTION('ref_axis',(5.09999999999567E-16,0.173648177579921,-0.98480775302755));
#12778=DIRECTION('',(-1.,-1.1E-16,1.1E-16));
#12779=DIRECTION('center_axis',(-8.99999999999189E-17,0.98480775302755,
0.173648177579921));
#12780=DIRECTION('ref_axis',(5.09999999999567E-16,0.173648177579921,-0.98480775302755));
#12781=DIRECTION('',(0.255144817824869,0.167900917852914,-0.952213423409512));
#12782=DIRECTION('',(1.,9.E-17,0.));
#12783=DIRECTION('center_axis',(-8.99999999999189E-17,0.98480775302755,
0.173648177579921));
#12784=DIRECTION('ref_axis',(5.09999999999567E-16,0.173648177579921,-0.98480775302755));
#12785=DIRECTION('center_axis',(0.,-2.2E-16,-1.));
#12786=DIRECTION('ref_axis',(-1.,0.,0.));
#12787=DIRECTION('',(0.,-1.,2.2E-16));
#12788=DIRECTION('center_axis',(0.,2.2E-16,1.));
#12789=DIRECTION('ref_axis',(1.,0.,0.));
#12790=DIRECTION('',(0.,-1.,2.2E-16));
#12791=DIRECTION('',(1.,0.,0.));
#12792=DIRECTION('center_axis',(0.,2.2E-16,1.));
#12793=DIRECTION('ref_axis',(1.,0.,0.));
#12794=DIRECTION('center_axis',(-0.983254907563983,3.99999999999993E-17,
0.182235525491997));
#12795=DIRECTION('ref_axis',(0.182235525491997,2.19999999999996E-16,0.983254907563982));
#12796=DIRECTION('',(-0.179556884817091,-0.170825976580086,-0.96880225579849));
#12797=DIRECTION('',(0.,-1.,2.2E-16));
#12798=DIRECTION('center_axis',(1.,0.,0.));
#12799=DIRECTION('ref_axis',(0.,-2.2E-16,-1.));
#12800=DIRECTION('center_axis',(-0.707106781186548,-0.707106781186548,1.59999999999798E-16));
#12801=DIRECTION('ref_axis',(0.707106781186548,-0.707106781186548,1.59999999999798E-16));
#12802=DIRECTION('center_axis',(0.,0.98480775302755,-0.173648177579921));
#12803=DIRECTION('ref_axis',(0.,0.173648177579921,0.98480775302755));
#12804=DIRECTION('',(0.179556884817091,-0.170825976580086,-0.96880225579849));
#12805=DIRECTION('center_axis',(0.,0.98480775302755,-0.173648177579921));
#12806=DIRECTION('ref_axis',(0.,0.173648177579921,0.98480775302755));
#12807=DIRECTION('',(1.,0.,0.));
#12808=DIRECTION('',(0.255144817824869,-0.167900917852914,-0.952213423409512));
#12809=DIRECTION('center_axis',(0.,0.98480775302755,-0.173648177579921));
#12810=DIRECTION('ref_axis',(0.,0.173648177579921,0.98480775302755));
#12811=DIRECTION('',(-1.,0.,0.));
#12812=DIRECTION('center_axis',(0.,0.98480775302755,-0.173648177579921));
#12813=DIRECTION('ref_axis',(0.,0.173648177579921,0.98480775302755));
#12814=DIRECTION('',(-0.255144817824869,-0.167900917852914,-0.952213423409512));
#12815=DIRECTION('',(-1.,0.,0.));
#12816=DIRECTION('center_axis',(0.,0.98480775302755,-0.173648177579921));
#12817=DIRECTION('ref_axis',(0.,0.173648177579921,0.98480775302755));
#12818=DIRECTION('center_axis',(0.,-1.,2.2E-16));
#12819=DIRECTION('ref_axis',(0.,-2.2E-16,-1.));
#12820=DIRECTION('center_axis',(0.983254907563983,3.99999999999993E-17,
0.182235525491997));
#12821=DIRECTION('ref_axis',(0.182235525491997,-2.19999999999996E-16,-0.983254907563982));
#12822=DIRECTION('',(0.,-1.,2.2E-16));
#12823=DIRECTION('center_axis',(0.,1.,-2.2E-16));
#12824=DIRECTION('ref_axis',(-1.,0.,0.));
#12825=DIRECTION('',(0.,-1.,2.2E-16));
#12826=DIRECTION('center_axis',(0.,2.2E-16,1.));
#12827=DIRECTION('ref_axis',(1.,0.,0.));
#12828=DIRECTION('',(0.,-1.,2.2E-16));
#12829=DIRECTION('center_axis',(0.965925826288944,5.99999999999965E-17,
0.258819045102985));
#12830=DIRECTION('ref_axis',(0.258819045102985,-2.09999999999988E-16,-0.965925826288944));
#12831=DIRECTION('',(0.,-1.,2.2E-16));
#12832=DIRECTION('center_axis',(0.,1.,-2.2E-16));
#12833=DIRECTION('ref_axis',(-1.,0.,0.));
#12834=DIRECTION('',(0.,-1.,2.2E-16));
#12835=DIRECTION('center_axis',(0.,2.3E-16,1.));
#12836=DIRECTION('ref_axis',(0.,-1.,2.3E-16));
#12837=DIRECTION('',(0.,-1.,2.2E-16));
#12838=DIRECTION('center_axis',(0.,2.2E-16,1.));
#12839=DIRECTION('ref_axis',(1.,0.,0.));
#12840=DIRECTION('center_axis',(0.,1.,-2.2E-16));
#12841=DIRECTION('ref_axis',(1.,0.,0.));
#12842=DIRECTION('',(0.,-1.,2.2E-16));
#12843=DIRECTION('center_axis',(-0.965925826288944,5.99999999999965E-17,
0.258819045102985));
#12844=DIRECTION('ref_axis',(0.258819045102985,2.09999999999988E-16,0.965925826288944));
#12845=DIRECTION('',(0.,-1.,2.2E-16));
#12846=DIRECTION('center_axis',(0.,2.2E-16,1.));
#12847=DIRECTION('ref_axis',(1.,0.,0.));
#12848=DIRECTION('',(0.,-1.,2.2E-16));
#12849=DIRECTION('center_axis',(0.,1.,-2.2E-16));
#12850=DIRECTION('ref_axis',(1.,0.,0.));
#12851=DIRECTION('center_axis',(0.,-2.2E-16,-1.));
#12852=DIRECTION('ref_axis',(1.,0.,0.));
#12853=DIRECTION('center_axis',(0.,2.2E-16,1.));
#12854=DIRECTION('ref_axis',(1.,0.,0.));
#12855=DIRECTION('',(-0.290007395282691,-1.75029706139175E-16,-0.957024404433528));
#12856=DIRECTION('center_axis',(0.,-2.2E-16,-1.));
#12857=DIRECTION('ref_axis',(1.,0.,0.));
#12858=DIRECTION('',(0.,-2.2E-16,-1.));
#12859=DIRECTION('center_axis',(0.,2.2E-16,1.));
#12860=DIRECTION('ref_axis',(1.,0.,0.));
#12861=DIRECTION('center_axis',(0.,2.2E-16,1.));
#12862=DIRECTION('ref_axis',(1.,0.,0.));
#12863=DIRECTION('center_axis',(0.,2.2E-16,1.));
#12864=DIRECTION('ref_axis',(1.,0.,0.));
#12865=DIRECTION('axis',(0.,0.,1.));
#12866=DIRECTION('refdir',(1.,0.,0.));
#12867=DIRECTION('center_axis',(1.,0.,0.));
#12868=DIRECTION('ref_axis',(0.,-1.,0.));
#12869=DIRECTION('',(0.,0.,1.));
#12870=DIRECTION('',(0.,-1.,0.));
#12871=DIRECTION('',(0.,0.,1.));
#12872=DIRECTION('',(0.,-1.,0.));
#12873=DIRECTION('center_axis',(0.,1.,0.));
#12874=DIRECTION('ref_axis',(1.,0.,0.));
#12875=DIRECTION('',(1.,0.,0.));
#12876=DIRECTION('',(0.,0.,1.));
#12877=DIRECTION('',(1.,0.,0.));
#12878=DIRECTION('center_axis',(-1.,0.,0.));
#12879=DIRECTION('ref_axis',(0.,1.,0.));
#12880=DIRECTION('',(0.,1.,0.));
#12881=DIRECTION('',(0.,0.,1.));
#12882=DIRECTION('',(0.,1.,0.));
#12883=DIRECTION('center_axis',(0.,-1.,0.));
#12884=DIRECTION('ref_axis',(-1.,0.,0.));
#12885=DIRECTION('',(-1.,0.,0.));
#12886=DIRECTION('',(-1.,0.,0.));
#12887=DIRECTION('center_axis',(0.,0.,1.));
#12888=DIRECTION('ref_axis',(1.,0.,0.));
#12889=DIRECTION('center_axis',(0.,0.,1.));
#12890=DIRECTION('ref_axis',(1.,0.,0.));
#12891=DIRECTION('axis',(0.,0.,1.));
#12892=DIRECTION('refdir',(1.,0.,0.));
#12893=DIRECTION('center_axis',(-1.,0.,0.));
#12894=DIRECTION('ref_axis',(0.,1.,0.));
#12895=DIRECTION('',(0.,0.,1.));
#12896=DIRECTION('',(0.,1.,0.));
#12897=DIRECTION('',(0.,0.,1.));
#12898=DIRECTION('',(0.,1.,0.));
#12899=DIRECTION('center_axis',(0.,1.,0.));
#12900=DIRECTION('ref_axis',(1.,0.,0.));
#12901=DIRECTION('',(1.,0.,0.));
#12902=DIRECTION('',(0.,0.,1.));
#12903=DIRECTION('',(1.,0.,0.));
#12904=DIRECTION('center_axis',(1.,0.,0.));
#12905=DIRECTION('ref_axis',(0.,-1.,0.));
#12906=DIRECTION('',(0.,-1.,0.));
#12907=DIRECTION('',(0.,0.,1.));
#12908=DIRECTION('',(0.,-1.,0.));
#12909=DIRECTION('center_axis',(0.,-1.,0.));
#12910=DIRECTION('ref_axis',(-1.,0.,0.));
#12911=DIRECTION('',(-1.,0.,0.));
#12912=DIRECTION('',(0.,0.,1.));
#12913=DIRECTION('',(-1.,0.,0.));
#12914=DIRECTION('center_axis',(0.707106781186548,0.707106781186548,0.));
#12915=DIRECTION('ref_axis',(0.707106781186548,-0.707106781186548,0.));
#12916=DIRECTION('',(0.707106781186548,-0.707106781186548,0.));
#12917=DIRECTION('',(0.707106781186548,-0.707106781186548,0.));
#12918=DIRECTION('center_axis',(0.,0.,1.));
#12919=DIRECTION('ref_axis',(1.,0.,0.));
#12920=DIRECTION('center_axis',(0.,0.,1.));
#12921=DIRECTION('ref_axis',(1.,0.,0.));
#12922=DIRECTION('axis',(0.,0.,1.));
#12923=DIRECTION('refdir',(1.,0.,0.));
#12924=DIRECTION('center_axis',(1.,0.,0.));
#12925=DIRECTION('ref_axis',(0.,-1.,0.));
#12926=DIRECTION('',(0.,0.,1.));
#12927=DIRECTION('',(0.,-1.,0.));
#12928=DIRECTION('',(0.,0.,1.));
#12929=DIRECTION('',(0.,-1.,0.));
#12930=DIRECTION('center_axis',(0.,-1.,0.));
#12931=DIRECTION('ref_axis',(-1.,0.,0.));
#12932=DIRECTION('',(-1.,0.,0.));
#12933=DIRECTION('',(0.,0.,1.));
#12934=DIRECTION('',(-1.,0.,0.));
#12935=DIRECTION('center_axis',(-1.,0.,0.));
#12936=DIRECTION('ref_axis',(0.,1.,0.));
#12937=DIRECTION('',(0.,1.,0.));
#12938=DIRECTION('',(0.,0.,1.));
#12939=DIRECTION('',(0.,1.,0.));
#12940=DIRECTION('center_axis',(0.,1.,0.));
#12941=DIRECTION('ref_axis',(1.,0.,0.));
#12942=DIRECTION('',(1.,0.,0.));
#12943=DIRECTION('',(1.,0.,0.));
#12944=DIRECTION('center_axis',(0.,0.,1.));
#12945=DIRECTION('ref_axis',(1.,0.,0.));
#12946=DIRECTION('center_axis',(0.,0.,1.));
#12947=DIRECTION('ref_axis',(1.,0.,0.));
#12948=DIRECTION('axis',(0.,0.,1.));
#12949=DIRECTION('refdir',(1.,0.,0.));
#12950=DIRECTION('center_axis',(-1.,0.,0.));
#12951=DIRECTION('ref_axis',(0.,1.,0.));
#12952=DIRECTION('',(0.,0.,1.));
#12953=DIRECTION('',(0.,1.,0.));
#12954=DIRECTION('',(0.,0.,1.));
#12955=DIRECTION('',(0.,1.,0.));
#12956=DIRECTION('center_axis',(0.,-1.,0.));
#12957=DIRECTION('ref_axis',(-1.,0.,0.));
#12958=DIRECTION('',(-1.,0.,0.));
#12959=DIRECTION('',(0.,0.,1.));
#12960=DIRECTION('',(-1.,0.,0.));
#12961=DIRECTION('center_axis',(1.,0.,0.));
#12962=DIRECTION('ref_axis',(0.,-1.,0.));
#12963=DIRECTION('',(0.,-1.,0.));
#12964=DIRECTION('',(0.,0.,1.));
#12965=DIRECTION('',(0.,-1.,0.));
#12966=DIRECTION('center_axis',(0.,1.,0.));
#12967=DIRECTION('ref_axis',(1.,0.,0.));
#12968=DIRECTION('',(1.,0.,0.));
#12969=DIRECTION('',(1.,0.,0.));
#12970=DIRECTION('center_axis',(0.,0.,1.));
#12971=DIRECTION('ref_axis',(1.,0.,0.));
#12972=DIRECTION('center_axis',(0.,0.,1.));
#12973=DIRECTION('ref_axis',(1.,0.,0.));
#12974=DIRECTION('',(0.,0.,1.));
#12975=DIRECTION('',(1.,0.,0.));
#12976=DIRECTION('',(0.,0.,1.));
#12977=DIRECTION('',(1.,0.,0.));
#12978=DIRECTION('',(0.,0.,1.));
#12979=DIRECTION('',(1.,0.,0.));
#12980=DIRECTION('',(0.,0.,1.));
#12981=DIRECTION('',(1.,0.,0.));
#12982=DIRECTION('',(0.,0.,1.));
#12983=DIRECTION('',(1.,0.,0.));
#12984=DIRECTION('',(0.,0.,1.));
#12985=DIRECTION('',(1.,0.,0.));
#12986=DIRECTION('axis',(0.,0.,1.));
#12987=DIRECTION('refdir',(1.,0.,0.));
#12988=DIRECTION('center_axis',(1.,0.,0.));
#12989=DIRECTION('ref_axis',(0.,-1.,0.));
#12990=DIRECTION('',(0.,0.,1.));
#12991=DIRECTION('',(0.,-1.,0.));
#12992=DIRECTION('',(0.,0.,1.));
#12993=DIRECTION('',(0.,-1.,0.));
#12994=DIRECTION('center_axis',(0.707106781186548,0.707106781186548,0.));
#12995=DIRECTION('ref_axis',(0.707106781186548,-0.707106781186548,0.));
#12996=DIRECTION('',(0.,0.,1.));
#12997=DIRECTION('',(0.707106781186548,-0.707106781186548,0.));
#12998=DIRECTION('',(0.707106781186548,-0.707106781186548,0.));
#12999=DIRECTION('center_axis',(0.,0.,-1.));
#13000=DIRECTION('ref_axis',(0.,1.,0.));
#13001=DIRECTION('center_axis',(0.,0.,1.));
#13002=DIRECTION('ref_axis',(0.,1.,0.));
#13003=DIRECTION('',(0.,0.,1.));
#13004=DIRECTION('center_axis',(0.,0.,1.));
#13005=DIRECTION('ref_axis',(0.,1.,0.));
#13006=DIRECTION('center_axis',(0.,0.,1.));
#13007=DIRECTION('ref_axis',(1.,0.,0.));
#13008=DIRECTION('',(0.,-1.,0.));
#13009=DIRECTION('',(-0.707106781186548,-0.707106781186548,0.));
#13010=DIRECTION('',(0.,-1.,0.));
#13011=DIRECTION('',(0.707106781186548,-0.707106781186548,0.));
#13012=DIRECTION('',(0.,-1.,0.));
#13013=DIRECTION('',(-0.707106781186548,-0.707106781186548,0.));
#13014=DIRECTION('',(-1.,0.,0.));
#13015=DIRECTION('',(-0.707106781186548,0.707106781186548,0.));
#13016=DIRECTION('',(0.,1.,0.));
#13017=DIRECTION('',(0.707106781186548,0.707106781186548,0.));
#13018=DIRECTION('',(0.,1.,0.));
#13019=DIRECTION('',(-0.707106781186548,0.707106781186548,0.));
#13020=DIRECTION('',(0.,1.,0.));
#13021=DIRECTION('center_axis',(0.,0.,1.));
#13022=DIRECTION('ref_axis',(0.,-1.,0.));
#13023=DIRECTION('',(0.,1.,0.));
#13024=DIRECTION('',(0.707106781186548,0.707106781186548,0.));
#13025=DIRECTION('',(1.,0.,0.));
#13026=DIRECTION('center_axis',(0.,0.,1.));
#13027=DIRECTION('ref_axis',(0.853552897187899,-0.521006191615939,0.));
#13028=DIRECTION('center_axis',(0.,0.,-1.));
#13029=DIRECTION('ref_axis',(0.521032061311267,-0.853537105863437,0.));
#13030=DIRECTION('',(-1.,0.,0.));
#13031=DIRECTION('',(-1.,0.,0.));
#13032=DIRECTION('center_axis',(0.,0.,-1.));
#13033=DIRECTION('ref_axis',(9.06012357245861E-6,-0.999999999958957,0.));
#13034=DIRECTION('center_axis',(0.,0.,1.));
#13035=DIRECTION('ref_axis',(0.521006191615939,0.853552897187899,0.));
#13036=DIRECTION('center_axis',(0.,0.,-1.));
#13037=DIRECTION('ref_axis',(0.853549232709014,0.521012195003009,0.));
#13038=DIRECTION('',(0.,-1.,0.));
#13039=DIRECTION('',(0.,-1.,0.));
#13040=DIRECTION('center_axis',(0.,0.,-1.));
#13041=DIRECTION('ref_axis',(0.999999999958957,9.06012338297161E-6,0.));
#13042=DIRECTION('center_axis',(0.,0.,1.));
#13043=DIRECTION('ref_axis',(-0.853552897187899,0.521006191615939,0.));
#13044=DIRECTION('center_axis',(0.,0.,-1.));
#13045=DIRECTION('ref_axis',(-0.521012195003009,0.853549232709014,0.));
#13046=DIRECTION('',(1.,0.,0.));
#13047=DIRECTION('',(1.,0.,0.));
#13048=DIRECTION('center_axis',(0.,0.,-1.));
#13049=DIRECTION('ref_axis',(2.0757355459431E-5,0.999999999784566,0.));
#13050=DIRECTION('center_axis',(0.,0.,1.));
#13051=DIRECTION('ref_axis',(-0.52101232744786,-0.853549151863771,0.));
#13052=DIRECTION('center_axis',(0.,0.,-1.));
#13053=DIRECTION('ref_axis',(-0.853537105863437,-0.521032061311267,0.));
#13054=DIRECTION('',(0.,1.,0.));
#13055=DIRECTION('',(0.,1.,0.));
#13056=DIRECTION('center_axis',(0.,0.,-1.));
#13057=DIRECTION('ref_axis',(-0.999999955659803,-0.000297792531454241,0.));
#13058=DIRECTION('center_axis',(0.,0.,-1.));
#13059=DIRECTION('ref_axis',(0.,-1.,0.));
#13060=DIRECTION('center_axis',(0.,0.,-1.));
#13061=DIRECTION('ref_axis',(0.,-1.,0.));
#13062=DIRECTION('center_axis',(0.,0.,1.));
#13063=DIRECTION('ref_axis',(1.,0.,0.));
#13064=DIRECTION('',(1.,0.,0.));
#13065=DIRECTION('',(0.707106781186548,0.707106781186548,0.));
#13066=DIRECTION('',(0.,1.,0.));
#13067=DIRECTION('center_axis',(0.,0.,1.));
#13068=DIRECTION('ref_axis',(0.,-1.,0.));
#13069=DIRECTION('',(0.,1.,0.));
#13070=DIRECTION('',(-0.707106781186548,0.707106781186548,0.));
#13071=DIRECTION('',(0.,1.,0.));
#13072=DIRECTION('',(0.707106781186548,0.707106781186548,0.));
#13073=DIRECTION('',(0.,1.,0.));
#13074=DIRECTION('',(-0.707106781186548,0.707106781186548,0.));
#13075=DIRECTION('',(-1.,0.,0.));
#13076=DIRECTION('',(-0.707106781186548,-0.707106781186548,0.));
#13077=DIRECTION('',(0.,-1.,0.));
#13078=DIRECTION('',(0.707106781186548,-0.707106781186548,0.));
#13079=DIRECTION('',(0.,-1.,0.));
#13080=DIRECTION('',(-0.707106781186548,-0.707106781186548,0.));
#13081=DIRECTION('',(0.,-1.,0.));
#13082=DIRECTION('center_axis',(0.,0.,1.));
#13083=DIRECTION('ref_axis',(0.853552897187899,-0.521006191615939,0.));
#13084=DIRECTION('center_axis',(0.,0.,-1.));
#13085=DIRECTION('ref_axis',(-0.999999955659803,-0.000297792531454241,0.));
#13086=DIRECTION('',(0.,1.,0.));
#13087=DIRECTION('',(0.,1.,0.));
#13088=DIRECTION('center_axis',(0.,0.,-1.));
#13089=DIRECTION('ref_axis',(-0.853537105863437,-0.521032061311267,0.));
#13090=DIRECTION('center_axis',(0.,0.,1.));
#13091=DIRECTION('ref_axis',(-0.52101232744786,-0.853549151863771,0.));
#13092=DIRECTION('center_axis',(0.,0.,-1.));
#13093=DIRECTION('ref_axis',(2.0757355459431E-5,0.999999999784566,0.));
#13094=DIRECTION('',(1.,0.,0.));
#13095=DIRECTION('',(1.,0.,0.));
#13096=DIRECTION('center_axis',(0.,0.,-1.));
#13097=DIRECTION('ref_axis',(-0.521012195003009,0.853549232709014,0.));
#13098=DIRECTION('center_axis',(0.,0.,1.));
#13099=DIRECTION('ref_axis',(-0.853552897187899,0.521006191615939,0.));
#13100=DIRECTION('center_axis',(0.,0.,-1.));
#13101=DIRECTION('ref_axis',(0.999999999958957,9.06012338297161E-6,0.));
#13102=DIRECTION('',(0.,-1.,0.));
#13103=DIRECTION('',(0.,-1.,0.));
#13104=DIRECTION('center_axis',(0.,0.,-1.));
#13105=DIRECTION('ref_axis',(0.853549232709014,0.521012195003009,0.));
#13106=DIRECTION('center_axis',(0.,0.,1.));
#13107=DIRECTION('ref_axis',(0.521006191615939,0.853552897187899,0.));
#13108=DIRECTION('center_axis',(0.,0.,-1.));
#13109=DIRECTION('ref_axis',(9.06012357245861E-6,-0.999999999958957,0.));
#13110=DIRECTION('',(-1.,0.,0.));
#13111=DIRECTION('',(-1.,0.,0.));
#13112=DIRECTION('center_axis',(0.,0.,-1.));
#13113=DIRECTION('ref_axis',(0.521032061311267,-0.853537105863437,0.));
#13114=DIRECTION('center_axis',(0.,0.,-1.));
#13115=DIRECTION('ref_axis',(0.,-1.,0.));
#13116=DIRECTION('center_axis',(0.,0.,-1.));
#13117=DIRECTION('ref_axis',(0.,-1.,0.));
#13118=DIRECTION('center_axis',(0.,1.,0.));
#13119=DIRECTION('ref_axis',(1.,0.,0.));
#13120=DIRECTION('',(0.,0.,1.));
#13121=DIRECTION('center_axis',(1.,0.,0.));
#13122=DIRECTION('ref_axis',(0.,-1.,0.));
#13123=DIRECTION('',(0.,0.,1.));
#13124=DIRECTION('center_axis',(-0.707106781186548,0.707106781186548,0.));
#13125=DIRECTION('ref_axis',(0.707106781186548,0.707106781186548,0.));
#13126=DIRECTION('',(0.,0.,1.));
#13127=DIRECTION('center_axis',(0.707106781186548,-0.707106781186548,0.));
#13128=DIRECTION('ref_axis',(-0.707106781186548,-0.707106781186548,0.));
#13129=DIRECTION('',(0.,0.,1.));
#13130=DIRECTION('center_axis',(-1.,0.,0.));
#13131=DIRECTION('ref_axis',(0.,1.,0.));
#13132=DIRECTION('',(0.,0.,1.));
#13133=DIRECTION('center_axis',(1.,0.,0.));
#13134=DIRECTION('ref_axis',(0.,-1.,0.));
#13135=DIRECTION('',(0.,0.,1.));
#13136=DIRECTION('center_axis',(0.,0.,-1.));
#13137=DIRECTION('ref_axis',(0.,-1.,0.));
#13138=DIRECTION('',(0.,0.,1.));
#13139=DIRECTION('center_axis',(0.707106781186548,0.707106781186548,0.));
#13140=DIRECTION('ref_axis',(0.707106781186548,-0.707106781186548,0.));
#13141=DIRECTION('',(0.,0.,1.));
#13142=DIRECTION('center_axis',(-1.,0.,0.));
#13143=DIRECTION('ref_axis',(0.,1.,0.));
#13144=DIRECTION('',(0.,0.,1.));
#13145=DIRECTION('center_axis',(1.,0.,0.));
#13146=DIRECTION('ref_axis',(0.,-1.,0.));
#13147=DIRECTION('',(0.,0.,1.));
#13148=DIRECTION('center_axis',(-0.707106781186548,-0.707106781186548,0.));
#13149=DIRECTION('ref_axis',(-0.707106781186548,0.707106781186548,0.));
#13150=DIRECTION('',(0.,0.,1.));
#13151=DIRECTION('center_axis',(0.707106781186548,-0.707106781186548,0.));
#13152=DIRECTION('ref_axis',(-0.707106781186548,-0.707106781186548,0.));
#13153=DIRECTION('',(0.,0.,1.));
#13154=DIRECTION('center_axis',(-1.,0.,0.));
#13155=DIRECTION('ref_axis',(0.,1.,0.));
#13156=DIRECTION('',(0.,0.,1.));
#13157=DIRECTION('center_axis',(0.,-1.,0.));
#13158=DIRECTION('ref_axis',(-1.,0.,0.));
#13159=DIRECTION('',(0.,0.,1.));
#13160=DIRECTION('center_axis',(-0.707106781186548,0.707106781186548,0.));
#13161=DIRECTION('ref_axis',(0.707106781186548,0.707106781186548,0.));
#13162=DIRECTION('',(0.,0.,1.));
#13163=DIRECTION('center_axis',(-0.707106781186548,-0.707106781186548,0.));
#13164=DIRECTION('ref_axis',(-0.707106781186548,0.707106781186548,0.));
#13165=DIRECTION('',(0.,0.,1.));
#13166=DIRECTION('center_axis',(-1.,0.,0.));
#13167=DIRECTION('ref_axis',(0.,1.,0.));
#13168=DIRECTION('center_axis',(0.,0.,-1.));
#13169=DIRECTION('ref_axis',(0.853552897187899,-0.521006191615939,0.));
#13170=DIRECTION('',(0.,0.,1.));
#13171=DIRECTION('',(0.,0.,1.));
#13172=DIRECTION('center_axis',(0.,0.,-1.));
#13173=DIRECTION('ref_axis',(-0.999999955659803,-0.000297792531454241,0.));
#13174=DIRECTION('',(0.,0.,1.));
#13175=DIRECTION('center_axis',(0.,0.,-1.));
#13176=DIRECTION('ref_axis',(0.521032061311267,-0.853537105863437,0.));
#13177=DIRECTION('',(0.,0.,1.));
#13178=DIRECTION('center_axis',(-1.,0.,0.));
#13179=DIRECTION('ref_axis',(0.,1.,0.));
#13180=DIRECTION('',(0.,0.,1.));
#13181=DIRECTION('center_axis',(0.,-1.,0.));
#13182=DIRECTION('ref_axis',(-1.,0.,0.));
#13183=DIRECTION('',(0.,0.,1.));
#13184=DIRECTION('center_axis',(-1.,0.,0.));
#13185=DIRECTION('ref_axis',(0.,1.,0.));
#13186=DIRECTION('',(0.,0.,1.));
#13187=DIRECTION('center_axis',(0.,-1.,0.));
#13188=DIRECTION('ref_axis',(-1.,0.,0.));
#13189=DIRECTION('',(0.,0.,1.));
#13190=DIRECTION('center_axis',(0.,0.,-1.));
#13191=DIRECTION('ref_axis',(-0.853537105863437,-0.521032061311267,0.));
#13192=DIRECTION('',(0.,0.,1.));
#13193=DIRECTION('center_axis',(0.,0.,-1.));
#13194=DIRECTION('ref_axis',(9.06012357245861E-6,-0.999999999958957,0.));
#13195=DIRECTION('',(0.,0.,1.));
#13196=DIRECTION('center_axis',(0.,0.,-1.));
#13197=DIRECTION('ref_axis',(-0.52101232744786,-0.853549151863771,0.));
#13198=DIRECTION('',(0.,0.,1.));
#13199=DIRECTION('center_axis',(0.,0.,-1.));
#13200=DIRECTION('ref_axis',(0.521006191615939,0.853552897187899,0.));
#13201=DIRECTION('',(0.,0.,1.));
#13202=DIRECTION('center_axis',(0.,0.,-1.));
#13203=DIRECTION('ref_axis',(2.0757355459431E-5,0.999999999784566,0.));
#13204=DIRECTION('',(0.,0.,1.));
#13205=DIRECTION('center_axis',(0.,0.,-1.));
#13206=DIRECTION('ref_axis',(0.853549232709014,0.521012195003009,0.));
#13207=DIRECTION('',(0.,0.,1.));
#13208=DIRECTION('center_axis',(0.,1.,0.));
#13209=DIRECTION('ref_axis',(1.,0.,0.));
#13210=DIRECTION('',(0.,0.,1.));
#13211=DIRECTION('center_axis',(1.,0.,0.));
#13212=DIRECTION('ref_axis',(0.,-1.,0.));
#13213=DIRECTION('',(0.,0.,1.));
#13214=DIRECTION('center_axis',(0.,1.,0.));
#13215=DIRECTION('ref_axis',(1.,0.,0.));
#13216=DIRECTION('',(0.,0.,1.));
#13217=DIRECTION('center_axis',(1.,0.,0.));
#13218=DIRECTION('ref_axis',(0.,-1.,0.));
#13219=DIRECTION('',(0.,0.,1.));
#13220=DIRECTION('center_axis',(0.,0.,-1.));
#13221=DIRECTION('ref_axis',(-0.521012195003009,0.853549232709014,0.));
#13222=DIRECTION('',(0.,0.,1.));
#13223=DIRECTION('center_axis',(0.,0.,-1.));
#13224=DIRECTION('ref_axis',(0.999999999958957,9.06012338297161E-6,0.));
#13225=DIRECTION('',(0.,0.,1.));
#13226=DIRECTION('center_axis',(0.,0.,-1.));
#13227=DIRECTION('ref_axis',(-0.853552897187899,0.521006191615939,0.));
#13228=DIRECTION('center_axis',(0.,0.,-1.));
#13229=DIRECTION('ref_axis',(0.,-1.,0.));
#13230=DIRECTION('',(0.,0.,-1.));
#13231=DIRECTION('center_axis',(0.,0.,-1.));
#13232=DIRECTION('ref_axis',(0.,-1.,0.));
#13233=DIRECTION('',(0.,0.,-1.));
#13234=DIRECTION('axis',(0.,0.,1.));
#13235=DIRECTION('refdir',(1.,0.,0.));
#13236=DIRECTION('axis',(0.,0.,1.));
#13237=DIRECTION('refdir',(1.,0.,0.));
#13238=DIRECTION('center_axis',(1.,-1.110223024625E-16,-1.110223024625E-16));
#13239=DIRECTION('ref_axis',(-1.110223024625E-16,-1.,0.));
#13240=DIRECTION('',(1.110223024625E-16,-1.232595164408E-32,1.));
#13241=DIRECTION('',(1.110223024625E-16,1.,0.));
#13242=DIRECTION('',(1.110223024625E-16,-1.232595164408E-32,1.));
#13243=DIRECTION('',(-1.110223024625E-16,-1.,0.));
#13244=DIRECTION('center_axis',(-1.,1.110223024625E-16,1.110223024625E-16));
#13245=DIRECTION('ref_axis',(1.110223024625E-16,1.,0.));
#13246=DIRECTION('',(1.110223024625E-16,1.,0.));
#13247=DIRECTION('',(1.110223024625E-16,-1.232595164408E-32,1.));
#13248=DIRECTION('',(-1.110223024625E-16,-1.,0.));
#13249=DIRECTION('',(-1.110223024625E-16,1.232595164408E-32,-1.));
#13250=DIRECTION('',(-1.110223024625E-16,-1.,0.));
#13251=DIRECTION('',(-1.110223024625E-16,-1.,0.));
#13252=DIRECTION('',(1.110223024625E-16,-1.232595164408E-32,1.));
#13253=DIRECTION('',(1.110223024625E-16,1.,0.));
#13254=DIRECTION('',(-1.110223024625E-16,-1.,0.));
#13255=DIRECTION('center_axis',(1.110223024625E-16,1.,0.));
#13256=DIRECTION('ref_axis',(1.,-1.110223024625E-16,-1.110223024625E-16));
#13257=DIRECTION('',(1.,-1.110223024625E-16,-1.110223024625E-16));
#13258=DIRECTION('center_axis',(-1.110223024625E-16,-1.,0.));
#13259=DIRECTION('ref_axis',(1.,-1.110223024625E-16,-6.661338147751E-16));
#13260=DIRECTION('',(0.,0.,1.));
#13261=DIRECTION('',(1.,-1.110223024625E-16,0.));
#13262=DIRECTION('',(0.,0.,1.));
#13263=DIRECTION('center_axis',(1.110223024625E-16,1.,0.));
#13264=DIRECTION('ref_axis',(4.163336342344E-17,-4.62223186652834E-33,1.));
#13265=DIRECTION('',(1.,-1.110223024625E-16,-1.110223024625E-16));
#13266=DIRECTION('center_axis',(-1.110223024625E-16,1.232595164408E-32,
-1.));
#13267=DIRECTION('ref_axis',(1.110223024625E-16,1.,5.16728808719776E-45));
#13268=DIRECTION('',(-1.,1.110223024625E-16,1.110223024625E-16));
#13269=DIRECTION('',(-1.,1.110223024625E-16,1.110223024625E-16));
#13270=DIRECTION('',(1.110223024625E-16,1.,0.));
#13271=DIRECTION('center_axis',(1.110223024625E-16,1.,0.));
#13272=DIRECTION('ref_axis',(1.110223024625E-16,-1.23259516440748E-32,1.));
#13273=DIRECTION('',(1.110223024625E-16,-1.232595164408E-32,1.));
#13274=DIRECTION('',(-1.,1.110223024625E-16,1.110223024625E-16));
#13275=DIRECTION('',(1.110223024625E-16,-1.232595164408E-32,1.));
#13276=DIRECTION('',(-1.,1.110223024625E-16,1.110223024625E-16));
#13277=DIRECTION('',(1.110223024625E-16,-1.232595164408E-32,1.));
#13278=DIRECTION('',(-1.,1.110223024625E-16,1.110223024625E-16));
#13279=DIRECTION('center_axis',(-1.110223024625E-16,-1.,0.));
#13280=DIRECTION('ref_axis',(-1.110223024625E-16,1.23259516440748E-32,-1.));
#13281=DIRECTION('',(-1.110223024625E-16,1.232595164408E-32,-1.));
#13282=DIRECTION('',(-1.,1.110223024625E-16,1.110223024625E-16));
#13283=DIRECTION('',(-1.110223024625E-16,1.232595164408E-32,-1.));
#13284=DIRECTION('',(-1.,1.110223024625E-16,1.110223024625E-16));
#13285=DIRECTION('',(-1.110223024625E-16,1.232595164408E-32,-1.));
#13286=DIRECTION('',(-1.,1.110223024625E-16,1.110223024625E-16));
#13287=DIRECTION('center_axis',(1.110223024625E-16,-1.232595164408E-32,
1.));
#13288=DIRECTION('ref_axis',(-1.110223024625E-16,-1.,-5.16728808719776E-45));
#13289=DIRECTION('',(-1.110223024625E-16,-1.,0.));
#13290=DIRECTION('center_axis',(-1.110223024625E-16,1.232595164408E-32,
-1.));
#13291=DIRECTION('ref_axis',(-1.,1.110223024625E-16,1.110223024625E-16));
#13292=DIRECTION('',(1.110223024625E-16,1.,0.));
#13293=DIRECTION('',(-1.,1.110223024625E-16,1.110223024625E-16));
#13294=DIRECTION('center_axis',(1.,-1.110223024625E-16,-1.110223024625E-16));
#13295=DIRECTION('ref_axis',(-1.110223024625E-16,-1.,0.));
#13296=DIRECTION('',(1.110223024625E-16,-1.232595164408E-32,1.));
#13297=DIRECTION('center_axis',(-1.110223024625E-16,1.232595164408E-32,
-1.));
#13298=DIRECTION('ref_axis',(-1.,1.110223024625E-16,1.110223024625E-16));
#13299=DIRECTION('',(-1.,1.110223024625E-16,1.110223024625E-16));
#13300=DIRECTION('',(1.110223024625E-16,1.,0.));
#13301=DIRECTION('center_axis',(-1.110223024625E-16,-1.,0.));
#13302=DIRECTION('ref_axis',(4.163336342344E-17,-4.62223186652834E-33,1.));
#13303=DIRECTION('',(1.110223024625E-16,1.,0.));
#13304=DIRECTION('center_axis',(1.110223024625E-16,1.,0.));
#13305=DIRECTION('ref_axis',(4.163336342344E-17,-4.62223186652834E-33,1.));
#13306=DIRECTION('center_axis',(-1.,1.110223024625E-16,0.));
#13307=DIRECTION('ref_axis',(0.,0.,1.));
#13308=DIRECTION('',(0.,0.,-1.));
#13309=DIRECTION('',(-2.69268635207408E-17,-0.242535625036098,0.970142500145391));
#13310=DIRECTION('',(-1.110223024625E-16,-1.,0.));
#13311=DIRECTION('',(-2.69268635207408E-17,-0.242535625036098,-0.970142500145391));
#13312=DIRECTION('center_axis',(-1.07707454082943E-16,-0.970142500145391,
-0.242535625036098));
#13313=DIRECTION('ref_axis',(-2.69268635207408E-17,-0.242535625036098,0.970142500145391));
#13314=DIRECTION('',(1.,-1.110223024625E-16,0.));
#13315=DIRECTION('',(-2.69268635207408E-17,-0.242535625036098,0.970142500145391));
#13316=DIRECTION('center_axis',(-1.,1.110223024625E-16,0.));
#13317=DIRECTION('ref_axis',(0.,0.,1.));
#13318=DIRECTION('',(-1.110223024625E-16,-1.,0.));
#13319=DIRECTION('',(0.,0.,-1.));
#13320=DIRECTION('',(-2.69268635207408E-17,-0.242535625036098,-0.970142500145391));
#13321=DIRECTION('',(1.110223024625E-16,1.,0.));
#13322=DIRECTION('center_axis',(-1.110223024625E-16,-1.,0.));
#13323=DIRECTION('ref_axis',(1.,-1.110223024625E-16,-6.661338147751E-16));
#13324=DIRECTION('center_axis',(-1.110223024625E-16,-1.,0.));
#13325=DIRECTION('ref_axis',(1.,-1.110223024625E-16,-6.661338147751E-16));
#13326=DIRECTION('center_axis',(-1.,1.110223024625E-16,1.110223024625E-16));
#13327=DIRECTION('ref_axis',(1.110223024625E-16,1.,0.));
#13328=DIRECTION('',(1.110223024625E-16,1.,0.));
#13329=DIRECTION('center_axis',(-1.,1.110223024625E-16,1.110223024625E-16));
#13330=DIRECTION('ref_axis',(1.110223024625E-16,1.,0.));
#13331=DIRECTION('',(-1.110223024625E-16,-1.,0.));
#13332=DIRECTION('center_axis',(-1.110223024625E-16,1.232595164408E-32,
-1.));
#13333=DIRECTION('ref_axis',(1.110223024625E-16,1.,5.16728808719776E-45));
#13334=DIRECTION('',(1.110223024625E-16,1.,0.));
#13335=DIRECTION('center_axis',(-1.,1.110223024625E-16,1.110223024625E-16));
#13336=DIRECTION('ref_axis',(1.110223024625E-16,1.,0.));
#13337=DIRECTION('',(-1.110223024625E-16,-1.,0.));
#13338=DIRECTION('',(1.110223024625E-16,1.,0.));
#13339=DIRECTION('',(1.110223024625E-16,-1.232595164408E-32,1.));
#13340=DIRECTION('',(-1.110223024625E-16,-1.,0.));
#13341=DIRECTION('',(-1.110223024625E-16,1.232595164408E-32,-1.));
#13342=DIRECTION('center_axis',(1.110223024625E-16,-1.232595164408E-32,
1.));
#13343=DIRECTION('ref_axis',(-1.110223024625E-16,-1.,-5.16728808719776E-45));
#13344=DIRECTION('center_axis',(-1.110223024625E-16,-1.,0.));
#13345=DIRECTION('ref_axis',(-1.,1.110223024625E-16,1.110223024625E-16));
#13346=DIRECTION('',(1.,-1.110223024625E-16,0.));
#13347=DIRECTION('center_axis',(1.07707454082943E-16,0.970142500145391,
-0.242535625036098));
#13348=DIRECTION('ref_axis',(-2.69268635207408E-17,-0.242535625036098,-0.970142500145391));
#13349=DIRECTION('',(1.,-1.110223024625E-16,0.));
#13350=DIRECTION('center_axis',(0.,0.,-1.));
#13351=DIRECTION('ref_axis',(-1.110223024625E-16,-1.,0.));
#13352=DIRECTION('center_axis',(-0.707106781186548,7.85046229340898E-17,
-0.707106781186548));
#13353=DIRECTION('ref_axis',(1.11022302462451E-16,1.,-7.55765725056662E-29));
#13354=DIRECTION('',(0.577350269189626,0.577350269189626,-0.577350269189626));
#13355=DIRECTION('',(0.577350269189626,-0.577350269189626,-0.577350269189626));
#13356=DIRECTION('',(1.110223024625E-16,1.,0.));
#13357=DIRECTION('center_axis',(-0.707106781186548,-0.707106781186548,7.85046229340898E-17));
#13358=DIRECTION('ref_axis',(-1.11022302462451E-16,7.55765725056662E-29,
-1.));
#13359=DIRECTION('',(0.577350269189626,-0.577350269189626,0.577350269189626));
#13360=DIRECTION('',(-1.110223024625E-16,1.232595164408E-32,-1.));
#13361=DIRECTION('center_axis',(-0.707106781186548,7.85046229340898E-17,
0.707106781186548));
#13362=DIRECTION('ref_axis',(-1.11022302462451E-16,-1.,-7.55765725056662E-29));
#13363=DIRECTION('',(0.577350269189626,0.577350269189626,0.577350269189626));
#13364=DIRECTION('',(-1.110223024625E-16,-1.,0.));
#13365=DIRECTION('center_axis',(-0.707106781186548,0.707106781186548,7.85046229340898E-17));
#13366=DIRECTION('ref_axis',(1.11022302462451E-16,7.55765725056662E-29,
1.));
#13367=DIRECTION('',(1.110223024625E-16,-1.232595164408E-32,1.));
#13368=DIRECTION('center_axis',(1.110223024625E-16,-1.232595164408E-32,
1.));
#13369=DIRECTION('ref_axis',(1.110223024625E-16,1.,5.16728808719776E-45));
#13370=DIRECTION('',(1.,-1.110223024625E-16,-1.110223024625E-16));
#13371=DIRECTION('',(1.,-1.110223024625E-16,-1.110223024625E-16));
#13372=DIRECTION('',(1.110223024625E-16,1.,0.));
#13373=DIRECTION('center_axis',(1.110223024625E-16,1.,0.));
#13374=DIRECTION('ref_axis',(-1.110223024625E-16,1.23259516440748E-32,-1.));
#13375=DIRECTION('',(1.,-1.110223024625E-16,-1.110223024625E-16));
#13376=DIRECTION('',(-1.110223024625E-16,1.232595164408E-32,-1.));
#13377=DIRECTION('',(-1.,1.110223024625E-16,1.110223024625E-16));
#13378=DIRECTION('',(1.110223024625E-16,-1.232595164408E-32,1.));
#13379=DIRECTION('',(-1.,1.110223024625E-16,1.110223024625E-16));
#13380=DIRECTION('',(-1.110223024625E-16,1.232595164408E-32,-1.));
#13381=DIRECTION('center_axis',(-1.110223024625E-16,1.232595164408E-32,
-1.));
#13382=DIRECTION('ref_axis',(-1.110223024625E-16,-1.,-5.16728808719776E-45));
#13383=DIRECTION('',(1.,-1.110223024625E-16,-1.110223024625E-16));
#13384=DIRECTION('',(-1.110223024625E-16,-1.,0.));
#13385=DIRECTION('center_axis',(-1.110223024625E-16,-1.,0.));
#13386=DIRECTION('ref_axis',(1.110223024625E-16,-1.23259516440748E-32,1.));
#13387=DIRECTION('',(1.110223024625E-16,-1.232595164408E-32,1.));
#13388=DIRECTION('',(1.,-1.110223024625E-16,-1.110223024625E-16));
#13389=DIRECTION('',(1.110223024625E-16,-1.232595164408E-32,1.));
#13390=DIRECTION('',(1.,-1.110223024625E-16,-1.110223024625E-16));
#13391=DIRECTION('',(1.110223024625E-16,-1.232595164408E-32,1.));
#13392=DIRECTION('center_axis',(-1.,1.110223024625E-16,1.110223024625E-16));
#13393=DIRECTION('ref_axis',(1.110223024625E-16,1.,0.));
#13394=DIRECTION('',(-1.110223024625E-16,-1.,0.));
#13395=DIRECTION('center_axis',(-1.,1.110223024625E-16,1.110223024625E-16));
#13396=DIRECTION('ref_axis',(1.110223024625E-16,1.,0.));
#13397=DIRECTION('',(-1.110223024625E-16,-1.,0.));
#13398=DIRECTION('center_axis',(-1.110223024625E-16,1.232595164408E-32,
-1.));
#13399=DIRECTION('ref_axis',(-1.,1.110223024625E-16,1.110223024625E-16));
#13400=DIRECTION('',(0.707106781186548,0.707106781186548,-7.85046229340898E-17));
#13401=DIRECTION('',(1.,-1.110223024625E-16,-1.110223024625E-16));
#13402=DIRECTION('',(1.110223024625E-16,1.,0.));
#13403=DIRECTION('',(-1.,1.110223024625E-16,1.110223024625E-16));
#13404=DIRECTION('',(-0.707106781186548,0.707106781186548,7.85046229340898E-17));
#13405=DIRECTION('center_axis',(-0.707106781186548,-0.707106781186548,7.85046229340898E-17));
#13406=DIRECTION('ref_axis',(-0.707106781186548,0.707106781186548,7.85046229340898E-17));
#13407=DIRECTION('',(1.110223024625E-16,-1.232595164408E-32,1.));
#13408=DIRECTION('',(-0.707106781186548,0.707106781186548,7.85046229340898E-17));
#13409=DIRECTION('center_axis',(-1.110223024625E-16,1.232595164408E-32,
-1.));
#13410=DIRECTION('ref_axis',(-1.,1.110223024625E-16,1.110223024625E-16));
#13411=DIRECTION('',(-1.,1.110223024625E-16,1.110223024625E-16));
#13412=DIRECTION('',(1.110223024625E-16,1.,0.));
#13413=DIRECTION('',(1.,-1.110223024625E-16,-1.110223024625E-16));
#13414=DIRECTION('',(0.707106781186548,0.707106781186548,-7.85046229340898E-17));
#13415=DIRECTION('center_axis',(-0.707106781186548,0.707106781186548,7.85046229340898E-17));
#13416=DIRECTION('ref_axis',(0.707106781186548,0.707106781186548,-7.85046229340898E-17));
#13417=DIRECTION('',(1.110223024625E-16,-1.232595164408E-32,1.));
#13418=DIRECTION('center_axis',(-1.110223024625E-16,-1.,0.));
#13419=DIRECTION('ref_axis',(-1.,1.110223024625E-16,1.110223024625E-16));
#13420=DIRECTION('',(1.110223024625E-16,-1.232595164408E-32,1.));
#13421=DIRECTION('center_axis',(-1.,1.110223024625E-16,1.110223024625E-16));
#13422=DIRECTION('ref_axis',(1.110223024625E-16,1.,0.));
#13423=DIRECTION('',(1.110223024625E-16,-1.232595164408E-32,1.));
#13424=DIRECTION('center_axis',(1.110223024625E-16,1.,0.));
#13425=DIRECTION('ref_axis',(1.,-1.110223024625E-16,-1.110223024625E-16));
#13426=DIRECTION('',(0.,0.,1.));
#13427=DIRECTION('',(1.,0.,0.));
#13428=DIRECTION('center_axis',(0.,-1.,2.01858731750028E-15));
#13429=DIRECTION('ref_axis',(0.572363520850189,1.6552416003502E-15,0.819999999999985));
#13430=DIRECTION('',(0.,-1.,2.01858731750028E-15));
#13431=DIRECTION('center_axis',(0.,1.,0.));
#13432=DIRECTION('ref_axis',(0.572363520850189,1.6552416003502E-15,0.819999999999985));
#13433=DIRECTION('',(0.,-1.,2.01858731750028E-15));
#13434=DIRECTION('center_axis',(0.,-1.,1.04185151870982E-15));
#13435=DIRECTION('ref_axis',(0.572363520850189,1.6552416003502E-15,0.819999999999985));
#13436=DIRECTION('',(0.,-1.,2.01858731750028E-15));
#13437=DIRECTION('center_axis',(-1.,0.,0.));
#13438=DIRECTION('ref_axis',(0.,0.707106781186542,-0.707106781186553));
#13439=DIRECTION('center_axis',(-1.,0.,0.));
#13440=DIRECTION('ref_axis',(0.,0.707106781186542,-0.707106781186553));
#13441=DIRECTION('',(1.,0.,0.));
#13442=DIRECTION('center_axis',(1.,-1.52259157662878E-15,0.));
#13443=DIRECTION('ref_axis',(0.,0.707106781186542,-0.707106781186553));
#13444=DIRECTION('',(-1.,0.,0.));
#13445=DIRECTION('center_axis',(0.,0.,1.));
#13446=DIRECTION('ref_axis',(1.,0.,0.));
#13447=DIRECTION('',(0.,1.,0.));
#13448=DIRECTION('',(0.707106781186554,0.707106781186541,0.));
#13449=DIRECTION('',(0.,1.,0.));
#13450=DIRECTION('',(-0.707106781186554,0.707106781186541,0.));
#13451=DIRECTION('',(0.,1.,0.));
#13452=DIRECTION('',(0.707106781186553,0.707106781186542,0.));
#13453=DIRECTION('',(0.,1.,0.));
#13454=DIRECTION('',(-1.,0.,0.));
#13455=DIRECTION('',(-1.52259157662878E-15,-1.,0.));
#13456=DIRECTION('center_axis',(-1.,0.,0.));
#13457=DIRECTION('ref_axis',(0.,0.707106781186542,-0.707106781186553));
#13458=DIRECTION('center_axis',(1.,0.,0.));
#13459=DIRECTION('ref_axis',(0.,0.707106781186542,-0.707106781186553));
#13460=DIRECTION('',(-1.,0.,0.));
#13461=DIRECTION('center_axis',(-1.,-1.01506105108586E-15,0.));
#13462=DIRECTION('ref_axis',(0.,0.707106781186542,-0.707106781186553));
#13463=DIRECTION('',(1.,0.,0.));
#13464=DIRECTION('center_axis',(0.,-1.,0.));
#13465=DIRECTION('ref_axis',(0.,0.,-1.));
#13466=DIRECTION('',(0.,0.,-1.));
#13467=DIRECTION('',(0.,0.,1.));
#13468=DIRECTION('',(1.,0.,0.));
#13469=DIRECTION('',(0.,0.,-1.));
#13470=DIRECTION('',(0.,0.,1.));
#13471=DIRECTION('center_axis',(0.,1.,0.));
#13472=DIRECTION('ref_axis',(-0.572363520850168,-1.65524160035023E-15,-0.82));
#13473=DIRECTION('',(1.,0.,0.));
#13474=DIRECTION('center_axis',(1.,0.,0.));
#13475=DIRECTION('ref_axis',(0.,-0.707106781186554,-0.707106781186541));
#13476=DIRECTION('',(-1.,0.,0.));
#13477=DIRECTION('center_axis',(-1.,-1.01506105108586E-15,0.));
#13478=DIRECTION('ref_axis',(0.,-0.707106781186554,-0.707106781186541));
#13479=DIRECTION('',(1.,0.,0.));
#13480=DIRECTION('center_axis',(0.,0.,1.));
#13481=DIRECTION('ref_axis',(1.,0.,0.));
#13482=DIRECTION('',(0.,-1.,2.01858731750028E-15));
#13483=DIRECTION('center_axis',(0.,0.,-1.));
#13484=DIRECTION('ref_axis',(-0.0714285714285699,0.997445717412067,0.));
#13485=DIRECTION('',(0.,-1.,0.));
#13486=DIRECTION('',(-0.707106781186553,-0.707106781186542,0.));
#13487=DIRECTION('',(-1.,0.,0.));
#13488=DIRECTION('',(-0.707106781186559,0.707106781186536,0.));
#13489=DIRECTION('',(0.,1.,0.));
#13490=DIRECTION('center_axis',(0.,0.,-1.));
#13491=DIRECTION('ref_axis',(0.0714285714285699,-0.997445717412067,0.));
#13492=DIRECTION('',(-1.,0.,0.));
#13493=DIRECTION('',(-1.52259157662878E-15,-1.,0.));
#13494=DIRECTION('center_axis',(0.,0.,-1.));
#13495=DIRECTION('ref_axis',(-1.,0.,0.));
#13496=DIRECTION('',(-1.52259157662878E-15,-1.,0.));
#13497=DIRECTION('',(1.,1.77635683940025E-15,0.));
#13498=DIRECTION('',(0.,1.,0.));
#13499=DIRECTION('',(-1.,0.,0.));
#13500=DIRECTION('',(0.,-1.,0.));
#13501=DIRECTION('',(1.,1.77635683940025E-15,0.));
#13502=DIRECTION('',(0.,1.,0.));
#13503=DIRECTION('',(-1.,0.,0.));
#13504=DIRECTION('',(0.,-1.,0.));
#13505=DIRECTION('',(1.,1.77635683940025E-15,0.));
#13506=DIRECTION('',(-1.01506105108586E-15,1.,0.));
#13507=DIRECTION('center_axis',(0.,0.,-1.));
#13508=DIRECTION('ref_axis',(-1.,0.,0.));
#13509=DIRECTION('',(-1.01506105108586E-15,1.,0.));
#13510=DIRECTION('center_axis',(0.,0.,-1.));
#13511=DIRECTION('ref_axis',(-1.,0.,0.));
#13512=DIRECTION('center_axis',(1.,0.,0.));
#13513=DIRECTION('ref_axis',(0.,-0.707106781186554,-0.707106781186541));
#13514=DIRECTION('',(1.,0.,0.));
#13515=DIRECTION('center_axis',(1.,-1.52259157662878E-15,0.));
#13516=DIRECTION('ref_axis',(0.,-0.707106781186554,-0.707106781186541));
#13517=DIRECTION('center_axis',(0.,1.,-1.04185151870982E-15));
#13518=DIRECTION('ref_axis',(0.,1.04185151870982E-15,1.));
#13519=DIRECTION('',(-1.05754289765699E-30,1.04185151870982E-15,1.));
#13520=DIRECTION('',(-1.,0.,0.));
#13521=DIRECTION('',(0.,4.93090031755788E-15,-1.));
#13522=DIRECTION('',(1.,0.,0.));
#13523=DIRECTION('',(-1.05754289765699E-30,1.04185151870982E-15,1.));
#13524=DIRECTION('',(-1.,0.,0.));
#13525=DIRECTION('',(0.,4.93090031755788E-15,-1.));
#13526=DIRECTION('',(1.,0.,0.));
#13527=DIRECTION('',(-1.05754289765699E-30,1.04185151870982E-15,1.));
#13528=DIRECTION('',(1.,0.,0.));
#13529=DIRECTION('',(-1.58631434648548E-30,-1.04185151870982E-15,-1.));
#13530=DIRECTION('',(1.,0.,0.));
#13531=DIRECTION('',(0.,4.93090031755788E-15,-1.));
#13532=DIRECTION('',(-1.,0.,0.));
#13533=DIRECTION('',(-1.58631434648548E-30,-1.04185151870982E-15,-1.));
#13534=DIRECTION('',(1.,0.,0.));
#13535=DIRECTION('',(0.,4.93090031755788E-15,-1.));
#13536=DIRECTION('',(-1.,0.,0.));
#13537=DIRECTION('',(-1.58631434648548E-30,-1.04185151870982E-15,-1.));
#13538=DIRECTION('',(-1.,0.,0.));
#13539=DIRECTION('center_axis',(0.,-1.,1.04185151870982E-15));
#13540=DIRECTION('ref_axis',(-0.572363520850168,-1.65524160035023E-15,-0.82));
#13541=DIRECTION('center_axis',(1.,0.,0.));
#13542=DIRECTION('ref_axis',(0.,0.707106781186521,0.707106781186574));
#13543=DIRECTION('center_axis',(-1.,-1.01506105108586E-15,0.));
#13544=DIRECTION('ref_axis',(0.,0.707106781186521,0.707106781186574));
#13545=DIRECTION('center_axis',(1.,-1.52259157662878E-15,0.));
#13546=DIRECTION('ref_axis',(0.,0.707106781186521,0.707106781186574));
#13547=DIRECTION('',(-1.,0.,0.));
#13548=DIRECTION('center_axis',(0.,1.,0.));
#13549=DIRECTION('ref_axis',(0.793353340291239,0.,-0.608761429008716));
#13550=DIRECTION('center_axis',(0.,-1.,0.));
#13551=DIRECTION('ref_axis',(0.793353340291239,0.,-0.608761429008716));
#13552=DIRECTION('',(0.,1.,0.));
#13553=DIRECTION('center_axis',(-1.77635683940025E-15,1.,0.));
#13554=DIRECTION('ref_axis',(0.793353340291239,0.,-0.608761429008716));
#13555=DIRECTION('center_axis',(-0.965925826289067,0.,-0.258819045102527));
#13556=DIRECTION('ref_axis',(0.258819045102527,4.59754980934915E-16,-0.965925826289067));
#13557=DIRECTION('',(-0.258819045102527,0.,0.965925826289067));
#13558=DIRECTION('',(0.,-1.,0.));
#13559=DIRECTION('',(0.258819045102527,4.59754980934915E-16,-0.965925826289067));
#13560=DIRECTION('center_axis',(0.,-1.,0.));
#13561=DIRECTION('ref_axis',(-0.793353340291233,0.,-0.608761429008723));
#13562=DIRECTION('center_axis',(0.,-1.,0.));
#13563=DIRECTION('ref_axis',(-0.793353340291233,0.,-0.608761429008723));
#13564=DIRECTION('center_axis',(-1.77635683940025E-15,1.,0.));
#13565=DIRECTION('ref_axis',(-0.793353340291233,0.,-0.608761429008723));
#13566=DIRECTION('',(0.,-1.,0.));
#13567=DIRECTION('center_axis',(0.,-1.,0.));
#13568=DIRECTION('ref_axis',(-0.608761429008724,0.,0.793353340291233));
#13569=DIRECTION('center_axis',(-1.77635683940025E-15,1.,0.));
#13570=DIRECTION('ref_axis',(-0.608761429008724,0.,0.793353340291233));
#13571=DIRECTION('',(0.,-1.,0.));
#13572=DIRECTION('center_axis',(0.,-1.,0.));
#13573=DIRECTION('ref_axis',(-0.608761429008724,0.,0.793353340291233));
#13574=DIRECTION('',(0.,1.,0.));
#13575=DIRECTION('center_axis',(0.,0.,-1.));
#13576=DIRECTION('ref_axis',(1.,1.77635683940025E-15,0.));
#13577=DIRECTION('',(-1.,-1.77635683940025E-15,0.));
#13578=DIRECTION('',(0.,1.,0.));
#13579=DIRECTION('',(-1.,0.,0.));
#13580=DIRECTION('center_axis',(0.,-1.,0.));
#13581=DIRECTION('ref_axis',(0.608761429008719,0.,0.793353340291236));
#13582=DIRECTION('center_axis',(-1.77635683940025E-15,1.,0.));
#13583=DIRECTION('ref_axis',(0.608761429008719,0.,0.793353340291236));
#13584=DIRECTION('center_axis',(0.,-1.,0.));
#13585=DIRECTION('ref_axis',(0.608761429008719,0.,0.793353340291236));
#13586=DIRECTION('center_axis',(0.,1.,0.));
#13587=DIRECTION('ref_axis',(0.461748613235034,0.,-0.887010833178222));
#13588=DIRECTION('center_axis',(0.,-1.,0.));
#13589=DIRECTION('ref_axis',(0.461748613235034,0.,-0.887010833178222));
#13590=DIRECTION('',(0.,1.,0.));
#13591=DIRECTION('center_axis',(-1.77635683940025E-15,1.,0.));
#13592=DIRECTION('ref_axis',(0.461748613235034,0.,-0.887010833178222));
#13593=DIRECTION('center_axis',(-0.819152044288994,0.,0.573576436351043));
#13594=DIRECTION('ref_axis',(-0.573576436351043,-1.018876425631E-15,-0.819152044288994));
#13595=DIRECTION('',(0.573576436351043,0.,0.819152044288994));
#13596=DIRECTION('',(0.,-1.,0.));
#13597=DIRECTION('',(-0.573576436351043,-1.018876425631E-15,-0.819152044288994));
#13598=DIRECTION('center_axis',(0.,-1.,0.));
#13599=DIRECTION('ref_axis',(-0.461748613235034,0.,0.887010833178222));
#13600=DIRECTION('center_axis',(0.,1.,0.));
#13601=DIRECTION('ref_axis',(-0.461748613235034,0.,0.887010833178222));
#13602=DIRECTION('',(0.,1.,0.));
#13603=DIRECTION('center_axis',(1.77635683940025E-15,-1.,0.));
#13604=DIRECTION('ref_axis',(-0.461748613235034,0.,0.887010833178222));
#13605=DIRECTION('center_axis',(-1.54521944870883E-15,0.,1.));
#13606=DIRECTION('ref_axis',(-1.,-1.77635683940025E-15,-1.54521944870883E-15));
#13607=DIRECTION('',(1.,0.,1.54521944870883E-15));
#13608=DIRECTION('',(0.,-1.,0.));
#13609=DIRECTION('',(-1.,-1.77635683940025E-15,-1.54521944870883E-15));
#13610=DIRECTION('center_axis',(0.,-1.,0.));
#13611=DIRECTION('ref_axis',(0.,0.,-1.));
#13612=DIRECTION('',(-0.258819045102512,0.,-0.965925826289071));
#13613=DIRECTION('center_axis',(0.,-1.,0.));
#13614=DIRECTION('ref_axis',(-0.461748613235053,0.,-0.887010833178212));
#13615=DIRECTION('',(0.573576436351026,0.,-0.819152044289006));
#13616=DIRECTION('center_axis',(0.,1.,0.));
#13617=DIRECTION('ref_axis',(0.461748613235053,0.,0.887010833178212));
#13618=DIRECTION('center_axis',(0.,-1.,0.));
#13619=DIRECTION('ref_axis',(0.461748613235053,0.,0.887010833178212));
#13620=DIRECTION('',(0.,1.,0.));
#13621=DIRECTION('center_axis',(1.77635683940025E-15,-1.,0.));
#13622=DIRECTION('ref_axis',(0.461748613235053,0.,0.887010833178212));
#13623=DIRECTION('center_axis',(0.,-1.,0.));
#13624=DIRECTION('ref_axis',(-0.461748613235053,0.,-0.887010833178212));
#13625=DIRECTION('center_axis',(-1.77635683940025E-15,1.,0.));
#13626=DIRECTION('ref_axis',(-0.461748613235053,0.,-0.887010833178212));
#13627=DIRECTION('',(0.,-1.,0.));
#13628=DIRECTION('center_axis',(0.,-1.,0.));
#13629=DIRECTION('ref_axis',(0.461748613235034,0.,-0.887010833178222));
#13630=DIRECTION('center_axis',(0.,1.,0.));
#13631=DIRECTION('ref_axis',(0.461748613235034,0.,-0.887010833178222));
#13632=DIRECTION('',(0.,1.,0.));
#13633=DIRECTION('center_axis',(0.,-1.,0.));
#13634=DIRECTION('ref_axis',(0.461748613235034,0.,-0.887010833178222));
#13635=DIRECTION('',(0.,-1.,0.));
#13636=DIRECTION('center_axis',(0.,0.,-1.));
#13637=DIRECTION('ref_axis',(0.,1.,0.));
#13638=DIRECTION('',(1.,0.,0.));
#13639=DIRECTION('',(-1.01506105108586E-15,1.,0.));
#13640=DIRECTION('',(1.,0.,0.));
#13641=DIRECTION('center_axis',(0.,-1.,0.));
#13642=DIRECTION('ref_axis',(0.,0.,-1.));
#13643=DIRECTION('',(0.573576436351044,0.,0.819152044288993));
#13644=DIRECTION('center_axis',(0.,-1.,0.));
#13645=DIRECTION('ref_axis',(-0.461748613235035,0.,0.887010833178221));
#13646=DIRECTION('',(1.,0.,1.64242178013762E-15));
#13647=DIRECTION('center_axis',(0.,-1.,0.));
#13648=DIRECTION('ref_axis',(0.461748613235034,0.,0.887010833178222));
#13649=DIRECTION('',(0.573576436351045,0.,-0.819152044288992));
#13650=DIRECTION('center_axis',(0.,1.,0.));
#13651=DIRECTION('ref_axis',(-0.461748613235035,0.,-0.887010833178221));
#13652=DIRECTION('',(1.,0.,0.));
#13653=DIRECTION('',(0.,0.,1.));
#13654=DIRECTION('',(1.,0.,0.));
#13655=DIRECTION('',(0.,4.93090031755788E-15,-1.));
#13656=DIRECTION('',(-1.,0.,0.));
#13657=DIRECTION('',(0.,0.,1.));
#13658=DIRECTION('',(1.,0.,0.));
#13659=DIRECTION('',(0.,4.93090031755788E-15,-1.));
#13660=DIRECTION('',(-1.,0.,0.));
#13661=DIRECTION('',(0.,0.,1.));
#13662=DIRECTION('',(1.,0.,0.));
#13663=DIRECTION('',(0.,0.,-1.));
#13664=DIRECTION('',(-1.,0.,0.));
#13665=DIRECTION('',(0.,4.93090031755788E-15,-1.));
#13666=DIRECTION('',(1.,0.,0.));
#13667=DIRECTION('',(0.,0.,-1.));
#13668=DIRECTION('',(-1.,0.,0.));
#13669=DIRECTION('',(0.,4.93090031755788E-15,-1.));
#13670=DIRECTION('',(1.,0.,0.));
#13671=DIRECTION('',(0.,0.,-1.));
#13672=DIRECTION('center_axis',(0.,1.,0.));
#13673=DIRECTION('ref_axis',(-0.461748613235035,0.,-0.887010833178221));
#13674=DIRECTION('center_axis',(0.,-1.,0.));
#13675=DIRECTION('ref_axis',(-0.461748613235035,0.,-0.887010833178221));
#13676=DIRECTION('',(0.,-1.,0.));
#13677=DIRECTION('',(0.,1.,0.));
#13678=DIRECTION('center_axis',(0.,0.,-1.));
#13679=DIRECTION('ref_axis',(0.,1.,0.));
#13680=DIRECTION('',(1.,0.,0.));
#13681=DIRECTION('',(-1.52259157662878E-15,-1.,0.));
#13682=DIRECTION('center_axis',(0.,-1.,0.));
#13683=DIRECTION('ref_axis',(-0.461748613235035,0.,0.887010833178221));
#13684=DIRECTION('center_axis',(0.,1.,0.));
#13685=DIRECTION('ref_axis',(-0.461748613235035,0.,0.887010833178221));
#13686=DIRECTION('',(0.,-1.,0.));
#13687=DIRECTION('',(0.,1.,0.));
#13688=DIRECTION('center_axis',(-1.64242178013762E-15,0.,1.));
#13689=DIRECTION('ref_axis',(-1.,0.,-1.64242178013762E-15));
#13690=DIRECTION('',(-1.,0.,-1.64242178013762E-15));
#13691=DIRECTION('',(0.,1.,0.));
#13692=DIRECTION('center_axis',(0.,-1.,0.));
#13693=DIRECTION('ref_axis',(0.461748613235034,0.,0.887010833178222));
#13694=DIRECTION('center_axis',(0.,1.,0.));
#13695=DIRECTION('ref_axis',(0.461748613235034,0.,0.887010833178222));
#13696=DIRECTION('',(0.,-1.,0.));
#13697=DIRECTION('center_axis',(0.819152044288992,0.,0.573576436351045));
#13698=DIRECTION('ref_axis',(-0.573576436351045,0.,0.819152044288992));
#13699=DIRECTION('',(-0.573576436351045,0.,0.819152044288992));
#13700=DIRECTION('center_axis',(-0.819152044288993,0.,0.573576436351044));
#13701=DIRECTION('ref_axis',(-0.573576436351044,0.,-0.819152044288993));
#13702=DIRECTION('',(-0.573576436351044,0.,-0.819152044288993));
#13703=DIRECTION('center_axis',(0.819152044289006,0.,0.573576436351026));
#13704=DIRECTION('ref_axis',(-0.573576436351026,-1.01887642563097E-15,0.819152044289006));
#13705=DIRECTION('',(-0.573576436351026,-1.01887642563097E-15,0.819152044289006));
#13706=DIRECTION('center_axis',(0.965925826289071,0.,-0.258819045102512));
#13707=DIRECTION('ref_axis',(0.258819045102512,4.5975498093489E-16,0.965925826289071));
#13708=DIRECTION('',(-0.258819045102512,-4.5975498093489E-16,-0.965925826289071));
#13709=DIRECTION('center_axis',(1.,0.,0.));
#13710=DIRECTION('ref_axis',(0.,0.707106781186548,0.707106781186548));
#13711=DIRECTION('center_axis',(-1.,-1.01506105108586E-15,0.));
#13712=DIRECTION('ref_axis',(0.,0.707106781186548,0.707106781186548));
#13713=DIRECTION('center_axis',(1.,-1.52259157662878E-15,0.));
#13714=DIRECTION('ref_axis',(0.,0.707106781186548,0.707106781186548));
#13715=DIRECTION('',(-1.,0.,0.));
#13716=DIRECTION('center_axis',(1.,0.,0.));
#13717=DIRECTION('ref_axis',(0.,-0.707106781186549,-0.707106781186546));
#13718=DIRECTION('center_axis',(-1.,-1.01506105108586E-15,0.));
#13719=DIRECTION('ref_axis',(0.,-0.707106781186549,-0.707106781186546));
#13720=DIRECTION('',(1.,0.,0.));
#13721=DIRECTION('center_axis',(1.,-1.52259157662878E-15,0.));
#13722=DIRECTION('ref_axis',(0.,-0.707106781186549,-0.707106781186546));
#13723=DIRECTION('',(-1.,0.,0.));
#13724=DIRECTION('center_axis',(0.,1.,0.));
#13725=DIRECTION('ref_axis',(0.,0.,1.));
#13726=DIRECTION('',(0.,0.,1.));
#13727=DIRECTION('',(-1.,0.,0.));
#13728=DIRECTION('',(0.,0.,-1.));
#13729=DIRECTION('center_axis',(1.,0.,0.));
#13730=DIRECTION('ref_axis',(0.,-0.707106781186547,0.707106781186548));
#13731=DIRECTION('center_axis',(-1.,-1.01506105108586E-15,0.));
#13732=DIRECTION('ref_axis',(0.,-0.707106781186547,0.707106781186548));
#13733=DIRECTION('',(1.,0.,0.));
#13734=DIRECTION('center_axis',(1.,-1.52259157662878E-15,0.));
#13735=DIRECTION('ref_axis',(0.,-0.707106781186547,0.707106781186548));
#13736=DIRECTION('center_axis',(0.,7.65671051465622E-16,-1.));
#13737=DIRECTION('ref_axis',(0.,1.,7.65671051465622E-16));
#13738=DIRECTION('',(-1.52259157662878E-15,-1.,-7.65671051465622E-16));
#13739=DIRECTION('',(-1.01506105108586E-15,1.,7.65671051465622E-16));
#13740=DIRECTION('center_axis',(1.,0.,0.));
#13741=DIRECTION('ref_axis',(0.,-0.719339800338805,0.694658370458838));
#13742=DIRECTION('center_axis',(-1.,0.,0.));
#13743=DIRECTION('ref_axis',(0.,-0.719339800338805,0.694658370458838));
#13744=DIRECTION('',(1.,0.,0.));
#13745=DIRECTION('center_axis',(1.,-1.52259157662878E-15,0.));
#13746=DIRECTION('ref_axis',(0.,-0.719339800338805,0.694658370458838));
#13747=DIRECTION('center_axis',(0.,0.0348994967029037,-0.999390827019082));
#13748=DIRECTION('ref_axis',(0.,0.999390827019082,0.0348994967029037));
#13749=DIRECTION('',(0.,0.999390827019082,0.0348994967029037));
#13750=DIRECTION('',(-1.,0.,0.));
#13751=DIRECTION('',(-1.52166405497933E-15,-0.999390827019082,-0.0348994967029037));
#13752=DIRECTION('center_axis',(-1.,0.,0.));
#13753=DIRECTION('ref_axis',(0.,-0.694658370458732,-0.719339800338907));
#13754=DIRECTION('center_axis',(-1.,0.,0.));
#13755=DIRECTION('ref_axis',(0.,-0.694658370458732,-0.719339800338907));
#13756=DIRECTION('center_axis',(1.,-1.52259157662878E-15,0.));
#13757=DIRECTION('ref_axis',(0.,-0.694658370458732,-0.719339800338907));
#13758=DIRECTION('',(-1.,0.,0.));
#13759=DIRECTION('center_axis',(-1.,0.,0.));
#13760=DIRECTION('ref_axis',(0.,-0.694658370458986,-0.719339800338662));
#13761=DIRECTION('center_axis',(-1.,0.,0.));
#13762=DIRECTION('ref_axis',(0.,-0.694658370458986,-0.719339800338662));
#13763=DIRECTION('center_axis',(1.,-1.52259157662878E-15,0.));
#13764=DIRECTION('ref_axis',(0.,-0.694658370458986,-0.719339800338662));
#13765=DIRECTION('',(-1.,0.,0.));
#13766=DIRECTION('center_axis',(1.,0.,0.));
#13767=DIRECTION('ref_axis',(0.,-0.719339800338646,0.694658370459003));
#13768=DIRECTION('center_axis',(-1.,0.,0.));
#13769=DIRECTION('ref_axis',(0.,-0.719339800338646,0.694658370459003));
#13770=DIRECTION('',(1.,0.,0.));
#13771=DIRECTION('center_axis',(1.,-1.52259157662878E-15,0.));
#13772=DIRECTION('ref_axis',(0.,-0.719339800338646,0.694658370459003));
#13773=DIRECTION('center_axis',(0.,0.0348994967025005,-0.999390827019096));
#13774=DIRECTION('ref_axis',(0.,0.999390827019096,0.0348994967025005));
#13775=DIRECTION('',(0.,0.999390827019096,0.0348994967025005));
#13776=DIRECTION('',(-1.,0.,0.));
#13777=DIRECTION('',(-1.52166405497935E-15,-0.999390827019096,-0.0348994967025005));
#13778=DIRECTION('center_axis',(-1.,0.,0.));
#13779=DIRECTION('ref_axis',(0.,-0.694658370458732,-0.719339800338907));
#13780=DIRECTION('center_axis',(1.,0.,0.));
#13781=DIRECTION('ref_axis',(0.,-0.694658370458732,-0.719339800338907));
#13782=DIRECTION('',(-1.,0.,0.));
#13783=DIRECTION('center_axis',(-1.,-1.01506105108586E-15,0.));
#13784=DIRECTION('ref_axis',(0.,-0.694658370458732,-0.719339800338907));
#13785=DIRECTION('center_axis',(0.,-0.0348994967031544,0.999390827019073));
#13786=DIRECTION('ref_axis',(0.,-0.999390827019073,-0.0348994967031544));
#13787=DIRECTION('',(0.,0.999390827019073,0.0348994967031544));
#13788=DIRECTION('',(1.,0.,0.));
#13789=DIRECTION('',(1.01444270331954E-15,-0.999390827019073,-0.0348994967031544));
#13790=DIRECTION('center_axis',(1.,0.,0.));
#13791=DIRECTION('ref_axis',(0.,-0.719339800338805,0.694658370458838));
#13792=DIRECTION('center_axis',(1.,0.,0.));
#13793=DIRECTION('ref_axis',(0.,-0.719339800338805,0.694658370458838));
#13794=DIRECTION('center_axis',(-1.,-1.01506105108586E-15,0.));
#13795=DIRECTION('ref_axis',(0.,-0.719339800338805,0.694658370458838));
#13796=DIRECTION('',(1.,0.,0.));
#13797=DIRECTION('center_axis',(-1.,0.,0.));
#13798=DIRECTION('ref_axis',(0.,-0.694658370458986,-0.719339800338662));
#13799=DIRECTION('center_axis',(1.,0.,0.));
#13800=DIRECTION('ref_axis',(0.,-0.694658370458986,-0.719339800338662));
#13801=DIRECTION('',(-1.,0.,0.));
#13802=DIRECTION('center_axis',(-1.,-1.01506105108586E-15,0.));
#13803=DIRECTION('ref_axis',(0.,-0.694658370458986,-0.719339800338662));
#13804=DIRECTION('center_axis',(0.,-0.0348994967024725,0.999390827019097));
#13805=DIRECTION('ref_axis',(0.,-0.999390827019097,-0.0348994967024725));
#13806=DIRECTION('',(0.,0.999390827019097,0.0348994967024725));
#13807=DIRECTION('',(1.,0.,0.));
#13808=DIRECTION('',(1.01444270331957E-15,-0.999390827019097,-0.0348994967024725));
#13809=DIRECTION('center_axis',(1.,0.,0.));
#13810=DIRECTION('ref_axis',(0.,-0.719339800338646,0.694658370459003));
#13811=DIRECTION('center_axis',(1.,0.,0.));
#13812=DIRECTION('ref_axis',(0.,-0.719339800338646,0.694658370459003));
#13813=DIRECTION('center_axis',(-1.,-1.01506105108586E-15,0.));
#13814=DIRECTION('ref_axis',(0.,-0.719339800338646,0.694658370459003));
#13815=DIRECTION('',(1.,0.,0.));
#13816=DIRECTION('center_axis',(1.,0.,0.));
#13817=DIRECTION('ref_axis',(0.,0.719339800338889,-0.694658370458751));
#13818=DIRECTION('center_axis',(-1.,0.,0.));
#13819=DIRECTION('ref_axis',(0.,0.719339800338889,-0.694658370458751));
#13820=DIRECTION('',(1.,0.,0.));
#13821=DIRECTION('center_axis',(1.,-1.52259157662878E-15,0.));
#13822=DIRECTION('ref_axis',(0.,0.719339800338889,-0.694658370458751));
#13823=DIRECTION('center_axis',(0.,-0.0348994967031544,0.999390827019073));
#13824=DIRECTION('ref_axis',(0.,-0.999390827019073,-0.0348994967031544));
#13825=DIRECTION('',(1.52166405497932E-15,0.999390827019073,0.0348994967031544));
#13826=DIRECTION('',(0.,-0.999390827019073,-0.0348994967031544));
#13827=DIRECTION('center_axis',(1.,0.,0.));
#13828=DIRECTION('ref_axis',(0.,0.694658370458837,0.719339800338806));
#13829=DIRECTION('center_axis',(-1.,0.,0.));
#13830=DIRECTION('ref_axis',(0.,0.694658370458837,0.719339800338806));
#13831=DIRECTION('center_axis',(1.,-1.52259157662878E-15,0.));
#13832=DIRECTION('ref_axis',(0.,0.694658370458837,0.719339800338806));
#13833=DIRECTION('center_axis',(1.,0.,0.));
#13834=DIRECTION('ref_axis',(0.,0.719339800338889,-0.694658370458751));
#13835=DIRECTION('center_axis',(1.,0.,0.));
#13836=DIRECTION('ref_axis',(0.,0.719339800338889,-0.694658370458751));
#13837=DIRECTION('center_axis',(-1.,-1.01506105108586E-15,0.));
#13838=DIRECTION('ref_axis',(0.,0.719339800338889,-0.694658370458751));
#13839=DIRECTION('center_axis',(1.,0.,0.));
#13840=DIRECTION('ref_axis',(0.,0.694658370458837,0.719339800338806));
#13841=DIRECTION('center_axis',(1.,0.,0.));
#13842=DIRECTION('ref_axis',(0.,0.694658370458837,0.719339800338806));
#13843=DIRECTION('',(-1.,0.,0.));
#13844=DIRECTION('center_axis',(-1.,-1.01506105108586E-15,0.));
#13845=DIRECTION('ref_axis',(0.,0.694658370458837,0.719339800338806));
#13846=DIRECTION('center_axis',(0.,0.0348994967029037,-0.999390827019082));
#13847=DIRECTION('ref_axis',(0.,0.999390827019082,0.0348994967029037));
#13848=DIRECTION('',(-1.01444270331955E-15,0.999390827019082,0.0348994967029037));
#13849=DIRECTION('',(0.,-0.999390827019082,-0.0348994967029037));
#13850=DIRECTION('center_axis',(1.,0.,0.));
#13851=DIRECTION('ref_axis',(0.,0.719339800338641,-0.694658370459008));
#13852=DIRECTION('center_axis',(-1.,0.,0.));
#13853=DIRECTION('ref_axis',(0.,0.719339800338641,-0.694658370459008));
#13854=DIRECTION('',(1.,0.,0.));
#13855=DIRECTION('center_axis',(1.,-1.52259157662878E-15,0.));
#13856=DIRECTION('ref_axis',(0.,0.719339800338641,-0.694658370459008));
#13857=DIRECTION('center_axis',(0.,-0.0348994967024725,0.999390827019097));
#13858=DIRECTION('ref_axis',(0.,-0.999390827019097,-0.0348994967024725));
#13859=DIRECTION('',(1.52166405497935E-15,0.999390827019097,0.0348994967024725));
#13860=DIRECTION('',(0.,-0.999390827019097,-0.0348994967024725));
#13861=DIRECTION('center_axis',(1.,0.,0.));
#13862=DIRECTION('ref_axis',(0.,0.694658370459013,0.719339800338636));
#13863=DIRECTION('center_axis',(-1.,0.,0.));
#13864=DIRECTION('ref_axis',(0.,0.694658370459013,0.719339800338636));
#13865=DIRECTION('center_axis',(1.,-1.52259157662878E-15,0.));
#13866=DIRECTION('ref_axis',(0.,0.694658370459013,0.719339800338636));
#13867=DIRECTION('center_axis',(1.,0.,0.));
#13868=DIRECTION('ref_axis',(0.,0.719339800338641,-0.694658370459008));
#13869=DIRECTION('center_axis',(1.,0.,0.));
#13870=DIRECTION('ref_axis',(0.,0.719339800338641,-0.694658370459008));
#13871=DIRECTION('center_axis',(-1.,-1.01506105108586E-15,0.));
#13872=DIRECTION('ref_axis',(0.,0.719339800338641,-0.694658370459008));
#13873=DIRECTION('center_axis',(1.,0.,0.));
#13874=DIRECTION('ref_axis',(0.,0.694658370459013,0.719339800338636));
#13875=DIRECTION('center_axis',(1.,0.,0.));
#13876=DIRECTION('ref_axis',(0.,0.694658370459013,0.719339800338636));
#13877=DIRECTION('',(-1.,0.,0.));
#13878=DIRECTION('center_axis',(-1.,-1.01506105108586E-15,0.));
#13879=DIRECTION('ref_axis',(0.,0.694658370459013,0.719339800338636));
#13880=DIRECTION('center_axis',(0.,0.0348994967025005,-0.999390827019096));
#13881=DIRECTION('ref_axis',(0.,0.999390827019096,0.0348994967025005));
#13882=DIRECTION('',(-1.01444270331957E-15,0.999390827019096,0.0348994967025005));
#13883=DIRECTION('',(0.,-0.999390827019096,-0.0348994967025005));
#13884=DIRECTION('center_axis',(0.,0.,-1.));
#13885=DIRECTION('ref_axis',(-1.,0.,0.));
#13886=DIRECTION('center_axis',(0.,0.,1.));
#13887=DIRECTION('ref_axis',(-1.,0.,0.));
#13888=DIRECTION('',(0.,0.,-1.));
#13889=DIRECTION('',(0.,0.,1.));
#13890=DIRECTION('center_axis',(0.,0.,-1.));
#13891=DIRECTION('ref_axis',(-1.,0.,0.));
#13892=DIRECTION('',(0.,0.,-1.));
#13893=DIRECTION('center_axis',(0.,0.,1.));
#13894=DIRECTION('ref_axis',(-1.,0.,0.));
#13895=DIRECTION('center_axis',(0.,0.,-1.));
#13896=DIRECTION('ref_axis',(1.,1.22464679914735E-16,0.));
#13897=DIRECTION('center_axis',(0.,0.,1.));
#13898=DIRECTION('ref_axis',(-1.,0.,0.));
#13899=DIRECTION('',(0.,0.,-1.));
#13900=DIRECTION('',(0.,0.,1.));
#13901=DIRECTION('center_axis',(1.,-1.52259157662878E-15,0.));
#13902=DIRECTION('ref_axis',(1.52259157662878E-15,1.,0.));
#13903=DIRECTION('',(0.,-1.,0.));
#13904=DIRECTION('',(0.,0.,-1.));
#13905=DIRECTION('center_axis',(-1.,-1.01506105108586E-15,0.));
#13906=DIRECTION('ref_axis',(1.01506105108586E-15,-1.,0.));
#13907=DIRECTION('',(0.,1.,0.));
#13908=DIRECTION('',(0.,0.,-1.));
#13909=DIRECTION('',(-1.01506105108586E-15,1.,0.));
#13910=DIRECTION('',(-1.01506105108586E-15,1.,-8.88178419700125E-16));
#13911=DIRECTION('',(0.,0.,-1.));
#13912=DIRECTION('',(1.01506105108586E-15,-1.,-5.92118946466749E-15));
#13913=DIRECTION('',(1.01506105108586E-15,-1.,-1.28102656687518E-15));
#13914=DIRECTION('',(0.,0.,1.));
#13915=DIRECTION('',(-1.01506105108586E-15,1.,0.));
#13916=DIRECTION('',(0.,0.,-1.));
#13917=DIRECTION('',(1.01506105108586E-15,-1.,-2.53765262771464E-16));
#13918=DIRECTION('',(0.,0.,1.));
#13919=DIRECTION('center_axis',(-1.,-1.01506105108586E-15,0.));
#13920=DIRECTION('ref_axis',(1.01506105108586E-15,-1.,0.));
#13921=DIRECTION('',(0.,0.,-1.));
#13922=DIRECTION('',(0.,1.,0.));
#13923=DIRECTION('center_axis',(0.,2.01858731750028E-15,1.));
#13924=DIRECTION('ref_axis',(-1.,0.,0.));
#13925=DIRECTION('',(0.,-1.,2.01858731750028E-15));
#13926=DIRECTION('center_axis',(0.,-1.,2.01858731750028E-15));
#13927=DIRECTION('ref_axis',(-0.572363520850168,-1.65524160035023E-15,-0.82));
#13928=DIRECTION('',(0.,1.,-2.01858731750028E-15));
#13929=DIRECTION('center_axis',(1.,0.,0.));
#13930=DIRECTION('ref_axis',(0.,1.,0.));
#13931=DIRECTION('',(0.,0.,-1.));
#13932=DIRECTION('',(0.,1.,0.));
#13933=DIRECTION('',(0.,0.,1.));
#13934=DIRECTION('',(0.,1.,-8.88178419700125E-16));
#13935=DIRECTION('center_axis',(-1.,0.,0.));
#13936=DIRECTION('ref_axis',(0.,-1.,0.));
#13937=DIRECTION('',(0.,0.,1.));
#13938=DIRECTION('',(0.,-1.,8.88178419700125E-16));
#13939=DIRECTION('',(0.,0.,-1.));
#13940=DIRECTION('',(0.,-1.,0.));
#13941=DIRECTION('center_axis',(-1.,0.,0.));
#13942=DIRECTION('ref_axis',(0.,-1.,0.));
#13943=DIRECTION('',(0.,1.,1.28102656687518E-15));
#13944=DIRECTION('',(0.,0.,-1.));
#13945=DIRECTION('',(0.,-1.,0.));
#13946=DIRECTION('',(0.,0.,1.));
#13947=DIRECTION('center_axis',(-3.51753829584209E-15,1.,0.));
#13948=DIRECTION('ref_axis',(-1.,-3.51753829584209E-15,0.));
#13949=DIRECTION('',(-1.,-3.51753829584209E-15,3.1242016048357E-30));
#13950=DIRECTION('',(-1.,-3.51753829584209E-15,0.));
#13951=DIRECTION('center_axis',(-3.51753829584209E-15,1.,0.));
#13952=DIRECTION('ref_axis',(-1.,-3.51753829584209E-15,0.));
#13953=DIRECTION('',(1.,3.51753829584209E-15,4.50606000697457E-30));
#13954=DIRECTION('',(-1.,-3.51753829584209E-15,0.));
#13955=DIRECTION('',(0.,0.,-1.));
#13956=DIRECTION('center_axis',(1.,0.,0.));
#13957=DIRECTION('ref_axis',(0.,1.,0.));
#13958=DIRECTION('',(0.,-1.,-1.28102656687518E-15));
#13959=DIRECTION('',(0.,1.,0.));
#13960=DIRECTION('',(0.,0.,-1.));
#13961=DIRECTION('center_axis',(0.,-1.,0.));
#13962=DIRECTION('ref_axis',(1.,0.,0.));
#13963=DIRECTION('',(-1.,0.,0.));
#13964=DIRECTION('',(1.,0.,0.));
#13965=DIRECTION('center_axis',(0.,0.,1.));
#13966=DIRECTION('ref_axis',(1.,0.,0.));
#13967=DIRECTION('',(1.,0.,0.));
#13968=DIRECTION('center_axis',(0.,-8.88178419700125E-16,-1.));
#13969=DIRECTION('ref_axis',(0.,1.,-8.88178419700125E-16));
#13970=DIRECTION('',(-1.52259157662878E-15,-1.,8.88178419700125E-16));
#13971=DIRECTION('',(1.,0.,0.));
#13972=DIRECTION('',(1.,0.,0.));
#13973=DIRECTION('center_axis',(-1.,0.,0.));
#13974=DIRECTION('ref_axis',(0.,1.,5.92118946466749E-15));
#13975=DIRECTION('center_axis',(-1.,0.,0.));
#13976=DIRECTION('ref_axis',(0.,1.,5.92118946466749E-15));
#13977=DIRECTION('center_axis',(1.,0.,0.));
#13978=DIRECTION('ref_axis',(0.,-1.,-5.92118946466749E-15));
#13979=DIRECTION('center_axis',(1.,0.,0.));
#13980=DIRECTION('ref_axis',(0.,-1.,-5.92118946466749E-15));
#13981=DIRECTION('center_axis',(0.,-1.,0.));
#13982=DIRECTION('ref_axis',(0.,0.,-1.));
#13983=DIRECTION('',(0.,0.,1.));
#13984=DIRECTION('',(1.,0.,0.));
#13985=DIRECTION('center_axis',(0.,-5.92118946466749E-15,1.));
#13986=DIRECTION('ref_axis',(0.,-1.,-5.92118946466749E-15));
#13987=DIRECTION('',(1.52259157662878E-15,1.,5.92118946466749E-15));
#13988=DIRECTION('center_axis',(0.,-1.28102656687518E-15,1.));
#13989=DIRECTION('ref_axis',(0.,-1.,-1.28102656687518E-15));
#13990=DIRECTION('',(1.52259157662878E-15,1.,1.28102656687518E-15));
#13991=DIRECTION('',(1.,0.,0.));
#13992=DIRECTION('center_axis',(0.,1.,0.));
#13993=DIRECTION('ref_axis',(0.,0.,1.));
#13994=DIRECTION('',(0.,0.,-1.));
#13995=DIRECTION('',(1.,0.,0.));
#13996=DIRECTION('center_axis',(0.,0.,-1.));
#13997=DIRECTION('ref_axis',(0.,1.,0.));
#13998=DIRECTION('',(-1.52259157662878E-15,-1.,0.));
#13999=DIRECTION('',(1.,0.,0.));
#14000=DIRECTION('center_axis',(0.,-1.,0.));
#14001=DIRECTION('ref_axis',(0.,0.,-1.));
#14002=DIRECTION('',(0.,0.,1.));
#14003=DIRECTION('',(1.,0.,0.));
#14004=DIRECTION('center_axis',(0.,-2.53765262771464E-16,1.));
#14005=DIRECTION('ref_axis',(0.,-1.,-2.53765262771464E-16));
#14006=DIRECTION('',(1.52259157662878E-15,1.,2.53765262771464E-16));
#14007=DIRECTION('',(1.,0.,0.));
#14008=DIRECTION('center_axis',(0.,1.,0.));
#14009=DIRECTION('ref_axis',(0.,0.,1.));
#14010=DIRECTION('',(0.,0.,-1.));
#14011=DIRECTION('center_axis',(0.,0.,1.));
#14012=DIRECTION('ref_axis',(1.,0.,0.));
#14013=DIRECTION('',(-1.,0.,0.));
#14014=DIRECTION('',(0.,-1.,0.));
#14015=DIRECTION('',(0.707106781186564,-0.707106781186531,0.));
#14016=DIRECTION('',(0.,-1.,0.));
#14017=DIRECTION('',(-0.707106781186548,-0.707106781186548,0.));
#14018=DIRECTION('',(0.,-1.,0.));
#14019=DIRECTION('',(0.707106781186541,-0.707106781186554,0.));
#14020=DIRECTION('',(0.,-1.,0.));
#14021=DIRECTION('center_axis',(-0.707106781186549,0.,0.707106781186546));
#14022=DIRECTION('ref_axis',(0.707106781186546,0.,0.707106781186549));
#14023=DIRECTION('',(-0.577350269189628,-0.577350269189619,-0.57735026918963));
#14024=DIRECTION('',(0.,-1.,0.));
#14025=DIRECTION('',(0.707106781186546,0.,0.707106781186549));
#14026=DIRECTION('center_axis',(0.,0.,-1.));
#14027=DIRECTION('ref_axis',(1.,0.,0.));
#14028=DIRECTION('',(0.707106781186553,0.707106781186542,0.));
#14029=DIRECTION('',(0.,1.,0.));
#14030=DIRECTION('',(-0.707106781186554,0.707106781186541,0.));
#14031=DIRECTION('',(0.,1.,0.));
#14032=DIRECTION('',(0.707106781186554,0.707106781186541,0.));
#14033=DIRECTION('',(0.,1.,0.));
#14034=DIRECTION('center_axis',(0.,0.,-1.));
#14035=DIRECTION('ref_axis',(0.0714285714285699,-0.997445717412067,0.));
#14036=DIRECTION('',(0.,1.,0.));
#14037=DIRECTION('',(-0.707106781186559,0.707106781186536,0.));
#14038=DIRECTION('',(-1.,0.,0.));
#14039=DIRECTION('',(-0.707106781186553,-0.707106781186542,0.));
#14040=DIRECTION('',(0.,-1.,0.));
#14041=DIRECTION('center_axis',(0.,0.,-1.));
#14042=DIRECTION('ref_axis',(-0.0714285714285699,0.997445717412067,0.));
#14043=DIRECTION('',(0.,-1.,0.));
#14044=DIRECTION('',(0.707106781186541,-0.707106781186554,0.));
#14045=DIRECTION('',(0.,-1.,0.));
#14046=DIRECTION('',(-0.707106781186547,-0.707106781186547,0.));
#14047=DIRECTION('',(0.,-1.,0.));
#14048=DIRECTION('',(0.707106781186564,-0.707106781186531,0.));
#14049=DIRECTION('',(0.,1.,0.));
#14050=DIRECTION('',(-1.,0.,0.));
#14051=DIRECTION('center_axis',(0.,0.,1.));
#14052=DIRECTION('ref_axis',(1.,0.,0.));
#14053=DIRECTION('center_axis',(0.,0.,1.));
#14054=DIRECTION('ref_axis',(1.,0.,0.));
#14055=DIRECTION('center_axis',(0.,0.,1.));
#14056=DIRECTION('ref_axis',(1.,0.,0.));
#14057=DIRECTION('center_axis',(0.707106781186549,0.,0.707106781186546));
#14058=DIRECTION('ref_axis',(0.707106781186546,0.,-0.707106781186549));
#14059=DIRECTION('',(-0.577350269189634,0.577350269189607,0.577350269189637));
#14060=DIRECTION('',(0.707106781186546,0.,-0.707106781186549));
#14061=DIRECTION('center_axis',(0.,0.,-1.));
#14062=DIRECTION('ref_axis',(1.,0.,0.));
#14063=DIRECTION('center_axis',(0.,0.,1.));
#14064=DIRECTION('ref_axis',(1.,0.,0.));
#14065=DIRECTION('',(0.,0.,1.));
#14066=DIRECTION('center_axis',(0.,0.,-1.));
#14067=DIRECTION('ref_axis',(1.,0.,0.));
#14068=DIRECTION('center_axis',(0.,0.,1.));
#14069=DIRECTION('ref_axis',(1.,0.,0.));
#14070=DIRECTION('',(0.,0.,1.));
#14071=DIRECTION('center_axis',(0.,0.,-1.));
#14072=DIRECTION('ref_axis',(1.,0.,0.));
#14073=DIRECTION('center_axis',(0.,0.,1.));
#14074=DIRECTION('ref_axis',(1.,0.,0.));
#14075=DIRECTION('',(0.,0.,1.));
#14076=DIRECTION('center_axis',(0.,0.,-1.));
#14077=DIRECTION('ref_axis',(1.,0.,0.));
#14078=DIRECTION('',(0.,-1.,0.));
#14079=DIRECTION('',(-1.,0.,0.));
#14080=DIRECTION('',(1.,0.,0.));
#14081=DIRECTION('center_axis',(0.,-1.,0.));
#14082=DIRECTION('ref_axis',(1.,0.,0.));
#14083=DIRECTION('',(0.,0.,-1.));
#14084=DIRECTION('center_axis',(-1.77635683940025E-15,1.,0.));
#14085=DIRECTION('ref_axis',(-1.,-1.77635683940025E-15,0.));
#14086=DIRECTION('center_axis',(1.,-1.52259157662878E-15,0.));
#14087=DIRECTION('ref_axis',(1.52259157662878E-15,1.,0.));
#14088=DIRECTION('center_axis',(-0.707106781186542,0.707106781186553,0.));
#14089=DIRECTION('ref_axis',(-0.707106781186553,-0.707106781186542,0.));
#14090=DIRECTION('',(0.,0.,-1.));
#14091=DIRECTION('center_axis',(-1.,0.,0.));
#14092=DIRECTION('ref_axis',(0.,-1.,0.));
#14093=DIRECTION('',(0.,0.,-1.));
#14094=DIRECTION('center_axis',(-0.707106781186541,-0.707106781186554,0.));
#14095=DIRECTION('ref_axis',(0.707106781186554,-0.707106781186541,0.));
#14096=DIRECTION('',(0.,0.,-1.));
#14097=DIRECTION('center_axis',(-1.,0.,0.));
#14098=DIRECTION('ref_axis',(0.,-1.,0.));
#14099=DIRECTION('',(0.,0.,-1.));
#14100=DIRECTION('center_axis',(-0.707106781186541,0.707106781186554,0.));
#14101=DIRECTION('ref_axis',(-0.707106781186554,-0.707106781186541,0.));
#14102=DIRECTION('',(0.,0.,-1.));
#14103=DIRECTION('center_axis',(-1.,0.,0.));
#14104=DIRECTION('ref_axis',(0.,-1.,0.));
#14105=DIRECTION('',(0.,0.,1.));
#14106=DIRECTION('center_axis',(0.,0.,1.));
#14107=DIRECTION('ref_axis',(-1.,-3.71726459137887E-17,0.));
#14108=DIRECTION('',(0.,0.,-1.));
#14109=DIRECTION('center_axis',(-1.,0.,0.));
#14110=DIRECTION('ref_axis',(0.,-1.,0.));
#14111=DIRECTION('',(0.,0.,-1.));
#14112=DIRECTION('center_axis',(-0.707106781186536,-0.707106781186559,0.));
#14113=DIRECTION('ref_axis',(0.707106781186559,-0.707106781186536,0.));
#14114=DIRECTION('',(0.,0.,-1.));
#14115=DIRECTION('center_axis',(0.,-1.,0.));
#14116=DIRECTION('ref_axis',(1.,0.,0.));
#14117=DIRECTION('',(0.,0.,-1.));
#14118=DIRECTION('center_axis',(0.707106781186542,-0.707106781186553,0.));
#14119=DIRECTION('ref_axis',(0.707106781186553,0.707106781186542,0.));
#14120=DIRECTION('',(0.,0.,-1.));
#14121=DIRECTION('center_axis',(1.,0.,0.));
#14122=DIRECTION('ref_axis',(0.,1.,0.));
#14123=DIRECTION('',(0.,0.,-1.));
#14124=DIRECTION('center_axis',(0.,0.,1.));
#14125=DIRECTION('ref_axis',(1.,-3.27119284041341E-15,0.));
#14126=DIRECTION('',(0.,0.,-1.));
#14127=DIRECTION('center_axis',(1.,0.,0.));
#14128=DIRECTION('ref_axis',(0.,1.,0.));
#14129=DIRECTION('',(0.,0.,-1.));
#14130=DIRECTION('center_axis',(0.707106781186554,0.707106781186541,0.));
#14131=DIRECTION('ref_axis',(-0.707106781186541,0.707106781186554,0.));
#14132=DIRECTION('',(0.,0.,-1.));
#14133=DIRECTION('center_axis',(1.,0.,0.));
#14134=DIRECTION('ref_axis',(0.,1.,0.));
#14135=DIRECTION('',(0.,0.,-1.));
#14136=DIRECTION('center_axis',(0.707106781186548,-0.707106781186548,0.));
#14137=DIRECTION('ref_axis',(0.707106781186548,0.707106781186548,0.));
#14138=DIRECTION('',(0.,0.,-1.));
#14139=DIRECTION('center_axis',(1.,0.,0.));
#14140=DIRECTION('ref_axis',(0.,1.,0.));
#14141=DIRECTION('',(0.,0.,-1.));
#14142=DIRECTION('center_axis',(0.707106781186531,0.707106781186564,0.));
#14143=DIRECTION('ref_axis',(-0.707106781186564,0.707106781186531,0.));
#14144=DIRECTION('center_axis',(1.,0.,0.));
#14145=DIRECTION('ref_axis',(0.,-1.22086380714794E-15,-1.));
#14146=DIRECTION('',(0.,1.04185151870982E-15,1.));
#14147=DIRECTION('',(0.,1.,-1.26161707343768E-15));
#14148=DIRECTION('',(0.,1.22086380714794E-15,1.));
#14149=DIRECTION('',(0.,1.,-1.26161707343768E-15));
#14150=DIRECTION('center_axis',(0.,-1.26161707343768E-15,-1.));
#14151=DIRECTION('ref_axis',(-1.,0.,0.));
#14152=DIRECTION('',(1.,0.,0.));
#14153=DIRECTION('',(0.,1.,-1.26161707343768E-15));
#14154=DIRECTION('',(1.,0.,0.));
#14155=DIRECTION('center_axis',(-1.,0.,0.));
#14156=DIRECTION('ref_axis',(0.,1.22086380714794E-15,1.));
#14157=DIRECTION('',(0.,-1.04185151870982E-15,-1.));
#14158=DIRECTION('',(0.,1.,-1.26161707343768E-15));
#14159=DIRECTION('',(0.,-1.22086380714794E-15,-1.));
#14160=DIRECTION('center_axis',(0.,-1.26161707343768E-15,-1.));
#14161=DIRECTION('ref_axis',(-1.,0.,0.));
#14162=DIRECTION('',(1.,0.,0.));
#14163=DIRECTION('',(0.,1.,-1.26161707343768E-15));
#14164=DIRECTION('',(1.,0.,0.));
#14165=DIRECTION('center_axis',(1.,0.,0.));
#14166=DIRECTION('ref_axis',(0.,-1.22086380714794E-15,-1.));
#14167=DIRECTION('',(0.,1.04185151870982E-15,1.));
#14168=DIRECTION('',(0.,1.,-1.26161707343768E-15));
#14169=DIRECTION('',(0.,-1.22086380714794E-15,-1.));
#14170=DIRECTION('center_axis',(7.2064176436515E-63,-1.26161707343768E-15,
-1.));
#14171=DIRECTION('ref_axis',(-1.,-1.76830431023987E-46,2.15885873239556E-61));
#14172=DIRECTION('',(1.,7.50801716649557E-78,7.2064176436515E-63));
#14173=DIRECTION('',(0.,1.,-1.26161707343768E-15));
#14174=DIRECTION('',(-1.,-1.76830431023987E-46,2.15885873239556E-61));
#14175=DIRECTION('center_axis',(-1.,0.,0.));
#14176=DIRECTION('ref_axis',(0.,1.22086380714794E-15,1.));
#14177=DIRECTION('',(0.,-1.04185151870982E-15,-1.));
#14178=DIRECTION('',(0.,1.,-1.26161707343768E-15));
#14179=DIRECTION('',(0.,1.22086380714794E-15,1.));
#14180=DIRECTION('center_axis',(0.,-1.26161707343768E-15,-1.));
#14181=DIRECTION('ref_axis',(-1.,0.,0.));
#14182=DIRECTION('',(1.,0.,0.));
#14183=DIRECTION('',(0.,1.,-1.26161707343768E-15));
#14184=DIRECTION('',(1.,0.,0.));
#14185=DIRECTION('center_axis',(1.,0.,0.));
#14186=DIRECTION('ref_axis',(0.,-1.22086380714794E-15,-1.));
#14187=DIRECTION('',(0.,1.04185151870982E-15,1.));
#14188=DIRECTION('',(0.,1.,-1.26161707343768E-15));
#14189=DIRECTION('',(0.,1.22086380714794E-15,1.));
#14190=DIRECTION('center_axis',(0.,-1.26161707343768E-15,-1.));
#14191=DIRECTION('ref_axis',(-1.,0.,0.));
#14192=DIRECTION('',(1.,0.,0.));
#14193=DIRECTION('',(0.,1.,-1.26161707343768E-15));
#14194=DIRECTION('',(1.,0.,0.));
#14195=DIRECTION('center_axis',(-1.,0.,0.));
#14196=DIRECTION('ref_axis',(0.,1.22086380714794E-15,1.));
#14197=DIRECTION('',(0.,-1.04185151870982E-15,-1.));
#14198=DIRECTION('',(0.,1.,-1.26161707343768E-15));
#14199=DIRECTION('',(0.,-1.22086380714794E-15,-1.));
#14200=DIRECTION('center_axis',(0.,1.,-1.26161707343768E-15));
#14201=DIRECTION('ref_axis',(0.594158735987417,-1.01477892772393E-15,-0.804347808133916));
#14202=DIRECTION('center_axis',(0.,-1.,1.04185151870982E-15));
#14203=DIRECTION('ref_axis',(0.594158735987417,-1.01477892772393E-15,-0.804347808133916));
#14204=DIRECTION('',(0.,1.,-1.26161707343768E-15));
#14205=DIRECTION('center_axis',(7.10335194693639E-32,-1.,1.22086380714794E-15));
#14206=DIRECTION('ref_axis',(0.594158735987417,-9.8199912730947E-16,-0.804347808133916));
#14207=DIRECTION('center_axis',(3.55578547081329E-50,1.26161707343768E-15,
1.));
#14208=DIRECTION('ref_axis',(1.,-8.72515455701714E-34,1.06522254104341E-48));
#14209=DIRECTION('',(-1.,3.70460049297314E-65,3.55578547081329E-50));
#14210=DIRECTION('',(0.,1.,-1.26161707343768E-15));
#14211=DIRECTION('',(-1.,8.72515455701714E-34,-1.06522254104341E-48));
#14212=DIRECTION('center_axis',(0.,1.,-1.26161707343768E-15));
#14213=DIRECTION('ref_axis',(-0.594158711683444,1.01477895037368E-15,0.804347826086868));
#14214=DIRECTION('center_axis',(0.,-1.,1.04185151870982E-15));
#14215=DIRECTION('ref_axis',(-0.594158711683444,1.01477895037368E-15,0.804347826086868));
#14216=DIRECTION('center_axis',(-7.89118256329392E-32,-1.,1.22086380714794E-15));
#14217=DIRECTION('ref_axis',(-0.594158711683444,9.8199914922758E-16,0.804347826086868));
#14218=DIRECTION('center_axis',(7.1033519469364E-32,-1.,1.22086380714794E-15));
#14219=DIRECTION('ref_axis',(1.,7.1033519469364E-32,-8.67222530144848E-47));
#14220=DIRECTION('center_axis',(0.,1.,-1.04185151870982E-15));
#14221=DIRECTION('ref_axis',(0.,1.04185151870982E-15,1.));
#14222=DIRECTION('center_axis',(0.408248290463863,-0.816496580927726,-0.408248290463863));
#14223=DIRECTION('ref_axis',(-0.577350269189626,-0.577350269189626,0.577350269189626));
#14224=DIRECTION('center_axis',(0.,-1.,0.));
#14225=DIRECTION('ref_axis',(-1.,0.,0.));
#14226=DIRECTION('center_axis',(0.,0.,1.));
#14227=DIRECTION('ref_axis',(0.,-1.,0.));
#14228=DIRECTION('center_axis',(-1.,0.,0.));
#14229=DIRECTION('ref_axis',(0.,0.,1.));
#14230=DIRECTION('center_axis',(-0.408248290463863,-0.816496580927726,0.408248290463863));
#14231=DIRECTION('ref_axis',(-0.577350269189626,0.577350269189626,0.577350269189626));
#14232=DIRECTION('center_axis',(-1.,0.,0.));
#14233=DIRECTION('ref_axis',(0.,1.,0.));
#14234=DIRECTION('center_axis',(0.,0.,1.));
#14235=DIRECTION('ref_axis',(-1.,0.,0.));
#14236=DIRECTION('center_axis',(0.,1.,0.));
#14237=DIRECTION('ref_axis',(0.,0.,1.));
#14238=DIRECTION('center_axis',(-0.408248290463863,-0.816496580927726,-0.408248290463863));
#14239=DIRECTION('ref_axis',(0.577350269189626,-0.577350269189626,0.577350269189626));
#14240=DIRECTION('center_axis',(1.,0.,0.));
#14241=DIRECTION('ref_axis',(0.,-1.,0.));
#14242=DIRECTION('center_axis',(0.,0.,1.));
#14243=DIRECTION('ref_axis',(1.,0.,0.));
#14244=DIRECTION('center_axis',(0.,-1.,0.));
#14245=DIRECTION('ref_axis',(0.,0.,1.));
#14246=DIRECTION('center_axis',(0.408248290463863,-0.816496580927726,0.408248290463863));
#14247=DIRECTION('ref_axis',(-0.577350269189626,-0.577350269189626,-0.577350269189626));
#14248=DIRECTION('center_axis',(0.,-1.,0.));
#14249=DIRECTION('ref_axis',(0.,0.,-1.));
#14250=DIRECTION('center_axis',(-1.,0.,0.));
#14251=DIRECTION('ref_axis',(0.,-1.,0.));
#14252=DIRECTION('center_axis',(0.,0.,-1.));
#14253=DIRECTION('ref_axis',(-1.,0.,0.));
#14254=DIRECTION('center_axis',(0.408248290463863,-0.816496580927726,0.408248290463863));
#14255=DIRECTION('ref_axis',(0.577350269189626,0.577350269189626,0.577350269189626));
#14256=DIRECTION('center_axis',(0.,1.,0.));
#14257=DIRECTION('ref_axis',(1.,0.,0.));
#14258=DIRECTION('center_axis',(0.,0.,1.));
#14259=DIRECTION('ref_axis',(0.,1.,0.));
#14260=DIRECTION('center_axis',(1.,0.,0.));
#14261=DIRECTION('ref_axis',(0.,0.,1.));
#14262=DIRECTION('center_axis',(-0.408248290463863,-0.816496580927726,-0.408248290463863));
#14263=DIRECTION('ref_axis',(-0.577350269189626,0.577350269189626,-0.577350269189626));
#14264=DIRECTION('center_axis',(-1.,0.,0.));
#14265=DIRECTION('ref_axis',(0.,0.,-1.));
#14266=DIRECTION('center_axis',(0.,1.,0.));
#14267=DIRECTION('ref_axis',(-1.,0.,0.));
#14268=DIRECTION('center_axis',(0.,0.,-1.));
#14269=DIRECTION('ref_axis',(0.,1.,0.));
#14270=DIRECTION('center_axis',(0.,1.,0.));
#14271=DIRECTION('ref_axis',(-0.70710678118654,0.,-0.707106781186555));
#14272=DIRECTION('',(0.,-1.,0.));
#14273=DIRECTION('',(0.,1.,0.));
#14274=DIRECTION('center_axis',(0.,0.,1.));
#14275=DIRECTION('ref_axis',(-0.707106781186548,0.707106781186548,0.));
#14276=DIRECTION('',(0.,0.,-1.));
#14277=DIRECTION('',(0.,0.,1.));
#14278=DIRECTION('center_axis',(-0.408248290463863,-0.816496580927726,0.408248290463863));
#14279=DIRECTION('ref_axis',(0.577350269189626,-0.577350269189626,-0.577350269189626));
#14280=DIRECTION('center_axis',(1.,0.,0.));
#14281=DIRECTION('ref_axis',(0.,0.,-1.));
#14282=DIRECTION('center_axis',(0.,-1.,0.));
#14283=DIRECTION('ref_axis',(1.,0.,0.));
#14284=DIRECTION('center_axis',(0.,0.,-1.));
#14285=DIRECTION('ref_axis',(0.,-1.,0.));
#14286=DIRECTION('center_axis',(0.408248290463862,-0.816496580927723,-0.40824829046387));
#14287=DIRECTION('ref_axis',(0.577350269189623,0.577350269189623,-0.577350269189632));
#14288=DIRECTION('center_axis',(0.,0.,-1.));
#14289=DIRECTION('ref_axis',(1.,0.,0.));
#14290=DIRECTION('center_axis',(0.,1.,0.));
#14291=DIRECTION('ref_axis',(0.,0.,-1.));
#14292=DIRECTION('center_axis',(1.,0.,0.));
#14293=DIRECTION('ref_axis',(0.,1.,0.));
#14294=DIRECTION('center_axis',(0.,-1.,0.));
#14295=DIRECTION('ref_axis',(0.70710678118654,0.,-0.707106781186555));
#14296=DIRECTION('',(0.,1.,0.));
#14297=DIRECTION('',(0.,-1.,0.));
#14298=DIRECTION('center_axis',(1.,0.,0.));
#14299=DIRECTION('ref_axis',(0.,0.70710678118654,-0.707106781186555));
#14300=DIRECTION('',(-1.,0.,0.));
#14301=DIRECTION('',(1.,0.,0.));
#14302=DIRECTION('center_axis',(0.,0.,1.));
#14303=DIRECTION('ref_axis',(0.707106781186548,0.707106781186548,0.));
#14304=DIRECTION('',(0.,0.,-1.));
#14305=DIRECTION('',(0.,0.,1.));
#14306=DIRECTION('center_axis',(0.,0.,1.));
#14307=DIRECTION('ref_axis',(0.707106781186548,-0.707106781186548,0.));
#14308=DIRECTION('',(0.,0.,-1.));
#14309=DIRECTION('',(0.,0.,1.));
#14310=DIRECTION('center_axis',(-1.,0.,0.));
#14311=DIRECTION('ref_axis',(0.,-0.70710678118654,-0.707106781186555));
#14312=DIRECTION('',(1.,0.,0.));
#14313=DIRECTION('',(-1.,0.,0.));
#14314=DIRECTION('center_axis',(-1.,0.,0.));
#14315=DIRECTION('ref_axis',(0.,0.70710678118654,0.707106781186555));
#14316=DIRECTION('',(1.,0.,0.));
#14317=DIRECTION('',(-1.,0.,0.));
#14318=DIRECTION('center_axis',(0.,1.,0.));
#14319=DIRECTION('ref_axis',(0.70710678118654,0.,0.707106781186555));
#14320=DIRECTION('',(0.,-1.,0.));
#14321=DIRECTION('',(0.,1.,0.));
#14322=DIRECTION('center_axis',(0.,0.,1.));
#14323=DIRECTION('ref_axis',(-0.707106781186548,-0.707106781186548,0.));
#14324=DIRECTION('',(0.,0.,-1.));
#14325=DIRECTION('',(0.,0.,1.));
#14326=DIRECTION('center_axis',(1.,0.,0.));
#14327=DIRECTION('ref_axis',(0.,-0.70710678118654,0.707106781186555));
#14328=DIRECTION('',(-1.,0.,0.));
#14329=DIRECTION('',(1.,0.,0.));
#14330=DIRECTION('center_axis',(0.,-1.,0.));
#14331=DIRECTION('ref_axis',(-0.70710678118654,0.,0.707106781186555));
#14332=DIRECTION('',(0.,1.,0.));
#14333=DIRECTION('',(0.,-1.,0.));
#14334=DIRECTION('center_axis',(-1.,0.,0.));
#14335=DIRECTION('ref_axis',(0.,-1.,0.));
#14336=DIRECTION('center_axis',(0.,1.,0.));
#14337=DIRECTION('ref_axis',(-1.,0.,0.));
#14338=DIRECTION('center_axis',(1.,0.,0.));
#14339=DIRECTION('ref_axis',(0.,1.,0.));
#14340=DIRECTION('center_axis',(0.,0.,-1.));
#14341=DIRECTION('ref_axis',(1.,0.,0.));
#14342=DIRECTION('center_axis',(0.,-1.,0.));
#14343=DIRECTION('ref_axis',(1.,0.,0.));
#14344=DIRECTION('center_axis',(0.,0.,1.));
#14345=DIRECTION('ref_axis',(1.,0.,0.));
#14346=DIRECTION('',(0.,0.,1.));
#14347=DIRECTION('',(1.110223024625E-16,-1.,0.));
#14348=DIRECTION('',(0.,0.,1.));
#14349=DIRECTION('',(-1.,1.224646799147E-16,0.));
#14350=DIRECTION('',(0.,0.,1.));
#14351=DIRECTION('',(1.,0.,0.));
#14352=DIRECTION('',(0.,0.,1.));
#14353=DIRECTION('',(1.,0.,0.));
#14354=DIRECTION('',(0.,-1.224646799147E-16,-1.));
#14355=DIRECTION('',(1.,0.,0.));
#14356=DIRECTION('',(0.,0.,1.));
#14357=DIRECTION('',(1.,0.,0.));
#14358=DIRECTION('',(0.,0.,1.));
#14359=DIRECTION('',(1.110223024625E-16,-1.,0.));
#14360=CARTESIAN_POINT('',(0.,0.,0.));
#14361=CARTESIAN_POINT('',(0.,0.,0.));
#14362=CARTESIAN_POINT('',(0.,0.,0.));
#14363=CARTESIAN_POINT('Origin',(-3.,1.775,0.06));
#14364=CARTESIAN_POINT('',(-3.,1.775,0.06));
#14365=CARTESIAN_POINT('',(-3.,-0.975,0.06));
#14366=CARTESIAN_POINT('',(-3.,1.775,0.06));
#14367=CARTESIAN_POINT('',(-3.,-0.975,0.61));
#14368=CARTESIAN_POINT('',(-3.,-0.975,0.61));
#14369=CARTESIAN_POINT('',(-3.,-1.975,0.61));
#14370=CARTESIAN_POINT('',(-3.,-1.975,0.61));
#14371=CARTESIAN_POINT('',(-3.,-1.975,1.26));
#14372=CARTESIAN_POINT('',(-3.,-1.975,1.26));
#14373=CARTESIAN_POINT('',(-3.,-2.475,1.26));
#14374=CARTESIAN_POINT('',(-3.,-2.475,1.26));
#14375=CARTESIAN_POINT('',(-3.,-2.475,2.96));
#14376=CARTESIAN_POINT('',(-3.,-2.475,0.06));
#14377=CARTESIAN_POINT('',(-3.,0.286,2.96));
#14378=CARTESIAN_POINT('',(-3.,1.775,2.96));
#14379=CARTESIAN_POINT('',(-3.,0.575,2.46));
#14380=CARTESIAN_POINT('',(-3.,0.575,2.46));
#14381=CARTESIAN_POINT('',(-3.,1.225,2.46));
#14382=CARTESIAN_POINT('',(-3.,1.225,2.46));
#14383=CARTESIAN_POINT('',(-3.,1.225,1.46));
#14384=CARTESIAN_POINT('',(-3.,1.225,1.46));
#14385=CARTESIAN_POINT('',(-3.,1.775,1.46));
#14386=CARTESIAN_POINT('',(-3.,1.775,1.46));
#14387=CARTESIAN_POINT('',(-3.,1.775,0.06));
#14388=CARTESIAN_POINT('Origin',(-3.,1.775,0.06));
#14389=CARTESIAN_POINT('',(3.,1.775,0.06));
#14390=CARTESIAN_POINT('',(3.,-0.975,0.06));
#14391=CARTESIAN_POINT('',(3.,1.775,0.06));
#14392=CARTESIAN_POINT('',(2.7,-0.975,0.06));
#14393=CARTESIAN_POINT('',(2.5,-0.975,0.06));
#14394=CARTESIAN_POINT('',(2.5,-0.975,0.06));
#14395=CARTESIAN_POINT('',(2.5,-0.975,0.06));
#14396=CARTESIAN_POINT('',(2.5,-2.475,0.06));
#14397=CARTESIAN_POINT('',(2.5,-0.975,0.06));
#14398=CARTESIAN_POINT('',(-2.5,-2.475,0.06));
#14399=CARTESIAN_POINT('',(-3.,-2.475,0.06));
#14400=CARTESIAN_POINT('',(-2.5,-0.975,0.06));
#14401=CARTESIAN_POINT('',(-2.5,-0.975,0.06));
#14402=CARTESIAN_POINT('',(-2.7,-0.975,0.06));
#14403=CARTESIAN_POINT('',(-3.,-0.975,0.06));
#14404=CARTESIAN_POINT('',(-3.,-0.975,0.06));
#14405=CARTESIAN_POINT('',(-1.6,1.775,0.06));
#14406=CARTESIAN_POINT('',(-3.,1.775,0.06));
#14407=CARTESIAN_POINT('',(-1.6,1.675,0.06));
#14408=CARTESIAN_POINT('',(-1.6,1.675,0.06));
#14409=CARTESIAN_POINT('',(-1.4,1.675,0.06));
#14410=CARTESIAN_POINT('',(-1.6,1.675,0.06));
#14411=CARTESIAN_POINT('',(-1.4,1.775,0.06));
#14412=CARTESIAN_POINT('',(-1.4,1.675,0.06));
#14413=CARTESIAN_POINT('',(-0.6,1.775,0.06));
#14414=CARTESIAN_POINT('',(-3.,1.775,0.06));
#14415=CARTESIAN_POINT('',(-0.6,1.675,0.06));
#14416=CARTESIAN_POINT('',(-0.6,1.675,0.06));
#14417=CARTESIAN_POINT('',(-0.4,1.675,0.06));
#14418=CARTESIAN_POINT('',(-0.6,1.675,0.06));
#14419=CARTESIAN_POINT('',(-0.4,1.775,0.06));
#14420=CARTESIAN_POINT('',(-0.4,1.675,0.06));
#14421=CARTESIAN_POINT('',(0.4,1.775,0.06));
#14422=CARTESIAN_POINT('',(-3.,1.775,0.06));
#14423=CARTESIAN_POINT('',(0.4,1.675,0.06));
#14424=CARTESIAN_POINT('',(0.4,1.675,0.06));
#14425=CARTESIAN_POINT('',(0.6,1.675,0.06));
#14426=CARTESIAN_POINT('',(0.4,1.675,0.06));
#14427=CARTESIAN_POINT('',(0.6,1.775,0.06));
#14428=CARTESIAN_POINT('',(0.6,1.675,0.06));
#14429=CARTESIAN_POINT('',(1.4,1.775,0.06));
#14430=CARTESIAN_POINT('',(-3.,1.775,0.06));
#14431=CARTESIAN_POINT('',(1.4,1.675,0.06));
#14432=CARTESIAN_POINT('',(1.4,1.675,0.06));
#14433=CARTESIAN_POINT('',(1.6,1.675,0.06));
#14434=CARTESIAN_POINT('',(1.4,1.675,0.06));
#14435=CARTESIAN_POINT('',(1.6,1.775,0.06));
#14436=CARTESIAN_POINT('',(1.6,1.675,0.06));
#14437=CARTESIAN_POINT('',(-3.,1.775,0.06));
#14438=CARTESIAN_POINT('Origin',(-3.,-0.975,0.61));
#14439=CARTESIAN_POINT('',(-2.7,-0.975,0.61));
#14440=CARTESIAN_POINT('',(-2.7,-0.975,0.61));
#14441=CARTESIAN_POINT('',(-3.,-0.975,0.61));
#14442=CARTESIAN_POINT('Origin',(-3.,-1.975,0.61));
#14443=CARTESIAN_POINT('',(-2.7,-1.975,0.61));
#14444=CARTESIAN_POINT('',(-2.7,-1.975,0.61));
#14445=CARTESIAN_POINT('',(-3.,-1.975,0.61));
#14446=CARTESIAN_POINT('Origin',(-3.,-1.975,1.26));
#14447=CARTESIAN_POINT('',(-2.7,-1.975,1.26));
#14448=CARTESIAN_POINT('',(-2.7,-1.975,1.26));
#14449=CARTESIAN_POINT('',(-3.,-1.975,1.26));
#14450=CARTESIAN_POINT('Origin',(-3.,-2.475,1.26));
#14451=CARTESIAN_POINT('',(-2.7,-2.475,1.26));
#14452=CARTESIAN_POINT('',(-2.7,-2.475,1.26));
#14453=CARTESIAN_POINT('',(-3.,-2.475,1.26));
#14454=CARTESIAN_POINT('Origin',(-3.,-2.475,0.06));
#14455=CARTESIAN_POINT('',(-2.5,-2.475,1.26));
#14456=CARTESIAN_POINT('',(-3.,-2.475,1.26));
#14457=CARTESIAN_POINT('',(-2.5,-2.475,0.06));
#14458=CARTESIAN_POINT('',(2.5,-2.475,1.26));
#14459=CARTESIAN_POINT('',(2.5,-2.475,0.06));
#14460=CARTESIAN_POINT('',(2.7,-2.475,1.26));
#14461=CARTESIAN_POINT('',(2.5,-2.475,1.26));
#14462=CARTESIAN_POINT('',(3.,-2.475,1.26));
#14463=CARTESIAN_POINT('',(2.5,-2.475,1.26));
#14464=CARTESIAN_POINT('',(3.,-2.475,2.96));
#14465=CARTESIAN_POINT('',(3.,-2.475,0.06));
#14466=CARTESIAN_POINT('',(-3.,-2.475,2.96));
#14467=CARTESIAN_POINT('',(2.2,-2.475,0.46));
#14468=CARTESIAN_POINT('',(2.2,-2.475,1.46));
#14469=CARTESIAN_POINT('',(2.2,-2.475,0.46));
#14470=CARTESIAN_POINT('',(-2.2,-2.475,0.46));
#14471=CARTESIAN_POINT('',(-2.2,-2.475,0.46));
#14472=CARTESIAN_POINT('',(-2.2,-2.475,1.46));
#14473=CARTESIAN_POINT('',(-2.2,-2.475,2.56));
#14474=CARTESIAN_POINT('',(-2.55,-2.475,1.46));
#14475=CARTESIAN_POINT('',(-2.55,-2.475,1.46));
#14476=CARTESIAN_POINT('',(-2.55,-2.475,2.06));
#14477=CARTESIAN_POINT('',(-2.55,-2.475,2.06));
#14478=CARTESIAN_POINT('',(-2.2,-2.475,2.06));
#14479=CARTESIAN_POINT('',(2.55,-2.475,2.06));
#14480=CARTESIAN_POINT('',(-2.2,-2.475,2.56));
#14481=CARTESIAN_POINT('',(-2.2,-2.475,2.56));
#14482=CARTESIAN_POINT('',(2.2,-2.475,2.56));
#14483=CARTESIAN_POINT('',(2.2,-2.475,2.56));
#14484=CARTESIAN_POINT('',(2.2,-2.475,2.06));
#14485=CARTESIAN_POINT('',(2.2,-2.475,0.46));
#14486=CARTESIAN_POINT('',(2.55,-2.475,2.06));
#14487=CARTESIAN_POINT('',(2.55,-2.475,2.06));
#14488=CARTESIAN_POINT('',(2.55,-2.475,1.46));
#14489=CARTESIAN_POINT('',(2.55,-2.475,1.46));
#14490=CARTESIAN_POINT('',(-2.55,-2.475,1.46));
#14491=CARTESIAN_POINT('Origin',(-3.,1.775,2.96));
#14492=CARTESIAN_POINT('',(-2.5,1.775,2.96));
#14493=CARTESIAN_POINT('',(2.5,1.775,2.96));
#14494=CARTESIAN_POINT('',(-3.,1.775,2.96));
#14495=CARTESIAN_POINT('',(-2.5,0.286,2.96));
#14496=CARTESIAN_POINT('',(-2.5,0.286,2.96));
#14497=CARTESIAN_POINT('',(-3.,0.286,2.96));
#14498=CARTESIAN_POINT('',(3.,0.286,2.96));
#14499=CARTESIAN_POINT('',(3.,1.775,2.96));
#14500=CARTESIAN_POINT('',(2.5,0.286,2.96));
#14501=CARTESIAN_POINT('',(2.5,0.286,2.96));
#14502=CARTESIAN_POINT('',(2.5,0.286,2.96));
#14503=CARTESIAN_POINT('Origin',(-3.,0.575,2.46));
#14504=CARTESIAN_POINT('',(-2.5,0.575,2.46));
#14505=CARTESIAN_POINT('',(-3.,0.575,2.46));
#14506=CARTESIAN_POINT('',(-2.5,0.575,2.46));
#14507=CARTESIAN_POINT('Origin',(-3.,1.225,2.46));
#14508=CARTESIAN_POINT('',(-2.5,1.225,2.46));
#14509=CARTESIAN_POINT('',(-3.,1.225,2.46));
#14510=CARTESIAN_POINT('',(-2.5,1.225,2.46));
#14511=CARTESIAN_POINT('Origin',(-3.,1.225,1.46));
#14512=CARTESIAN_POINT('',(-2.5,1.225,1.46));
#14513=CARTESIAN_POINT('',(-3.,1.225,1.46));
#14514=CARTESIAN_POINT('',(-2.5,1.225,1.46));
#14515=CARTESIAN_POINT('Origin',(-3.,1.775,1.46));
#14516=CARTESIAN_POINT('',(-2.5,1.775,1.46));
#14517=CARTESIAN_POINT('',(-3.,1.775,1.46));
#14518=CARTESIAN_POINT('',(-2.5,1.775,1.46));
#14519=CARTESIAN_POINT('Origin',(-3.,1.775,0.06));
#14520=CARTESIAN_POINT('',(-2.5,1.775,2.96));
#14521=CARTESIAN_POINT('',(2.5,1.775,1.46));
#14522=CARTESIAN_POINT('',(2.5,1.775,2.96));
#14523=CARTESIAN_POINT('',(3.,1.775,1.46));
#14524=CARTESIAN_POINT('',(2.5,1.775,1.46));
#14525=CARTESIAN_POINT('',(3.,1.775,0.06));
#14526=CARTESIAN_POINT('',(1.6,1.775,0.2));
#14527=CARTESIAN_POINT('',(1.6,1.775,0.06));
#14528=CARTESIAN_POINT('',(1.4,1.775,0.2));
#14529=CARTESIAN_POINT('',(1.4,1.775,0.2));
#14530=CARTESIAN_POINT('',(1.4,1.775,0.06));
#14531=CARTESIAN_POINT('',(0.6,1.775,0.2));
#14532=CARTESIAN_POINT('',(0.6,1.775,0.06));
#14533=CARTESIAN_POINT('',(0.4,1.775,0.2));
#14534=CARTESIAN_POINT('',(0.4,1.775,0.2));
#14535=CARTESIAN_POINT('',(0.4,1.775,0.06));
#14536=CARTESIAN_POINT('',(-0.4,1.775,0.2));
#14537=CARTESIAN_POINT('',(-0.4,1.775,0.06));
#14538=CARTESIAN_POINT('',(-0.6,1.775,0.2));
#14539=CARTESIAN_POINT('',(-0.6,1.775,0.2));
#14540=CARTESIAN_POINT('',(-0.6,1.775,0.06));
#14541=CARTESIAN_POINT('',(-1.4,1.775,0.2));
#14542=CARTESIAN_POINT('',(-1.4,1.775,0.06));
#14543=CARTESIAN_POINT('',(-1.6,1.775,0.2));
#14544=CARTESIAN_POINT('',(-1.6,1.775,0.2));
#14545=CARTESIAN_POINT('',(-1.6,1.775,0.06));
#14546=CARTESIAN_POINT('Origin',(3.,1.775,0.06));
#14547=CARTESIAN_POINT('',(3.,1.225,1.46));
#14548=CARTESIAN_POINT('',(3.,1.775,1.46));
#14549=CARTESIAN_POINT('',(3.,1.225,2.46));
#14550=CARTESIAN_POINT('',(3.,1.225,1.46));
#14551=CARTESIAN_POINT('',(3.,0.575,2.46));
#14552=CARTESIAN_POINT('',(3.,1.225,2.46));
#14553=CARTESIAN_POINT('',(3.,0.575,2.46));
#14554=CARTESIAN_POINT('',(3.,-1.975,1.26));
#14555=CARTESIAN_POINT('',(3.,-2.475,1.26));
#14556=CARTESIAN_POINT('',(3.,-1.975,0.61));
#14557=CARTESIAN_POINT('',(3.,-1.975,1.26));
#14558=CARTESIAN_POINT('',(3.,-0.975,0.61));
#14559=CARTESIAN_POINT('',(3.,-1.975,0.61));
#14560=CARTESIAN_POINT('',(3.,-0.975,0.61));
#14561=CARTESIAN_POINT('Origin',(2.5,-0.975,0.61));
#14562=CARTESIAN_POINT('',(2.7,-0.975,0.61));
#14563=CARTESIAN_POINT('',(2.7,-0.975,0.61));
#14564=CARTESIAN_POINT('',(2.5,-0.975,0.61));
#14565=CARTESIAN_POINT('Origin',(2.5,-0.975,0.61));
#14566=CARTESIAN_POINT('',(2.5,-0.975,0.01));
#14567=CARTESIAN_POINT('',(2.5,-0.975,0.61));
#14568=CARTESIAN_POINT('',(2.7,-0.975,0.01));
#14569=CARTESIAN_POINT('',(2.7,-0.975,0.61));
#14570=CARTESIAN_POINT('',(2.5,-0.975,0.01));
#14571=CARTESIAN_POINT('Origin',(2.5,-1.843181818182,0.516818181818));
#14572=CARTESIAN_POINT('',(2.5,-2.475,0.01));
#14573=CARTESIAN_POINT('',(2.5,-0.975,0.01));
#14574=CARTESIAN_POINT('',(2.5,-2.475,0.01));
#14575=CARTESIAN_POINT('Origin',(-2.5,-1.843181818182,0.516818181818));
#14576=CARTESIAN_POINT('',(-2.5,-0.975,0.01));
#14577=CARTESIAN_POINT('',(-2.5,-2.475,0.01));
#14578=CARTESIAN_POINT('',(-2.5,-0.975,0.01));
#14579=CARTESIAN_POINT('',(-2.5,-0.975,0.61));
#14580=CARTESIAN_POINT('',(-2.5,-2.475,0.01));
#14581=CARTESIAN_POINT('Origin',(-2.7,-0.975,0.61));
#14582=CARTESIAN_POINT('',(-2.7,-0.975,0.01));
#14583=CARTESIAN_POINT('',(-2.7,-0.975,0.61));
#14584=CARTESIAN_POINT('',(-2.7,-0.975,0.01));
#14585=CARTESIAN_POINT('Origin',(-1.6,2.082,0.093));
#14586=CARTESIAN_POINT('',(-1.6,1.675,0.));
#14587=CARTESIAN_POINT('',(-1.6,1.675,0.));
#14588=CARTESIAN_POINT('',(-1.6,2.475,0.2));
#14589=CARTESIAN_POINT('',(-1.6,1.775,0.2));
#14590=CARTESIAN_POINT('',(-1.6,2.475,0.));
#14591=CARTESIAN_POINT('',(-1.6,2.475,0.2));
#14592=CARTESIAN_POINT('',(-1.6,2.475,0.));
#14593=CARTESIAN_POINT('Origin',(-1.6,1.675,0.));
#14594=CARTESIAN_POINT('',(-1.4,1.675,0.));
#14595=CARTESIAN_POINT('',(-1.6,1.675,0.));
#14596=CARTESIAN_POINT('',(-1.4,1.675,0.));
#14597=CARTESIAN_POINT('Origin',(-1.4,2.082,0.093));
#14598=CARTESIAN_POINT('',(-1.4,2.475,0.));
#14599=CARTESIAN_POINT('',(-1.4,2.475,0.));
#14600=CARTESIAN_POINT('',(-1.4,2.475,0.2));
#14601=CARTESIAN_POINT('',(-1.4,2.475,0.2));
#14602=CARTESIAN_POINT('',(-1.4,1.775,0.2));
#14603=CARTESIAN_POINT('Origin',(-0.6,2.082,0.093));
#14604=CARTESIAN_POINT('',(-0.6,1.675,0.));
#14605=CARTESIAN_POINT('',(-0.6,1.675,0.));
#14606=CARTESIAN_POINT('',(-0.6,2.475,0.2));
#14607=CARTESIAN_POINT('',(-0.6,1.775,0.2));
#14608=CARTESIAN_POINT('',(-0.6,2.475,0.));
#14609=CARTESIAN_POINT('',(-0.6,2.475,0.2));
#14610=CARTESIAN_POINT('',(-0.6,2.475,0.));
#14611=CARTESIAN_POINT('Origin',(-0.6,1.675,0.));
#14612=CARTESIAN_POINT('',(-0.4,1.675,0.));
#14613=CARTESIAN_POINT('',(-0.6,1.675,0.));
#14614=CARTESIAN_POINT('',(-0.4,1.675,0.));
#14615=CARTESIAN_POINT('Origin',(-0.4,2.082,0.093));
#14616=CARTESIAN_POINT('',(-0.4,2.475,0.));
#14617=CARTESIAN_POINT('',(-0.4,2.475,0.));
#14618=CARTESIAN_POINT('',(-0.4,2.475,0.2));
#14619=CARTESIAN_POINT('',(-0.4,2.475,0.2));
#14620=CARTESIAN_POINT('',(-0.4,1.775,0.2));
#14621=CARTESIAN_POINT('Origin',(0.4,2.082,0.093));
#14622=CARTESIAN_POINT('',(0.4,1.675,0.));
#14623=CARTESIAN_POINT('',(0.4,1.675,0.));
#14624=CARTESIAN_POINT('',(0.4,2.475,0.2));
#14625=CARTESIAN_POINT('',(0.4,1.775,0.2));
#14626=CARTESIAN_POINT('',(0.4,2.475,0.));
#14627=CARTESIAN_POINT('',(0.4,2.475,0.2));
#14628=CARTESIAN_POINT('',(0.4,2.475,0.));
#14629=CARTESIAN_POINT('Origin',(0.4,1.675,0.));
#14630=CARTESIAN_POINT('',(0.6,1.675,0.));
#14631=CARTESIAN_POINT('',(0.4,1.675,0.));
#14632=CARTESIAN_POINT('',(0.6,1.675,0.));
#14633=CARTESIAN_POINT('Origin',(0.6,2.082,0.093));
#14634=CARTESIAN_POINT('',(0.6,2.475,0.));
#14635=CARTESIAN_POINT('',(0.6,2.475,0.));
#14636=CARTESIAN_POINT('',(0.6,2.475,0.2));
#14637=CARTESIAN_POINT('',(0.6,2.475,0.2));
#14638=CARTESIAN_POINT('',(0.6,1.775,0.2));
#14639=CARTESIAN_POINT('Origin',(1.4,2.082,0.093));
#14640=CARTESIAN_POINT('',(1.4,1.675,0.));
#14641=CARTESIAN_POINT('',(1.4,1.675,0.));
#14642=CARTESIAN_POINT('',(1.4,2.475,0.2));
#14643=CARTESIAN_POINT('',(1.4,1.775,0.2));
#14644=CARTESIAN_POINT('',(1.4,2.475,0.));
#14645=CARTESIAN_POINT('',(1.4,2.475,0.2));
#14646=CARTESIAN_POINT('',(1.4,2.475,0.));
#14647=CARTESIAN_POINT('Origin',(1.4,1.675,0.));
#14648=CARTESIAN_POINT('',(1.6,1.675,0.));
#14649=CARTESIAN_POINT('',(1.4,1.675,0.));
#14650=CARTESIAN_POINT('',(1.6,1.675,0.));
#14651=CARTESIAN_POINT('Origin',(1.6,2.082,0.093));
#14652=CARTESIAN_POINT('',(1.6,2.475,0.));
#14653=CARTESIAN_POINT('',(1.6,2.475,0.));
#14654=CARTESIAN_POINT('',(1.6,2.475,0.2));
#14655=CARTESIAN_POINT('',(1.6,2.475,0.2));
#14656=CARTESIAN_POINT('',(1.6,1.775,0.2));
#14657=CARTESIAN_POINT('Origin',(-2.7,-1.843181818182,0.516818181818));
#14658=CARTESIAN_POINT('',(-2.7,-2.475,0.01));
#14659=CARTESIAN_POINT('',(-2.7,-2.475,0.01));
#14660=CARTESIAN_POINT('',(-2.7,-0.975,0.01));
#14661=CARTESIAN_POINT('Origin',(-2.7,-2.475,0.01));
#14662=CARTESIAN_POINT('',(-2.7,-2.475,0.01));
#14663=CARTESIAN_POINT('Origin',(2.5,-2.475,0.01));
#14664=CARTESIAN_POINT('',(2.7,-2.475,0.01));
#14665=CARTESIAN_POINT('',(2.5,-2.475,0.01));
#14666=CARTESIAN_POINT('',(2.7,-2.475,0.01));
#14667=CARTESIAN_POINT('Origin',(2.5,-2.475,1.26));
#14668=CARTESIAN_POINT('',(2.7,-1.975,1.26));
#14669=CARTESIAN_POINT('',(2.7,-2.475,1.26));
#14670=CARTESIAN_POINT('',(2.5,-1.975,1.26));
#14671=CARTESIAN_POINT('Origin',(2.2,-2.475,0.46));
#14672=CARTESIAN_POINT('',(2.2,-0.075,1.46));
#14673=CARTESIAN_POINT('',(2.2,-2.475,1.46));
#14674=CARTESIAN_POINT('',(2.2,-0.075,2.06));
#14675=CARTESIAN_POINT('',(2.2,-0.075,1.11));
#14676=CARTESIAN_POINT('',(2.2,-2.475,2.06));
#14677=CARTESIAN_POINT('',(2.2,0.525,2.56));
#14678=CARTESIAN_POINT('',(2.2,-2.475,2.56));
#14679=CARTESIAN_POINT('',(2.2,0.525,0.46));
#14680=CARTESIAN_POINT('',(2.2,0.525,0.46));
#14681=CARTESIAN_POINT('',(2.2,-2.475,0.46));
#14682=CARTESIAN_POINT('Origin',(-2.55,-2.475,1.46));
#14683=CARTESIAN_POINT('',(2.55,-0.075,1.46));
#14684=CARTESIAN_POINT('',(2.55,-2.475,1.46));
#14685=CARTESIAN_POINT('',(-2.55,-0.075,1.46));
#14686=CARTESIAN_POINT('Origin',(2.55,-2.475,1.46));
#14687=CARTESIAN_POINT('',(2.55,-0.075,2.06));
#14688=CARTESIAN_POINT('',(2.55,-2.475,2.06));
#14689=CARTESIAN_POINT('',(2.55,-0.075,1.46));
#14690=CARTESIAN_POINT('Origin',(2.55,-2.475,2.06));
#14691=CARTESIAN_POINT('',(2.55,-0.075,2.06));
#14692=CARTESIAN_POINT('Origin',(2.2,-2.475,2.56));
#14693=CARTESIAN_POINT('',(-2.2,0.525,2.56));
#14694=CARTESIAN_POINT('',(-2.2,-2.475,2.56));
#14695=CARTESIAN_POINT('',(2.2,0.525,2.56));
#14696=CARTESIAN_POINT('Origin',(-2.2,-2.475,2.56));
#14697=CARTESIAN_POINT('',(-2.2,-0.075,2.06));
#14698=CARTESIAN_POINT('',(-2.2,-2.475,2.06));
#14699=CARTESIAN_POINT('',(-2.2,-0.075,1.46));
#14700=CARTESIAN_POINT('',(-2.2,-0.075,2.16));
#14701=CARTESIAN_POINT('',(-2.2,-2.475,1.46));
#14702=CARTESIAN_POINT('',(-2.2,0.525,0.46));
#14703=CARTESIAN_POINT('',(-2.2,-2.475,0.46));
#14704=CARTESIAN_POINT('',(-2.2,0.525,2.56));
#14705=CARTESIAN_POINT('Origin',(2.55,-2.475,2.06));
#14706=CARTESIAN_POINT('',(-2.55,-0.075,2.06));
#14707=CARTESIAN_POINT('',(-2.55,-2.475,2.06));
#14708=CARTESIAN_POINT('',(2.55,-0.075,2.06));
#14709=CARTESIAN_POINT('Origin',(-2.55,-2.475,2.06));
#14710=CARTESIAN_POINT('',(-2.55,-0.075,1.46));
#14711=CARTESIAN_POINT('',(-2.55,-2.475,1.46));
#14712=CARTESIAN_POINT('',(-2.55,-0.075,2.06));
#14713=CARTESIAN_POINT('Origin',(-2.55,-2.475,1.46));
#14714=CARTESIAN_POINT('',(-2.55,-0.075,1.46));
#14715=CARTESIAN_POINT('Origin',(-2.2,-2.475,0.46));
#14716=CARTESIAN_POINT('',(-2.2,0.525,0.46));
#14717=CARTESIAN_POINT('Origin',(2.5,1.22787099059,2.3670284193));
#14718=CARTESIAN_POINT('',(2.5,0.575,2.46));
#14719=CARTESIAN_POINT('',(2.5,0.575,2.46));
#14720=CARTESIAN_POINT('',(2.5,1.225,2.46));
#14721=CARTESIAN_POINT('',(2.5,1.225,2.46));
#14722=CARTESIAN_POINT('',(2.5,1.225,1.46));
#14723=CARTESIAN_POINT('',(2.5,1.225,1.46));
#14724=CARTESIAN_POINT('',(2.5,1.775,1.46));
#14725=CARTESIAN_POINT('Origin',(2.5,0.575,2.46));
#14726=CARTESIAN_POINT('',(2.5,0.575,2.46));
#14727=CARTESIAN_POINT('Origin',(-2.5,1.22787099059,2.3670284193));
#14728=CARTESIAN_POINT('Origin',(2.5,1.775,1.46));
#14729=CARTESIAN_POINT('',(2.5,1.225,1.46));
#14730=CARTESIAN_POINT('Origin',(1.4,1.775,0.2));
#14731=CARTESIAN_POINT('',(1.4,2.475,0.2));
#14732=CARTESIAN_POINT('Origin',(0.4,1.775,0.2));
#14733=CARTESIAN_POINT('',(0.4,2.475,0.2));
#14734=CARTESIAN_POINT('Origin',(-0.6,1.775,0.2));
#14735=CARTESIAN_POINT('',(-0.6,2.475,0.2));
#14736=CARTESIAN_POINT('Origin',(-1.6,1.775,0.2));
#14737=CARTESIAN_POINT('',(-1.6,2.475,0.2));
#14738=CARTESIAN_POINT('Origin',(2.5,-1.975,0.61));
#14739=CARTESIAN_POINT('',(2.7,-1.975,0.61));
#14740=CARTESIAN_POINT('',(2.7,-1.975,0.61));
#14741=CARTESIAN_POINT('',(2.5,-1.975,0.61));
#14742=CARTESIAN_POINT('Origin',(2.5,-1.975,1.26));
#14743=CARTESIAN_POINT('',(2.7,-1.975,1.26));
#14744=CARTESIAN_POINT('Origin',(2.5,1.225,2.46));
#14745=CARTESIAN_POINT('',(2.5,1.225,2.46));
#14746=CARTESIAN_POINT('Origin',(2.5,1.225,1.46));
#14747=CARTESIAN_POINT('Origin',(2.7,-1.843181818182,0.516818181818));
#14748=CARTESIAN_POINT('',(2.7,-0.975,0.01));
#14749=CARTESIAN_POINT('Origin',(2.5,-0.975,0.01));
#14750=CARTESIAN_POINT('Origin',(-2.7,-0.975,0.01));
#14751=CARTESIAN_POINT('Origin',(-1.6,2.475,0.2));
#14752=CARTESIAN_POINT('',(-1.6,2.475,0.));
#14753=CARTESIAN_POINT('Origin',(-1.6,2.475,0.));
#14754=CARTESIAN_POINT('Origin',(-0.6,2.475,0.2));
#14755=CARTESIAN_POINT('',(-0.6,2.475,0.));
#14756=CARTESIAN_POINT('Origin',(-0.6,2.475,0.));
#14757=CARTESIAN_POINT('Origin',(0.4,2.475,0.2));
#14758=CARTESIAN_POINT('',(0.4,2.475,0.));
#14759=CARTESIAN_POINT('Origin',(0.4,2.475,0.));
#14760=CARTESIAN_POINT('Origin',(1.4,2.475,0.2));
#14761=CARTESIAN_POINT('',(1.4,2.475,0.));
#14762=CARTESIAN_POINT('Origin',(1.4,2.475,0.));
#14763=CARTESIAN_POINT('Origin',(5.45372713851E-16,-0.075,1.76));
#14764=CARTESIAN_POINT('Origin',(-6.832141690001E-17,0.525,1.51));
#14765=CARTESIAN_POINT('',(-1.6,0.525,1.66));
#14766=CARTESIAN_POINT('',(-1.4,0.525,1.66));
#14767=CARTESIAN_POINT('',(-1.6,0.525,1.66));
#14768=CARTESIAN_POINT('',(-1.6,0.525,2.14));
#14769=CARTESIAN_POINT('',(-1.6,0.525,2.14));
#14770=CARTESIAN_POINT('',(-1.4,0.525,2.14));
#14771=CARTESIAN_POINT('',(-1.6,0.525,2.14));
#14772=CARTESIAN_POINT('',(-1.4,0.525,2.14));
#14773=CARTESIAN_POINT('',(-0.6,0.525,2.14));
#14774=CARTESIAN_POINT('',(-0.6,0.525,1.66));
#14775=CARTESIAN_POINT('',(-0.6,0.525,2.14));
#14776=CARTESIAN_POINT('',(-0.4,0.525,2.14));
#14777=CARTESIAN_POINT('',(-0.6,0.525,2.14));
#14778=CARTESIAN_POINT('',(-0.4,0.525,1.66));
#14779=CARTESIAN_POINT('',(-0.4,0.525,2.14));
#14780=CARTESIAN_POINT('',(-0.6,0.525,1.66));
#14781=CARTESIAN_POINT('',(0.4,0.525,2.14));
#14782=CARTESIAN_POINT('',(0.4,0.525,1.66));
#14783=CARTESIAN_POINT('',(0.4,0.525,2.14));
#14784=CARTESIAN_POINT('',(0.6,0.525,2.14));
#14785=CARTESIAN_POINT('',(0.4,0.525,2.14));
#14786=CARTESIAN_POINT('',(0.6,0.525,1.66));
#14787=CARTESIAN_POINT('',(0.6,0.525,2.14));
#14788=CARTESIAN_POINT('',(0.4,0.525,1.66));
#14789=CARTESIAN_POINT('',(1.4,0.525,2.14));
#14790=CARTESIAN_POINT('',(1.4,0.525,1.66));
#14791=CARTESIAN_POINT('',(1.4,0.525,2.14));
#14792=CARTESIAN_POINT('',(1.6,0.525,2.14));
#14793=CARTESIAN_POINT('',(1.4,0.525,2.14));
#14794=CARTESIAN_POINT('',(1.6,0.525,1.66));
#14795=CARTESIAN_POINT('',(1.6,0.525,2.14));
#14796=CARTESIAN_POINT('',(1.4,0.525,1.66));
#14797=CARTESIAN_POINT('Origin',(5.45372713851E-16,-0.075,1.76));
#14798=CARTESIAN_POINT('Origin',(-1.6,0.525,1.66));
#14799=CARTESIAN_POINT('',(-1.4,-1.225,1.79));
#14800=CARTESIAN_POINT('',(-1.4,0.525,1.66));
#14801=CARTESIAN_POINT('',(-1.6,-1.225,1.79));
#14802=CARTESIAN_POINT('',(-1.6,-1.225,1.79));
#14803=CARTESIAN_POINT('',(-1.6,0.525,1.66));
#14804=CARTESIAN_POINT('Origin',(-1.4,-0.323759014354,1.931294517928));
#14805=CARTESIAN_POINT('',(-1.4,-1.225,2.14));
#14806=CARTESIAN_POINT('',(-1.4,-1.225,1.79));
#14807=CARTESIAN_POINT('',(-1.4,-1.225,2.14));
#14808=CARTESIAN_POINT('Origin',(-1.6,-1.225,2.14));
#14809=CARTESIAN_POINT('',(-1.6,-1.225,2.14));
#14810=CARTESIAN_POINT('',(-1.6,-1.225,2.14));
#14811=CARTESIAN_POINT('',(-1.6,-1.225,2.14));
#14812=CARTESIAN_POINT('Origin',(-1.6,-0.323759014354,1.931294517928));
#14813=CARTESIAN_POINT('',(-1.6,-1.225,1.79));
#14814=CARTESIAN_POINT('Origin',(-0.6,-0.323759014354,1.931294517928));
#14815=CARTESIAN_POINT('',(-0.6,-1.225,1.79));
#14816=CARTESIAN_POINT('',(-0.6,-1.225,2.14));
#14817=CARTESIAN_POINT('',(-0.6,-1.225,1.79));
#14818=CARTESIAN_POINT('',(-0.6,-1.225,2.14));
#14819=CARTESIAN_POINT('',(-0.6,0.525,1.66));
#14820=CARTESIAN_POINT('Origin',(-0.6,0.525,1.66));
#14821=CARTESIAN_POINT('',(-0.4,-1.225,1.79));
#14822=CARTESIAN_POINT('',(-0.4,0.525,1.66));
#14823=CARTESIAN_POINT('',(-0.6,-1.225,1.79));
#14824=CARTESIAN_POINT('Origin',(-0.4,-0.323759014354,1.931294517928));
#14825=CARTESIAN_POINT('',(-0.4,-1.225,2.14));
#14826=CARTESIAN_POINT('',(-0.4,-1.225,1.79));
#14827=CARTESIAN_POINT('',(-0.4,-1.225,2.14));
#14828=CARTESIAN_POINT('Origin',(-0.6,-1.225,2.14));
#14829=CARTESIAN_POINT('',(-0.6,-1.225,2.14));
#14830=CARTESIAN_POINT('Origin',(0.4,-0.323759014354,1.931294517928));
#14831=CARTESIAN_POINT('',(0.4,-1.225,1.79));
#14832=CARTESIAN_POINT('',(0.4,-1.225,2.14));
#14833=CARTESIAN_POINT('',(0.4,-1.225,1.79));
#14834=CARTESIAN_POINT('',(0.4,-1.225,2.14));
#14835=CARTESIAN_POINT('',(0.4,0.525,1.66));
#14836=CARTESIAN_POINT('Origin',(0.4,0.525,1.66));
#14837=CARTESIAN_POINT('',(0.6,-1.225,1.79));
#14838=CARTESIAN_POINT('',(0.6,0.525,1.66));
#14839=CARTESIAN_POINT('',(0.4,-1.225,1.79));
#14840=CARTESIAN_POINT('Origin',(0.6,-0.323759014354,1.931294517928));
#14841=CARTESIAN_POINT('',(0.6,-1.225,2.14));
#14842=CARTESIAN_POINT('',(0.6,-1.225,1.79));
#14843=CARTESIAN_POINT('',(0.6,-1.225,2.14));
#14844=CARTESIAN_POINT('Origin',(0.4,-1.225,2.14));
#14845=CARTESIAN_POINT('',(0.4,-1.225,2.14));
#14846=CARTESIAN_POINT('Origin',(1.4,-0.323759014354,1.931294517928));
#14847=CARTESIAN_POINT('',(1.4,-1.225,1.79));
#14848=CARTESIAN_POINT('',(1.4,-1.225,2.14));
#14849=CARTESIAN_POINT('',(1.4,-1.225,1.79));
#14850=CARTESIAN_POINT('',(1.4,-1.225,2.14));
#14851=CARTESIAN_POINT('',(1.4,0.525,1.66));
#14852=CARTESIAN_POINT('Origin',(1.4,0.525,1.66));
#14853=CARTESIAN_POINT('',(1.6,-1.225,1.79));
#14854=CARTESIAN_POINT('',(1.6,0.525,1.66));
#14855=CARTESIAN_POINT('',(1.4,-1.225,1.79));
#14856=CARTESIAN_POINT('Origin',(1.6,-0.323759014354,1.931294517928));
#14857=CARTESIAN_POINT('',(1.6,-1.225,2.14));
#14858=CARTESIAN_POINT('',(1.6,-1.225,1.79));
#14859=CARTESIAN_POINT('',(1.6,-1.225,2.14));
#14860=CARTESIAN_POINT('Origin',(1.4,-1.225,2.14));
#14861=CARTESIAN_POINT('',(1.4,-1.225,2.14));
#14862=CARTESIAN_POINT('Origin',(-1.6,-1.225,1.79));
#14863=CARTESIAN_POINT('Origin',(-0.6,-1.225,1.79));
#14864=CARTESIAN_POINT('Origin',(0.4,-1.225,1.79));
#14865=CARTESIAN_POINT('Origin',(1.4,-1.225,1.79));
#14866=CARTESIAN_POINT('',(0.,0.,0.));
#14867=CARTESIAN_POINT('',(0.,0.,0.));
#14868=CARTESIAN_POINT('',(0.,0.,0.));
#14869=CARTESIAN_POINT('Origin',(-0.8,-0.4,0.));
#14870=CARTESIAN_POINT('',(-0.8,-0.4,0.03));
#14871=CARTESIAN_POINT('',(-0.8,-0.4,0.77));
#14872=CARTESIAN_POINT('',(-0.8,-0.4,0.));
#14873=CARTESIAN_POINT('',(-0.8,-0.37,0.8));
#14874=CARTESIAN_POINT('Origin',(-0.8,-0.37,0.77));
#14875=CARTESIAN_POINT('',(-0.8,0.37,0.8));
#14876=CARTESIAN_POINT('',(-0.8,-0.4,0.8));
#14877=CARTESIAN_POINT('',(-0.8,0.4,0.77));
#14878=CARTESIAN_POINT('Origin',(-0.8,0.37,0.77));
#14879=CARTESIAN_POINT('',(-0.8,0.4,0.03));
#14880=CARTESIAN_POINT('',(-0.8,0.4,0.));
#14881=CARTESIAN_POINT('',(-0.8,0.37,0.));
#14882=CARTESIAN_POINT('Origin',(-0.8,0.37,0.03));
#14883=CARTESIAN_POINT('',(-0.8,-0.37,0.));
#14884=CARTESIAN_POINT('',(-0.8,-0.4,0.));
#14885=CARTESIAN_POINT('Origin',(-0.8,-0.37,0.03));
#14886=CARTESIAN_POINT('Origin',(-0.8,-0.4,0.));
#14887=CARTESIAN_POINT('',(-0.5,-0.4,0.03));
#14888=CARTESIAN_POINT('',(-0.5,-0.4,0.77));
#14889=CARTESIAN_POINT('',(-0.5,-0.4,0.));
#14890=CARTESIAN_POINT('',(-0.8,-0.4,0.77));
#14891=CARTESIAN_POINT('',(-0.8,-0.4,0.03));
#14892=CARTESIAN_POINT('Origin',(-0.8,-0.37,0.03));
#14893=CARTESIAN_POINT('',(-0.5,-0.37,0.));
#14894=CARTESIAN_POINT('',(-0.8,-0.37,0.));
#14895=CARTESIAN_POINT('Origin',(-0.5,-0.37,0.03));
#14896=CARTESIAN_POINT('Origin',(-0.8,-0.37,0.77));
#14897=CARTESIAN_POINT('',(-0.5,-0.37,0.8));
#14898=CARTESIAN_POINT('Origin',(-0.5,-0.37,0.77));
#14899=CARTESIAN_POINT('',(-0.8,-0.37,0.8));
#14900=CARTESIAN_POINT('Origin',(-0.8,-0.4,0.));
#14901=CARTESIAN_POINT('',(-0.5,0.37,0.));
#14902=CARTESIAN_POINT('',(-0.8,0.37,0.));
#14903=CARTESIAN_POINT('',(-0.5,-0.4,0.));
#14904=CARTESIAN_POINT('Origin',(-0.8,-0.4,0.8));
#14905=CARTESIAN_POINT('',(-0.5,0.37,0.8));
#14906=CARTESIAN_POINT('',(-0.5,-0.4,0.8));
#14907=CARTESIAN_POINT('',(-0.8,0.37,0.8));
#14908=CARTESIAN_POINT('Origin',(-0.8,0.37,0.03));
#14909=CARTESIAN_POINT('',(-0.5,0.4,0.03));
#14910=CARTESIAN_POINT('',(-0.8,0.4,0.03));
#14911=CARTESIAN_POINT('Origin',(-0.5,0.37,0.03));
#14912=CARTESIAN_POINT('Origin',(-0.8,0.37,0.77));
#14913=CARTESIAN_POINT('',(-0.5,0.4,0.77));
#14914=CARTESIAN_POINT('Origin',(-0.5,0.37,0.77));
#14915=CARTESIAN_POINT('',(-0.8,0.4,0.77));
#14916=CARTESIAN_POINT('Origin',(-0.8,0.4,0.));
#14917=CARTESIAN_POINT('',(-0.5,0.4,0.));
#14918=CARTESIAN_POINT('Origin',(-0.5,-0.4,0.));
#14919=CARTESIAN_POINT('',(-0.5,-0.37,0.06));
#14920=CARTESIAN_POINT('',(-0.5,-0.34,0.03));
#14921=CARTESIAN_POINT('Origin',(-0.5,-0.34,0.06));
#14922=CARTESIAN_POINT('',(-0.5,-0.37,0.74));
#14923=CARTESIAN_POINT('',(-0.5,-0.37,0.03));
#14924=CARTESIAN_POINT('',(-0.5,-0.34,0.77));
#14925=CARTESIAN_POINT('Origin',(-0.5,-0.34,0.74));
#14926=CARTESIAN_POINT('',(-0.5,0.34,0.77));
#14927=CARTESIAN_POINT('',(-0.5,-0.37,0.77));
#14928=CARTESIAN_POINT('',(-0.5,0.37,0.74));
#14929=CARTESIAN_POINT('Origin',(-0.5,0.34,0.74));
#14930=CARTESIAN_POINT('',(-0.5,0.37,0.06));
#14931=CARTESIAN_POINT('',(-0.5,0.37,0.03));
#14932=CARTESIAN_POINT('',(-0.5,0.34,0.03));
#14933=CARTESIAN_POINT('Origin',(-0.5,0.34,0.06));
#14934=CARTESIAN_POINT('',(-0.5,-0.37,0.03));
#14935=CARTESIAN_POINT('Origin',(-0.5,-0.34,0.06));
#14936=CARTESIAN_POINT('',(0.5,-0.34,0.03));
#14937=CARTESIAN_POINT('',(-0.5,-0.34,0.03));
#14938=CARTESIAN_POINT('',(0.5,-0.37,0.06));
#14939=CARTESIAN_POINT('Origin',(0.5,-0.34,0.06));
#14940=CARTESIAN_POINT('',(-0.5,-0.37,0.06));
#14941=CARTESIAN_POINT('Origin',(-0.5,-0.37,0.03));
#14942=CARTESIAN_POINT('',(0.5,0.34,0.03));
#14943=CARTESIAN_POINT('',(-0.5,0.34,0.03));
#14944=CARTESIAN_POINT('',(0.5,-0.37,0.03));
#14945=CARTESIAN_POINT('Origin',(-0.5,0.34,0.06));
#14946=CARTESIAN_POINT('',(0.5,0.37,0.06));
#14947=CARTESIAN_POINT('',(-0.5,0.37,0.06));
#14948=CARTESIAN_POINT('Origin',(0.5,0.34,0.06));
#14949=CARTESIAN_POINT('Origin',(-0.5,0.37,0.03));
#14950=CARTESIAN_POINT('',(0.5,0.37,0.74));
#14951=CARTESIAN_POINT('',(0.5,0.37,0.03));
#14952=CARTESIAN_POINT('',(-0.5,0.37,0.74));
#14953=CARTESIAN_POINT('Origin',(-0.5,0.34,0.74));
#14954=CARTESIAN_POINT('',(0.5,0.34,0.77));
#14955=CARTESIAN_POINT('',(-0.5,0.34,0.77));
#14956=CARTESIAN_POINT('Origin',(0.5,0.34,0.74));
#14957=CARTESIAN_POINT('Origin',(-0.5,-0.37,0.77));
#14958=CARTESIAN_POINT('',(0.5,-0.34,0.77));
#14959=CARTESIAN_POINT('',(-0.5,-0.34,0.77));
#14960=CARTESIAN_POINT('',(0.5,-0.37,0.77));
#14961=CARTESIAN_POINT('Origin',(-0.5,-0.34,0.74));
#14962=CARTESIAN_POINT('',(0.5,-0.37,0.74));
#14963=CARTESIAN_POINT('',(-0.5,-0.37,0.74));
#14964=CARTESIAN_POINT('Origin',(0.5,-0.34,0.74));
#14965=CARTESIAN_POINT('Origin',(-0.5,-0.37,0.03));
#14966=CARTESIAN_POINT('',(0.5,-0.37,0.03));
#14967=CARTESIAN_POINT('Origin',(0.5,-0.4,0.));
#14968=CARTESIAN_POINT('',(0.5,-0.4,0.03));
#14969=CARTESIAN_POINT('',(0.5,-0.4,0.77));
#14970=CARTESIAN_POINT('',(0.5,-0.4,0.));
#14971=CARTESIAN_POINT('',(0.5,-0.37,0.8));
#14972=CARTESIAN_POINT('Origin',(0.5,-0.37,0.77));
#14973=CARTESIAN_POINT('',(0.5,0.37,0.8));
#14974=CARTESIAN_POINT('',(0.5,-0.4,0.8));
#14975=CARTESIAN_POINT('',(0.5,0.4,0.77));
#14976=CARTESIAN_POINT('Origin',(0.5,0.37,0.77));
#14977=CARTESIAN_POINT('',(0.5,0.4,0.03));
#14978=CARTESIAN_POINT('',(0.5,0.4,0.));
#14979=CARTESIAN_POINT('',(0.5,0.37,0.));
#14980=CARTESIAN_POINT('Origin',(0.5,0.37,0.03));
#14981=CARTESIAN_POINT('',(0.5,-0.37,0.));
#14982=CARTESIAN_POINT('',(0.5,-0.4,0.));
#14983=CARTESIAN_POINT('Origin',(0.5,-0.37,0.03));
#14984=CARTESIAN_POINT('Origin',(0.5,-0.4,0.));
#14985=CARTESIAN_POINT('',(0.8,-0.4,0.03));
#14986=CARTESIAN_POINT('',(0.8,-0.4,0.77));
#14987=CARTESIAN_POINT('',(0.8,-0.4,0.));
#14988=CARTESIAN_POINT('',(0.5,-0.4,0.77));
#14989=CARTESIAN_POINT('',(0.5,-0.4,0.03));
#14990=CARTESIAN_POINT('Origin',(0.5,-0.37,0.03));
#14991=CARTESIAN_POINT('',(0.8,-0.37,0.));
#14992=CARTESIAN_POINT('',(0.5,-0.37,0.));
#14993=CARTESIAN_POINT('Origin',(0.8,-0.37,0.03));
#14994=CARTESIAN_POINT('Origin',(0.5,-0.37,0.77));
#14995=CARTESIAN_POINT('',(0.8,-0.37,0.8));
#14996=CARTESIAN_POINT('Origin',(0.8,-0.37,0.77));
#14997=CARTESIAN_POINT('',(0.5,-0.37,0.8));
#14998=CARTESIAN_POINT('Origin',(0.5,-0.4,0.));
#14999=CARTESIAN_POINT('',(0.8,0.37,0.));
#15000=CARTESIAN_POINT('',(0.5,0.37,0.));
#15001=CARTESIAN_POINT('',(0.8,-0.4,0.));
#15002=CARTESIAN_POINT('Origin',(0.5,-0.4,0.8));
#15003=CARTESIAN_POINT('',(0.8,0.37,0.8));
#15004=CARTESIAN_POINT('',(0.8,-0.4,0.8));
#15005=CARTESIAN_POINT('',(0.5,0.37,0.8));
#15006=CARTESIAN_POINT('Origin',(0.5,0.37,0.03));
#15007=CARTESIAN_POINT('',(0.8,0.4,0.03));
#15008=CARTESIAN_POINT('',(0.5,0.4,0.03));
#15009=CARTESIAN_POINT('Origin',(0.8,0.37,0.03));
#15010=CARTESIAN_POINT('Origin',(0.5,0.37,0.77));
#15011=CARTESIAN_POINT('',(0.8,0.4,0.77));
#15012=CARTESIAN_POINT('Origin',(0.8,0.37,0.77));
#15013=CARTESIAN_POINT('',(0.5,0.4,0.77));
#15014=CARTESIAN_POINT('Origin',(0.5,0.4,0.));
#15015=CARTESIAN_POINT('',(0.8,0.4,0.));
#15016=CARTESIAN_POINT('Origin',(0.8,-0.4,0.));
#15017=CARTESIAN_POINT('',(0.,0.,0.));
#15018=CARTESIAN_POINT('',(0.,0.,0.));
#15019=CARTESIAN_POINT('',(0.,0.,0.));
#15020=CARTESIAN_POINT('Origin',(0.,1.358648457443,0.1));
#15021=CARTESIAN_POINT('',(-0.659324228722,1.358648457443,0.1));
#15022=CARTESIAN_POINT('',(0.659324228722,1.358648457443,0.1));
#15023=CARTESIAN_POINT('',(-0.659324228722,1.358648457443,0.1));
#15024=CARTESIAN_POINT('',(-0.705,1.45,0.75));
#15025=CARTESIAN_POINT('',(-0.659324228722,1.358648457443,0.1));
#15026=CARTESIAN_POINT('',(0.705,1.45,0.75));
#15027=CARTESIAN_POINT('',(-0.705,1.45,0.75));
#15028=CARTESIAN_POINT('',(0.659324228722,1.358648457443,0.1));
#15029=CARTESIAN_POINT('Origin',(-0.659324228722,1.358648457443,0.1));
#15030=CARTESIAN_POINT('',(0.708648457443,1.309324228722,0.1));
#15031=CARTESIAN_POINT('',(0.659324228722,1.358648457443,0.1));
#15032=CARTESIAN_POINT('',(0.708648457443,-1.309324228722,0.1));
#15033=CARTESIAN_POINT('',(0.708648457443,1.309324228722,0.1));
#15034=CARTESIAN_POINT('',(0.659324228722,-1.358648457443,0.1));
#15035=CARTESIAN_POINT('',(0.708648457443,-1.309324228722,0.1));
#15036=CARTESIAN_POINT('',(-0.659324228722,-1.358648457443,0.1));
#15037=CARTESIAN_POINT('',(0.659324228722,-1.358648457443,0.1));
#15038=CARTESIAN_POINT('',(-0.708648457443,-1.309324228722,0.1));
#15039=CARTESIAN_POINT('',(-0.659324228722,-1.358648457443,0.1));
#15040=CARTESIAN_POINT('',(-0.708648457443,1.309324228722,0.1));
#15041=CARTESIAN_POINT('',(-0.708648457443,-1.309324228722,0.1));
#15042=CARTESIAN_POINT('',(-0.708648457443,1.309324228722,0.1));
#15043=CARTESIAN_POINT('Origin',(0.6839863430825,1.3339863430825,0.1));
#15044=CARTESIAN_POINT('',(0.8,1.355,0.75));
#15045=CARTESIAN_POINT('',(0.705,1.45,0.75));
#15046=CARTESIAN_POINT('',(0.708648457443,1.309324228722,0.1));
#15047=CARTESIAN_POINT('Origin',(-0.705,1.45,0.9));
#15048=CARTESIAN_POINT('',(-0.705,1.45,0.9));
#15049=CARTESIAN_POINT('',(-0.705,1.45,0.75));
#15050=CARTESIAN_POINT('',(0.705,1.45,0.9));
#15051=CARTESIAN_POINT('',(-0.705,1.45,0.9));
#15052=CARTESIAN_POINT('',(0.705,1.45,0.75));
#15053=CARTESIAN_POINT('Origin',(-0.6839863430825,1.3339863430825,0.1));
#15054=CARTESIAN_POINT('',(-0.8,1.355,0.75));
#15055=CARTESIAN_POINT('',(-0.708648457443,1.309324228722,0.1));
#15056=CARTESIAN_POINT('',(-0.8,1.355,0.75));
#15057=CARTESIAN_POINT('Origin',(-0.708648457443,0.,0.1));
#15058=CARTESIAN_POINT('',(-0.8,-1.355,0.75));
#15059=CARTESIAN_POINT('',(-0.708648457443,-1.309324228722,0.1));
#15060=CARTESIAN_POINT('',(-0.8,-1.2,0.75));
#15061=CARTESIAN_POINT('',(-0.8,-1.355,0.75));
#15062=CARTESIAN_POINT('',(-0.8,-0.7,0.75));
#15063=CARTESIAN_POINT('',(-0.8,-1.355,0.75));
#15064=CARTESIAN_POINT('',(-0.8,-0.25,0.75));
#15065=CARTESIAN_POINT('',(-0.8,-1.355,0.75));
#15066=CARTESIAN_POINT('',(-0.8,0.25,0.75));
#15067=CARTESIAN_POINT('',(-0.8,-1.355,0.75));
#15068=CARTESIAN_POINT('',(-0.8,0.7,0.75));
#15069=CARTESIAN_POINT('',(-0.8,-1.355,0.75));
#15070=CARTESIAN_POINT('',(-0.8,1.2,0.75));
#15071=CARTESIAN_POINT('',(-0.8,-1.355,0.75));
#15072=CARTESIAN_POINT('',(-0.8,-1.355,0.75));
#15073=CARTESIAN_POINT('Origin',(0.708648457443,0.,0.1));
#15074=CARTESIAN_POINT('',(0.8,1.2,0.75));
#15075=CARTESIAN_POINT('',(0.8,1.355,0.75));
#15076=CARTESIAN_POINT('',(0.8,0.7,0.75));
#15077=CARTESIAN_POINT('',(0.8,1.355,0.75));
#15078=CARTESIAN_POINT('',(0.8,0.25,0.75));
#15079=CARTESIAN_POINT('',(0.8,1.355,0.75));
#15080=CARTESIAN_POINT('',(0.8,-0.25,0.75));
#15081=CARTESIAN_POINT('',(0.8,1.355,0.75));
#15082=CARTESIAN_POINT('',(0.8,-0.7,0.75));
#15083=CARTESIAN_POINT('',(0.8,1.355,0.75));
#15084=CARTESIAN_POINT('',(0.8,-1.2,0.75));
#15085=CARTESIAN_POINT('',(0.8,1.355,0.75));
#15086=CARTESIAN_POINT('',(0.8,-1.355,0.75));
#15087=CARTESIAN_POINT('',(0.8,1.355,0.75));
#15088=CARTESIAN_POINT('',(0.708648457443,-1.309324228722,0.1));
#15089=CARTESIAN_POINT('Origin',(-0.6839863430825,-1.3339863430825,0.1));
#15090=CARTESIAN_POINT('',(-0.705,-1.45,0.75));
#15091=CARTESIAN_POINT('',(-0.659324228722,-1.358648457443,0.1));
#15092=CARTESIAN_POINT('',(-0.705,-1.45,0.75));
#15093=CARTESIAN_POINT('Origin',(0.6839863430825,-1.3339863430825,0.1));
#15094=CARTESIAN_POINT('',(0.705,-1.45,0.75));
#15095=CARTESIAN_POINT('',(0.8,-1.355,0.75));
#15096=CARTESIAN_POINT('',(0.659324228722,-1.358648457443,0.1));
#15097=CARTESIAN_POINT('Origin',(0.,-1.358648457443,0.1));
#15098=CARTESIAN_POINT('',(0.705,-1.45,0.75));
#15099=CARTESIAN_POINT('Origin',(0.705,1.45,0.9));
#15100=CARTESIAN_POINT('',(0.8,1.355,0.9));
#15101=CARTESIAN_POINT('',(0.705,1.45,0.9));
#15102=CARTESIAN_POINT('',(0.8,1.355,0.75));
#15103=CARTESIAN_POINT('Origin',(-2.091417030376E-16,1.4375,0.9));
#15104=CARTESIAN_POINT('',(-0.8,1.355,0.9));
#15105=CARTESIAN_POINT('',(-0.8,1.355,0.9));
#15106=CARTESIAN_POINT('',(-0.8,1.2,0.9));
#15107=CARTESIAN_POINT('',(-0.8,-1.355,0.9));
#15108=CARTESIAN_POINT('',(-0.775,1.2,0.9));
#15109=CARTESIAN_POINT('',(-0.85,1.2,0.9));
#15110=CARTESIAN_POINT('',(-0.775,1.3425,0.9));
#15111=CARTESIAN_POINT('',(-0.775,-1.3425,0.9));
#15112=CARTESIAN_POINT('',(-0.6925,1.425,0.9));
#15113=CARTESIAN_POINT('',(-0.775,1.3425,0.9));
#15114=CARTESIAN_POINT('',(0.6925,1.425,0.9));
#15115=CARTESIAN_POINT('',(-0.6925,1.425,0.9));
#15116=CARTESIAN_POINT('',(0.775,1.3425,0.9));
#15117=CARTESIAN_POINT('',(0.6925,1.425,0.9));
#15118=CARTESIAN_POINT('',(0.775,1.2,0.9));
#15119=CARTESIAN_POINT('',(0.775,1.3425,0.9));
#15120=CARTESIAN_POINT('',(0.8,1.2,0.9));
#15121=CARTESIAN_POINT('',(0.85,1.2,0.9));
#15122=CARTESIAN_POINT('',(0.8,1.355,0.9));
#15123=CARTESIAN_POINT('Origin',(-0.8,1.355,0.9));
#15124=CARTESIAN_POINT('',(-0.8,1.355,0.75));
#15125=CARTESIAN_POINT('Origin',(-0.8,-1.355,0.9));
#15126=CARTESIAN_POINT('',(-0.8,-1.355,0.9));
#15127=CARTESIAN_POINT('',(-0.8,-1.355,0.75));
#15128=CARTESIAN_POINT('',(-0.8,-1.2,0.9));
#15129=CARTESIAN_POINT('',(-0.8,-1.355,0.9));
#15130=CARTESIAN_POINT('',(-0.8,-1.2,0.670847817658));
#15131=CARTESIAN_POINT('Origin',(-0.75,-1.2,0.75));
#15132=CARTESIAN_POINT('',(-0.85,-1.2,0.75));
#15133=CARTESIAN_POINT('',(-0.75,-1.2,0.75));
#15134=CARTESIAN_POINT('',(-0.85,-0.7,0.75));
#15135=CARTESIAN_POINT('',(-0.85,-1.2,0.75));
#15136=CARTESIAN_POINT('',(-0.75,-0.7,0.75));
#15137=CARTESIAN_POINT('Origin',(-0.8,-1.355,0.9));
#15138=CARTESIAN_POINT('',(-0.8,-0.7,0.9));
#15139=CARTESIAN_POINT('',(-0.8,-0.7,0.670847817658));
#15140=CARTESIAN_POINT('',(-0.8,-0.25,0.9));
#15141=CARTESIAN_POINT('',(-0.8,-1.355,0.9));
#15142=CARTESIAN_POINT('',(-0.8,-0.25,0.670847817658));
#15143=CARTESIAN_POINT('Origin',(-0.75,-0.25,0.75));
#15144=CARTESIAN_POINT('',(-0.85,-0.25,0.75));
#15145=CARTESIAN_POINT('',(-0.75,-0.25,0.75));
#15146=CARTESIAN_POINT('',(-0.85,0.25,0.75));
#15147=CARTESIAN_POINT('',(-0.85,-0.25,0.75));
#15148=CARTESIAN_POINT('',(-0.75,0.25,0.75));
#15149=CARTESIAN_POINT('Origin',(-0.8,-1.355,0.9));
#15150=CARTESIAN_POINT('',(-0.8,0.25,0.9));
#15151=CARTESIAN_POINT('',(-0.8,0.25,0.670847817658));
#15152=CARTESIAN_POINT('',(-0.8,0.7,0.9));
#15153=CARTESIAN_POINT('',(-0.8,-1.355,0.9));
#15154=CARTESIAN_POINT('',(-0.8,0.7,0.670847817658));
#15155=CARTESIAN_POINT('Origin',(-0.75,0.7,0.75));
#15156=CARTESIAN_POINT('',(-0.85,0.7,0.75));
#15157=CARTESIAN_POINT('',(-0.75,0.7,0.75));
#15158=CARTESIAN_POINT('',(-0.85,1.2,0.75));
#15159=CARTESIAN_POINT('',(-0.85,0.7,0.75));
#15160=CARTESIAN_POINT('',(-0.75,1.2,0.75));
#15161=CARTESIAN_POINT('Origin',(-0.8,-1.355,0.9));
#15162=CARTESIAN_POINT('',(-0.8,1.2,0.670847817658));
#15163=CARTESIAN_POINT('Origin',(0.8,1.355,0.9));
#15164=CARTESIAN_POINT('',(0.8,1.2,0.670847817658));
#15165=CARTESIAN_POINT('Origin',(0.75,1.2,0.75));
#15166=CARTESIAN_POINT('',(0.85,1.2,0.75));
#15167=CARTESIAN_POINT('',(0.75,1.2,0.75));
#15168=CARTESIAN_POINT('',(0.85,0.7,0.75));
#15169=CARTESIAN_POINT('',(0.85,1.2,0.75));
#15170=CARTESIAN_POINT('',(0.75,0.7,0.75));
#15171=CARTESIAN_POINT('Origin',(0.8,1.355,0.9));
#15172=CARTESIAN_POINT('',(0.8,0.7,0.9));
#15173=CARTESIAN_POINT('',(0.8,0.7,0.670847817658));
#15174=CARTESIAN_POINT('',(0.8,0.25,0.9));
#15175=CARTESIAN_POINT('',(0.8,1.355,0.9));
#15176=CARTESIAN_POINT('',(0.8,0.25,0.670847817658));
#15177=CARTESIAN_POINT('Origin',(0.75,0.25,0.75));
#15178=CARTESIAN_POINT('',(0.85,0.25,0.75));
#15179=CARTESIAN_POINT('',(0.75,0.25,0.75));
#15180=CARTESIAN_POINT('',(0.85,-0.25,0.75));
#15181=CARTESIAN_POINT('',(0.85,0.25,0.75));
#15182=CARTESIAN_POINT('',(0.75,-0.25,0.75));
#15183=CARTESIAN_POINT('Origin',(0.8,1.355,0.9));
#15184=CARTESIAN_POINT('',(0.8,-0.25,0.9));
#15185=CARTESIAN_POINT('',(0.8,-0.25,0.670847817658));
#15186=CARTESIAN_POINT('',(0.8,-0.7,0.9));
#15187=CARTESIAN_POINT('',(0.8,1.355,0.9));
#15188=CARTESIAN_POINT('',(0.8,-0.7,0.670847817658));
#15189=CARTESIAN_POINT('Origin',(0.75,-0.7,0.75));
#15190=CARTESIAN_POINT('',(0.85,-0.7,0.75));
#15191=CARTESIAN_POINT('',(0.75,-0.7,0.75));
#15192=CARTESIAN_POINT('',(0.85,-1.2,0.75));
#15193=CARTESIAN_POINT('',(0.85,-0.7,0.75));
#15194=CARTESIAN_POINT('',(0.75,-1.2,0.75));
#15195=CARTESIAN_POINT('Origin',(0.8,1.355,0.9));
#15196=CARTESIAN_POINT('',(0.8,-1.2,0.9));
#15197=CARTESIAN_POINT('',(0.8,-1.2,0.670847817658));
#15198=CARTESIAN_POINT('',(0.8,-1.355,0.9));
#15199=CARTESIAN_POINT('',(0.8,1.355,0.9));
#15200=CARTESIAN_POINT('',(0.8,-1.355,0.75));
#15201=CARTESIAN_POINT('Origin',(-0.705,-1.45,0.9));
#15202=CARTESIAN_POINT('',(-0.705,-1.45,0.9));
#15203=CARTESIAN_POINT('',(-0.705,-1.45,0.75));
#15204=CARTESIAN_POINT('',(-0.705,-1.45,0.9));
#15205=CARTESIAN_POINT('Origin',(0.8,-1.355,0.9));
#15206=CARTESIAN_POINT('',(0.705,-1.45,0.9));
#15207=CARTESIAN_POINT('',(0.8,-1.355,0.9));
#15208=CARTESIAN_POINT('',(0.705,-1.45,0.75));
#15209=CARTESIAN_POINT('Origin',(0.705,-1.45,0.9));
#15210=CARTESIAN_POINT('',(0.705,-1.45,0.9));
#15211=CARTESIAN_POINT('Origin',(-0.85,0.7,0.9));
#15212=CARTESIAN_POINT('',(-0.85,0.7,0.9));
#15213=CARTESIAN_POINT('',(-0.85,0.7,0.9));
#15214=CARTESIAN_POINT('',(-0.775,0.7,0.9));
#15215=CARTESIAN_POINT('',(-0.85,0.7,0.9));
#15216=CARTESIAN_POINT('',(-0.775,-1.3425,0.9));
#15217=CARTESIAN_POINT('',(-0.85,1.2,0.9));
#15218=CARTESIAN_POINT('',(-0.85,1.2,0.9));
#15219=CARTESIAN_POINT('',(-0.85,0.7,0.9));
#15220=CARTESIAN_POINT('Origin',(-0.775,0.,0.9));
#15221=CARTESIAN_POINT('',(-0.775,-1.3425,0.9));
#15222=CARTESIAN_POINT('',(-0.775,-1.2,0.9));
#15223=CARTESIAN_POINT('',(-0.775,-1.3425,0.9));
#15224=CARTESIAN_POINT('',(-0.683648457443,-1.296824228722,1.55));
#15225=CARTESIAN_POINT('',(-0.775,-1.3425,0.9));
#15226=CARTESIAN_POINT('',(-0.683648457443,1.296824228722,1.55));
#15227=CARTESIAN_POINT('',(-0.683648457443,-1.296824228722,1.55));
#15228=CARTESIAN_POINT('',(-0.775,1.3425,0.9));
#15229=CARTESIAN_POINT('',(-0.775,0.25,0.9));
#15230=CARTESIAN_POINT('',(-0.775,-1.3425,0.9));
#15231=CARTESIAN_POINT('',(-0.775,-0.25,0.9));
#15232=CARTESIAN_POINT('',(-0.775,-1.3425,0.9));
#15233=CARTESIAN_POINT('',(-0.775,-0.7,0.9));
#15234=CARTESIAN_POINT('',(-0.775,-1.3425,0.9));
#15235=CARTESIAN_POINT('',(-0.775,-1.3425,0.9));
#15236=CARTESIAN_POINT('Origin',(-0.73375,1.38375,0.9));
#15237=CARTESIAN_POINT('',(-0.646824228722,1.333648457443,1.55));
#15238=CARTESIAN_POINT('',(-0.683648457443,1.296824228722,1.55));
#15239=CARTESIAN_POINT('',(-0.6925,1.425,0.9));
#15240=CARTESIAN_POINT('Origin',(1.38777878078145E-16,1.425,0.9));
#15241=CARTESIAN_POINT('',(0.646824228722,1.333648457443,1.55));
#15242=CARTESIAN_POINT('',(-0.646824228722,1.333648457443,1.55));
#15243=CARTESIAN_POINT('',(0.6925,1.425,0.9));
#15244=CARTESIAN_POINT('Origin',(0.73375,1.38375,0.9));
#15245=CARTESIAN_POINT('',(0.683648457443,1.296824228722,1.55));
#15246=CARTESIAN_POINT('',(0.646824228722,1.333648457443,1.55));
#15247=CARTESIAN_POINT('',(0.775,1.3425,0.9));
#15248=CARTESIAN_POINT('Origin',(0.775,0.,0.9));
#15249=CARTESIAN_POINT('',(0.683648457443,-1.296824228722,1.55));
#15250=CARTESIAN_POINT('',(0.683648457443,1.296824228722,1.55));
#15251=CARTESIAN_POINT('',(0.775,-1.3425,0.9));
#15252=CARTESIAN_POINT('',(0.775,-1.3425,0.9));
#15253=CARTESIAN_POINT('',(0.775,-1.2,0.9));
#15254=CARTESIAN_POINT('',(0.775,1.3425,0.9));
#15255=CARTESIAN_POINT('',(0.775,-0.7,0.9));
#15256=CARTESIAN_POINT('',(0.775,1.3425,0.9));
#15257=CARTESIAN_POINT('',(0.775,-0.25,0.9));
#15258=CARTESIAN_POINT('',(0.775,1.3425,0.9));
#15259=CARTESIAN_POINT('',(0.775,0.25,0.9));
#15260=CARTESIAN_POINT('',(0.775,1.3425,0.9));
#15261=CARTESIAN_POINT('',(0.775,0.7,0.9));
#15262=CARTESIAN_POINT('',(0.775,1.3425,0.9));
#15263=CARTESIAN_POINT('',(0.775,1.3425,0.9));
#15264=CARTESIAN_POINT('Origin',(0.85,1.2,0.9));
#15265=CARTESIAN_POINT('',(0.85,1.2,0.9));
#15266=CARTESIAN_POINT('',(0.85,1.2,0.9));
#15267=CARTESIAN_POINT('',(0.85,0.7,0.9));
#15268=CARTESIAN_POINT('',(0.85,0.7,0.9));
#15269=CARTESIAN_POINT('',(0.85,0.7,0.9));
#15270=CARTESIAN_POINT('',(0.85,1.2,0.9));
#15271=CARTESIAN_POINT('Origin',(-2.091417030376E-16,1.4375,0.9));
#15272=CARTESIAN_POINT('',(0.85,-1.2,0.9));
#15273=CARTESIAN_POINT('',(0.6925,-1.425,0.9));
#15274=CARTESIAN_POINT('',(0.775,-1.3425,0.9));
#15275=CARTESIAN_POINT('',(-0.6925,-1.425,0.9));
#15276=CARTESIAN_POINT('',(0.6925,-1.425,0.9));
#15277=CARTESIAN_POINT('',(-0.6925,-1.425,0.9));
#15278=CARTESIAN_POINT('',(-0.85,-1.2,0.9));
#15279=CARTESIAN_POINT('Origin',(-1.069123385139,-1.2,0.441695635315));
#15280=CARTESIAN_POINT('',(-0.85,-1.2,0.9));
#15281=CARTESIAN_POINT('',(-0.85,-1.2,0.9));
#15282=CARTESIAN_POINT('',(-1.096201938253,-1.2,0.693412044417));
#15283=CARTESIAN_POINT('Origin',(-0.85,-1.2,0.65));
#15284=CARTESIAN_POINT('',(-1.172050016982,-1.2,0.232635182233));
#15285=CARTESIAN_POINT('',(-1.172050016982,-1.2,0.232635182233));
#15286=CARTESIAN_POINT('',(-1.270530792283,-1.2,0.15));
#15287=CARTESIAN_POINT('Origin',(-1.270530792283,-1.2,0.25));
#15288=CARTESIAN_POINT('',(-1.4,-1.2,0.15));
#15289=CARTESIAN_POINT('',(-1.4,-1.2,0.15));
#15290=CARTESIAN_POINT('',(-1.4,-1.2,0.));
#15291=CARTESIAN_POINT('',(-1.4,-1.2,0.));
#15292=CARTESIAN_POINT('',(-1.270530792283,-1.2,0.));
#15293=CARTESIAN_POINT('',(-1.270530792283,-1.2,0.));
#15294=CARTESIAN_POINT('',(-1.02432885403,-1.2,0.206587955583));
#15295=CARTESIAN_POINT('Origin',(-1.270530792283,-1.2,0.25));
#15296=CARTESIAN_POINT('',(-0.948480775301,-1.2,0.667364817767));
#15297=CARTESIAN_POINT('',(-0.948480775301,-1.2,0.667364817767));
#15298=CARTESIAN_POINT('Origin',(-0.85,-1.2,0.65));
#15299=CARTESIAN_POINT('Origin',(-0.85,-1.2,0.65));
#15300=CARTESIAN_POINT('',(-0.948480775301,-0.7,0.667364817767));
#15301=CARTESIAN_POINT('',(-0.948480775301,-1.2,0.667364817767));
#15302=CARTESIAN_POINT('Origin',(-0.85,-0.7,0.65));
#15303=CARTESIAN_POINT('Origin',(-1.069123385139,-0.7,0.441695635315));
#15304=CARTESIAN_POINT('',(-1.02432885403,-0.7,0.206587955583));
#15305=CARTESIAN_POINT('',(-0.948480775301,-0.7,0.667364817767));
#15306=CARTESIAN_POINT('',(-1.270530792283,-0.7,0.));
#15307=CARTESIAN_POINT('Origin',(-1.270530792283,-0.7,0.25));
#15308=CARTESIAN_POINT('',(-1.4,-0.7,0.));
#15309=CARTESIAN_POINT('',(-1.270530792283,-0.7,0.));
#15310=CARTESIAN_POINT('',(-1.4,-0.7,0.15));
#15311=CARTESIAN_POINT('',(-1.4,-0.7,0.));
#15312=CARTESIAN_POINT('',(-1.270530792283,-0.7,0.15));
#15313=CARTESIAN_POINT('',(-1.4,-0.7,0.15));
#15314=CARTESIAN_POINT('',(-1.172050016982,-0.7,0.232635182233));
#15315=CARTESIAN_POINT('Origin',(-1.270530792283,-0.7,0.25));
#15316=CARTESIAN_POINT('',(-1.096201938253,-0.7,0.693412044417));
#15317=CARTESIAN_POINT('',(-1.172050016982,-0.7,0.232635182233));
#15318=CARTESIAN_POINT('',(-0.85,-0.7,0.9));
#15319=CARTESIAN_POINT('Origin',(-0.85,-0.7,0.65));
#15320=CARTESIAN_POINT('',(-0.85,-0.7,0.9));
#15321=CARTESIAN_POINT('Origin',(-2.091417030376E-16,1.4375,0.9));
#15322=CARTESIAN_POINT('',(-0.85,-0.7,0.9));
#15323=CARTESIAN_POINT('',(-0.85,-0.25,0.9));
#15324=CARTESIAN_POINT('Origin',(-1.069123385139,-0.25,0.441695635315));
#15325=CARTESIAN_POINT('',(-0.85,-0.25,0.9));
#15326=CARTESIAN_POINT('',(-0.85,-0.25,0.9));
#15327=CARTESIAN_POINT('',(-1.096201938253,-0.25,0.693412044417));
#15328=CARTESIAN_POINT('Origin',(-0.85,-0.25,0.65));
#15329=CARTESIAN_POINT('',(-1.172050016982,-0.25,0.232635182233));
#15330=CARTESIAN_POINT('',(-1.172050016982,-0.25,0.232635182233));
#15331=CARTESIAN_POINT('',(-1.270530792283,-0.25,0.15));
#15332=CARTESIAN_POINT('Origin',(-1.270530792283,-0.25,0.25));
#15333=CARTESIAN_POINT('',(-1.4,-0.25,0.15));
#15334=CARTESIAN_POINT('',(-1.4,-0.25,0.15));
#15335=CARTESIAN_POINT('',(-1.4,-0.25,0.));
#15336=CARTESIAN_POINT('',(-1.4,-0.25,0.));
#15337=CARTESIAN_POINT('',(-1.270530792283,-0.25,0.));
#15338=CARTESIAN_POINT('',(-1.270530792283,-0.25,0.));
#15339=CARTESIAN_POINT('',(-1.02432885403,-0.25,0.206587955583));
#15340=CARTESIAN_POINT('Origin',(-1.270530792283,-0.25,0.25));
#15341=CARTESIAN_POINT('',(-0.948480775301,-0.25,0.667364817767));
#15342=CARTESIAN_POINT('',(-0.948480775301,-0.25,0.667364817767));
#15343=CARTESIAN_POINT('Origin',(-0.85,-0.25,0.65));
#15344=CARTESIAN_POINT('Origin',(-0.85,-0.25,0.65));
#15345=CARTESIAN_POINT('',(-0.948480775301,0.25,0.667364817767));
#15346=CARTESIAN_POINT('',(-0.948480775301,-0.25,0.667364817767));
#15347=CARTESIAN_POINT('Origin',(-0.85,0.25,0.65));
#15348=CARTESIAN_POINT('Origin',(-1.069123385139,0.25,0.441695635315));
#15349=CARTESIAN_POINT('',(-1.02432885403,0.25,0.206587955583));
#15350=CARTESIAN_POINT('',(-0.948480775301,0.25,0.667364817767));
#15351=CARTESIAN_POINT('',(-1.270530792283,0.25,0.));
#15352=CARTESIAN_POINT('Origin',(-1.270530792283,0.25,0.25));
#15353=CARTESIAN_POINT('',(-1.4,0.25,0.));
#15354=CARTESIAN_POINT('',(-1.270530792283,0.25,0.));
#15355=CARTESIAN_POINT('',(-1.4,0.25,0.15));
#15356=CARTESIAN_POINT('',(-1.4,0.25,0.));
#15357=CARTESIAN_POINT('',(-1.270530792283,0.25,0.15));
#15358=CARTESIAN_POINT('',(-1.4,0.25,0.15));
#15359=CARTESIAN_POINT('',(-1.172050016982,0.25,0.232635182233));
#15360=CARTESIAN_POINT('Origin',(-1.270530792283,0.25,0.25));
#15361=CARTESIAN_POINT('',(-1.096201938253,0.25,0.693412044417));
#15362=CARTESIAN_POINT('',(-1.172050016982,0.25,0.232635182233));
#15363=CARTESIAN_POINT('',(-0.85,0.25,0.9));
#15364=CARTESIAN_POINT('Origin',(-0.85,0.25,0.65));
#15365=CARTESIAN_POINT('',(-0.85,0.25,0.9));
#15366=CARTESIAN_POINT('Origin',(-2.091417030376E-16,1.4375,0.9));
#15367=CARTESIAN_POINT('',(-0.85,0.25,0.9));
#15368=CARTESIAN_POINT('Origin',(-1.069123385139,0.7,0.441695635315));
#15369=CARTESIAN_POINT('',(-1.096201938253,0.7,0.693412044417));
#15370=CARTESIAN_POINT('Origin',(-0.85,0.7,0.65));
#15371=CARTESIAN_POINT('',(-1.172050016982,0.7,0.232635182233));
#15372=CARTESIAN_POINT('',(-1.172050016982,0.7,0.232635182233));
#15373=CARTESIAN_POINT('',(-1.270530792283,0.7,0.15));
#15374=CARTESIAN_POINT('Origin',(-1.270530792283,0.7,0.25));
#15375=CARTESIAN_POINT('',(-1.4,0.7,0.15));
#15376=CARTESIAN_POINT('',(-1.4,0.7,0.15));
#15377=CARTESIAN_POINT('',(-1.4,0.7,0.));
#15378=CARTESIAN_POINT('',(-1.4,0.7,0.));
#15379=CARTESIAN_POINT('',(-1.270530792283,0.7,0.));
#15380=CARTESIAN_POINT('',(-1.270530792283,0.7,0.));
#15381=CARTESIAN_POINT('',(-1.02432885403,0.7,0.206587955583));
#15382=CARTESIAN_POINT('Origin',(-1.270530792283,0.7,0.25));
#15383=CARTESIAN_POINT('',(-0.948480775301,0.7,0.667364817767));
#15384=CARTESIAN_POINT('',(-0.948480775301,0.7,0.667364817767));
#15385=CARTESIAN_POINT('Origin',(-0.85,0.7,0.65));
#15386=CARTESIAN_POINT('Origin',(-0.85,0.7,0.65));
#15387=CARTESIAN_POINT('',(-0.948480775301,1.2,0.667364817767));
#15388=CARTESIAN_POINT('',(-0.948480775301,0.7,0.667364817767));
#15389=CARTESIAN_POINT('Origin',(-0.85,1.2,0.65));
#15390=CARTESIAN_POINT('Origin',(-1.069123385139,1.2,0.441695635315));
#15391=CARTESIAN_POINT('',(-1.02432885403,1.2,0.206587955583));
#15392=CARTESIAN_POINT('',(-0.948480775301,1.2,0.667364817767));
#15393=CARTESIAN_POINT('',(-1.270530792283,1.2,0.));
#15394=CARTESIAN_POINT('Origin',(-1.270530792283,1.2,0.25));
#15395=CARTESIAN_POINT('',(-1.4,1.2,0.));
#15396=CARTESIAN_POINT('',(-1.270530792283,1.2,0.));
#15397=CARTESIAN_POINT('',(-1.4,1.2,0.15));
#15398=CARTESIAN_POINT('',(-1.4,1.2,0.));
#15399=CARTESIAN_POINT('',(-1.270530792283,1.2,0.15));
#15400=CARTESIAN_POINT('',(-1.4,1.2,0.15));
#15401=CARTESIAN_POINT('',(-1.172050016982,1.2,0.232635182233));
#15402=CARTESIAN_POINT('Origin',(-1.270530792283,1.2,0.25));
#15403=CARTESIAN_POINT('',(-1.096201938253,1.2,0.693412044417));
#15404=CARTESIAN_POINT('',(-1.172050016982,1.2,0.232635182233));
#15405=CARTESIAN_POINT('Origin',(-0.85,1.2,0.65));
#15406=CARTESIAN_POINT('Origin',(1.069123385139,1.2,0.441695635315));
#15407=CARTESIAN_POINT('',(1.096201938253,1.2,0.693412044417));
#15408=CARTESIAN_POINT('Origin',(0.85,1.2,0.65));
#15409=CARTESIAN_POINT('',(1.172050016982,1.2,0.232635182233));
#15410=CARTESIAN_POINT('',(1.172050016982,1.2,0.232635182233));
#15411=CARTESIAN_POINT('',(1.270530792283,1.2,0.15));
#15412=CARTESIAN_POINT('Origin',(1.270530792283,1.2,0.25));
#15413=CARTESIAN_POINT('',(1.4,1.2,0.15));
#15414=CARTESIAN_POINT('',(1.4,1.2,0.15));
#15415=CARTESIAN_POINT('',(1.4,1.2,0.));
#15416=CARTESIAN_POINT('',(1.4,1.2,0.));
#15417=CARTESIAN_POINT('',(1.270530792283,1.2,0.));
#15418=CARTESIAN_POINT('',(1.270530792283,1.2,0.));
#15419=CARTESIAN_POINT('',(1.02432885403,1.2,0.206587955583));
#15420=CARTESIAN_POINT('Origin',(1.270530792283,1.2,0.25));
#15421=CARTESIAN_POINT('',(0.948480775301,1.2,0.667364817767));
#15422=CARTESIAN_POINT('',(0.948480775301,1.2,0.667364817767));
#15423=CARTESIAN_POINT('Origin',(0.85,1.2,0.65));
#15424=CARTESIAN_POINT('Origin',(0.85,1.2,0.65));
#15425=CARTESIAN_POINT('',(0.948480775301,0.7,0.667364817767));
#15426=CARTESIAN_POINT('',(0.948480775301,1.2,0.667364817767));
#15427=CARTESIAN_POINT('Origin',(0.85,0.7,0.65));
#15428=CARTESIAN_POINT('Origin',(1.069123385139,0.7,0.441695635315));
#15429=CARTESIAN_POINT('',(1.02432885403,0.7,0.206587955583));
#15430=CARTESIAN_POINT('',(0.948480775301,0.7,0.667364817767));
#15431=CARTESIAN_POINT('',(1.270530792283,0.7,0.));
#15432=CARTESIAN_POINT('Origin',(1.270530792283,0.7,0.25));
#15433=CARTESIAN_POINT('',(1.4,0.7,0.));
#15434=CARTESIAN_POINT('',(1.270530792283,0.7,0.));
#15435=CARTESIAN_POINT('',(1.4,0.7,0.15));
#15436=CARTESIAN_POINT('',(1.4,0.7,0.));
#15437=CARTESIAN_POINT('',(1.270530792283,0.7,0.15));
#15438=CARTESIAN_POINT('',(1.4,0.7,0.15));
#15439=CARTESIAN_POINT('',(1.172050016982,0.7,0.232635182233));
#15440=CARTESIAN_POINT('Origin',(1.270530792283,0.7,0.25));
#15441=CARTESIAN_POINT('',(1.096201938253,0.7,0.693412044417));
#15442=CARTESIAN_POINT('',(1.172050016982,0.7,0.232635182233));
#15443=CARTESIAN_POINT('Origin',(0.85,0.7,0.65));
#15444=CARTESIAN_POINT('Origin',(-2.091417030376E-16,1.4375,0.9));
#15445=CARTESIAN_POINT('',(0.85,0.25,0.9));
#15446=CARTESIAN_POINT('Origin',(1.069123385139,0.25,0.441695635315));
#15447=CARTESIAN_POINT('',(0.85,0.25,0.9));
#15448=CARTESIAN_POINT('',(0.85,0.25,0.9));
#15449=CARTESIAN_POINT('',(1.096201938253,0.25,0.693412044417));
#15450=CARTESIAN_POINT('Origin',(0.85,0.25,0.65));
#15451=CARTESIAN_POINT('',(1.172050016982,0.25,0.232635182233));
#15452=CARTESIAN_POINT('',(1.172050016982,0.25,0.232635182233));
#15453=CARTESIAN_POINT('',(1.270530792283,0.25,0.15));
#15454=CARTESIAN_POINT('Origin',(1.270530792283,0.25,0.25));
#15455=CARTESIAN_POINT('',(1.4,0.25,0.15));
#15456=CARTESIAN_POINT('',(1.4,0.25,0.15));
#15457=CARTESIAN_POINT('',(1.4,0.25,0.));
#15458=CARTESIAN_POINT('',(1.4,0.25,0.));
#15459=CARTESIAN_POINT('',(1.270530792283,0.25,0.));
#15460=CARTESIAN_POINT('',(1.270530792283,0.25,0.));
#15461=CARTESIAN_POINT('',(1.02432885403,0.25,0.206587955583));
#15462=CARTESIAN_POINT('Origin',(1.270530792283,0.25,0.25));
#15463=CARTESIAN_POINT('',(0.948480775301,0.25,0.667364817767));
#15464=CARTESIAN_POINT('',(0.948480775301,0.25,0.667364817767));
#15465=CARTESIAN_POINT('Origin',(0.85,0.25,0.65));
#15466=CARTESIAN_POINT('Origin',(0.85,0.25,0.65));
#15467=CARTESIAN_POINT('',(0.948480775301,-0.25,0.667364817767));
#15468=CARTESIAN_POINT('',(0.948480775301,0.25,0.667364817767));
#15469=CARTESIAN_POINT('Origin',(0.85,-0.25,0.65));
#15470=CARTESIAN_POINT('Origin',(1.069123385139,-0.25,0.441695635315));
#15471=CARTESIAN_POINT('',(1.02432885403,-0.25,0.206587955583));
#15472=CARTESIAN_POINT('',(0.948480775301,-0.25,0.667364817767));
#15473=CARTESIAN_POINT('',(1.270530792283,-0.25,0.));
#15474=CARTESIAN_POINT('Origin',(1.270530792283,-0.25,0.25));
#15475=CARTESIAN_POINT('',(1.4,-0.25,0.));
#15476=CARTESIAN_POINT('',(1.270530792283,-0.25,0.));
#15477=CARTESIAN_POINT('',(1.4,-0.25,0.15));
#15478=CARTESIAN_POINT('',(1.4,-0.25,0.));
#15479=CARTESIAN_POINT('',(1.270530792283,-0.25,0.15));
#15480=CARTESIAN_POINT('',(1.4,-0.25,0.15));
#15481=CARTESIAN_POINT('',(1.172050016982,-0.25,0.232635182233));
#15482=CARTESIAN_POINT('Origin',(1.270530792283,-0.25,0.25));
#15483=CARTESIAN_POINT('',(1.096201938253,-0.25,0.693412044417));
#15484=CARTESIAN_POINT('',(1.172050016982,-0.25,0.232635182233));
#15485=CARTESIAN_POINT('',(0.85,-0.25,0.9));
#15486=CARTESIAN_POINT('Origin',(0.85,-0.25,0.65));
#15487=CARTESIAN_POINT('',(0.85,-0.25,0.9));
#15488=CARTESIAN_POINT('Origin',(-2.091417030376E-16,1.4375,0.9));
#15489=CARTESIAN_POINT('',(0.85,-0.25,0.9));
#15490=CARTESIAN_POINT('',(0.85,-0.7,0.9));
#15491=CARTESIAN_POINT('Origin',(1.069123385139,-0.7,0.441695635315));
#15492=CARTESIAN_POINT('',(0.85,-0.7,0.9));
#15493=CARTESIAN_POINT('',(0.85,-0.7,0.9));
#15494=CARTESIAN_POINT('',(1.096201938253,-0.7,0.693412044417));
#15495=CARTESIAN_POINT('Origin',(0.85,-0.7,0.65));
#15496=CARTESIAN_POINT('',(1.172050016982,-0.7,0.232635182233));
#15497=CARTESIAN_POINT('',(1.172050016982,-0.7,0.232635182233));
#15498=CARTESIAN_POINT('',(1.270530792283,-0.7,0.15));
#15499=CARTESIAN_POINT('Origin',(1.270530792283,-0.7,0.25));
#15500=CARTESIAN_POINT('',(1.4,-0.7,0.15));
#15501=CARTESIAN_POINT('',(1.4,-0.7,0.15));
#15502=CARTESIAN_POINT('',(1.4,-0.7,0.));
#15503=CARTESIAN_POINT('',(1.4,-0.7,0.));
#15504=CARTESIAN_POINT('',(1.270530792283,-0.7,0.));
#15505=CARTESIAN_POINT('',(1.270530792283,-0.7,0.));
#15506=CARTESIAN_POINT('',(1.02432885403,-0.7,0.206587955583));
#15507=CARTESIAN_POINT('Origin',(1.270530792283,-0.7,0.25));
#15508=CARTESIAN_POINT('',(0.948480775301,-0.7,0.667364817767));
#15509=CARTESIAN_POINT('',(0.948480775301,-0.7,0.667364817767));
#15510=CARTESIAN_POINT('Origin',(0.85,-0.7,0.65));
#15511=CARTESIAN_POINT('Origin',(0.85,-0.7,0.65));
#15512=CARTESIAN_POINT('',(0.948480775301,-1.2,0.667364817767));
#15513=CARTESIAN_POINT('',(0.948480775301,-0.7,0.667364817767));
#15514=CARTESIAN_POINT('Origin',(0.85,-1.2,0.65));
#15515=CARTESIAN_POINT('Origin',(1.069123385139,-1.2,0.441695635315));
#15516=CARTESIAN_POINT('',(1.02432885403,-1.2,0.206587955583));
#15517=CARTESIAN_POINT('',(0.948480775301,-1.2,0.667364817767));
#15518=CARTESIAN_POINT('',(1.270530792283,-1.2,0.));
#15519=CARTESIAN_POINT('Origin',(1.270530792283,-1.2,0.25));
#15520=CARTESIAN_POINT('',(1.4,-1.2,0.));
#15521=CARTESIAN_POINT('',(1.270530792283,-1.2,0.));
#15522=CARTESIAN_POINT('',(1.4,-1.2,0.15));
#15523=CARTESIAN_POINT('',(1.4,-1.2,0.));
#15524=CARTESIAN_POINT('',(1.270530792283,-1.2,0.15));
#15525=CARTESIAN_POINT('',(1.4,-1.2,0.15));
#15526=CARTESIAN_POINT('',(1.172050016982,-1.2,0.232635182233));
#15527=CARTESIAN_POINT('Origin',(1.270530792283,-1.2,0.25));
#15528=CARTESIAN_POINT('',(1.096201938253,-1.2,0.693412044417));
#15529=CARTESIAN_POINT('',(1.172050016982,-1.2,0.232635182233));
#15530=CARTESIAN_POINT('',(0.85,-1.2,0.9));
#15531=CARTESIAN_POINT('Origin',(0.85,-1.2,0.65));
#15532=CARTESIAN_POINT('',(0.85,-1.2,0.9));
#15533=CARTESIAN_POINT('Origin',(-0.85,0.7,0.65));
#15534=CARTESIAN_POINT('',(-1.096201938253,0.7,0.693412044417));
#15535=CARTESIAN_POINT('Origin',(-0.85,-1.2,0.9));
#15536=CARTESIAN_POINT('',(-0.85,-1.2,0.9));
#15537=CARTESIAN_POINT('Origin',(-0.85,-0.25,0.9));
#15538=CARTESIAN_POINT('',(-0.85,-0.25,0.9));
#15539=CARTESIAN_POINT('Origin',(-0.646824228722,1.333648457443,1.55));
#15540=CARTESIAN_POINT('',(-0.646824228722,-1.333648457443,1.55));
#15541=CARTESIAN_POINT('',(-0.646824228722,-1.333648457443,1.55));
#15542=CARTESIAN_POINT('',(0.646824228722,-1.333648457443,1.55));
#15543=CARTESIAN_POINT('',(0.646824228722,-1.333648457443,1.55));
#15544=CARTESIAN_POINT('',(0.683648457443,-1.296824228722,1.55));
#15545=CARTESIAN_POINT('',(-0.333648457443,0.858648457443,1.55));
#15546=CARTESIAN_POINT('Origin',(-0.333648457443,0.983648457443,1.55));
#15547=CARTESIAN_POINT('Origin',(-0.73375,-1.38375,0.9));
#15548=CARTESIAN_POINT('',(-0.6925,-1.425,0.9));
#15549=CARTESIAN_POINT('Origin',(0.85,0.25,0.9));
#15550=CARTESIAN_POINT('',(0.85,0.25,0.9));
#15551=CARTESIAN_POINT('Origin',(0.85,-0.7,0.9));
#15552=CARTESIAN_POINT('',(0.85,-0.7,0.9));
#15553=CARTESIAN_POINT('Origin',(0.73375,-1.38375,0.9));
#15554=CARTESIAN_POINT('',(0.6925,-1.425,0.9));
#15555=CARTESIAN_POINT('Origin',(0.85,1.2,0.65));
#15556=CARTESIAN_POINT('',(1.096201938253,1.2,0.693412044417));
#15557=CARTESIAN_POINT('Origin',(-1.38777878078145E-16,-1.425,0.9));
#15558=CARTESIAN_POINT('Origin',(-0.85,-1.2,0.65));
#15559=CARTESIAN_POINT('',(-1.096201938253,-1.2,0.693412044417));
#15560=CARTESIAN_POINT('Origin',(-1.172050016982,-1.2,0.232635182233));
#15561=CARTESIAN_POINT('',(-1.172050016982,-1.2,0.232635182233));
#15562=CARTESIAN_POINT('Origin',(-1.270530792283,-1.2,0.25));
#15563=CARTESIAN_POINT('',(-1.270530792283,-1.2,0.15));
#15564=CARTESIAN_POINT('Origin',(-1.4,-1.2,0.15));
#15565=CARTESIAN_POINT('',(-1.4,-1.2,0.15));
#15566=CARTESIAN_POINT('Origin',(-1.4,-1.2,0.));
#15567=CARTESIAN_POINT('',(-1.4,-1.2,0.));
#15568=CARTESIAN_POINT('Origin',(-1.270530792283,-1.2,0.));
#15569=CARTESIAN_POINT('',(-1.270530792283,-1.2,0.));
#15570=CARTESIAN_POINT('Origin',(-1.270530792283,-1.2,0.25));
#15571=CARTESIAN_POINT('',(-1.02432885403,-1.2,0.206587955583));
#15572=CARTESIAN_POINT('Origin',(-0.948480775301,-1.2,0.667364817767));
#15573=CARTESIAN_POINT('Origin',(-0.85,-0.25,0.65));
#15574=CARTESIAN_POINT('',(-1.096201938253,-0.25,0.693412044417));
#15575=CARTESIAN_POINT('Origin',(-1.172050016982,-0.25,0.232635182233));
#15576=CARTESIAN_POINT('',(-1.172050016982,-0.25,0.232635182233));
#15577=CARTESIAN_POINT('Origin',(-1.270530792283,-0.25,0.25));
#15578=CARTESIAN_POINT('',(-1.270530792283,-0.25,0.15));
#15579=CARTESIAN_POINT('Origin',(-1.4,-0.25,0.15));
#15580=CARTESIAN_POINT('',(-1.4,-0.25,0.15));
#15581=CARTESIAN_POINT('Origin',(-1.4,-0.25,0.));
#15582=CARTESIAN_POINT('',(-1.4,-0.25,0.));
#15583=CARTESIAN_POINT('Origin',(-1.270530792283,-0.25,0.));
#15584=CARTESIAN_POINT('',(-1.270530792283,-0.25,0.));
#15585=CARTESIAN_POINT('Origin',(-1.270530792283,-0.25,0.25));
#15586=CARTESIAN_POINT('',(-1.02432885403,-0.25,0.206587955583));
#15587=CARTESIAN_POINT('Origin',(-0.948480775301,-0.25,0.667364817767));
#15588=CARTESIAN_POINT('Origin',(-1.172050016982,0.7,0.232635182233));
#15589=CARTESIAN_POINT('',(-1.172050016982,0.7,0.232635182233));
#15590=CARTESIAN_POINT('Origin',(-1.270530792283,0.7,0.25));
#15591=CARTESIAN_POINT('',(-1.270530792283,0.7,0.15));
#15592=CARTESIAN_POINT('Origin',(-1.4,0.7,0.15));
#15593=CARTESIAN_POINT('',(-1.4,0.7,0.15));
#15594=CARTESIAN_POINT('Origin',(-1.4,0.7,0.));
#15595=CARTESIAN_POINT('',(-1.4,0.7,0.));
#15596=CARTESIAN_POINT('Origin',(-1.270530792283,0.7,0.));
#15597=CARTESIAN_POINT('',(-1.270530792283,0.7,0.));
#15598=CARTESIAN_POINT('Origin',(-1.270530792283,0.7,0.25));
#15599=CARTESIAN_POINT('',(-1.02432885403,0.7,0.206587955583));
#15600=CARTESIAN_POINT('Origin',(-0.948480775301,0.7,0.667364817767));
#15601=CARTESIAN_POINT('Origin',(1.172050016982,1.2,0.232635182233));
#15602=CARTESIAN_POINT('',(1.172050016982,1.2,0.232635182233));
#15603=CARTESIAN_POINT('Origin',(1.270530792283,1.2,0.25));
#15604=CARTESIAN_POINT('',(1.270530792283,1.2,0.15));
#15605=CARTESIAN_POINT('Origin',(1.4,1.2,0.15));
#15606=CARTESIAN_POINT('',(1.4,1.2,0.15));
#15607=CARTESIAN_POINT('Origin',(1.4,1.2,0.));
#15608=CARTESIAN_POINT('',(1.4,1.2,0.));
#15609=CARTESIAN_POINT('Origin',(1.270530792283,1.2,0.));
#15610=CARTESIAN_POINT('',(1.270530792283,1.2,0.));
#15611=CARTESIAN_POINT('Origin',(1.270530792283,1.2,0.25));
#15612=CARTESIAN_POINT('',(1.02432885403,1.2,0.206587955583));
#15613=CARTESIAN_POINT('Origin',(0.948480775301,1.2,0.667364817767));
#15614=CARTESIAN_POINT('Origin',(0.85,0.25,0.65));
#15615=CARTESIAN_POINT('',(1.096201938253,0.25,0.693412044417));
#15616=CARTESIAN_POINT('Origin',(1.172050016982,0.25,0.232635182233));
#15617=CARTESIAN_POINT('',(1.172050016982,0.25,0.232635182233));
#15618=CARTESIAN_POINT('Origin',(1.270530792283,0.25,0.25));
#15619=CARTESIAN_POINT('',(1.270530792283,0.25,0.15));
#15620=CARTESIAN_POINT('Origin',(1.4,0.25,0.15));
#15621=CARTESIAN_POINT('',(1.4,0.25,0.15));
#15622=CARTESIAN_POINT('Origin',(1.4,0.25,0.));
#15623=CARTESIAN_POINT('',(1.4,0.25,0.));
#15624=CARTESIAN_POINT('Origin',(1.270530792283,0.25,0.));
#15625=CARTESIAN_POINT('',(1.270530792283,0.25,0.));
#15626=CARTESIAN_POINT('Origin',(1.270530792283,0.25,0.25));
#15627=CARTESIAN_POINT('',(1.02432885403,0.25,0.206587955583));
#15628=CARTESIAN_POINT('Origin',(0.948480775301,0.25,0.667364817767));
#15629=CARTESIAN_POINT('Origin',(0.85,-0.7,0.65));
#15630=CARTESIAN_POINT('',(1.096201938253,-0.7,0.693412044417));
#15631=CARTESIAN_POINT('Origin',(1.172050016982,-0.7,0.232635182233));
#15632=CARTESIAN_POINT('',(1.172050016982,-0.7,0.232635182233));
#15633=CARTESIAN_POINT('Origin',(1.270530792283,-0.7,0.25));
#15634=CARTESIAN_POINT('',(1.270530792283,-0.7,0.15));
#15635=CARTESIAN_POINT('Origin',(1.4,-0.7,0.15));
#15636=CARTESIAN_POINT('',(1.4,-0.7,0.15));
#15637=CARTESIAN_POINT('Origin',(1.4,-0.7,0.));
#15638=CARTESIAN_POINT('',(1.4,-0.7,0.));
#15639=CARTESIAN_POINT('Origin',(1.270530792283,-0.7,0.));
#15640=CARTESIAN_POINT('',(1.270530792283,-0.7,0.));
#15641=CARTESIAN_POINT('Origin',(1.270530792283,-0.7,0.25));
#15642=CARTESIAN_POINT('',(1.02432885403,-0.7,0.206587955583));
#15643=CARTESIAN_POINT('Origin',(0.948480775301,-0.7,0.667364817767));
#15644=CARTESIAN_POINT('Origin',(-0.333648457443,0.983648457443,1.55));
#15645=CARTESIAN_POINT('',(0.,0.,0.));
#15646=CARTESIAN_POINT('',(0.,0.,0.));
#15647=CARTESIAN_POINT('',(0.,0.,0.));
#15648=CARTESIAN_POINT('',(0.,0.,0.));
#15649=CARTESIAN_POINT('Origin',(-1.6,1.4,0.15));
#15650=CARTESIAN_POINT('',(-1.6,1.4,0.15));
#15651=CARTESIAN_POINT('',(-1.6,1.4,-0.83995));
#15652=CARTESIAN_POINT('',(-1.6,1.4,0.15));
#15653=CARTESIAN_POINT('',(-1.6,-0.586827201635,-0.83995));
#15654=CARTESIAN_POINT('',(-1.6,1.4,-0.83995));
#15655=CARTESIAN_POINT('',(-1.6,-0.586827201635,-0.34));
#15656=CARTESIAN_POINT('',(-1.6,-0.586827201635,-0.84));
#15657=CARTESIAN_POINT('',(-1.6,-1.4,-0.34));
#15658=CARTESIAN_POINT('',(-1.6,-0.586827201635,-0.34));
#15659=CARTESIAN_POINT('',(-1.6,-1.4,0.15));
#15660=CARTESIAN_POINT('',(-1.6,-1.4,0.15));
#15661=CARTESIAN_POINT('',(-1.6,1.4,0.15));
#15662=CARTESIAN_POINT('Origin',(-1.6814E-13,1.4,-0.02455333978938));
#15663=CARTESIAN_POINT('',(-1.555,1.4,0.15));
#15664=CARTESIAN_POINT('',(1.6,1.4,0.15));
#15665=CARTESIAN_POINT('',(1.555,1.4,0.15));
#15666=CARTESIAN_POINT('',(4.655694667823,1.4,0.15));
#15667=CARTESIAN_POINT('',(1.6,1.4,0.15));
#15668=CARTESIAN_POINT('',(1.6,1.4,0.15));
#15669=CARTESIAN_POINT('',(1.6,1.4,-0.83995));
#15670=CARTESIAN_POINT('',(1.6,1.4,-0.84));
#15671=CARTESIAN_POINT('',(-1.6,1.4,-0.83995));
#15672=CARTESIAN_POINT('Origin',(-1.59995,1.4,-0.83995));
#15673=CARTESIAN_POINT('',(-1.59995,1.39995,-0.84));
#15674=CARTESIAN_POINT('Origin',(-1.59995,1.39995,-0.83995));
#15675=CARTESIAN_POINT('',(-1.59995,-0.586877201635,-0.84));
#15676=CARTESIAN_POINT('',(-1.59995,1.4,-0.84));
#15677=CARTESIAN_POINT('Origin',(-1.59995,-0.586877201636,-0.83995));
#15678=CARTESIAN_POINT('Origin',(1.6,1.4,0.15));
#15679=CARTESIAN_POINT('',(-1.555,-1.4,0.15));
#15680=CARTESIAN_POINT('',(1.6,-1.4,0.15));
#15681=CARTESIAN_POINT('',(-1.555,1.4,0.15));
#15682=CARTESIAN_POINT('Origin',(-0.786827201636,-1.4,-0.84));
#15683=CARTESIAN_POINT('',(-0.786827201636,-1.4,-0.83995));
#15684=CARTESIAN_POINT('',(-0.786827201636,-1.4,-0.34));
#15685=CARTESIAN_POINT('',(-0.786827201636,-1.4,-0.84));
#15686=CARTESIAN_POINT('',(-0.786827201636,-1.4,-0.34));
#15687=CARTESIAN_POINT('',(-0.786877201636,-1.39995,-0.84));
#15688=CARTESIAN_POINT('',(-0.786827201636,-1.4,-0.84));
#15689=CARTESIAN_POINT('Origin',(-0.786877201636,-1.39995,-0.83995));
#15690=CARTESIAN_POINT('Origin',(-1.6822E-13,-1.4,-0.02455333978938));
#15691=CARTESIAN_POINT('',(1.6,-1.4,-0.83995));
#15692=CARTESIAN_POINT('',(1.6,-1.4,0.15));
#15693=CARTESIAN_POINT('',(1.6,-1.4,-0.84));
#15694=CARTESIAN_POINT('',(1.555,-1.4,0.15));
#15695=CARTESIAN_POINT('',(1.6,-1.4,0.15));
#15696=CARTESIAN_POINT('',(4.655694667823,-1.4,0.15));
#15697=CARTESIAN_POINT('',(-1.6,-1.4,-0.34));
#15698=CARTESIAN_POINT('',(-0.786827201636,-1.4,-0.83995));
#15699=CARTESIAN_POINT('Origin',(-1.3125,-1.1125,-0.34));
#15700=CARTESIAN_POINT('Origin',(-1.6,1.39995,-0.83995));
#15701=CARTESIAN_POINT('',(1.59995,1.39995,-0.84));
#15702=CARTESIAN_POINT('Origin',(1.59995,1.39995,-0.83995));
#15703=CARTESIAN_POINT('',(-1.6,1.39995,-0.84));
#15704=CARTESIAN_POINT('Origin',(1.6,1.4,-0.84));
#15705=CARTESIAN_POINT('',(1.6,1.4,0.15));
#15706=CARTESIAN_POINT('',(1.6,1.4,-0.83995));
#15707=CARTESIAN_POINT('Origin',(4.655694667823,1.4,0.15));
#15708=CARTESIAN_POINT('',(1.464049765445,1.313472197661,0.640723552549));
#15709=CARTESIAN_POINT('',(1.604984244352,1.447553773077,-0.119690848846));
#15710=CARTESIAN_POINT('',(-1.464049765445,1.313472197661,0.640723552549));
#15711=CARTESIAN_POINT('',(-1.454881506202,1.304749742711,0.690191052756));
#15712=CARTESIAN_POINT('',(-1.365724274689,1.299052803596,0.7225));
#15713=CARTESIAN_POINT('Origin',(-1.365724274689,1.316685501658,0.6225));
#15714=CARTESIAN_POINT('',(-0.794,1.299052803596,0.7225));
#15715=CARTESIAN_POINT('',(1.644985196567,1.299052803596,0.7225));
#15716=CARTESIAN_POINT('',(-0.755580934477,1.273770705299,0.86588190451));
#15717=CARTESIAN_POINT('',(-0.690485079301,1.230933645445,1.108822943391));
#15718=CARTESIAN_POINT('',(-0.658988351848,1.260701685312,0.94));
#15719=CARTESIAN_POINT('Origin',(-0.658988351848,1.278334383374,0.84));
#15720=CARTESIAN_POINT('',(0.658988351848,1.260701685312,0.94));
#15721=CARTESIAN_POINT('',(4.655694667823,1.260701685312,0.94));
#15722=CARTESIAN_POINT('',(0.755580934477,1.273770705299,0.86588190451));
#15723=CARTESIAN_POINT('Origin',(0.658988351848,1.278334383374,0.84));
#15724=CARTESIAN_POINT('',(0.794,1.299052803596,0.7225));
#15725=CARTESIAN_POINT('',(0.993565578779,1.430379177906,-0.0222888794447));
#15726=CARTESIAN_POINT('',(1.365724274689,1.299052803596,0.7225));
#15727=CARTESIAN_POINT('',(3.010709471256,1.299052803596,0.7225));
#15728=CARTESIAN_POINT('Origin',(1.365724274689,1.316685501658,0.6225));
#15729=CARTESIAN_POINT('Origin',(1.6,1.4,0.15));
#15730=CARTESIAN_POINT('',(1.555,1.4,0.15));
#15731=CARTESIAN_POINT('Origin',(-1.6,1.4,-0.84));
#15732=CARTESIAN_POINT('',(1.59995,-1.39995,-0.84));
#15733=CARTESIAN_POINT('',(1.59995,1.4,-0.84));
#15734=CARTESIAN_POINT('',(-0.786827201636,-1.39995,-0.84));
#15735=CARTESIAN_POINT('',(-1.19999999999981,-4.08423841023528E-17,-0.840000000000057));
#15736=CARTESIAN_POINT('Origin',(0.,-1.9E-16,-0.84));
#15737=CARTESIAN_POINT('Origin',(-1.555,1.4,0.15));
#15738=CARTESIAN_POINT('',(-1.464049765445,-1.313472197661,0.640723552549));
#15739=CARTESIAN_POINT('',(-1.411939333921,-1.263895622726,0.9218862808));
#15740=CARTESIAN_POINT('',(-1.464049765445,1.4,0.640723552549));
#15741=CARTESIAN_POINT('Origin',(-0.786827201636,-1.39995,-0.83995));
#15742=CARTESIAN_POINT('Origin',(1.59995,-1.39995,-0.83995));
#15743=CARTESIAN_POINT('Origin',(4.655694667823,-1.4,0.15));
#15744=CARTESIAN_POINT('',(1.464049765445,-1.313472197661,0.640723552549));
#15745=CARTESIAN_POINT('',(1.562042072071,-1.406699653093,0.112004379198));
#15746=CARTESIAN_POINT('',(1.365724274689,-1.299052803596,0.7225));
#15747=CARTESIAN_POINT('Origin',(1.365724274689,-1.316685501658,0.6225));
#15748=CARTESIAN_POINT('',(0.794,-1.299052803596,0.7225));
#15749=CARTESIAN_POINT('',(3.010709471256,-1.299052803596,0.7225));
#15750=CARTESIAN_POINT('',(0.755580934477,-1.273770705299,0.86588190451));
#15751=CARTESIAN_POINT('',(0.933590910041,-1.390912172404,0.201539631451));
#15752=CARTESIAN_POINT('',(0.658988351848,-1.260701685312,0.94));
#15753=CARTESIAN_POINT('Origin',(0.658988351848,-1.278334383374,0.84));
#15754=CARTESIAN_POINT('',(-0.658988351848,-1.260701685312,0.94));
#15755=CARTESIAN_POINT('',(4.655694667823,-1.260701685312,0.94));
#15756=CARTESIAN_POINT('',(-0.755580934477,-1.273770705299,0.86588190451));
#15757=CARTESIAN_POINT('Origin',(-0.658988351848,-1.278334383374,0.84));
#15758=CARTESIAN_POINT('',(-0.794,-1.299052803596,0.7225));
#15759=CARTESIAN_POINT('',(-0.630510410563,-1.191466639943,1.332651454287));
#15760=CARTESIAN_POINT('',(-1.365724274689,-1.299052803596,0.7225));
#15761=CARTESIAN_POINT('',(1.644985196567,-1.299052803596,0.7225));
#15762=CARTESIAN_POINT('Origin',(-1.365724274689,-1.316685501658,0.6225));
#15763=CARTESIAN_POINT('Origin',(1.59995,1.4,-0.83995));
#15764=CARTESIAN_POINT('Origin',(1.555,1.4,0.15));
#15765=CARTESIAN_POINT('',(1.464049765445,1.4,0.640723552549));
#15766=CARTESIAN_POINT('Origin',(1.365724274689,1.4,0.6225));
#15767=CARTESIAN_POINT('',(1.365724274689,1.4,0.7225));
#15768=CARTESIAN_POINT('Origin',(1.365724274689,1.4,0.7225));
#15769=CARTESIAN_POINT('',(0.794,1.4,0.7225));
#15770=CARTESIAN_POINT('Origin',(0.794,1.4,0.7225));
#15771=CARTESIAN_POINT('',(0.755580934477,1.4,0.86588190451));
#15772=CARTESIAN_POINT('Origin',(0.658988351848,1.4,0.84));
#15773=CARTESIAN_POINT('',(0.658988351848,1.4,0.94));
#15774=CARTESIAN_POINT('Origin',(0.,2.4E-16,0.94));
#15775=CARTESIAN_POINT('',(-0.658988351848,1.4,0.94));
#15776=CARTESIAN_POINT('',(-0.475,2.68170722959499E-16,0.94));
#15777=CARTESIAN_POINT('Origin',(0.,2.1E-16,0.94));
#15778=CARTESIAN_POINT('Origin',(-0.658988351848,1.4,0.84));
#15779=CARTESIAN_POINT('',(-0.755580934477,1.4,0.86588190451));
#15780=CARTESIAN_POINT('Origin',(-0.794,1.4,0.7225));
#15781=CARTESIAN_POINT('',(-0.794,1.4,0.7225));
#15782=CARTESIAN_POINT('Origin',(-1.365724274689,1.4,0.7225));
#15783=CARTESIAN_POINT('',(-1.365724274689,1.4,0.7225));
#15784=CARTESIAN_POINT('Origin',(-1.365724274689,1.4,0.6225));
#15785=CARTESIAN_POINT('Origin',(0.,3.E-17,0.15));
#15786=CARTESIAN_POINT('',(-0.9,1.40218211923262E-16,0.15));
#15787=CARTESIAN_POINT('Origin',(0.,3.E-17,0.15));
#15788=CARTESIAN_POINT('',(-0.9,1.40218211923262E-16,0.15));
#15789=CARTESIAN_POINT('Origin',(0.,2.1E-16,0.94));
#15790=CARTESIAN_POINT('',(-0.475,2.35170722959499E-16,0.79));
#15791=CARTESIAN_POINT('',(-0.475,2.68170722959499E-16,0.94));
#15792=CARTESIAN_POINT('Origin',(0.,1.8E-16,0.79));
#15793=CARTESIAN_POINT('Origin',(0.,3.E-17,0.15));
#15794=CARTESIAN_POINT('Origin',(0.,1.8E-16,0.79));
#15795=CARTESIAN_POINT('',(0.,0.,0.));
#15796=CARTESIAN_POINT('Origin',(-2.94,1.09,0.));
#15797=CARTESIAN_POINT('',(-2.94,1.09,0.));
#15798=CARTESIAN_POINT('',(-2.94,1.09,0.15));
#15799=CARTESIAN_POINT('',(-2.94,1.09,0.));
#15800=CARTESIAN_POINT('',(-2.94,0.41,0.));
#15801=CARTESIAN_POINT('',(-2.94,1.09,0.));
#15802=CARTESIAN_POINT('',(-2.94,0.41,0.15));
#15803=CARTESIAN_POINT('',(-2.94,0.41,0.));
#15804=CARTESIAN_POINT('',(-2.94,1.09,0.15));
#15805=CARTESIAN_POINT('Origin',(-2.94,0.41,0.));
#15806=CARTESIAN_POINT('',(-1.6,0.41,0.));
#15807=CARTESIAN_POINT('',(-2.94,0.41,0.));
#15808=CARTESIAN_POINT('',(-1.6,0.41,0.15));
#15809=CARTESIAN_POINT('',(-1.6,0.41,0.));
#15810=CARTESIAN_POINT('',(-2.94,0.41,0.15));
#15811=CARTESIAN_POINT('Origin',(-1.6,0.41,0.));
#15812=CARTESIAN_POINT('',(-1.6,1.09,0.));
#15813=CARTESIAN_POINT('',(-1.6,0.41,0.));
#15814=CARTESIAN_POINT('',(-1.6,1.09,0.15));
#15815=CARTESIAN_POINT('',(-1.6,1.09,0.));
#15816=CARTESIAN_POINT('',(-1.6,0.41,0.15));
#15817=CARTESIAN_POINT('Origin',(-1.6,1.09,0.));
#15818=CARTESIAN_POINT('',(-1.6,1.09,0.));
#15819=CARTESIAN_POINT('',(-1.6,1.09,0.15));
#15820=CARTESIAN_POINT('Origin',(-2.27,0.75,0.));
#15821=CARTESIAN_POINT('Origin',(-2.27,0.75,0.15));
#15822=CARTESIAN_POINT('',(0.,0.,0.));
#15823=CARTESIAN_POINT('Origin',(-2.94186252285,-0.751760725813,0.));
#15824=CARTESIAN_POINT('',(-2.94186252285,-0.751760725813,0.));
#15825=CARTESIAN_POINT('',(-2.94186252285,-0.751760725813,0.15));
#15826=CARTESIAN_POINT('',(-2.94186252285,-0.751760725813,0.));
#15827=CARTESIAN_POINT('',(-2.94186252285,-0.41,0.15));
#15828=CARTESIAN_POINT('',(-2.94186252285,-0.751760725813,0.15));
#15829=CARTESIAN_POINT('',(-2.94186252285,-0.41,0.));
#15830=CARTESIAN_POINT('',(-2.94186252285,-0.41,0.));
#15831=CARTESIAN_POINT('',(-2.94186252285,-0.751760725813,0.));
#15832=CARTESIAN_POINT('Origin',(-2.94186252285,-0.41,0.));
#15833=CARTESIAN_POINT('',(-1.6,-0.41,0.15));
#15834=CARTESIAN_POINT('',(-2.94186252285,-0.41,0.15));
#15835=CARTESIAN_POINT('',(-1.6,-0.41,0.));
#15836=CARTESIAN_POINT('',(-1.6,-0.41,0.));
#15837=CARTESIAN_POINT('',(-2.94186252285,-0.41,0.));
#15838=CARTESIAN_POINT('Origin',(-1.6,-0.41,0.));
#15839=CARTESIAN_POINT('',(-1.6,-1.093521451625,0.15));
#15840=CARTESIAN_POINT('',(-1.6,-0.41,0.15));
#15841=CARTESIAN_POINT('',(-1.6,-1.093521451625,0.));
#15842=CARTESIAN_POINT('',(-1.6,-1.093521451625,0.));
#15843=CARTESIAN_POINT('',(-1.6,-0.41,0.));
#15844=CARTESIAN_POINT('Origin',(-1.6,-1.093521451625,0.));
#15845=CARTESIAN_POINT('',(-2.600101797037,-1.093521451625,0.15));
#15846=CARTESIAN_POINT('',(-1.6,-1.093521451625,0.15));
#15847=CARTESIAN_POINT('',(-2.600101797037,-1.093521451625,0.));
#15848=CARTESIAN_POINT('',(-2.600101797037,-1.093521451625,0.));
#15849=CARTESIAN_POINT('',(-1.6,-1.093521451625,0.));
#15850=CARTESIAN_POINT('Origin',(-2.94186252285,-0.751760725813,0.));
#15851=CARTESIAN_POINT('',(-2.94186252285,-0.751760725813,0.));
#15852=CARTESIAN_POINT('',(-2.94186252285,-0.751760725813,0.15));
#15853=CARTESIAN_POINT('Origin',(-2.229765974031,-0.727709673488,0.));
#15854=CARTESIAN_POINT('Origin',(-2.229765974031,-0.727709673488,0.15));
#15855=CARTESIAN_POINT('',(0.,0.,0.));
#15856=CARTESIAN_POINT('Origin',(2.94,1.09,0.));
#15857=CARTESIAN_POINT('',(2.94,1.09,0.));
#15858=CARTESIAN_POINT('',(2.94,1.09,0.15));
#15859=CARTESIAN_POINT('',(2.94,1.09,0.));
#15860=CARTESIAN_POINT('',(2.94,0.41,0.15));
#15861=CARTESIAN_POINT('',(2.94,1.09,0.15));
#15862=CARTESIAN_POINT('',(2.94,0.41,0.));
#15863=CARTESIAN_POINT('',(2.94,0.41,0.));
#15864=CARTESIAN_POINT('',(2.94,1.09,0.));
#15865=CARTESIAN_POINT('Origin',(2.94,0.41,0.));
#15866=CARTESIAN_POINT('',(1.6,0.41,0.15));
#15867=CARTESIAN_POINT('',(2.94,0.41,0.15));
#15868=CARTESIAN_POINT('',(1.6,0.41,0.));
#15869=CARTESIAN_POINT('',(1.6,0.41,0.));
#15870=CARTESIAN_POINT('',(2.94,0.41,0.));
#15871=CARTESIAN_POINT('Origin',(1.6,0.41,0.));
#15872=CARTESIAN_POINT('',(1.6,1.09,0.15));
#15873=CARTESIAN_POINT('',(1.6,0.41,0.15));
#15874=CARTESIAN_POINT('',(1.6,1.09,0.));
#15875=CARTESIAN_POINT('',(1.6,1.09,0.));
#15876=CARTESIAN_POINT('',(1.6,0.41,0.));
#15877=CARTESIAN_POINT('Origin',(1.6,1.09,0.));
#15878=CARTESIAN_POINT('',(1.6,1.09,0.15));
#15879=CARTESIAN_POINT('',(1.6,1.09,0.));
#15880=CARTESIAN_POINT('Origin',(2.27,0.75,0.));
#15881=CARTESIAN_POINT('Origin',(2.27,0.75,0.15));
#15882=CARTESIAN_POINT('',(0.,0.,0.));
#15883=CARTESIAN_POINT('Origin',(2.94,-1.09,0.));
#15884=CARTESIAN_POINT('',(2.94,-1.09,0.));
#15885=CARTESIAN_POINT('',(2.94,-1.09,0.15));
#15886=CARTESIAN_POINT('',(2.94,-1.09,0.));
#15887=CARTESIAN_POINT('',(2.94,-0.41,0.));
#15888=CARTESIAN_POINT('',(2.94,-1.09,0.));
#15889=CARTESIAN_POINT('',(2.94,-0.41,0.15));
#15890=CARTESIAN_POINT('',(2.94,-0.41,0.));
#15891=CARTESIAN_POINT('',(2.94,-1.09,0.15));
#15892=CARTESIAN_POINT('Origin',(2.94,-0.41,0.));
#15893=CARTESIAN_POINT('',(1.6,-0.41,0.));
#15894=CARTESIAN_POINT('',(2.94,-0.41,0.));
#15895=CARTESIAN_POINT('',(1.6,-0.41,0.15));
#15896=CARTESIAN_POINT('',(1.6,-0.41,0.));
#15897=CARTESIAN_POINT('',(2.94,-0.41,0.15));
#15898=CARTESIAN_POINT('Origin',(1.6,-0.41,0.));
#15899=CARTESIAN_POINT('',(1.6,-1.09,0.));
#15900=CARTESIAN_POINT('',(1.6,-0.41,0.));
#15901=CARTESIAN_POINT('',(1.6,-1.09,0.15));
#15902=CARTESIAN_POINT('',(1.6,-1.09,0.));
#15903=CARTESIAN_POINT('',(1.6,-0.41,0.15));
#15904=CARTESIAN_POINT('Origin',(1.6,-1.09,0.));
#15905=CARTESIAN_POINT('',(1.6,-1.09,0.));
#15906=CARTESIAN_POINT('',(1.6,-1.09,0.15));
#15907=CARTESIAN_POINT('Origin',(2.27,-0.75,0.));
#15908=CARTESIAN_POINT('Origin',(2.27,-0.75,0.15));
#15909=CARTESIAN_POINT('',(0.,0.,0.));
#15910=CARTESIAN_POINT('',(0.,0.,0.));
#15911=CARTESIAN_POINT('',(0.,0.,0.));
#15912=CARTESIAN_POINT('',(0.,0.,0.));
#15913=CARTESIAN_POINT('',(0.,0.,0.));
#15914=CARTESIAN_POINT('',(0.,0.,0.));
#15915=CARTESIAN_POINT('',(0.,0.,0.));
#15916=CARTESIAN_POINT('Origin',(116.,-80.,0.));
#15917=CARTESIAN_POINT('',(116.,-80.,0.));
#15918=CARTESIAN_POINT('',(116.,-80.,1.51));
#15919=CARTESIAN_POINT('',(116.,-80.,0.));
#15920=CARTESIAN_POINT('',(116.,-81.,1.51));
#15921=CARTESIAN_POINT('',(116.,-80.,1.51));
#15922=CARTESIAN_POINT('',(116.,-81.,0.));
#15923=CARTESIAN_POINT('',(116.,-81.,0.));
#15924=CARTESIAN_POINT('',(116.,-80.,0.));
#15925=CARTESIAN_POINT('Origin',(115.,-79.,0.));
#15926=CARTESIAN_POINT('',(115.,-79.,0.));
#15927=CARTESIAN_POINT('',(115.,-79.,1.51));
#15928=CARTESIAN_POINT('',(115.,-79.,0.));
#15929=CARTESIAN_POINT('',(115.,-79.,1.51));
#15930=CARTESIAN_POINT('',(115.,-79.,0.));
#15931=CARTESIAN_POINT('Origin',(116.,-84.,0.));
#15932=CARTESIAN_POINT('',(116.,-87.,1.51));
#15933=CARTESIAN_POINT('Origin',(116.,-84.,1.51));
#15934=CARTESIAN_POINT('',(116.,-87.,0.));
#15935=CARTESIAN_POINT('',(116.,-87.,0.));
#15936=CARTESIAN_POINT('Origin',(116.,-84.,0.));
#15937=CARTESIAN_POINT('Origin',(0.,0.,0.));
#15938=CARTESIAN_POINT('',(116.,-92.,0.));
#15939=CARTESIAN_POINT('',(116.,-87.,0.));
#15940=CARTESIAN_POINT('',(115.,-93.,0.));
#15941=CARTESIAN_POINT('',(116.,-92.,0.));
#15942=CARTESIAN_POINT('',(115.,-95.,0.));
#15943=CARTESIAN_POINT('',(115.,-93.,0.));
#15944=CARTESIAN_POINT('',(116.,-96.,0.));
#15945=CARTESIAN_POINT('',(115.,-95.,0.));
#15946=CARTESIAN_POINT('',(116.,-99.,0.));
#15947=CARTESIAN_POINT('',(116.,-96.,0.));
#15948=CARTESIAN_POINT('',(115.,-100.,0.));
#15949=CARTESIAN_POINT('',(116.,-99.,0.));
#15950=CARTESIAN_POINT('',(101.,-100.,0.));
#15951=CARTESIAN_POINT('',(115.,-100.,0.));
#15952=CARTESIAN_POINT('',(100.,-99.,0.));
#15953=CARTESIAN_POINT('',(101.,-100.,0.));
#15954=CARTESIAN_POINT('',(100.,-96.,0.));
#15955=CARTESIAN_POINT('',(100.,-99.,0.));
#15956=CARTESIAN_POINT('',(101.,-95.,0.));
#15957=CARTESIAN_POINT('',(100.,-96.,0.));
#15958=CARTESIAN_POINT('',(101.,-93.,0.));
#15959=CARTESIAN_POINT('',(101.,-95.,0.));
#15960=CARTESIAN_POINT('',(100.,-92.,0.));
#15961=CARTESIAN_POINT('',(101.,-93.,0.));
#15962=CARTESIAN_POINT('',(100.,-87.,0.));
#15963=CARTESIAN_POINT('',(100.,-92.,0.));
#15964=CARTESIAN_POINT('',(100.,-81.,0.));
#15965=CARTESIAN_POINT('Origin',(100.,-84.,0.));
#15966=CARTESIAN_POINT('',(100.,-80.,0.));
#15967=CARTESIAN_POINT('',(100.,-81.,0.));
#15968=CARTESIAN_POINT('',(101.,-79.,0.));
#15969=CARTESIAN_POINT('',(100.,-80.,0.));
#15970=CARTESIAN_POINT('',(101.,-79.,0.));
#15971=CARTESIAN_POINT('',(109.703934,-96.493345,0.));
#15972=CARTESIAN_POINT('',(109.016655,-95.806066,0.));
#15973=CARTESIAN_POINT('Origin',(109.27715788946,-96.23284211054,0.));
#15974=CARTESIAN_POINT('',(108.860353,-95.85,0.));
#15975=CARTESIAN_POINT('Origin',(108.86036269949,-95.55003323781,0.));
#15976=CARTESIAN_POINT('',(107.96,-95.85,0.));
#15977=CARTESIAN_POINT('',(108.860353,-95.85,0.));
#15978=CARTESIAN_POINT('',(107.059647,-95.85,0.));
#15979=CARTESIAN_POINT('',(107.96,-95.85,0.));
#15980=CARTESIAN_POINT('',(106.903345,-95.806066,0.));
#15981=CARTESIAN_POINT('Origin',(107.05964428203,-95.55000839993,0.));
#15982=CARTESIAN_POINT('',(106.216066,-96.493345,0.));
#15983=CARTESIAN_POINT('Origin',(106.64284211054,-96.23284211054,0.));
#15984=CARTESIAN_POINT('',(106.26,-96.649647,0.));
#15985=CARTESIAN_POINT('Origin',(105.96000839993,-96.64964428203,0.));
#15986=CARTESIAN_POINT('',(106.26,-97.35,0.));
#15987=CARTESIAN_POINT('',(106.26,-96.649647,0.));
#15988=CARTESIAN_POINT('',(106.26,-98.050353,0.));
#15989=CARTESIAN_POINT('',(106.26,-97.35,0.));
#15990=CARTESIAN_POINT('',(106.216066,-98.206655,0.));
#15991=CARTESIAN_POINT('Origin',(105.96000839993,-98.05035571796,0.));
#15992=CARTESIAN_POINT('',(106.903345,-98.893934,0.));
#15993=CARTESIAN_POINT('Origin',(106.64284211054,-98.46715788946,0.));
#15994=CARTESIAN_POINT('',(107.059647,-98.85,0.));
#15995=CARTESIAN_POINT('Origin',(107.05964428203,-99.14999160006,0.));
#15996=CARTESIAN_POINT('',(107.96,-98.85,0.));
#15997=CARTESIAN_POINT('',(107.059647,-98.85,0.));
#15998=CARTESIAN_POINT('',(108.860353,-98.85,0.));
#15999=CARTESIAN_POINT('',(107.96,-98.85,0.));
#16000=CARTESIAN_POINT('',(109.016655,-98.893934,0.));
#16001=CARTESIAN_POINT('Origin',(108.8603467723,-99.15002342561,0.));
#16002=CARTESIAN_POINT('',(109.703934,-98.206655,0.));
#16003=CARTESIAN_POINT('Origin',(109.27716050432,-98.46716050432,0.));
#16004=CARTESIAN_POINT('',(109.66,-98.050353,0.));
#16005=CARTESIAN_POINT('Origin',(109.95996676218,-98.05036269949,0.));
#16006=CARTESIAN_POINT('',(109.66,-97.35,0.));
#16007=CARTESIAN_POINT('',(109.66,-98.050353,0.));
#16008=CARTESIAN_POINT('',(109.66,-96.649647,0.));
#16009=CARTESIAN_POINT('',(109.66,-97.35,0.));
#16010=CARTESIAN_POINT('Origin',(109.95968377174,-96.6495577564,0.));
#16011=CARTESIAN_POINT('',(102.35,-89.06,0.));
#16012=CARTESIAN_POINT('Origin',(102.35,-89.56,0.));
#16013=CARTESIAN_POINT('',(113.7,-89.06,0.));
#16014=CARTESIAN_POINT('Origin',(113.7,-89.56,0.));
#16015=CARTESIAN_POINT('Origin',(0.,0.,1.51));
#16016=CARTESIAN_POINT('',(101.,-79.,1.51));
#16017=CARTESIAN_POINT('',(101.,-79.,1.51));
#16018=CARTESIAN_POINT('',(100.,-80.,1.51));
#16019=CARTESIAN_POINT('',(100.,-80.,1.51));
#16020=CARTESIAN_POINT('',(100.,-81.,1.51));
#16021=CARTESIAN_POINT('',(100.,-81.,1.51));
#16022=CARTESIAN_POINT('',(100.,-87.,1.51));
#16023=CARTESIAN_POINT('Origin',(100.,-84.,1.51));
#16024=CARTESIAN_POINT('',(100.,-92.,1.51));
#16025=CARTESIAN_POINT('',(100.,-92.,1.51));
#16026=CARTESIAN_POINT('',(101.,-93.,1.51));
#16027=CARTESIAN_POINT('',(101.,-93.,1.51));
#16028=CARTESIAN_POINT('',(101.,-95.,1.51));
#16029=CARTESIAN_POINT('',(101.,-95.,1.51));
#16030=CARTESIAN_POINT('',(100.,-96.,1.51));
#16031=CARTESIAN_POINT('',(100.,-96.,1.51));
#16032=CARTESIAN_POINT('',(100.,-99.,1.51));
#16033=CARTESIAN_POINT('',(100.,-99.,1.51));
#16034=CARTESIAN_POINT('',(101.,-100.,1.51));
#16035=CARTESIAN_POINT('',(101.,-100.,1.51));
#16036=CARTESIAN_POINT('',(115.,-100.,1.51));
#16037=CARTESIAN_POINT('',(115.,-100.,1.51));
#16038=CARTESIAN_POINT('',(116.,-99.,1.51));
#16039=CARTESIAN_POINT('',(116.,-99.,1.51));
#16040=CARTESIAN_POINT('',(116.,-96.,1.51));
#16041=CARTESIAN_POINT('',(116.,-96.,1.51));
#16042=CARTESIAN_POINT('',(115.,-95.,1.51));
#16043=CARTESIAN_POINT('',(115.,-95.,1.51));
#16044=CARTESIAN_POINT('',(115.,-93.,1.51));
#16045=CARTESIAN_POINT('',(115.,-93.,1.51));
#16046=CARTESIAN_POINT('',(116.,-92.,1.51));
#16047=CARTESIAN_POINT('',(116.,-92.,1.51));
#16048=CARTESIAN_POINT('',(116.,-87.,1.51));
#16049=CARTESIAN_POINT('',(109.703934,-96.493345,1.51));
#16050=CARTESIAN_POINT('',(109.016655,-95.806066,1.51));
#16051=CARTESIAN_POINT('Origin',(109.27715788946,-96.23284211054,1.51));
#16052=CARTESIAN_POINT('',(109.66,-96.649647,1.51));
#16053=CARTESIAN_POINT('Origin',(109.95968377174,-96.6495577564,1.51));
#16054=CARTESIAN_POINT('',(109.66,-97.35,1.51));
#16055=CARTESIAN_POINT('',(109.66,-97.35,1.51));
#16056=CARTESIAN_POINT('',(109.66,-98.050353,1.51));
#16057=CARTESIAN_POINT('',(109.66,-98.050353,1.51));
#16058=CARTESIAN_POINT('',(109.703934,-98.206655,1.51));
#16059=CARTESIAN_POINT('Origin',(109.95996676218,-98.05036269949,1.51));
#16060=CARTESIAN_POINT('',(109.016655,-98.893934,1.51));
#16061=CARTESIAN_POINT('Origin',(109.27716050432,-98.46716050432,1.51));
#16062=CARTESIAN_POINT('',(108.860353,-98.85,1.51));
#16063=CARTESIAN_POINT('Origin',(108.8603467723,-99.15002342561,1.51));
#16064=CARTESIAN_POINT('',(107.96,-98.85,1.51));
#16065=CARTESIAN_POINT('',(107.96,-98.85,1.51));
#16066=CARTESIAN_POINT('',(107.059647,-98.85,1.51));
#16067=CARTESIAN_POINT('',(107.059647,-98.85,1.51));
#16068=CARTESIAN_POINT('',(106.903345,-98.893934,1.51));
#16069=CARTESIAN_POINT('Origin',(107.05964428203,-99.14999160006,1.51));
#16070=CARTESIAN_POINT('',(106.216066,-98.206655,1.51));
#16071=CARTESIAN_POINT('Origin',(106.64284211054,-98.46715788946,1.51));
#16072=CARTESIAN_POINT('',(106.26,-98.050353,1.51));
#16073=CARTESIAN_POINT('Origin',(105.96000839993,-98.05035571796,1.51));
#16074=CARTESIAN_POINT('',(106.26,-97.35,1.51));
#16075=CARTESIAN_POINT('',(106.26,-97.35,1.51));
#16076=CARTESIAN_POINT('',(106.26,-96.649647,1.51));
#16077=CARTESIAN_POINT('',(106.26,-96.649647,1.51));
#16078=CARTESIAN_POINT('',(106.216066,-96.493345,1.51));
#16079=CARTESIAN_POINT('Origin',(105.96000839993,-96.64964428203,1.51));
#16080=CARTESIAN_POINT('',(106.903345,-95.806066,1.51));
#16081=CARTESIAN_POINT('Origin',(106.64284211054,-96.23284211054,1.51));
#16082=CARTESIAN_POINT('',(107.059647,-95.85,1.51));
#16083=CARTESIAN_POINT('Origin',(107.05964428203,-95.55000839993,1.51));
#16084=CARTESIAN_POINT('',(107.96,-95.85,1.51));
#16085=CARTESIAN_POINT('',(107.96,-95.85,1.51));
#16086=CARTESIAN_POINT('',(108.860353,-95.85,1.51));
#16087=CARTESIAN_POINT('',(108.860353,-95.85,1.51));
#16088=CARTESIAN_POINT('Origin',(108.86036269949,-95.55003323781,1.51));
#16089=CARTESIAN_POINT('',(102.35,-89.06,1.51));
#16090=CARTESIAN_POINT('Origin',(102.35,-89.56,1.51));
#16091=CARTESIAN_POINT('',(113.7,-89.06,1.51));
#16092=CARTESIAN_POINT('Origin',(113.7,-89.56,1.51));
#16093=CARTESIAN_POINT('Origin',(101.,-79.,0.));
#16094=CARTESIAN_POINT('',(101.,-79.,0.));
#16095=CARTESIAN_POINT('Origin',(116.,-87.,0.));
#16096=CARTESIAN_POINT('',(116.,-92.,0.));
#16097=CARTESIAN_POINT('Origin',(100.,-80.,0.));
#16098=CARTESIAN_POINT('',(100.,-80.,0.));
#16099=CARTESIAN_POINT('Origin',(116.,-92.,0.));
#16100=CARTESIAN_POINT('',(115.,-93.,0.));
#16101=CARTESIAN_POINT('Origin',(100.,-81.,0.));
#16102=CARTESIAN_POINT('',(100.,-81.,0.));
#16103=CARTESIAN_POINT('Origin',(115.,-93.,0.));
#16104=CARTESIAN_POINT('',(115.,-95.,0.));
#16105=CARTESIAN_POINT('Origin',(100.,-84.,0.));
#16106=CARTESIAN_POINT('',(100.,-87.,0.));
#16107=CARTESIAN_POINT('Origin',(115.,-95.,0.));
#16108=CARTESIAN_POINT('',(116.,-96.,0.));
#16109=CARTESIAN_POINT('Origin',(100.,-92.,0.));
#16110=CARTESIAN_POINT('',(100.,-92.,0.));
#16111=CARTESIAN_POINT('Origin',(116.,-96.,0.));
#16112=CARTESIAN_POINT('',(116.,-99.,0.));
#16113=CARTESIAN_POINT('Origin',(101.,-93.,0.));
#16114=CARTESIAN_POINT('',(101.,-93.,0.));
#16115=CARTESIAN_POINT('Origin',(116.,-99.,0.));
#16116=CARTESIAN_POINT('',(115.,-100.,0.));
#16117=CARTESIAN_POINT('Origin',(101.,-95.,0.));
#16118=CARTESIAN_POINT('',(101.,-95.,0.));
#16119=CARTESIAN_POINT('Origin',(115.,-100.,0.));
#16120=CARTESIAN_POINT('',(101.,-100.,0.));
#16121=CARTESIAN_POINT('Origin',(100.,-96.,0.));
#16122=CARTESIAN_POINT('',(100.,-96.,0.));
#16123=CARTESIAN_POINT('Origin',(101.,-100.,0.));
#16124=CARTESIAN_POINT('',(100.,-99.,0.));
#16125=CARTESIAN_POINT('Origin',(100.,-99.,0.));
#16126=CARTESIAN_POINT('Origin',(109.27715788946,-96.23284211054,0.));
#16127=CARTESIAN_POINT('',(109.703934,-96.493345,0.));
#16128=CARTESIAN_POINT('',(109.016655,-95.806066,0.));
#16129=CARTESIAN_POINT('Origin',(109.95968377174,-96.6495577564,0.));
#16130=CARTESIAN_POINT('',(109.66,-96.649647,0.));
#16131=CARTESIAN_POINT('Origin',(108.86036269949,-95.55003323781,0.));
#16132=CARTESIAN_POINT('',(108.860353,-95.85,0.));
#16133=CARTESIAN_POINT('Origin',(109.66,-97.35,0.));
#16134=CARTESIAN_POINT('',(109.66,-97.35,0.));
#16135=CARTESIAN_POINT('Origin',(108.860353,-95.85,0.));
#16136=CARTESIAN_POINT('',(107.96,-95.85,0.));
#16137=CARTESIAN_POINT('Origin',(109.66,-98.050353,0.));
#16138=CARTESIAN_POINT('',(109.66,-98.050353,0.));
#16139=CARTESIAN_POINT('Origin',(107.96,-95.85,0.));
#16140=CARTESIAN_POINT('',(107.059647,-95.85,0.));
#16141=CARTESIAN_POINT('Origin',(109.95996676218,-98.05036269949,0.));
#16142=CARTESIAN_POINT('',(109.703934,-98.206655,0.));
#16143=CARTESIAN_POINT('Origin',(107.05964428203,-95.55000839993,0.));
#16144=CARTESIAN_POINT('',(106.903345,-95.806066,0.));
#16145=CARTESIAN_POINT('Origin',(109.27716050432,-98.46716050432,0.));
#16146=CARTESIAN_POINT('',(109.016655,-98.893934,0.));
#16147=CARTESIAN_POINT('Origin',(106.64284211054,-96.23284211054,0.));
#16148=CARTESIAN_POINT('',(106.216066,-96.493345,0.));
#16149=CARTESIAN_POINT('Origin',(108.8603467723,-99.15002342561,0.));
#16150=CARTESIAN_POINT('',(108.860353,-98.85,0.));
#16151=CARTESIAN_POINT('Origin',(105.96000839993,-96.64964428203,0.));
#16152=CARTESIAN_POINT('',(106.26,-96.649647,0.));
#16153=CARTESIAN_POINT('Origin',(107.96,-98.85,0.));
#16154=CARTESIAN_POINT('',(107.96,-98.85,0.));
#16155=CARTESIAN_POINT('Origin',(106.26,-96.649647,0.));
#16156=CARTESIAN_POINT('',(106.26,-97.35,0.));
#16157=CARTESIAN_POINT('Origin',(107.059647,-98.85,0.));
#16158=CARTESIAN_POINT('',(107.059647,-98.85,0.));
#16159=CARTESIAN_POINT('Origin',(106.26,-97.35,0.));
#16160=CARTESIAN_POINT('',(106.26,-98.050353,0.));
#16161=CARTESIAN_POINT('Origin',(107.05964428203,-99.14999160006,0.));
#16162=CARTESIAN_POINT('',(106.903345,-98.893934,0.));
#16163=CARTESIAN_POINT('Origin',(105.96000839993,-98.05035571796,0.));
#16164=CARTESIAN_POINT('',(106.216066,-98.206655,0.));
#16165=CARTESIAN_POINT('Origin',(106.64284211054,-98.46715788946,0.));
#16166=CARTESIAN_POINT('Origin',(102.35,-89.56,-0.046));
#16167=CARTESIAN_POINT('',(102.35,-89.06,-0.046));
#16168=CARTESIAN_POINT('Origin',(113.7,-89.56,-0.046));
#16169=CARTESIAN_POINT('',(113.7,-89.06,-0.046));
#16170=CARTESIAN_POINT('',(0.,0.,0.));
#16171=CARTESIAN_POINT('',(0.,0.,0.));
#16172=CARTESIAN_POINT('Origin',(-1.72,-0.3,1.17));
#16173=CARTESIAN_POINT('',(-1.72,-0.45,1.17));
#16174=CARTESIAN_POINT('',(-1.72,-0.45,1.37));
#16175=CARTESIAN_POINT('',(-1.72,-0.45,1.17));
#16176=CARTESIAN_POINT('',(-1.72,-0.3,1.17));
#16177=CARTESIAN_POINT('',(-1.72,-0.45,1.17));
#16178=CARTESIAN_POINT('',(-1.72,-0.3,1.37));
#16179=CARTESIAN_POINT('',(-1.72,-0.3,1.17));
#16180=CARTESIAN_POINT('',(-1.72,0.45,1.37));
#16181=CARTESIAN_POINT('Origin',(-1.72,2.434098417139E-16,1.27));
#16182=CARTESIAN_POINT('',(-1.72,-1.27,2.116666666667));
#16183=CARTESIAN_POINT('',(-1.72,1.27,2.116666666667));
#16184=CARTESIAN_POINT('',(-1.72,-1.27,2.116666666667));
#16185=CARTESIAN_POINT('',(-1.72,-1.27,0.423333333333));
#16186=CARTESIAN_POINT('',(-1.72,-1.27,0.423333333333));
#16187=CARTESIAN_POINT('',(-1.72,1.27,0.423333333333));
#16188=CARTESIAN_POINT('',(-1.72,1.27,0.423333333333));
#16189=CARTESIAN_POINT('',(-1.72,1.27,2.116666666667));
#16190=CARTESIAN_POINT('',(-1.72,0.3,1.37));
#16191=CARTESIAN_POINT('',(-1.72,2.427651227502E-16,1.37));
#16192=CARTESIAN_POINT('',(-1.72,0.45,1.37));
#16193=CARTESIAN_POINT('',(-1.72,0.45,1.37));
#16194=CARTESIAN_POINT('',(-1.72,0.45,1.17));
#16195=CARTESIAN_POINT('',(-1.72,0.45,1.17));
#16196=CARTESIAN_POINT('',(-1.72,0.3,1.17));
#16197=CARTESIAN_POINT('',(-1.72,-0.45,1.17));
#16198=CARTESIAN_POINT('',(-1.72,2.427651227502E-16,1.17));
#16199=CARTESIAN_POINT('Origin',(-1.72,-0.3,1.17));
#16200=CARTESIAN_POINT('',(-0.2,-0.3,1.17));
#16201=CARTESIAN_POINT('',(-1.72,-0.3,1.17));
#16202=CARTESIAN_POINT('',(-0.1,-0.3,1.07));
#16203=CARTESIAN_POINT('Origin',(-0.2,-0.3,1.07));
#16204=CARTESIAN_POINT('',(-0.1,-0.3,-2.7));
#16205=CARTESIAN_POINT('',(-0.1,-0.3,-2.7));
#16206=CARTESIAN_POINT('',(0.1,-0.3,-2.7));
#16207=CARTESIAN_POINT('',(-0.1,-0.3,-2.7));
#16208=CARTESIAN_POINT('',(0.1,-0.3,1.07));
#16209=CARTESIAN_POINT('',(0.1,-0.3,-2.7));
#16210=CARTESIAN_POINT('',(-0.2,-0.3,1.37));
#16211=CARTESIAN_POINT('Origin',(-0.2,-0.3,1.07));
#16212=CARTESIAN_POINT('',(-1.72,-0.3,1.37));
#16213=CARTESIAN_POINT('Origin',(-1.52,-1.27,2.116666666667));
#16214=CARTESIAN_POINT('',(-1.52,-1.27,2.116666666667));
#16215=CARTESIAN_POINT('',(-1.52,-1.27,2.116666666667));
#16216=CARTESIAN_POINT('',(-1.52,1.27,2.116666666667));
#16217=CARTESIAN_POINT('',(-1.52,1.27,2.116666666667));
#16218=CARTESIAN_POINT('',(-1.52,-1.27,2.116666666667));
#16219=CARTESIAN_POINT('Origin',(-1.52,-1.27,0.));
#16220=CARTESIAN_POINT('',(-1.52,-1.27,0.));
#16221=CARTESIAN_POINT('',(-1.52,-1.27,0.423333333333));
#16222=CARTESIAN_POINT('',(-1.52,-1.27,0.));
#16223=CARTESIAN_POINT('',(-1.52,-1.27,0.423333333333));
#16224=CARTESIAN_POINT('',(-1.52,-1.27,2.54));
#16225=CARTESIAN_POINT('',(-1.52,-1.27,0.));
#16226=CARTESIAN_POINT('',(-10.03,-1.27,2.54));
#16227=CARTESIAN_POINT('',(-1.52,-1.27,2.54));
#16228=CARTESIAN_POINT('',(-10.03,-1.27,8.881784197001E-16));
#16229=CARTESIAN_POINT('',(-10.03,-1.27,8.881784197001E-16));
#16230=CARTESIAN_POINT('',(-1.52,-1.27,0.));
#16231=CARTESIAN_POINT('Origin',(-1.52,1.27,2.54));
#16232=CARTESIAN_POINT('',(-1.52,1.27,2.54));
#16233=CARTESIAN_POINT('',(-1.52,1.27,2.54));
#16234=CARTESIAN_POINT('',(-1.52,1.27,0.423333333333));
#16235=CARTESIAN_POINT('',(-1.52,1.27,0.423333333333));
#16236=CARTESIAN_POINT('',(-1.52,1.27,0.));
#16237=CARTESIAN_POINT('',(-1.52,1.27,2.54));
#16238=CARTESIAN_POINT('',(-10.03,1.27,8.881784197001E-16));
#16239=CARTESIAN_POINT('',(-1.52,1.27,0.));
#16240=CARTESIAN_POINT('',(-10.03,1.27,2.54));
#16241=CARTESIAN_POINT('',(-10.03,1.27,2.54));
#16242=CARTESIAN_POINT('',(-1.52,1.27,2.54));
#16243=CARTESIAN_POINT('Origin',(-1.52,1.27,0.423333333333));
#16244=CARTESIAN_POINT('',(-1.52,1.27,0.423333333333));
#16245=CARTESIAN_POINT('Origin',(-5.436503861258,6.547352195741E-16,1.37));
#16246=CARTESIAN_POINT('',(-0.2,0.3,1.37));
#16247=CARTESIAN_POINT('',(-0.2,-0.3,1.37));
#16248=CARTESIAN_POINT('',(-0.2,0.3,1.37));
#16249=CARTESIAN_POINT('Origin',(-1.72,-0.3,1.17));
#16250=CARTESIAN_POINT('',(-1.72,0.3,1.17));
#16251=CARTESIAN_POINT('Origin',(-5.436503861258,6.547352195741E-16,1.17));
#16252=CARTESIAN_POINT('',(-0.2,0.3,1.17));
#16253=CARTESIAN_POINT('',(-0.2,0.3,1.17));
#16254=CARTESIAN_POINT('',(-0.2,-0.3,1.17));
#16255=CARTESIAN_POINT('Origin',(-0.2,-0.3,1.07));
#16256=CARTESIAN_POINT('',(0.1,0.3,1.07));
#16257=CARTESIAN_POINT('',(0.1,-0.3,1.07));
#16258=CARTESIAN_POINT('Origin',(-0.2,0.3,1.07));
#16259=CARTESIAN_POINT('Origin',(0.1,4.672983510835E-18,-1.054455626264));
#16260=CARTESIAN_POINT('',(0.1,0.3,-2.7));
#16261=CARTESIAN_POINT('',(0.1,0.3,1.07));
#16262=CARTESIAN_POINT('',(0.1,-0.15,-3.3));
#16263=CARTESIAN_POINT('',(0.1,-0.15,-3.3));
#16264=CARTESIAN_POINT('',(0.1,0.15,-3.3));
#16265=CARTESIAN_POINT('',(0.1,0.15,-3.3));
#16266=CARTESIAN_POINT('',(0.1,0.3,-2.7));
#16267=CARTESIAN_POINT('Origin',(-0.1,-0.15,-3.3));
#16268=CARTESIAN_POINT('',(-0.1,-0.15,-3.3));
#16269=CARTESIAN_POINT('',(-0.1,-0.15,-3.3));
#16270=CARTESIAN_POINT('',(-0.1,-0.15,-3.3));
#16271=CARTESIAN_POINT('Origin',(-0.1,2.687744400334E-17,-1.054455626264));
#16272=CARTESIAN_POINT('',(-0.1,0.3,1.07));
#16273=CARTESIAN_POINT('',(-0.1,0.3,1.07));
#16274=CARTESIAN_POINT('',(-0.1,0.3,-2.7));
#16275=CARTESIAN_POINT('',(-0.1,0.3,1.07));
#16276=CARTESIAN_POINT('',(-0.1,0.15,-3.3));
#16277=CARTESIAN_POINT('',(-0.1,0.3,-2.7));
#16278=CARTESIAN_POINT('',(-0.1,-0.15,-3.3));
#16279=CARTESIAN_POINT('Origin',(-0.2,-0.3,1.07));
#16280=CARTESIAN_POINT('Origin',(-0.2,0.3,1.07));
#16281=CARTESIAN_POINT('Origin',(-1.52,2.124634676417E-16,1.27));
#16282=CARTESIAN_POINT('',(-1.52,-1.27,2.54));
#16283=CARTESIAN_POINT('Origin',(-1.52,2.124634676417E-16,1.27));
#16284=CARTESIAN_POINT('',(-1.52,1.27,0.));
#16285=CARTESIAN_POINT('Origin',(-1.52,-1.27,2.54));
#16286=CARTESIAN_POINT('',(-10.03,-1.27,2.54));
#16287=CARTESIAN_POINT('Origin',(-10.03,1.157263261598E-15,1.27));
#16288=CARTESIAN_POINT('',(-10.03,1.27,8.881784197001E-16));
#16289=CARTESIAN_POINT('',(-10.03,-0.6,1.87));
#16290=CARTESIAN_POINT('',(-10.03,0.6,1.87));
#16291=CARTESIAN_POINT('',(-10.03,-0.6,1.87));
#16292=CARTESIAN_POINT('',(-10.03,-0.6,0.67));
#16293=CARTESIAN_POINT('',(-10.03,-0.6,0.67));
#16294=CARTESIAN_POINT('',(-10.03,0.6,0.67));
#16295=CARTESIAN_POINT('',(-10.03,0.6,0.67));
#16296=CARTESIAN_POINT('',(-10.03,0.6,1.87));
#16297=CARTESIAN_POINT('Origin',(-1.52,1.27,0.));
#16298=CARTESIAN_POINT('Origin',(-0.2,0.3,1.17));
#16299=CARTESIAN_POINT('',(-0.1,0.3,-2.7));
#16300=CARTESIAN_POINT('Origin',(-0.1,0.3,-2.7));
#16301=CARTESIAN_POINT('',(-0.1,0.15,-3.3));
#16302=CARTESIAN_POINT('Origin',(-0.1,0.15,-3.3));
#16303=CARTESIAN_POINT('Origin',(-9.88,-0.6,1.72));
#16304=CARTESIAN_POINT('',(-9.73,-0.3,1.57));
#16305=CARTESIAN_POINT('',(-9.73,-0.3,1.57));
#16306=CARTESIAN_POINT('',(-9.73,0.3,1.57));
#16307=CARTESIAN_POINT('',(-9.73,0.3,1.57));
#16308=CARTESIAN_POINT('',(-9.73,-0.6,1.57));
#16309=CARTESIAN_POINT('Origin',(-9.88,0.45,1.87));
#16310=CARTESIAN_POINT('',(-9.73,0.3,0.97));
#16311=CARTESIAN_POINT('',(-9.73,0.3,0.97));
#16312=CARTESIAN_POINT('',(-9.73,0.3,1.87));
#16313=CARTESIAN_POINT('Origin',(-9.88,0.6,0.82));
#16314=CARTESIAN_POINT('',(-9.73,-0.3,0.97));
#16315=CARTESIAN_POINT('',(-9.73,-0.3,0.97));
#16316=CARTESIAN_POINT('',(-9.73,0.6,0.97));
#16317=CARTESIAN_POINT('Origin',(-9.88,-0.45,0.67));
#16318=CARTESIAN_POINT('',(-9.73,-0.3,0.67));
#16319=CARTESIAN_POINT('Origin',(-9.73,-0.3,1.57));
#16320=CARTESIAN_POINT('',(-2.42,-0.3,1.57));
#16321=CARTESIAN_POINT('',(-9.73,-0.3,1.57));
#16322=CARTESIAN_POINT('',(-2.42,0.3,1.57));
#16323=CARTESIAN_POINT('',(-9.73,0.3,1.57));
#16324=CARTESIAN_POINT('',(-2.42,-0.3,1.57));
#16325=CARTESIAN_POINT('Origin',(-9.73,0.3,1.57));
#16326=CARTESIAN_POINT('',(-2.42,0.3,0.97));
#16327=CARTESIAN_POINT('',(-9.73,0.3,0.97));
#16328=CARTESIAN_POINT('',(-2.42,0.3,1.17));
#16329=CARTESIAN_POINT('',(-2.42,0.3,1.57));
#16330=CARTESIAN_POINT('',(-8.93,0.3,1.17));
#16331=CARTESIAN_POINT('',(-7.583251930629,0.3,1.17));
#16332=CARTESIAN_POINT('',(-8.93,0.3,1.37));
#16333=CARTESIAN_POINT('',(-8.93,0.3,1.17));
#16334=CARTESIAN_POINT('',(-2.42,0.3,1.37));
#16335=CARTESIAN_POINT('',(-7.583251930629,0.3,1.37));
#16336=CARTESIAN_POINT('',(-2.42,0.3,1.57));
#16337=CARTESIAN_POINT('Origin',(-9.73,0.3,0.97));
#16338=CARTESIAN_POINT('',(-2.42,-0.3,0.97));
#16339=CARTESIAN_POINT('',(-9.73,-0.3,0.97));
#16340=CARTESIAN_POINT('',(-2.42,0.3,0.97));
#16341=CARTESIAN_POINT('Origin',(-9.73,-0.3,0.97));
#16342=CARTESIAN_POINT('',(-2.42,-0.3,1.37));
#16343=CARTESIAN_POINT('',(-2.42,-0.3,0.97));
#16344=CARTESIAN_POINT('',(-8.93,-0.3,1.37));
#16345=CARTESIAN_POINT('',(-7.583251930629,-0.3,1.37));
#16346=CARTESIAN_POINT('',(-8.93,-0.3,1.17));
#16347=CARTESIAN_POINT('',(-8.93,-0.3,1.17));
#16348=CARTESIAN_POINT('',(-2.42,-0.3,1.17));
#16349=CARTESIAN_POINT('',(-7.583251930629,-0.3,1.17));
#16350=CARTESIAN_POINT('',(-2.42,-0.3,0.97));
#16351=CARTESIAN_POINT('Origin',(-2.42,2.802387951325E-16,1.27));
#16352=CARTESIAN_POINT('',(-2.42,3.000374053213E-16,1.37));
#16353=CARTESIAN_POINT('Origin',(-2.42,2.802387951325E-16,1.27));
#16354=CARTESIAN_POINT('',(-2.42,3.000374053213E-16,1.17));
#16355=CARTESIAN_POINT('Origin',(-5.436503861258,6.547352195741E-16,1.17));
#16356=CARTESIAN_POINT('',(-8.88,-0.25,1.17));
#16357=CARTESIAN_POINT('',(-8.93,-0.3,1.17));
#16358=CARTESIAN_POINT('',(-2.77,-0.25,1.17));
#16359=CARTESIAN_POINT('',(-8.88,-0.25,1.17));
#16360=CARTESIAN_POINT('',(-2.77,0.25,1.17));
#16361=CARTESIAN_POINT('',(-2.77,-0.25,1.17));
#16362=CARTESIAN_POINT('',(-8.88,0.25,1.17));
#16363=CARTESIAN_POINT('',(-2.77,0.25,1.17));
#16364=CARTESIAN_POINT('',(-8.88,0.25,1.17));
#16365=CARTESIAN_POINT('Origin',(-8.88,0.25,1.17));
#16366=CARTESIAN_POINT('',(-8.88,0.25,1.37));
#16367=CARTESIAN_POINT('',(-8.88,0.25,1.17));
#16368=CARTESIAN_POINT('',(-8.88,0.25,1.37));
#16369=CARTESIAN_POINT('Origin',(-5.436503861258,6.547352195741E-16,1.37));
#16370=CARTESIAN_POINT('',(-2.77,0.25,1.37));
#16371=CARTESIAN_POINT('',(-2.77,0.25,1.37));
#16372=CARTESIAN_POINT('',(-2.77,-0.25,1.37));
#16373=CARTESIAN_POINT('',(-2.77,-0.25,1.37));
#16374=CARTESIAN_POINT('',(-8.88,-0.25,1.37));
#16375=CARTESIAN_POINT('',(-8.88,-0.25,1.37));
#16376=CARTESIAN_POINT('',(-8.93,-0.3,1.37));
#16377=CARTESIAN_POINT('Origin',(-8.93,-0.3,1.17));
#16378=CARTESIAN_POINT('',(-8.88,-0.25,1.17));
#16379=CARTESIAN_POINT('Origin',(-2.77,0.25,1.17));
#16380=CARTESIAN_POINT('',(-2.77,0.25,1.17));
#16381=CARTESIAN_POINT('Origin',(-2.77,-0.25,1.17));
#16382=CARTESIAN_POINT('',(-2.77,-0.25,1.17));
#16383=CARTESIAN_POINT('Origin',(-8.88,-0.25,1.17));
#16384=CARTESIAN_POINT('',(0.,0.,0.));
#16385=CARTESIAN_POINT('Origin',(113.719091197875,-85.1,3.56000000000002));
#16386=CARTESIAN_POINT('',(115.15,-86.6678643143908,1.51));
#16387=CARTESIAN_POINT('',(116.2,-86.7928480087538,3.25163087778365));
#16388=CARTESIAN_POINT('Ctrl Pts',(115.15,-86.6678643143908,1.51));
#16389=CARTESIAN_POINT('Ctrl Pts',(115.285038415677,-86.7108884864623,1.60425739395989));
#16390=CARTESIAN_POINT('Ctrl Pts',(115.414311972996,-86.7406708645286,1.71458176774987));
#16391=CARTESIAN_POINT('Ctrl Pts',(115.675682720495,-86.7849566661208,1.98991834113185));
#16392=CARTESIAN_POINT('Ctrl Pts',(115.802287554544,-86.7949079326071,2.16168660124378));
#16393=CARTESIAN_POINT('Ctrl Pts',(116.060083326738,-86.8036423164623,2.62635191747318));
#16394=CARTESIAN_POINT('Ctrl Pts',(116.161034013127,-86.7956384210319,2.93813950380553));
#16395=CARTESIAN_POINT('Ctrl Pts',(116.2,-86.7928480087538,3.25163087778365));
#16396=CARTESIAN_POINT('',(116.2,-88.1,3.25163087778365));
#16397=CARTESIAN_POINT('',(116.2,-85.1,3.25163087778365));
#16398=CARTESIAN_POINT('',(115.15,-88.1,5.61000000000001));
#16399=CARTESIAN_POINT('Origin',(113.719091197875,-88.1,3.56000000000002));
#16400=CARTESIAN_POINT('',(115.15,-85.1,5.61));
#16401=CARTESIAN_POINT('',(115.15,-85.1,5.61));
#16402=CARTESIAN_POINT('',(116.033605185735,-85.1,2.615));
#16403=CARTESIAN_POINT('Origin',(113.719091197875,-85.1,3.56000000000002));
#16404=CARTESIAN_POINT('',(115.15,-83.995,1.51));
#16405=CARTESIAN_POINT('Ctrl Pts',(115.15,-83.995,1.51));
#16406=CARTESIAN_POINT('Ctrl Pts',(115.15,-84.0688093469161,1.51));
#16407=CARTESIAN_POINT('Ctrl Pts',(115.16082050476,-84.141788488559,1.51744878729175));
#16408=CARTESIAN_POINT('Ctrl Pts',(115.199966585844,-84.2825776961691,1.5456580324508));
#16409=CARTESIAN_POINT('Ctrl Pts',(115.22822824995,-84.3504028677169,1.56643175149831));
#16410=CARTESIAN_POINT('Ctrl Pts',(115.328637233126,-84.5423293821484,1.64516388122941));
#16411=CARTESIAN_POINT('Ctrl Pts',(115.416030774963,-84.65513343198,1.72041291989773));
#16412=CARTESIAN_POINT('Ctrl Pts',(115.592356132307,-84.8483098805427,1.89902576667866));
#16413=CARTESIAN_POINT('Ctrl Pts',(115.696476396896,-84.9393226223518,2.02104139480956));
#16414=CARTESIAN_POINT('Ctrl Pts',(115.885265253708,-85.0653610488718,2.30058109286148));
#16415=CARTESIAN_POINT('Ctrl Pts',(115.969685630439,-85.1,2.45844687319706));
#16416=CARTESIAN_POINT('Ctrl Pts',(116.033605185735,-85.1,2.615));
#16417=CARTESIAN_POINT('',(115.15,-85.1,1.50999999999999));
#16418=CARTESIAN_POINT('Origin',(108.,-89.205,2.615));
#16419=CARTESIAN_POINT('',(116.2,-88.1,2.615));
#16420=CARTESIAN_POINT('',(116.2,-89.205,1.51));
#16421=CARTESIAN_POINT('Origin',(116.2,-89.205,2.615));
#16422=CARTESIAN_POINT('',(118.,-89.205,1.51));
#16423=CARTESIAN_POINT('',(108.,-89.205,1.51));
#16424=CARTESIAN_POINT('',(118.,-88.1,2.615));
#16425=CARTESIAN_POINT('Origin',(118.,-89.205,2.615));
#16426=CARTESIAN_POINT('',(108.,-88.1,2.615));
#16427=CARTESIAN_POINT('Origin',(108.,-84.5,1.51));
#16428=CARTESIAN_POINT('',(116.2,-92.0828427124746,1.51));
#16429=CARTESIAN_POINT('',(116.2,-85.6464240043769,1.51));
#16430=CARTESIAN_POINT('',(115.2,-93.0828427124746,1.51));
#16431=CARTESIAN_POINT('',(116.045710678119,-92.237132034356,1.51));
#16432=CARTESIAN_POINT('',(115.2,-94.9171572875254,1.51));
#16433=CARTESIAN_POINT('',(115.2,-88.7914213562373,1.51));
#16434=CARTESIAN_POINT('',(116.2,-95.9171572875254,1.51));
#16435=CARTESIAN_POINT('',(110.795710678119,-90.5128679656441,1.51));
#16436=CARTESIAN_POINT('',(116.2,-99.0828427124746,1.51));
#16437=CARTESIAN_POINT('',(116.2,-90.2085786437627,1.51));
#16438=CARTESIAN_POINT('',(115.082842712475,-100.2,1.51));
#16439=CARTESIAN_POINT('',(117.795710678119,-97.487132034356,1.51));
#16440=CARTESIAN_POINT('',(115.082842712475,-102.,1.51));
#16441=CARTESIAN_POINT('',(115.082842712475,-92.35,1.51));
#16442=CARTESIAN_POINT('',(118.,-102.,1.51));
#16443=CARTESIAN_POINT('',(111.541421356237,-102.,1.51));
#16444=CARTESIAN_POINT('',(118.,-93.25,1.51));
#16445=CARTESIAN_POINT('Origin',(108.,-89.205,2.615));
#16446=CARTESIAN_POINT('',(99.8,-88.1,2.615));
#16447=CARTESIAN_POINT('',(99.8,-89.205,1.51));
#16448=CARTESIAN_POINT('Origin',(99.8,-89.205,2.615));
#16449=CARTESIAN_POINT('',(98.,-88.1,2.615));
#16450=CARTESIAN_POINT('',(108.,-88.1,2.615));
#16451=CARTESIAN_POINT('',(98.,-89.205,1.51));
#16452=CARTESIAN_POINT('Origin',(98.,-89.205,2.615));
#16453=CARTESIAN_POINT('',(108.,-89.205,1.51));
#16454=CARTESIAN_POINT('Origin',(108.,-88.1,15.56));
#16455=CARTESIAN_POINT('',(116.2,-88.1,8.53500000000001));
#16456=CARTESIAN_POINT('',(118.,-88.1,15.26));
#16457=CARTESIAN_POINT('',(118.,-88.1,15.2975));
#16458=CARTESIAN_POINT('',(98.,-88.1,15.26));
#16459=CARTESIAN_POINT('',(108.,-88.1,15.26));
#16460=CARTESIAN_POINT('',(98.,-88.1,8.27250000000002));
#16461=CARTESIAN_POINT('',(99.8,-88.1,3.25163087778306));
#16462=CARTESIAN_POINT('',(99.8,-88.1,8.53500000000001));
#16463=CARTESIAN_POINT('',(100.85,-88.1,5.61000000000005));
#16464=CARTESIAN_POINT('Origin',(102.280908802125,-88.1,3.56000000000002));
#16465=CARTESIAN_POINT('',(111.575,-88.1,5.61000000000001));
#16466=CARTESIAN_POINT('Origin',(108.,-83.995,2.615));
#16467=CARTESIAN_POINT('',(99.9663948142653,-85.1,2.615));
#16468=CARTESIAN_POINT('',(100.85,-83.995,1.51));
#16469=CARTESIAN_POINT('Ctrl Pts',(99.9663948142653,-85.1,2.615));
#16470=CARTESIAN_POINT('Ctrl Pts',(100.030314369561,-85.1,2.45844687319706));
#16471=CARTESIAN_POINT('Ctrl Pts',(100.114734746292,-85.0653610488718,2.30058109286149));
#16472=CARTESIAN_POINT('Ctrl Pts',(100.303523603104,-84.9393226223518,2.02104139480957));
#16473=CARTESIAN_POINT('Ctrl Pts',(100.407643867693,-84.8483098805427,1.89902576667865));
#16474=CARTESIAN_POINT('Ctrl Pts',(100.583969225037,-84.65513343198,1.72041291989773));
#16475=CARTESIAN_POINT('Ctrl Pts',(100.671362766874,-84.5423293821484,1.6451638812294));
#16476=CARTESIAN_POINT('Ctrl Pts',(100.77177175005,-84.3504028677169,1.56643175149831));
#16477=CARTESIAN_POINT('Ctrl Pts',(100.800033414156,-84.2825776961691,1.5456580324508));
#16478=CARTESIAN_POINT('Ctrl Pts',(100.839179495239,-84.141788488559,1.51744878729174));
#16479=CARTESIAN_POINT('Ctrl Pts',(100.85,-84.0688093469161,1.51));
#16480=CARTESIAN_POINT('Ctrl Pts',(100.85,-83.995,1.51));
#16481=CARTESIAN_POINT('',(98.,-83.995,1.51));
#16482=CARTESIAN_POINT('',(108.,-83.995,1.51));
#16483=CARTESIAN_POINT('',(98.,-85.1,2.615));
#16484=CARTESIAN_POINT('Origin',(98.,-83.995,2.615));
#16485=CARTESIAN_POINT('',(108.,-85.1,2.615));
#16486=CARTESIAN_POINT('Origin',(108.,-84.5,1.51));
#16487=CARTESIAN_POINT('',(100.85,-86.6678643143908,1.51000000000002));
#16488=CARTESIAN_POINT('',(100.85,-85.1,1.51000000000002));
#16489=CARTESIAN_POINT('',(99.8,-81.2071519912462,1.51));
#16490=CARTESIAN_POINT('Origin',(100.,-84.,1.51));
#16491=CARTESIAN_POINT('',(99.8,-79.9171572875254,1.51));
#16492=CARTESIAN_POINT('',(99.8,-82.8535759956231,1.51));
#16493=CARTESIAN_POINT('',(100.917157287525,-78.8,1.51));
#16494=CARTESIAN_POINT('',(100.704289321881,-79.012867965644,1.51));
#16495=CARTESIAN_POINT('',(115.082842712475,-78.8,1.51));
#16496=CARTESIAN_POINT('',(104.458578643763,-78.8,1.51));
#16497=CARTESIAN_POINT('',(116.2,-79.9171572875254,1.51));
#16498=CARTESIAN_POINT('',(114.737132034356,-78.4542893218813,1.51));
#16499=CARTESIAN_POINT('',(116.2,-81.2071519912462,1.51));
#16500=CARTESIAN_POINT('',(116.2,-82.2085786437627,1.51));
#16501=CARTESIAN_POINT('Origin',(116.,-84.,1.51));
#16502=CARTESIAN_POINT('',(118.,-83.995,1.51));
#16503=CARTESIAN_POINT('',(108.,-83.995,1.51));
#16504=CARTESIAN_POINT('',(118.,-76.,1.51));
#16505=CARTESIAN_POINT('',(118.,-93.25,1.51));
#16506=CARTESIAN_POINT('',(118.,-72.,1.51));
#16507=CARTESIAN_POINT('Origin',(118.,-74.,1.51));
#16508=CARTESIAN_POINT('',(118.,-67.,1.51));
#16509=CARTESIAN_POINT('',(118.,-93.25,1.51));
#16510=CARTESIAN_POINT('',(115.522047269226,-67.,1.51));
#16511=CARTESIAN_POINT('',(113.,-67.,1.51));
#16512=CARTESIAN_POINT('',(115.522047269226,-69.9999999999999,1.51));
#16513=CARTESIAN_POINT('',(115.522047269226,-75.75,1.51));
#16514=CARTESIAN_POINT('',(111.268446955993,-69.9999999999999,1.51));
#16515=CARTESIAN_POINT('',(108.,-69.9999999999999,1.51));
#16516=CARTESIAN_POINT('',(111.268446955993,-67.,1.51));
#16517=CARTESIAN_POINT('',(111.268446955993,-75.75,1.51));
#16518=CARTESIAN_POINT('',(104.731553044007,-67.,1.51));
#16519=CARTESIAN_POINT('',(113.,-67.,1.51));
#16520=CARTESIAN_POINT('',(104.731553044007,-69.9999999999999,1.51));
#16521=CARTESIAN_POINT('',(104.731553044007,-75.75,1.51));
#16522=CARTESIAN_POINT('',(100.477952730774,-69.9999999999999,1.51));
#16523=CARTESIAN_POINT('',(108.,-69.9999999999999,1.51));
#16524=CARTESIAN_POINT('',(100.477952730774,-67.,1.51));
#16525=CARTESIAN_POINT('',(100.477952730774,-75.75,1.51));
#16526=CARTESIAN_POINT('',(98.,-67.,1.51));
#16527=CARTESIAN_POINT('',(113.,-67.,1.51));
#16528=CARTESIAN_POINT('',(98.,-72.,1.51));
#16529=CARTESIAN_POINT('',(98.,-75.75,1.51));
#16530=CARTESIAN_POINT('',(98.,-76.,1.51));
#16531=CARTESIAN_POINT('Origin',(98.,-74.,1.51));
#16532=CARTESIAN_POINT('',(98.,-75.75,1.51));
#16533=CARTESIAN_POINT('',(110.,-74.,1.51));
#16534=CARTESIAN_POINT('Origin',(108.,-74.,1.51));
#16535=CARTESIAN_POINT('Origin',(108.,-83.995,2.615));
#16536=CARTESIAN_POINT('',(118.,-85.1,2.615));
#16537=CARTESIAN_POINT('',(108.,-85.1,2.615));
#16538=CARTESIAN_POINT('Origin',(118.,-83.995,2.615));
#16539=CARTESIAN_POINT('Origin',(108.,-85.1,13.1100000000002));
#16540=CARTESIAN_POINT('',(98.,-85.1,12.2202933675579));
#16541=CARTESIAN_POINT('',(98.,-85.1,13.7725));
#16542=CARTESIAN_POINT('',(100.5,-85.1,12.2202933675579));
#16543=CARTESIAN_POINT('',(108.,-85.1,12.2202933675579));
#16544=CARTESIAN_POINT('',(100.5,-85.1,13.4206590941374));
#16545=CARTESIAN_POINT('',(100.5,-85.1,18.56));
#16546=CARTESIAN_POINT('',(98.,-85.1,13.4206590941374));
#16547=CARTESIAN_POINT('',(108.,-85.1,13.4206590941374));
#16548=CARTESIAN_POINT('',(98.,-85.1,15.8202933675582));
#16549=CARTESIAN_POINT('',(98.,-85.1,15.5725000000001));
#16550=CARTESIAN_POINT('',(100.5,-85.1,15.8202933675582));
#16551=CARTESIAN_POINT('',(108.,-85.1,15.8202933675582));
#16552=CARTESIAN_POINT('',(100.5,-85.1,17.0206590941357));
#16553=CARTESIAN_POINT('',(100.5,-85.1,18.56));
#16554=CARTESIAN_POINT('',(98.,-85.1,17.0206590941357));
#16555=CARTESIAN_POINT('',(108.,-85.1,17.0206590941357));
#16556=CARTESIAN_POINT('',(98.,-85.1,18.56));
#16557=CARTESIAN_POINT('',(98.,-85.1,16.7975));
#16558=CARTESIAN_POINT('',(118.,-85.1,18.56));
#16559=CARTESIAN_POINT('',(108.,-85.1,18.56));
#16560=CARTESIAN_POINT('',(118.,-85.1,17.0206590941357));
#16561=CARTESIAN_POINT('',(118.,-85.1,15.8724999999992));
#16562=CARTESIAN_POINT('',(115.5,-85.1,17.0206590941357));
#16563=CARTESIAN_POINT('',(108.,-85.1,17.0206590941357));
#16564=CARTESIAN_POINT('',(115.5,-85.1,15.8202933675582));
#16565=CARTESIAN_POINT('',(115.5,-85.1,18.56));
#16566=CARTESIAN_POINT('',(118.,-85.1,15.8202933675582));
#16567=CARTESIAN_POINT('',(108.,-85.1,15.8202933675582));
#16568=CARTESIAN_POINT('',(118.,-85.1,13.4206590941374));
#16569=CARTESIAN_POINT('',(118.,-85.1,14.0725000000001));
#16570=CARTESIAN_POINT('',(115.5,-85.1,13.4206590941374));
#16571=CARTESIAN_POINT('',(108.,-85.1,13.4206590941374));
#16572=CARTESIAN_POINT('',(115.5,-85.1,12.2202933675579));
#16573=CARTESIAN_POINT('',(115.5,-85.1,18.56));
#16574=CARTESIAN_POINT('',(118.,-85.1,12.2202933675579));
#16575=CARTESIAN_POINT('',(108.,-85.1,12.2202933675579));
#16576=CARTESIAN_POINT('',(118.,-85.1,8.27250000000002));
#16577=CARTESIAN_POINT('',(100.85,-85.1,5.61000000000005));
#16578=CARTESIAN_POINT('',(111.575,-85.1,5.61000000000001));
#16579=CARTESIAN_POINT('Origin',(102.280908802125,-85.1,3.56000000000002));
#16580=CARTESIAN_POINT('Origin',(108.,-88.4,15.26));
#16581=CARTESIAN_POINT('',(98.,-88.4,15.56));
#16582=CARTESIAN_POINT('Origin',(98.,-88.4,15.26));
#16583=CARTESIAN_POINT('',(118.,-88.4,15.56));
#16584=CARTESIAN_POINT('Origin',(118.,-88.4,15.26));
#16585=CARTESIAN_POINT('',(108.,-88.4,15.56));
#16586=CARTESIAN_POINT('Origin',(111.268446955993,-75.75,2.31));
#16587=CARTESIAN_POINT('',(112.041187617024,-69.9999999999999,2.51705523608203));
#16588=CARTESIAN_POINT('Origin',(111.268446955993,-69.9999999999999,2.31));
#16589=CARTESIAN_POINT('',(112.041187617024,-67.,2.51705523608202));
#16590=CARTESIAN_POINT('',(112.041187617024,-75.75,2.51705523608202));
#16591=CARTESIAN_POINT('Origin',(111.268446955993,-67.,2.31));
#16592=CARTESIAN_POINT('Origin',(111.4,-67.,4.91));
#16593=CARTESIAN_POINT('',(111.558879070648,-69.9999999999999,4.31705523608203));
#16594=CARTESIAN_POINT('',(111.43889951148,-69.9999999999999,4.76482504676891));
#16595=CARTESIAN_POINT('',(111.558879070648,-67.,4.31705523608202));
#16596=CARTESIAN_POINT('',(111.558879070648,-67.,4.31705523608202));
#16597=CARTESIAN_POINT('',(111.4,-67.,4.91));
#16598=CARTESIAN_POINT('Origin',(104.731553044007,-75.75,2.31));
#16599=CARTESIAN_POINT('',(103.958812382976,-69.9999999999999,2.51705523608201));
#16600=CARTESIAN_POINT('Origin',(104.731553044007,-69.9999999999999,2.31));
#16601=CARTESIAN_POINT('',(103.958812382976,-67.,2.51705523608201));
#16602=CARTESIAN_POINT('Origin',(104.731553044007,-67.,2.31));
#16603=CARTESIAN_POINT('',(103.958812382976,-75.75,2.51705523608201));
#16604=CARTESIAN_POINT('Origin',(105.213861590383,-67.,4.11));
#16605=CARTESIAN_POINT('',(104.441120929352,-67.,4.31705523608201));
#16606=CARTESIAN_POINT('',(105.213861590383,-67.,4.91));
#16607=CARTESIAN_POINT('Origin',(105.213861590383,-67.,4.11));
#16608=CARTESIAN_POINT('',(105.213861590383,-69.9999999999999,4.91));
#16609=CARTESIAN_POINT('',(105.213861590383,-67.,4.91));
#16610=CARTESIAN_POINT('',(104.441120929352,-69.9999999999999,4.31705523608201));
#16611=CARTESIAN_POINT('Origin',(105.213861590383,-69.9999999999999,4.11));
#16612=CARTESIAN_POINT('',(104.441120929352,-67.,4.31705523608201));
#16613=CARTESIAN_POINT('Origin',(104.6,-67.,4.91));
#16614=CARTESIAN_POINT('',(110.786138409617,-67.,4.91));
#16615=CARTESIAN_POINT('',(111.4,-67.,4.91));
#16616=CARTESIAN_POINT('',(110.786138409617,-69.9999999999999,4.91));
#16617=CARTESIAN_POINT('',(110.786138409617,-67.,4.91));
#16618=CARTESIAN_POINT('',(106.3,-69.9999999999999,4.91));
#16619=CARTESIAN_POINT('Origin',(110.786138409617,-67.,4.11));
#16620=CARTESIAN_POINT('Origin',(110.786138409617,-67.,4.11));
#16621=CARTESIAN_POINT('Origin',(110.786138409617,-69.9999999999999,4.11));
#16622=CARTESIAN_POINT('Origin',(100.477952730774,-75.75,2.51));
#16623=CARTESIAN_POINT('',(101.297104775063,-69.9999999999999,1.93642356364896));
#16624=CARTESIAN_POINT('Origin',(100.477952730774,-69.9999999999999,2.51));
#16625=CARTESIAN_POINT('',(101.297104775063,-67.,1.93642356364895));
#16626=CARTESIAN_POINT('',(101.297104775063,-75.75,1.93642356364895));
#16627=CARTESIAN_POINT('Origin',(100.477952730774,-67.,2.51));
#16628=CARTESIAN_POINT('Origin',(104.048311040519,-67.,5.86555330779631));
#16629=CARTESIAN_POINT('',(103.749726046782,-69.9999999999999,5.43912974414737));
#16630=CARTESIAN_POINT('',(104.186733811467,-69.9999999999999,6.06324151221378));
#16631=CARTESIAN_POINT('',(103.749726046782,-67.,5.43912974414736));
#16632=CARTESIAN_POINT('',(103.749726046782,-67.,5.43912974414736));
#16633=CARTESIAN_POINT('',(104.048311040519,-67.,5.86555330779631));
#16634=CARTESIAN_POINT('Origin',(104.568878091071,-67.,4.86555330779631));
#16635=CARTESIAN_POINT('',(104.568878091071,-69.9999999999999,5.86555330779631));
#16636=CARTESIAN_POINT('Origin',(104.568878091071,-69.9999999999999,4.86555330779631));
#16637=CARTESIAN_POINT('',(104.568878091071,-67.,5.86555330779631));
#16638=CARTESIAN_POINT('',(104.568878091071,-67.,5.86555330779631));
#16639=CARTESIAN_POINT('Origin',(104.568878091071,-67.,4.86555330779631));
#16640=CARTESIAN_POINT('Origin',(111.951688959481,-67.,5.86555330779632));
#16641=CARTESIAN_POINT('',(111.431121908929,-69.9999999999999,5.86555330779632));
#16642=CARTESIAN_POINT('',(109.975844479741,-69.9999999999999,5.86555330779632));
#16643=CARTESIAN_POINT('',(111.431121908929,-67.,5.86555330779632));
#16644=CARTESIAN_POINT('',(111.431121908929,-67.,5.86555330779632));
#16645=CARTESIAN_POINT('',(111.951688959481,-67.,5.86555330779632));
#16646=CARTESIAN_POINT('Origin',(108.,-69.9999999999999,3.68777665389816));
#16647=CARTESIAN_POINT('',(104.105586861388,-69.9999999999999,3.06482504676886));
#16648=CARTESIAN_POINT('',(114.702895224937,-69.9999999999999,1.93642356364896));
#16649=CARTESIAN_POINT('Origin',(115.522047269226,-69.9999999999999,2.51));
#16650=CARTESIAN_POINT('',(112.250273953218,-69.9999999999999,5.43912974414735));
#16651=CARTESIAN_POINT('',(113.33816181813,-69.9999999999999,3.88546485831562));
#16652=CARTESIAN_POINT('Origin',(111.431121908929,-69.9999999999999,4.86555330779632));
#16653=CARTESIAN_POINT('Origin',(111.431121908929,-67.,4.86555330779632));
#16654=CARTESIAN_POINT('',(112.250273953218,-67.,5.43912974414736));
#16655=CARTESIAN_POINT('',(112.250273953218,-67.,5.43912974414735));
#16656=CARTESIAN_POINT('Origin',(111.431121908929,-67.,4.86555330779632));
#16657=CARTESIAN_POINT('Origin',(115.522047269226,-75.75,2.51));
#16658=CARTESIAN_POINT('',(114.702895224937,-67.,1.93642356364897));
#16659=CARTESIAN_POINT('Origin',(115.522047269226,-67.,2.51));
#16660=CARTESIAN_POINT('',(114.702895224937,-75.75,1.93642356364897));
#16661=CARTESIAN_POINT('Origin',(100.233797813022,-68.4999999999999,13.01));
#16662=CARTESIAN_POINT('',(101.052949857311,-69.9999999999999,12.436423563649));
#16663=CARTESIAN_POINT('',(100.233797813022,-69.9999999999999,12.01));
#16664=CARTESIAN_POINT('Origin',(100.233797813022,-69.9999999999999,13.01));
#16665=CARTESIAN_POINT('',(100.233797813022,-67.,12.01));
#16666=CARTESIAN_POINT('',(100.233797813022,-68.4999999999999,12.01));
#16667=CARTESIAN_POINT('',(101.052949857311,-67.,12.436423563649));
#16668=CARTESIAN_POINT('Origin',(100.233797813022,-67.,13.01));
#16669=CARTESIAN_POINT('',(101.052949857311,-68.4999999999999,12.436423563649));
#16670=CARTESIAN_POINT('Origin',(108.,-69.9999999999999,12.01));
#16671=CARTESIAN_POINT('',(98.,-69.9999999999999,12.01));
#16672=CARTESIAN_POINT('',(108.,-69.9999999999999,12.01));
#16673=CARTESIAN_POINT('',(98.,-67.,12.01));
#16674=CARTESIAN_POINT('',(98.,-75.75,12.01));
#16675=CARTESIAN_POINT('',(108.,-67.,12.01));
#16676=CARTESIAN_POINT('Origin',(108.,-69.9999999999999,16.6373036193317));
#16677=CARTESIAN_POINT('',(103.645612636671,-69.9999999999999,16.1391297441474));
#16678=CARTESIAN_POINT('',(104.628212505441,-69.9999999999999,17.5424277881567));
#16679=CARTESIAN_POINT('',(104.46476468096,-69.9999999999999,16.5655533077963));
#16680=CARTESIAN_POINT('Origin',(104.46476468096,-69.9999999999999,15.5655533077963));
#16681=CARTESIAN_POINT('',(111.53523531904,-69.9999999999999,16.5655533077963));
#16682=CARTESIAN_POINT('',(110.027901184796,-69.9999999999999,16.5655533077963));
#16683=CARTESIAN_POINT('',(112.354387363329,-69.9999999999999,16.1391297441474));
#16684=CARTESIAN_POINT('Origin',(111.53523531904,-69.9999999999999,15.5655533077963));
#16685=CARTESIAN_POINT('',(114.947050142689,-69.9999999999999,12.436423563649));
#16686=CARTESIAN_POINT('',(112.966703877976,-69.9999999999999,15.2646511342586));
#16687=CARTESIAN_POINT('',(115.766202186978,-69.9999999999999,12.01));
#16688=CARTESIAN_POINT('Origin',(115.766202186978,-69.9999999999999,13.01));
#16689=CARTESIAN_POINT('',(118.,-69.9999999999999,12.01));
#16690=CARTESIAN_POINT('',(108.,-69.9999999999999,12.01));
#16691=CARTESIAN_POINT('',(118.,-69.9999999999999,12.7266445251882));
#16692=CARTESIAN_POINT('',(118.,-69.9999999999999,14.0361518096627));
#16693=CARTESIAN_POINT('',(115.5,-69.9999999999999,12.7266445251882));
#16694=CARTESIAN_POINT('',(108.,-69.9999999999999,12.7266445251882));
#16695=CARTESIAN_POINT('',(115.5,-69.9999999999999,13.9270102517673));
#16696=CARTESIAN_POINT('',(115.5,-70.,18.5600000000001));
#16697=CARTESIAN_POINT('',(118.,-69.9999999999999,13.9270102517673));
#16698=CARTESIAN_POINT('',(108.,-69.9999999999999,13.9270102517673));
#16699=CARTESIAN_POINT('',(118.,-69.9999999999999,16.3266445251944));
#16700=CARTESIAN_POINT('',(118.,-69.9999999999999,15.8361518096659));
#16701=CARTESIAN_POINT('',(115.5,-69.9999999999999,16.3266445251944));
#16702=CARTESIAN_POINT('',(108.,-69.9999999999999,16.3266445251944));
#16703=CARTESIAN_POINT('',(115.5,-69.9999999999999,17.5270102517755));
#16704=CARTESIAN_POINT('',(115.5,-70.,18.5600000000001));
#16705=CARTESIAN_POINT('',(118.,-69.9999999999999,17.5270102517755));
#16706=CARTESIAN_POINT('',(108.,-69.9999999999999,17.5270102517755));
#16707=CARTESIAN_POINT('',(118.,-69.9999999999999,21.5600000000001));
#16708=CARTESIAN_POINT('',(118.,-69.9999999999999,20.2975000000001));
#16709=CARTESIAN_POINT('',(98.,-69.9999999999999,21.5600000000001));
#16710=CARTESIAN_POINT('',(108.,-69.9999999999999,21.5600000000001));
#16711=CARTESIAN_POINT('',(98.,-69.9999999999999,17.5270102517755));
#16712=CARTESIAN_POINT('',(98.,-69.9999999999999,16.1361518096668));
#16713=CARTESIAN_POINT('',(100.5,-69.9999999999999,17.5270102517755));
#16714=CARTESIAN_POINT('',(108.,-69.9999999999999,17.5270102517755));
#16715=CARTESIAN_POINT('',(100.5,-69.9999999999999,16.3266445251944));
#16716=CARTESIAN_POINT('',(100.5,-70.,18.5600000000001));
#16717=CARTESIAN_POINT('',(98.,-69.9999999999999,16.3266445251944));
#16718=CARTESIAN_POINT('',(108.,-69.9999999999999,16.3266445251944));
#16719=CARTESIAN_POINT('',(98.,-69.9999999999999,13.9270102517673));
#16720=CARTESIAN_POINT('',(98.,-69.9999999999999,14.3361518096626));
#16721=CARTESIAN_POINT('',(100.5,-69.9999999999999,13.9270102517673));
#16722=CARTESIAN_POINT('',(108.,-69.9999999999999,13.9270102517673));
#16723=CARTESIAN_POINT('',(100.5,-69.9999999999999,12.7266445251882));
#16724=CARTESIAN_POINT('',(100.5,-70.,18.5600000000001));
#16725=CARTESIAN_POINT('',(98.,-69.9999999999999,12.7266445251882));
#16726=CARTESIAN_POINT('',(108.,-69.9999999999999,12.7266445251882));
#16727=CARTESIAN_POINT('',(98.,-69.9999999999999,13.5225));
#16728=CARTESIAN_POINT('Origin',(115.766202186978,-68.4999999999999,13.01));
#16729=CARTESIAN_POINT('',(114.947050142689,-67.,12.436423563649));
#16730=CARTESIAN_POINT('',(115.766202186978,-67.,12.01));
#16731=CARTESIAN_POINT('Origin',(115.766202186978,-67.,13.01));
#16732=CARTESIAN_POINT('',(115.766202186978,-68.4999999999999,12.01));
#16733=CARTESIAN_POINT('',(114.947050142689,-68.4999999999999,12.436423563649));
#16734=CARTESIAN_POINT('Origin',(108.,-69.9999999999999,12.01));
#16735=CARTESIAN_POINT('',(118.,-67.,12.01));
#16736=CARTESIAN_POINT('',(108.,-67.,12.01));
#16737=CARTESIAN_POINT('',(118.,-77.2499999999999,12.01));
#16738=CARTESIAN_POINT('Origin',(104.46476468096,-67.,15.5655533077963));
#16739=CARTESIAN_POINT('',(103.645612636671,-67.,16.1391297441474));
#16740=CARTESIAN_POINT('',(104.46476468096,-67.,16.5655533077963));
#16741=CARTESIAN_POINT('Origin',(104.46476468096,-67.,15.5655533077963));
#16742=CARTESIAN_POINT('',(104.46476468096,-67.,16.5655533077963));
#16743=CARTESIAN_POINT('',(103.645612636671,-67.,16.1391297441474));
#16744=CARTESIAN_POINT('Origin',(112.055802369592,-67.,16.5655533077963));
#16745=CARTESIAN_POINT('',(111.53523531904,-67.,16.5655533077963));
#16746=CARTESIAN_POINT('',(110.027901184796,-67.,16.5655533077963));
#16747=CARTESIAN_POINT('',(111.53523531904,-67.,16.5655533077963));
#16748=CARTESIAN_POINT('Origin',(111.53523531904,-67.,15.5655533077963));
#16749=CARTESIAN_POINT('',(112.354387363329,-67.,16.1391297441474));
#16750=CARTESIAN_POINT('Origin',(111.53523531904,-67.,15.5655533077963));
#16751=CARTESIAN_POINT('',(112.354387363329,-67.,16.1391297441474));
#16752=CARTESIAN_POINT('Origin',(115.245635136427,-67.,12.01));
#16753=CARTESIAN_POINT('',(114.053764644282,-67.,13.7121674676518));
#16754=CARTESIAN_POINT('Origin',(103.944197630408,-67.,16.5655533077963));
#16755=CARTESIAN_POINT('',(103.541151739136,-67.,15.98994412155));
#16756=CARTESIAN_POINT('Origin',(115.001480218674,-67.,1.51));
#16757=CARTESIAN_POINT('',(115.001480218674,-67.,1.51));
#16758=CARTESIAN_POINT('Origin',(103.688972745734,-67.,1.51));
#16759=CARTESIAN_POINT('',(104.6,-67.,4.91));
#16760=CARTESIAN_POINT('Origin',(108.,-73.9999999999999,21.5600000000001));
#16761=CARTESIAN_POINT('',(98.,-73.9999999999999,25.5600000000001));
#16762=CARTESIAN_POINT('Origin',(98.,-73.9999999999999,21.5600000000001));
#16763=CARTESIAN_POINT('',(118.,-73.9999999999999,25.5600000000001));
#16764=CARTESIAN_POINT('Origin',(118.,-73.9999999999999,21.5600000000001));
#16765=CARTESIAN_POINT('',(108.,-73.9999999999999,25.5600000000001));
#16766=CARTESIAN_POINT('Origin',(108.,-95.,19.01));
#16767=CARTESIAN_POINT('',(98.,-95.,15.01));
#16768=CARTESIAN_POINT('',(98.,-99.,19.01));
#16769=CARTESIAN_POINT('Origin',(98.,-95.,19.01));
#16770=CARTESIAN_POINT('',(118.,-99.,19.01));
#16771=CARTESIAN_POINT('',(108.,-99.,19.01));
#16772=CARTESIAN_POINT('',(118.,-95.,15.01));
#16773=CARTESIAN_POINT('Origin',(118.,-95.,19.01));
#16774=CARTESIAN_POINT('',(108.,-95.,15.01));
#16775=CARTESIAN_POINT('Origin',(108.,-99.,15.01));
#16776=CARTESIAN_POINT('',(98.,-99.,21.5600000000001));
#16777=CARTESIAN_POINT('',(98.,-99.,20.2975));
#16778=CARTESIAN_POINT('',(118.,-99.,21.5600000000001));
#16779=CARTESIAN_POINT('',(108.,-99.,21.5600000000001));
#16780=CARTESIAN_POINT('',(118.,-99.,15.0225));
#16781=CARTESIAN_POINT('Origin',(108.,-95.,21.5600000000001));
#16782=CARTESIAN_POINT('',(98.,-95.,25.5600000000001));
#16783=CARTESIAN_POINT('Origin',(98.,-95.,21.5600000000001));
#16784=CARTESIAN_POINT('',(118.,-95.,25.5600000000001));
#16785=CARTESIAN_POINT('',(108.,-95.,25.5600000000001));
#16786=CARTESIAN_POINT('Origin',(118.,-95.,21.5600000000001));
#16787=CARTESIAN_POINT('Origin',(108.,-99.,25.56));
#16788=CARTESIAN_POINT('',(118.,-91.75,25.5600000000001));
#16789=CARTESIAN_POINT('',(98.,-77.2499999999999,25.5600000000001));
#16790=CARTESIAN_POINT('Origin',(108.,-84.8,15.8202933675582));
#16791=CARTESIAN_POINT('',(115.5,-84.8104698490108,16.1201106156639));
#16792=CARTESIAN_POINT('Origin',(115.5,-84.8,15.8202933675582));
#16793=CARTESIAN_POINT('',(118.,-84.8104698490108,16.1201106156639));
#16794=CARTESIAN_POINT('',(108.,-84.8104698490108,16.1201106156639));
#16795=CARTESIAN_POINT('Origin',(118.,-84.8,15.8202933675582));
#16796=CARTESIAN_POINT('Origin',(108.,-85.1,16.1100000000002));
#16797=CARTESIAN_POINT('',(115.5,-70.3104698490107,16.6264617733001));
#16798=CARTESIAN_POINT('',(115.5,-77.5164698701006,16.3748227076032));
#16799=CARTESIAN_POINT('',(118.,-70.3104698490107,16.6264617733001));
#16800=CARTESIAN_POINT('',(108.,-70.3104698490107,16.6264617733001));
#16801=CARTESIAN_POINT('',(118.,-84.81911244478,16.1198088095693));
#16802=CARTESIAN_POINT('Origin',(108.,-84.8,17.0206590941357));
#16803=CARTESIAN_POINT('',(115.5,-84.789530150989,16.72084184603));
#16804=CARTESIAN_POINT('Origin',(115.5,-84.8,17.0206590941357));
#16805=CARTESIAN_POINT('',(118.,-84.789530150989,16.72084184603));
#16806=CARTESIAN_POINT('Origin',(118.,-84.8,17.0206590941357));
#16807=CARTESIAN_POINT('',(108.,-84.789530150989,16.72084184603));
#16808=CARTESIAN_POINT('Origin',(108.,-84.8,13.4206590941374));
#16809=CARTESIAN_POINT('',(115.5,-84.7895301509892,13.1208418460316));
#16810=CARTESIAN_POINT('Origin',(115.5,-84.8,13.4206590941374));
#16811=CARTESIAN_POINT('',(118.,-84.7895301509892,13.1208418460316));
#16812=CARTESIAN_POINT('Origin',(118.,-84.8,13.4206590941374));
#16813=CARTESIAN_POINT('',(108.,-84.7895301509892,13.1208418460316));
#16814=CARTESIAN_POINT('Origin',(108.,-84.8,12.2202933675579));
#16815=CARTESIAN_POINT('',(115.5,-84.8104698490107,12.5201106156636));
#16816=CARTESIAN_POINT('Origin',(115.5,-84.8,12.2202933675579));
#16817=CARTESIAN_POINT('',(118.,-84.8104698490107,12.5201106156636));
#16818=CARTESIAN_POINT('',(108.,-84.8104698490107,12.5201106156636));
#16819=CARTESIAN_POINT('Origin',(118.,-84.8,12.2202933675579));
#16820=CARTESIAN_POINT('Origin',(108.,-85.1,12.51));
#16821=CARTESIAN_POINT('',(115.5,-70.3104698490106,13.0264617732939));
#16822=CARTESIAN_POINT('',(115.5,-77.4536890437312,12.7770150623661));
#16823=CARTESIAN_POINT('',(118.,-70.3104698490106,13.0264617732939));
#16824=CARTESIAN_POINT('',(108.,-70.3104698490106,13.0264617732939));
#16825=CARTESIAN_POINT('',(118.,-84.75633161841,12.5220011643351));
#16826=CARTESIAN_POINT('Origin',(108.,-84.8,17.0206590941357));
#16827=CARTESIAN_POINT('',(100.5,-84.789530150989,16.72084184603));
#16828=CARTESIAN_POINT('Origin',(100.5,-84.8,17.0206590941357));
#16829=CARTESIAN_POINT('',(98.,-84.789530150989,16.72084184603));
#16830=CARTESIAN_POINT('',(108.,-84.789530150989,16.72084184603));
#16831=CARTESIAN_POINT('Origin',(98.,-84.8,17.0206590941357));
#16832=CARTESIAN_POINT('Origin',(108.,-69.9999999999999,17.2373036193336));
#16833=CARTESIAN_POINT('',(100.5,-70.2895301509889,17.2271930036698));
#16834=CARTESIAN_POINT('',(100.5,-77.5177376308926,16.9747784364208));
#16835=CARTESIAN_POINT('',(98.,-70.2895301509889,17.2271930036698));
#16836=CARTESIAN_POINT('',(108.,-70.2895301509889,17.2271930036698));
#16837=CARTESIAN_POINT('',(98.,-84.8295759158419,16.7194434171064));
#16838=CARTESIAN_POINT('Origin',(108.,-84.8,15.8202933675582));
#16839=CARTESIAN_POINT('',(100.5,-84.8104698490108,16.1201106156639));
#16840=CARTESIAN_POINT('Origin',(100.5,-84.8,15.8202933675582));
#16841=CARTESIAN_POINT('',(98.,-84.8104698490108,16.1201106156639));
#16842=CARTESIAN_POINT('Origin',(98.,-84.8,15.8202933675582));
#16843=CARTESIAN_POINT('',(108.,-84.8104698490108,16.1201106156639));
#16844=CARTESIAN_POINT('Origin',(108.,-84.8,13.4206590941374));
#16845=CARTESIAN_POINT('',(100.5,-84.7895301509892,13.1208418460316));
#16846=CARTESIAN_POINT('Origin',(100.5,-84.8,13.4206590941374));
#16847=CARTESIAN_POINT('',(98.,-84.7895301509892,13.1208418460316));
#16848=CARTESIAN_POINT('',(108.,-84.7895301509892,13.1208418460316));
#16849=CARTESIAN_POINT('Origin',(98.,-84.8,13.4206590941374));
#16850=CARTESIAN_POINT('Origin',(108.,-69.9999999999999,13.6373036193252));
#16851=CARTESIAN_POINT('',(100.5,-70.2895301509891,13.6271930036616));
#16852=CARTESIAN_POINT('',(100.5,-77.4549568045236,13.3769707911837));
#16853=CARTESIAN_POINT('',(98.,-70.2895301509891,13.6271930036616));
#16854=CARTESIAN_POINT('',(108.,-70.2895301509891,13.6271930036616));
#16855=CARTESIAN_POINT('',(98.,-84.7667950894717,13.1216357718743));
#16856=CARTESIAN_POINT('Origin',(108.,-84.8,12.2202933675579));
#16857=CARTESIAN_POINT('',(100.5,-84.8104698490107,12.5201106156636));
#16858=CARTESIAN_POINT('Origin',(100.5,-84.8,12.2202933675579));
#16859=CARTESIAN_POINT('',(98.,-84.8104698490107,12.5201106156636));
#16860=CARTESIAN_POINT('Origin',(98.,-84.8,12.2202933675579));
#16861=CARTESIAN_POINT('',(108.,-84.8104698490107,12.5201106156636));
#16862=CARTESIAN_POINT('Origin',(108.,-70.2999999999999,17.5270102517755));
#16863=CARTESIAN_POINT('',(115.5,-70.2895301509889,17.2271930036698));
#16864=CARTESIAN_POINT('Origin',(115.5,-70.2999999999999,17.5270102517755));
#16865=CARTESIAN_POINT('',(118.,-70.2895301509889,17.2271930036698));
#16866=CARTESIAN_POINT('',(108.,-70.2895301509889,17.2271930036698));
#16867=CARTESIAN_POINT('Origin',(118.,-70.2999999999999,17.5270102517755));
#16868=CARTESIAN_POINT('Origin',(108.,-69.9999999999999,17.2373036193336));
#16869=CARTESIAN_POINT('',(118.,-77.2795759158418,16.983095226774));
#16870=CARTESIAN_POINT('',(115.5,-69.9769333411622,17.2381091248098));
#16871=CARTESIAN_POINT('Origin',(108.,-70.2999999999999,16.3266445251944));
#16872=CARTESIAN_POINT('Origin',(115.5,-70.2999999999999,16.3266445251944));
#16873=CARTESIAN_POINT('Origin',(118.,-70.2999999999999,16.3266445251944));
#16874=CARTESIAN_POINT('Origin',(108.,-70.2999999999999,17.5270102517755));
#16875=CARTESIAN_POINT('Origin',(100.5,-70.2999999999999,17.5270102517755));
#16876=CARTESIAN_POINT('Origin',(98.,-70.2999999999999,17.5270102517755));
#16877=CARTESIAN_POINT('Origin',(108.,-70.2999999999999,16.3266445251944));
#16878=CARTESIAN_POINT('',(100.5,-70.3104698490107,16.6264617733001));
#16879=CARTESIAN_POINT('Origin',(100.5,-70.2999999999999,16.3266445251944));
#16880=CARTESIAN_POINT('',(98.,-70.3104698490107,16.6264617733001));
#16881=CARTESIAN_POINT('',(108.,-70.3104698490107,16.6264617733001));
#16882=CARTESIAN_POINT('Origin',(98.,-70.2999999999999,16.3266445251944));
#16883=CARTESIAN_POINT('Origin',(108.,-85.1,16.1100000000002));
#16884=CARTESIAN_POINT('',(98.,-77.2691124447799,16.383460619235));
#16885=CARTESIAN_POINT('',(100.5,-85.0572741598312,16.1114920192161));
#16886=CARTESIAN_POINT('Origin',(108.,-70.2999999999999,13.9270102517673));
#16887=CARTESIAN_POINT('',(115.5,-70.2895301509891,13.6271930036616));
#16888=CARTESIAN_POINT('Origin',(115.5,-70.2999999999999,13.9270102517673));
#16889=CARTESIAN_POINT('',(118.,-70.2895301509891,13.6271930036616));
#16890=CARTESIAN_POINT('',(108.,-70.2895301509891,13.6271930036616));
#16891=CARTESIAN_POINT('Origin',(118.,-70.2999999999999,13.9270102517673));
#16892=CARTESIAN_POINT('Origin',(108.,-69.9999999999999,13.6373036193252));
#16893=CARTESIAN_POINT('',(118.,-77.2167950894716,13.3852875815368));
#16894=CARTESIAN_POINT('',(115.5,-69.9141525147928,13.6403014795675));
#16895=CARTESIAN_POINT('Origin',(108.,-70.2999999999999,12.7266445251882));
#16896=CARTESIAN_POINT('Origin',(115.5,-70.2999999999999,12.7266445251882));
#16897=CARTESIAN_POINT('Origin',(118.,-70.2999999999999,12.7266445251882));
#16898=CARTESIAN_POINT('Origin',(108.,-70.2999999999999,13.9270102517673));
#16899=CARTESIAN_POINT('Origin',(100.5,-70.2999999999999,13.9270102517673));
#16900=CARTESIAN_POINT('Origin',(98.,-70.2999999999999,13.9270102517673));
#16901=CARTESIAN_POINT('Origin',(108.,-70.2999999999999,12.7266445251882));
#16902=CARTESIAN_POINT('',(100.5,-70.3104698490106,13.0264617732939));
#16903=CARTESIAN_POINT('Origin',(100.5,-70.2999999999999,12.7266445251882));
#16904=CARTESIAN_POINT('',(98.,-70.3104698490106,13.0264617732939));
#16905=CARTESIAN_POINT('',(108.,-70.3104698490106,13.0264617732939));
#16906=CARTESIAN_POINT('Origin',(98.,-70.2999999999999,12.7266445251882));
#16907=CARTESIAN_POINT('Origin',(108.,-85.1,12.51));
#16908=CARTESIAN_POINT('',(98.,-77.20633161841,12.7856529739978));
#16909=CARTESIAN_POINT('',(100.5,-84.994493333462,12.513684373982));
#16910=CARTESIAN_POINT('Origin',(118.,-74.,1.51));
#16911=CARTESIAN_POINT('',(118.,-72.,-2.2));
#16912=CARTESIAN_POINT('',(118.,-76.,-2.2));
#16913=CARTESIAN_POINT('Origin',(118.,-74.,-2.2));
#16914=CARTESIAN_POINT('',(118.,-72.,1.51));
#16915=CARTESIAN_POINT('',(118.,-76.,1.51));
#16916=CARTESIAN_POINT('Origin',(108.,-74.,1.51));
#16917=CARTESIAN_POINT('',(110.,-74.,-2.2));
#16918=CARTESIAN_POINT('',(110.,-74.,1.51));
#16919=CARTESIAN_POINT('Origin',(108.,-74.,-2.2));
#16920=CARTESIAN_POINT('Origin',(98.,-74.,1.51));
#16921=CARTESIAN_POINT('',(98.,-76.,-2.2));
#16922=CARTESIAN_POINT('',(98.,-72.,-2.2));
#16923=CARTESIAN_POINT('Origin',(98.,-74.,-2.2));
#16924=CARTESIAN_POINT('',(98.,-76.,1.51));
#16925=CARTESIAN_POINT('',(98.,-72.,1.51));
#16926=CARTESIAN_POINT('Origin',(118.,-102.,0.));
#16927=CARTESIAN_POINT('',(118.,-67.,-2.2));
#16928=CARTESIAN_POINT('',(118.,-67.,-2.2));
#16929=CARTESIAN_POINT('',(118.,-67.,0.));
#16930=CARTESIAN_POINT('Origin',(98.,-67.,0.));
#16931=CARTESIAN_POINT('',(98.,-102.,-2.2));
#16932=CARTESIAN_POINT('',(98.,-102.,-2.2));
#16933=CARTESIAN_POINT('',(98.,-102.,1.51));
#16934=CARTESIAN_POINT('',(98.,-102.,0.));
#16935=CARTESIAN_POINT('',(98.,-75.75,1.51));
#16936=CARTESIAN_POINT('',(98.,-90.6,15.56));
#16937=CARTESIAN_POINT('',(98.,-86.3,15.56));
#16938=CARTESIAN_POINT('',(98.,-90.6,18.56));
#16939=CARTESIAN_POINT('',(98.,-90.6,15.2975));
#16940=CARTESIAN_POINT('',(98.,-87.55,18.56));
#16941=CARTESIAN_POINT('',(98.,-88.6,15.01));
#16942=CARTESIAN_POINT('',(98.,-91.75,15.01));
#16943=CARTESIAN_POINT('',(98.,-88.6,12.01));
#16944=CARTESIAN_POINT('',(98.,-88.6,15.0225));
#16945=CARTESIAN_POINT('',(98.,-102.,12.01));
#16946=CARTESIAN_POINT('',(98.,-86.55,12.01));
#16947=CARTESIAN_POINT('',(98.,-102.,28.5600000000001));
#16948=CARTESIAN_POINT('',(98.,-102.,13.5225));
#16949=CARTESIAN_POINT('',(98.,-67.,28.5600000000001));
#16950=CARTESIAN_POINT('',(98.,-93.25,28.5600000000001));
#16951=CARTESIAN_POINT('',(98.,-67.,21.7975));
#16952=CARTESIAN_POINT('Origin',(98.,-67.,0.));
#16953=CARTESIAN_POINT('',(98.,-67.,-2.2));
#16954=CARTESIAN_POINT('',(98.,-67.,0.));
#16955=CARTESIAN_POINT('',(98.,-102.,-2.2));
#16956=CARTESIAN_POINT('Origin',(115.15,-85.1,5.61));
#16957=CARTESIAN_POINT('',(100.85,-85.1,5.61000000000005));
#16958=CARTESIAN_POINT('Origin',(102.280908802125,-85.1,3.56000000000002));
#16959=CARTESIAN_POINT('',(99.8,-86.7928480087538,3.25163087778306));
#16960=CARTESIAN_POINT('Ctrl Pts',(99.8,-86.7928480087538,3.25163087778306));
#16961=CARTESIAN_POINT('Ctrl Pts',(99.8389659868728,-86.7956384210319,2.93813950380514));
#16962=CARTESIAN_POINT('Ctrl Pts',(99.939916673262,-86.8036423164623,2.62635191747301));
#16963=CARTESIAN_POINT('Ctrl Pts',(100.197712445456,-86.794907932607,2.16168660124378));
#16964=CARTESIAN_POINT('Ctrl Pts',(100.324317279504,-86.7849566661209,1.98991834113185));
#16965=CARTESIAN_POINT('Ctrl Pts',(100.585688027004,-86.7406708645286,1.71458176774988));
#16966=CARTESIAN_POINT('Ctrl Pts',(100.714961584323,-86.7108884864623,1.6042573939599));
#16967=CARTESIAN_POINT('Ctrl Pts',(100.85,-86.6678643143909,1.51000000000002));
#16968=CARTESIAN_POINT('',(99.8,-85.1,3.25163087778306));
#16969=CARTESIAN_POINT('Origin',(110.825,-94.741351542557,12.51));
#16970=CARTESIAN_POINT('',(110.825,-90.6,17.81));
#16971=CARTESIAN_POINT('',(110.825,-90.6,15.56));
#16972=CARTESIAN_POINT('',(110.825,-90.6,15.535));
#16973=CARTESIAN_POINT('',(110.825,-89.391351542557,17.81));
#16974=CARTESIAN_POINT('',(110.825,-93.478851542557,17.81));
#16975=CARTESIAN_POINT('',(110.825,-89.391351542557,15.56));
#16976=CARTESIAN_POINT('',(110.825,-89.391351542557,12.51));
#16977=CARTESIAN_POINT('',(110.825,-92.6706757712785,15.56));
#16978=CARTESIAN_POINT('Origin',(105.175,-89.691351542557,12.51));
#16979=CARTESIAN_POINT('',(105.175,-90.6,15.56));
#16980=CARTESIAN_POINT('',(105.175,-90.6,17.81));
#16981=CARTESIAN_POINT('',(105.175,-90.6,15.535));
#16982=CARTESIAN_POINT('',(105.175,-89.391351542557,15.56));
#16983=CARTESIAN_POINT('',(105.175,-90.1456757712785,15.56));
#16984=CARTESIAN_POINT('',(105.175,-89.391351542557,17.81));
#16985=CARTESIAN_POINT('',(105.175,-89.391351542557,12.51));
#16986=CARTESIAN_POINT('',(105.175,-90.953851542557,17.81));
#16987=CARTESIAN_POINT('Origin',(105.475,-89.691351542557,12.51));
#16988=CARTESIAN_POINT('',(105.475,-94.741351542557,15.01));
#16989=CARTESIAN_POINT('',(105.475,-89.691351542557,15.01));
#16990=CARTESIAN_POINT('',(105.475,-89.1456757712785,15.01));
#16991=CARTESIAN_POINT('',(105.475,-94.741351542557,12.01));
#16992=CARTESIAN_POINT('',(105.475,-94.741351542557,12.51));
#16993=CARTESIAN_POINT('',(105.475,-89.691351542557,12.01));
#16994=CARTESIAN_POINT('',(105.475,-95.8456757712785,12.01));
#16995=CARTESIAN_POINT('',(105.475,-89.691351542557,12.51));
#16996=CARTESIAN_POINT('Origin',(110.525,-89.391351542557,12.51));
#16997=CARTESIAN_POINT('',(109.2625,-89.391351542557,15.56));
#16998=CARTESIAN_POINT('',(109.2625,-89.391351542557,17.81));
#16999=CARTESIAN_POINT('Origin',(110.525,-89.691351542557,12.51));
#17000=CARTESIAN_POINT('',(110.525,-89.691351542557,15.01));
#17001=CARTESIAN_POINT('',(109.2625,-89.691351542557,15.01));
#17002=CARTESIAN_POINT('',(110.525,-89.691351542557,12.01));
#17003=CARTESIAN_POINT('',(109.2625,-89.691351542557,12.01));
#17004=CARTESIAN_POINT('',(110.525,-89.691351542557,12.51));
#17005=CARTESIAN_POINT('Origin',(110.525,-94.741351542557,12.51));
#17006=CARTESIAN_POINT('',(110.525,-94.741351542557,15.01));
#17007=CARTESIAN_POINT('',(110.525,-91.6706757712785,15.01));
#17008=CARTESIAN_POINT('',(110.525,-94.741351542557,12.01));
#17009=CARTESIAN_POINT('',(110.525,-98.3706757712785,12.01));
#17010=CARTESIAN_POINT('',(110.525,-94.741351542557,12.51));
#17011=CARTESIAN_POINT('Origin',(105.475,-94.741351542557,12.51));
#17012=CARTESIAN_POINT('',(106.7375,-94.741351542557,15.01));
#17013=CARTESIAN_POINT('',(106.7375,-94.741351542557,12.01));
#17014=CARTESIAN_POINT('Origin',(108.,-92.216351542557,17.81));
#17015=CARTESIAN_POINT('',(108.,-90.6,17.81));
#17016=CARTESIAN_POINT('Origin',(108.,-90.6,15.56));
#17017=CARTESIAN_POINT('',(118.,-90.6,15.56));
#17018=CARTESIAN_POINT('',(118.,-87.55,15.56));
#17019=CARTESIAN_POINT('',(108.,-90.6,15.56));
#17020=CARTESIAN_POINT('',(108.,-90.6,15.56));
#17021=CARTESIAN_POINT('Origin',(100.5,-85.1,18.56));
#17022=CARTESIAN_POINT('Origin',(100.5,-85.1,18.56));
#17023=CARTESIAN_POINT('Origin',(115.5,-70.,18.5600000000001));
#17024=CARTESIAN_POINT('Origin',(115.5,-70.,18.5600000000001));
#17025=CARTESIAN_POINT('Origin',(108.,-90.6,18.56));
#17026=CARTESIAN_POINT('',(118.,-90.6,18.56));
#17027=CARTESIAN_POINT('',(118.,-90.6,16.7975));
#17028=CARTESIAN_POINT('',(108.,-90.6,18.56));
#17029=CARTESIAN_POINT('Origin',(108.,-85.1,18.56));
#17030=CARTESIAN_POINT('',(118.,-84.8,18.56));
#17031=CARTESIAN_POINT('Origin',(108.,-88.6,15.01));
#17032=CARTESIAN_POINT('',(118.,-88.6,15.01));
#17033=CARTESIAN_POINT('',(118.,-86.55,15.01));
#17034=CARTESIAN_POINT('',(108.,-88.6,15.01));
#17035=CARTESIAN_POINT('Origin',(108.,-88.6,12.01));
#17036=CARTESIAN_POINT('',(118.,-88.6,12.01));
#17037=CARTESIAN_POINT('',(118.,-88.6,13.5225));
#17038=CARTESIAN_POINT('',(108.,-88.6,12.01));
#17039=CARTESIAN_POINT('Origin',(108.,-102.,12.01));
#17040=CARTESIAN_POINT('',(118.,-102.,12.01));
#17041=CARTESIAN_POINT('',(118.,-93.25,12.01));
#17042=CARTESIAN_POINT('',(108.,-102.,12.01));
#17043=CARTESIAN_POINT('Origin',(108.,-102.,28.5600000000001));
#17044=CARTESIAN_POINT('',(118.,-102.,28.5600000000001));
#17045=CARTESIAN_POINT('',(118.,-102.,21.7975));
#17046=CARTESIAN_POINT('',(108.,-102.,28.5600000000001));
#17047=CARTESIAN_POINT('Origin',(108.,-67.,28.5600000000001));
#17048=CARTESIAN_POINT('',(118.,-67.,28.5600000000001));
#17049=CARTESIAN_POINT('',(118.,-75.75,28.5600000000001));
#17050=CARTESIAN_POINT('',(108.,-67.,28.5600000000001));
#17051=CARTESIAN_POINT('Origin',(108.,-67.,12.01));
#17052=CARTESIAN_POINT('',(118.,-67.,13.5225));
#17053=CARTESIAN_POINT('Origin',(108.,-84.5,1.51));
#17054=CARTESIAN_POINT('',(100.917157287525,-102.,1.51));
#17055=CARTESIAN_POINT('',(103.,-102.,1.51));
#17056=CARTESIAN_POINT('',(100.917157287525,-100.2,1.51));
#17057=CARTESIAN_POINT('',(100.917157287525,-93.25,1.51));
#17058=CARTESIAN_POINT('',(99.8,-99.0828427124746,1.51));
#17059=CARTESIAN_POINT('',(98.7628679656442,-98.0457106781188,1.51));
#17060=CARTESIAN_POINT('',(99.8,-95.9171572875254,1.51));
#17061=CARTESIAN_POINT('',(99.8,-91.7914213562373,1.51));
#17062=CARTESIAN_POINT('',(100.8,-94.9171572875254,1.51));
#17063=CARTESIAN_POINT('',(104.704289321881,-91.012867965644,1.51));
#17064=CARTESIAN_POINT('',(100.8,-93.0828427124747,1.51));
#17065=CARTESIAN_POINT('',(100.8,-89.7085786437627,1.51));
#17066=CARTESIAN_POINT('',(99.8,-92.0828427124746,1.51));
#17067=CARTESIAN_POINT('',(100.454289321881,-92.737132034356,1.51));
#17068=CARTESIAN_POINT('',(99.8,-88.2914213562373,1.51));
#17069=CARTESIAN_POINT('Origin',(114.227842712475,-92.35,0.655));
#17070=CARTESIAN_POINT('',(113.372842712475,-101.91,-0.2));
#17071=CARTESIAN_POINT('',(116.22689514165,-99.0559475708249,2.65405242917512));
#17072=CARTESIAN_POINT('',(113.372842712475,-102.,-0.2));
#17073=CARTESIAN_POINT('',(113.372842712475,-92.35,-0.2));
#17074=CARTESIAN_POINT('',(110.007132034356,-102.,-3.56571067811864));
#17075=CARTESIAN_POINT('Origin',(108.,-84.5,-0.2));
#17076=CARTESIAN_POINT('',(116.2,-99.0828427124746,-0.2));
#17077=CARTESIAN_POINT('',(116.2,-99.0828427124746,-0.2));
#17078=CARTESIAN_POINT('',(116.2,-95.9171572875254,-0.2));
#17079=CARTESIAN_POINT('',(116.2,-95.9171572875254,-0.2));
#17080=CARTESIAN_POINT('',(115.2,-94.9171572875254,-0.2));
#17081=CARTESIAN_POINT('',(115.2,-94.9171572875254,-0.2));
#17082=CARTESIAN_POINT('',(115.2,-93.0828427124746,-0.2));
#17083=CARTESIAN_POINT('',(115.2,-93.0828427124746,-0.2));
#17084=CARTESIAN_POINT('',(116.2,-92.0828427124746,-0.2));
#17085=CARTESIAN_POINT('',(116.2,-92.0828427124746,-0.2));
#17086=CARTESIAN_POINT('',(116.2,-86.7928480087538,-0.2));
#17087=CARTESIAN_POINT('',(116.2,-86.7928480087538,-0.2));
#17088=CARTESIAN_POINT('',(116.2,-81.2071519912462,-0.2));
#17089=CARTESIAN_POINT('Origin',(116.,-84.,-0.2));
#17090=CARTESIAN_POINT('',(116.2,-79.9171572875254,-0.2));
#17091=CARTESIAN_POINT('',(116.2,-79.9171572875254,-0.2));
#17092=CARTESIAN_POINT('',(115.082842712475,-78.8,-0.2));
#17093=CARTESIAN_POINT('',(115.082842712475,-78.8,-0.2));
#17094=CARTESIAN_POINT('',(100.917157287525,-78.8,-0.2));
#17095=CARTESIAN_POINT('',(100.917157287525,-78.8,-0.2));
#17096=CARTESIAN_POINT('',(99.8,-79.9171572875254,-0.2));
#17097=CARTESIAN_POINT('',(99.8,-79.9171572875254,-0.2));
#17098=CARTESIAN_POINT('',(99.8,-81.2071519912462,-0.2));
#17099=CARTESIAN_POINT('',(99.8,-81.2071519912462,-0.2));
#17100=CARTESIAN_POINT('',(99.8,-86.7928480087538,-0.2));
#17101=CARTESIAN_POINT('Origin',(100.,-84.,-0.2));
#17102=CARTESIAN_POINT('',(99.8,-92.0828427124746,-0.2));
#17103=CARTESIAN_POINT('',(99.8,-92.0828427124746,-0.2));
#17104=CARTESIAN_POINT('',(100.8,-93.0828427124747,-0.2));
#17105=CARTESIAN_POINT('',(100.8,-93.0828427124747,-0.2));
#17106=CARTESIAN_POINT('',(100.8,-94.9171572875254,-0.2));
#17107=CARTESIAN_POINT('',(100.8,-94.9171572875254,-0.2));
#17108=CARTESIAN_POINT('',(99.8,-95.9171572875254,-0.2));
#17109=CARTESIAN_POINT('',(99.8,-95.9171572875254,-0.2));
#17110=CARTESIAN_POINT('',(99.8,-99.0828427124746,-0.2));
#17111=CARTESIAN_POINT('',(99.8,-99.0828427124746,-0.2));
#17112=CARTESIAN_POINT('',(102.627157287525,-101.91,-0.2));
#17113=CARTESIAN_POINT('',(100.917157287525,-100.2,-0.2));
#17114=CARTESIAN_POINT('',(102.627157287525,-102.,-0.2));
#17115=CARTESIAN_POINT('',(102.627157287525,-93.25,-0.2));
#17116=CARTESIAN_POINT('',(118.,-102.,-0.2));
#17117=CARTESIAN_POINT('',(100.85,-89.56,-0.2));
#17118=CARTESIAN_POINT('Origin',(102.35,-89.56,-0.2));
#17119=CARTESIAN_POINT('',(104.335,-97.35,-0.2));
#17120=CARTESIAN_POINT('Origin',(107.96,-97.35,-0.2));
#17121=CARTESIAN_POINT('',(112.2,-89.56,-0.2));
#17122=CARTESIAN_POINT('Origin',(113.7,-89.56,-0.2));
#17123=CARTESIAN_POINT('Origin',(101.772157287525,-93.25,0.655));
#17124=CARTESIAN_POINT('',(100.295490620859,-99.5783333333334,2.13166666666663));
#17125=CARTESIAN_POINT('',(100.992867965644,-102.,1.43428932188135));
#17126=CARTESIAN_POINT('Origin',(102.35,-89.56,-0.2));
#17127=CARTESIAN_POINT('',(100.85,-89.56,-2.2));
#17128=CARTESIAN_POINT('Origin',(102.35,-89.56,-2.2));
#17129=CARTESIAN_POINT('',(100.85,-89.56,-0.2));
#17130=CARTESIAN_POINT('Origin',(107.96,-97.35,-0.2));
#17131=CARTESIAN_POINT('',(104.335,-97.35,-2.2));
#17132=CARTESIAN_POINT('Origin',(107.96,-97.35,-2.2));
#17133=CARTESIAN_POINT('',(104.335,-97.35,-0.2));
#17134=CARTESIAN_POINT('Origin',(113.7,-89.56,-0.2));
#17135=CARTESIAN_POINT('',(112.2,-89.56,-2.2));
#17136=CARTESIAN_POINT('Origin',(113.7,-89.56,-2.2));
#17137=CARTESIAN_POINT('',(112.2,-89.56,-0.2));
#17138=CARTESIAN_POINT('Origin',(108.,-84.5,-2.2));
#17139=CARTESIAN_POINT('',(118.,-102.,-2.2));
#17140=CARTESIAN_POINT('',(118.,-67.,-2.2));
#17141=CARTESIAN_POINT('',(118.,-102.,-2.2));
#17142=CARTESIAN_POINT('',(98.,-67.,-2.2));
#17143=CARTESIAN_POINT('Origin',(98.,-102.,0.));
#17144=CARTESIAN_POINT('',(118.,-102.,0.));
#17145=CARTESIAN_POINT('Origin',(118.,-67.,0.));
#17146=CARTESIAN_POINT('Origin',(118.,-102.,0.));
#17147=CARTESIAN_POINT('Origin',(116.2,-99.0828427124746,0.));
#17148=CARTESIAN_POINT('',(116.2,-99.0828427124746,0.));
#17149=CARTESIAN_POINT('Origin',(116.2,-95.9171572875254,0.));
#17150=CARTESIAN_POINT('',(116.2,-95.9171572875254,0.));
#17151=CARTESIAN_POINT('Origin',(115.2,-94.9171572875254,0.));
#17152=CARTESIAN_POINT('',(115.2,-94.9171572875254,0.));
#17153=CARTESIAN_POINT('Origin',(115.2,-93.0828427124746,0.));
#17154=CARTESIAN_POINT('',(115.2,-93.0828427124746,0.));
#17155=CARTESIAN_POINT('Origin',(116.2,-92.0828427124746,0.));
#17156=CARTESIAN_POINT('',(116.2,-92.0828427124746,0.));
#17157=CARTESIAN_POINT('Origin',(116.2,-86.7928480087538,0.));
#17158=CARTESIAN_POINT('',(116.2,-86.7928480087538,0.));
#17159=CARTESIAN_POINT('Origin',(116.,-84.,0.));
#17160=CARTESIAN_POINT('',(116.2,-81.2071519912462,0.));
#17161=CARTESIAN_POINT('Origin',(116.2,-79.9171572875254,0.));
#17162=CARTESIAN_POINT('',(116.2,-79.9171572875254,0.));
#17163=CARTESIAN_POINT('Origin',(115.082842712475,-78.8,0.));
#17164=CARTESIAN_POINT('',(115.082842712475,-78.8,0.));
#17165=CARTESIAN_POINT('Origin',(100.917157287525,-78.8,0.));
#17166=CARTESIAN_POINT('',(100.917157287525,-78.8,0.));
#17167=CARTESIAN_POINT('Origin',(99.8,-79.9171572875254,0.));
#17168=CARTESIAN_POINT('',(99.8,-79.9171572875254,0.));
#17169=CARTESIAN_POINT('Origin',(99.8,-81.2071519912462,0.));
#17170=CARTESIAN_POINT('',(99.8,-81.2071519912462,0.));
#17171=CARTESIAN_POINT('Origin',(100.,-84.,0.));
#17172=CARTESIAN_POINT('',(99.8,-86.7928480087538,0.));
#17173=CARTESIAN_POINT('Origin',(99.8,-92.0828427124746,0.));
#17174=CARTESIAN_POINT('',(99.8,-92.0828427124746,0.));
#17175=CARTESIAN_POINT('Origin',(100.8,-93.0828427124747,0.));
#17176=CARTESIAN_POINT('',(100.8,-93.0828427124747,0.));
#17177=CARTESIAN_POINT('Origin',(100.8,-94.9171572875254,0.));
#17178=CARTESIAN_POINT('',(100.8,-94.9171572875254,0.));
#17179=CARTESIAN_POINT('Origin',(99.8,-95.9171572875254,0.));
#17180=CARTESIAN_POINT('',(99.8,-95.9171572875254,0.));
#17181=CARTESIAN_POINT('Origin',(99.8,-99.0828427124746,0.));
#17182=CARTESIAN_POINT('',(99.8,-99.0828427124746,0.));
#17183=CARTESIAN_POINT('Origin',(100.917157287525,-100.2,0.));
#17184=CARTESIAN_POINT('Origin',(100.88,-88.1,4.33500000000001));
#17185=CARTESIAN_POINT('',(100.88,-85.1,1.73586882924275));
#17186=CARTESIAN_POINT('',(100.88,-85.1,4.335));
#17187=CARTESIAN_POINT('',(100.88,-85.1,3.94749999999996));
#17188=CARTESIAN_POINT('',(100.88,-88.1,4.33500000000001));
#17189=CARTESIAN_POINT('',(100.88,-88.1,4.33500000000001));
#17190=CARTESIAN_POINT('',(100.88,-88.1,1.73586882924275));
#17191=CARTESIAN_POINT('',(100.88,-88.1,1.59500000000001));
#17192=CARTESIAN_POINT('',(100.88,-88.1,1.73586882924275));
#17193=CARTESIAN_POINT('Origin',(103.82,-88.1,4.33500000000001));
#17194=CARTESIAN_POINT('',(103.82,-85.1,4.335));
#17195=CARTESIAN_POINT('',(105.909999990411,-85.1,4.335));
#17196=CARTESIAN_POINT('',(103.82,-88.1,4.33500000000001));
#17197=CARTESIAN_POINT('',(103.82,-88.1,4.33500000000001));
#17198=CARTESIAN_POINT('',(100.88,-88.1,4.33500000000001));
#17199=CARTESIAN_POINT('Origin',(103.82,-88.1,1.71000000000001));
#17200=CARTESIAN_POINT('',(103.82,-85.1,1.71));
#17201=CARTESIAN_POINT('',(103.82,-85.1,2.63499999999996));
#17202=CARTESIAN_POINT('',(103.82,-88.1,1.71000000000001));
#17203=CARTESIAN_POINT('',(103.82,-88.1,1.71000000000001));
#17204=CARTESIAN_POINT('',(103.82,-88.1,4.33500000000001));
#17205=CARTESIAN_POINT('Origin',(104.8,-88.1,1.71000000000001));
#17206=CARTESIAN_POINT('',(104.8,-85.1,1.71));
#17207=CARTESIAN_POINT('',(106.399999990411,-85.1,1.71));
#17208=CARTESIAN_POINT('',(104.8,-88.1,1.71000000000001));
#17209=CARTESIAN_POINT('',(104.8,-88.1,1.71000000000001));
#17210=CARTESIAN_POINT('',(100.914343765254,-88.1,1.71000000000001));
#17211=CARTESIAN_POINT('Origin',(104.8,-88.1,4.75500000000001));
#17212=CARTESIAN_POINT('',(104.8,-85.1,4.755));
#17213=CARTESIAN_POINT('',(104.8,-85.1,4.15749999999996));
#17214=CARTESIAN_POINT('',(104.8,-88.1,4.75500000000001));
#17215=CARTESIAN_POINT('',(104.8,-88.1,4.75500000000001));
#17216=CARTESIAN_POINT('',(104.8,-88.1,2.85500000000001));
#17217=CARTESIAN_POINT('Origin',(111.2,-88.1,4.75500000000001));
#17218=CARTESIAN_POINT('',(111.2,-85.1,4.755));
#17219=CARTESIAN_POINT('',(109.599999990411,-85.1,4.755));
#17220=CARTESIAN_POINT('',(111.2,-88.1,4.75500000000001));
#17221=CARTESIAN_POINT('',(111.2,-88.1,4.75500000000001));
#17222=CARTESIAN_POINT('',(111.2,-88.1,4.75500000000001));
#17223=CARTESIAN_POINT('Origin',(111.2,-88.1,1.71000000000001));
#17224=CARTESIAN_POINT('',(111.2,-85.1,1.71));
#17225=CARTESIAN_POINT('',(111.2,-85.1,2.63499999999996));
#17226=CARTESIAN_POINT('',(111.2,-88.1,1.71000000000001));
#17227=CARTESIAN_POINT('',(111.2,-88.1,1.71000000000001));
#17228=CARTESIAN_POINT('',(111.2,-88.1,2.85500000000001));
#17229=CARTESIAN_POINT('Origin',(112.23,-88.1,1.71000000000001));
#17230=CARTESIAN_POINT('',(112.23,-85.1,1.71));
#17231=CARTESIAN_POINT('',(110.114999990411,-85.1,1.71));
#17232=CARTESIAN_POINT('',(112.23,-88.1,1.71000000000001));
#17233=CARTESIAN_POINT('',(112.23,-88.1,1.71000000000001));
#17234=CARTESIAN_POINT('',(100.914343765254,-88.1,1.71000000000001));
#17235=CARTESIAN_POINT('Origin',(112.23,-88.1,4.33500000000001));
#17236=CARTESIAN_POINT('',(112.23,-85.1,4.335));
#17237=CARTESIAN_POINT('',(112.23,-85.1,3.94749999999996));
#17238=CARTESIAN_POINT('',(112.23,-88.1,4.33500000000001));
#17239=CARTESIAN_POINT('',(112.23,-88.1,4.33500000000001));
#17240=CARTESIAN_POINT('',(112.23,-88.1,1.59500000000001));
#17241=CARTESIAN_POINT('Origin',(115.17,-88.1,4.33500000000001));
#17242=CARTESIAN_POINT('',(115.17,-85.1,4.335));
#17243=CARTESIAN_POINT('',(111.584999990411,-85.1,4.335));
#17244=CARTESIAN_POINT('',(115.17,-88.1,4.33500000000001));
#17245=CARTESIAN_POINT('',(115.17,-88.1,4.33500000000001));
#17246=CARTESIAN_POINT('',(112.23,-88.1,4.33500000000001));
#17247=CARTESIAN_POINT('Origin',(115.17,-88.1,1.77538137861532));
#17248=CARTESIAN_POINT('',(115.17,-85.1,1.77538137861531));
#17249=CARTESIAN_POINT('',(115.17,-85.1,2.66769068930761));
#17250=CARTESIAN_POINT('',(115.17,-88.1,1.77538137861532));
#17251=CARTESIAN_POINT('',(115.17,-88.1,1.77538137861532));
#17252=CARTESIAN_POINT('',(115.17,-88.1,4.33500000000001));
#17253=CARTESIAN_POINT('Origin',(113.719091108183,-88.1,3.55999999999992));
#17254=CARTESIAN_POINT('',(115.085656231456,-85.1,5.40999999999983));
#17255=CARTESIAN_POINT('Origin',(113.719091108183,-85.1,3.55999999999992));
#17256=CARTESIAN_POINT('',(115.085656231456,-88.1,5.40999999999983));
#17257=CARTESIAN_POINT('',(115.085656231456,-88.1,5.40999999999983));
#17258=CARTESIAN_POINT('Origin',(113.719091108183,-88.1,3.55999999999992));
#17259=CARTESIAN_POINT('Origin',(100.914343765254,-88.1,5.40999999999983));
#17260=CARTESIAN_POINT('',(100.914343765254,-85.1,5.40999999999983));
#17261=CARTESIAN_POINT('',(104.457171873038,-85.1,5.40999999999983));
#17262=CARTESIAN_POINT('',(100.914343765254,-88.1,5.40999999999983));
#17263=CARTESIAN_POINT('',(100.914343765254,-88.1,5.40999999999983));
#17264=CARTESIAN_POINT('',(115.085656231456,-88.1,5.40999999999983));
#17265=CARTESIAN_POINT('Origin',(102.280908802126,-88.1,3.55999999999992));
#17266=CARTESIAN_POINT('Origin',(102.280908802126,-85.1,3.55999999999991));
#17267=CARTESIAN_POINT('Origin',(102.280908802126,-88.1,3.55999999999992));
#17268=CARTESIAN_POINT('Origin',(107.999999980822,-88.1,3.55999999999992));
#17269=CARTESIAN_POINT('Origin',(107.999999980822,-85.1,3.55999999999991));
#17270=CARTESIAN_POINT('Origin',(105.7,-94.516351542557,16.81));
#17271=CARTESIAN_POINT('',(105.5,-94.516351542557,16.81));
#17272=CARTESIAN_POINT('',(105.7,-94.516351542557,17.01));
#17273=CARTESIAN_POINT('Origin',(105.7,-94.516351542557,16.81));
#17274=CARTESIAN_POINT('',(105.7,-94.716351542557,16.81));
#17275=CARTESIAN_POINT('Origin',(105.7,-94.516351542557,16.81));
#17276=CARTESIAN_POINT('Origin',(105.7,-94.516351542557,16.81));
#17277=CARTESIAN_POINT('Origin',(105.7,-89.916351542557,16.81));
#17278=CARTESIAN_POINT('',(105.7,-89.716351542557,16.81));
#17279=CARTESIAN_POINT('',(105.7,-89.916351542557,17.01));
#17280=CARTESIAN_POINT('Origin',(105.7,-89.916351542557,16.81));
#17281=CARTESIAN_POINT('',(105.5,-89.916351542557,16.81));
#17282=CARTESIAN_POINT('Origin',(105.7,-89.916351542557,16.81));
#17283=CARTESIAN_POINT('Origin',(105.7,-89.916351542557,16.81));
#17284=CARTESIAN_POINT('Origin',(110.3,-94.516351542557,16.81));
#17285=CARTESIAN_POINT('',(110.3,-94.716351542557,16.81));
#17286=CARTESIAN_POINT('',(110.3,-94.516351542557,17.01));
#17287=CARTESIAN_POINT('Origin',(110.3,-94.516351542557,16.81));
#17288=CARTESIAN_POINT('',(110.5,-94.516351542557,16.81));
#17289=CARTESIAN_POINT('Origin',(110.3,-94.516351542557,16.81));
#17290=CARTESIAN_POINT('Origin',(110.3,-94.516351542557,16.81));
#17291=CARTESIAN_POINT('Origin',(105.7,-94.516351542557,12.21));
#17292=CARTESIAN_POINT('',(105.7,-94.516351542557,12.01));
#17293=CARTESIAN_POINT('',(105.5,-94.516351542557,12.21));
#17294=CARTESIAN_POINT('Origin',(105.7,-94.516351542557,12.21));
#17295=CARTESIAN_POINT('',(105.7,-94.716351542557,12.21));
#17296=CARTESIAN_POINT('Origin',(105.7,-94.516351542557,12.21));
#17297=CARTESIAN_POINT('Origin',(105.7,-94.516351542557,12.21));
#17298=CARTESIAN_POINT('Origin',(110.3,-89.916351542557,16.81));
#17299=CARTESIAN_POINT('',(110.5,-89.916351542557,16.81));
#17300=CARTESIAN_POINT('',(110.3,-89.916351542557,17.01));
#17301=CARTESIAN_POINT('Origin',(110.3,-89.916351542557,16.81));
#17302=CARTESIAN_POINT('',(110.3,-89.716351542557,16.81));
#17303=CARTESIAN_POINT('Origin',(110.3,-89.916351542557,16.81));
#17304=CARTESIAN_POINT('Origin',(110.3,-89.916351542557,16.81));
#17305=CARTESIAN_POINT('Origin',(105.7,-89.916351542557,12.21));
#17306=CARTESIAN_POINT('',(105.7,-89.916351542557,12.01));
#17307=CARTESIAN_POINT('',(105.7,-89.716351542557,12.21));
#17308=CARTESIAN_POINT('Origin',(105.7,-89.916351542557,12.21));
#17309=CARTESIAN_POINT('',(105.5,-89.916351542557,12.21));
#17310=CARTESIAN_POINT('Origin',(105.7,-89.916351542557,12.21));
#17311=CARTESIAN_POINT('Origin',(105.7,-89.916351542557,12.21));
#17312=CARTESIAN_POINT('Origin',(105.7,-90.966351542557,12.21));
#17313=CARTESIAN_POINT('',(105.7,-90.966351542557,12.01));
#17314=CARTESIAN_POINT('',(105.5,-90.966351542557,12.21));
#17315=CARTESIAN_POINT('Origin',(105.7,-89.916351542557,12.01));
#17316=CARTESIAN_POINT('',(105.7,-89.716351542557,12.01));
#17317=CARTESIAN_POINT('',(105.5,-89.916351542557,12.01));
#17318=CARTESIAN_POINT('Origin',(110.3,-94.516351542557,12.21));
#17319=CARTESIAN_POINT('',(110.3,-94.516351542557,12.01));
#17320=CARTESIAN_POINT('',(110.3,-94.716351542557,12.21));
#17321=CARTESIAN_POINT('Origin',(110.3,-94.516351542557,12.21));
#17322=CARTESIAN_POINT('',(110.5,-94.516351542557,12.21));
#17323=CARTESIAN_POINT('Origin',(110.3,-94.516351542557,12.21));
#17324=CARTESIAN_POINT('Origin',(110.3,-94.516351542557,12.21));
#17325=CARTESIAN_POINT('Origin',(110.3,-89.916351542557,12.21));
#17326=CARTESIAN_POINT('',(110.5,-89.916351542557,12.21));
#17327=CARTESIAN_POINT('',(110.3,-89.716351542557,12.21));
#17328=CARTESIAN_POINT('Origin',(110.3,-89.916351542557,12.21));
#17329=CARTESIAN_POINT('',(110.3,-89.916351542557,12.01));
#17330=CARTESIAN_POINT('Origin',(110.3,-89.916351542557,12.21));
#17331=CARTESIAN_POINT('Origin',(110.3,-89.916351542557,12.21));
#17332=CARTESIAN_POINT('Origin',(110.3,-93.466351542557,12.21));
#17333=CARTESIAN_POINT('',(110.3,-93.466351542557,12.01));
#17334=CARTESIAN_POINT('',(110.5,-93.466351542557,12.21));
#17335=CARTESIAN_POINT('Origin',(109.25,-89.916351542557,12.21));
#17336=CARTESIAN_POINT('',(109.25,-89.916351542557,12.01));
#17337=CARTESIAN_POINT('',(109.25,-89.716351542557,12.21));
#17338=CARTESIAN_POINT('Origin',(110.3,-89.916351542557,12.01));
#17339=CARTESIAN_POINT('',(110.5,-89.916351542557,12.01));
#17340=CARTESIAN_POINT('',(110.3,-89.716351542557,12.01));
#17341=CARTESIAN_POINT('Origin',(110.3,-94.516351542557,12.01));
#17342=CARTESIAN_POINT('',(110.3,-94.716351542557,12.01));
#17343=CARTESIAN_POINT('',(110.5,-94.516351542557,12.01));
#17344=CARTESIAN_POINT('Origin',(106.75,-94.516351542557,12.21));
#17345=CARTESIAN_POINT('',(106.75,-94.516351542557,12.01));
#17346=CARTESIAN_POINT('',(106.75,-94.716351542557,12.21));
#17347=CARTESIAN_POINT('Origin',(109.25,-89.916351542557,16.81));
#17348=CARTESIAN_POINT('',(109.25,-89.916351542557,17.01));
#17349=CARTESIAN_POINT('',(109.25,-89.716351542557,16.81));
#17350=CARTESIAN_POINT('Origin',(110.3,-93.466351542557,16.81));
#17351=CARTESIAN_POINT('',(110.3,-93.466351542557,17.01));
#17352=CARTESIAN_POINT('',(110.5,-93.466351542557,16.81));
#17353=CARTESIAN_POINT('Origin',(105.7,-94.516351542557,12.01));
#17354=CARTESIAN_POINT('',(105.5,-94.516351542557,12.01));
#17355=CARTESIAN_POINT('',(105.7,-94.716351542557,12.01));
#17356=CARTESIAN_POINT('Origin',(106.75,-94.516351542557,16.81));
#17357=CARTESIAN_POINT('',(106.75,-94.516351542557,17.01));
#17358=CARTESIAN_POINT('',(106.75,-94.716351542557,16.81));
#17359=CARTESIAN_POINT('Origin',(105.7,-90.966351542557,16.81));
#17360=CARTESIAN_POINT('',(105.7,-90.966351542557,17.01));
#17361=CARTESIAN_POINT('',(105.5,-90.966351542557,16.81));
#17362=CARTESIAN_POINT('Origin',(105.5,-89.716351542557,12.01));
#17363=CARTESIAN_POINT('Origin',(110.5,-89.716351542557,12.01));
#17364=CARTESIAN_POINT('Origin',(110.5,-94.716351542557,12.01));
#17365=CARTESIAN_POINT('Origin',(108.,-92.216351542557,12.01));
#17366=CARTESIAN_POINT('Origin',(105.5,-94.716351542557,12.01));
#17367=CARTESIAN_POINT('Origin',(108.,-92.216351542557,17.01));
#17368=CARTESIAN_POINT('',(102.35,-89.56,1.595));
#17369=CARTESIAN_POINT('',(108.,-82.3,1.595));
#17370=CARTESIAN_POINT('',(107.96,-94.15,1.595));
#17371=CARTESIAN_POINT('',(108.,-91.7,1.595));
#17372=CARTESIAN_POINT('',(107.96,-97.35,-0.085));
#17373=CARTESIAN_POINT('',(0.,0.,0.));
#17374=CARTESIAN_POINT('',(113.7,-89.56,1.595));
#17375=UNCERTAINTY_MEASURE_WITH_UNIT(LENGTH_MEASURE(0.01),#17411,
'DISTANCE_ACCURACY_VALUE',
'Maximum model space distance between geometric entities at asserted c
onnectivities');
#17376=UNCERTAINTY_MEASURE_WITH_UNIT(LENGTH_MEASURE(0.01),#17411,
'DISTANCE_ACCURACY_VALUE',
'Maximum model space distance between geometric entities at asserted c
onnectivities');
#17377=UNCERTAINTY_MEASURE_WITH_UNIT(LENGTH_MEASURE(0.01),#17411,
'DISTANCE_ACCURACY_VALUE',
'Maximum model space distance between geometric entities at asserted c
onnectivities');
#17378=UNCERTAINTY_MEASURE_WITH_UNIT(LENGTH_MEASURE(0.01),#17411,
'DISTANCE_ACCURACY_VALUE',
'Maximum model space distance between geometric entities at asserted c
onnectivities');
#17379=UNCERTAINTY_MEASURE_WITH_UNIT(LENGTH_MEASURE(0.01),#17411,
'DISTANCE_ACCURACY_VALUE',
'Maximum model space distance between geometric entities at asserted c
onnectivities');
#17380=UNCERTAINTY_MEASURE_WITH_UNIT(LENGTH_MEASURE(0.01),#17411,
'DISTANCE_ACCURACY_VALUE',
'Maximum model space distance between geometric entities at asserted c
onnectivities');
#17381=UNCERTAINTY_MEASURE_WITH_UNIT(LENGTH_MEASURE(0.01),#17411,
'DISTANCE_ACCURACY_VALUE',
'Maximum model space distance between geometric entities at asserted c
onnectivities');
#17382=UNCERTAINTY_MEASURE_WITH_UNIT(LENGTH_MEASURE(0.01),#17411,
'DISTANCE_ACCURACY_VALUE',
'Maximum model space distance between geometric entities at asserted c
onnectivities');
#17383=UNCERTAINTY_MEASURE_WITH_UNIT(LENGTH_MEASURE(0.01),#17411,
'DISTANCE_ACCURACY_VALUE',
'Maximum model space distance between geometric entities at asserted c
onnectivities');
#17384=UNCERTAINTY_MEASURE_WITH_UNIT(LENGTH_MEASURE(0.01),#17411,
'DISTANCE_ACCURACY_VALUE',
'Maximum model space distance between geometric entities at asserted c
onnectivities');
#17385=UNCERTAINTY_MEASURE_WITH_UNIT(LENGTH_MEASURE(0.01),#17411,
'DISTANCE_ACCURACY_VALUE',
'Maximum model space distance between geometric entities at asserted c
onnectivities');
#17386=UNCERTAINTY_MEASURE_WITH_UNIT(LENGTH_MEASURE(0.01),#17411,
'DISTANCE_ACCURACY_VALUE',
'Maximum model space distance between geometric entities at asserted c
onnectivities');
#17387=UNCERTAINTY_MEASURE_WITH_UNIT(LENGTH_MEASURE(0.01),#17411,
'DISTANCE_ACCURACY_VALUE',
'Maximum model space distance between geometric entities at asserted c
onnectivities');
#17388=UNCERTAINTY_MEASURE_WITH_UNIT(LENGTH_MEASURE(0.01),#17411,
'DISTANCE_ACCURACY_VALUE',
'Maximum model space distance between geometric entities at asserted c
onnectivities');
#17389=UNCERTAINTY_MEASURE_WITH_UNIT(LENGTH_MEASURE(0.01),#17411,
'DISTANCE_ACCURACY_VALUE',
'Maximum model space distance between geometric entities at asserted c
onnectivities');
#17390=UNCERTAINTY_MEASURE_WITH_UNIT(LENGTH_MEASURE(0.01),#17411,
'DISTANCE_ACCURACY_VALUE',
'Maximum model space distance between geometric entities at asserted c
onnectivities');
#17391=UNCERTAINTY_MEASURE_WITH_UNIT(LENGTH_MEASURE(0.01),#17411,
'DISTANCE_ACCURACY_VALUE',
'Maximum model space distance between geometric entities at asserted c
onnectivities');
#17392=UNCERTAINTY_MEASURE_WITH_UNIT(LENGTH_MEASURE(0.01),#17411,
'DISTANCE_ACCURACY_VALUE',
'Maximum model space distance between geometric entities at asserted c
onnectivities');
#17393=(
GEOMETRIC_REPRESENTATION_CONTEXT(3)
GLOBAL_UNCERTAINTY_ASSIGNED_CONTEXT((#17375))
GLOBAL_UNIT_ASSIGNED_CONTEXT((#17411,#17413,#17414))
REPRESENTATION_CONTEXT('','3D')
);
#17394=(
GEOMETRIC_REPRESENTATION_CONTEXT(3)
GLOBAL_UNCERTAINTY_ASSIGNED_CONTEXT((#17376))
GLOBAL_UNIT_ASSIGNED_CONTEXT((#17411,#17413,#17414))
REPRESENTATION_CONTEXT('','3D')
);
#17395=(
GEOMETRIC_REPRESENTATION_CONTEXT(3)
GLOBAL_UNCERTAINTY_ASSIGNED_CONTEXT((#17377))
GLOBAL_UNIT_ASSIGNED_CONTEXT((#17411,#17413,#17414))
REPRESENTATION_CONTEXT('','3D')
);
#17396=(
GEOMETRIC_REPRESENTATION_CONTEXT(3)
GLOBAL_UNCERTAINTY_ASSIGNED_CONTEXT((#17378))
GLOBAL_UNIT_ASSIGNED_CONTEXT((#17411,#17413,#17414))
REPRESENTATION_CONTEXT('','3D')
);
#17397=(
GEOMETRIC_REPRESENTATION_CONTEXT(3)
GLOBAL_UNCERTAINTY_ASSIGNED_CONTEXT((#17379))
GLOBAL_UNIT_ASSIGNED_CONTEXT((#17411,#17413,#17414))
REPRESENTATION_CONTEXT('','3D')
);
#17398=(
GEOMETRIC_REPRESENTATION_CONTEXT(3)
GLOBAL_UNCERTAINTY_ASSIGNED_CONTEXT((#17380))
GLOBAL_UNIT_ASSIGNED_CONTEXT((#17411,#17413,#17414))
REPRESENTATION_CONTEXT('','3D')
);
#17399=(
GEOMETRIC_REPRESENTATION_CONTEXT(3)
GLOBAL_UNCERTAINTY_ASSIGNED_CONTEXT((#17381))
GLOBAL_UNIT_ASSIGNED_CONTEXT((#17411,#17413,#17414))
REPRESENTATION_CONTEXT('','3D')
);
#17400=(
GEOMETRIC_REPRESENTATION_CONTEXT(3)
GLOBAL_UNCERTAINTY_ASSIGNED_CONTEXT((#17382))
GLOBAL_UNIT_ASSIGNED_CONTEXT((#17411,#17413,#17414))
REPRESENTATION_CONTEXT('','3D')
);
#17401=(
GEOMETRIC_REPRESENTATION_CONTEXT(3)
GLOBAL_UNCERTAINTY_ASSIGNED_CONTEXT((#17383))
GLOBAL_UNIT_ASSIGNED_CONTEXT((#17411,#17413,#17414))
REPRESENTATION_CONTEXT('','3D')
);
#17402=(
GEOMETRIC_REPRESENTATION_CONTEXT(3)
GLOBAL_UNCERTAINTY_ASSIGNED_CONTEXT((#17384))
GLOBAL_UNIT_ASSIGNED_CONTEXT((#17411,#17413,#17414))
REPRESENTATION_CONTEXT('','3D')
);
#17403=(
GEOMETRIC_REPRESENTATION_CONTEXT(3)
GLOBAL_UNCERTAINTY_ASSIGNED_CONTEXT((#17385))
GLOBAL_UNIT_ASSIGNED_CONTEXT((#17411,#17413,#17414))
REPRESENTATION_CONTEXT('','3D')
);
#17404=(
GEOMETRIC_REPRESENTATION_CONTEXT(3)
GLOBAL_UNCERTAINTY_ASSIGNED_CONTEXT((#17386))
GLOBAL_UNIT_ASSIGNED_CONTEXT((#17411,#17413,#17414))
REPRESENTATION_CONTEXT('','3D')
);
#17405=(
GEOMETRIC_REPRESENTATION_CONTEXT(3)
GLOBAL_UNCERTAINTY_ASSIGNED_CONTEXT((#17387))
GLOBAL_UNIT_ASSIGNED_CONTEXT((#17411,#17413,#17414))
REPRESENTATION_CONTEXT('','3D')
);
#17406=(
GEOMETRIC_REPRESENTATION_CONTEXT(3)
GLOBAL_UNCERTAINTY_ASSIGNED_CONTEXT((#17388))
GLOBAL_UNIT_ASSIGNED_CONTEXT((#17411,#17413,#17414))
REPRESENTATION_CONTEXT('','3D')
);
#17407=(
GEOMETRIC_REPRESENTATION_CONTEXT(3)
GLOBAL_UNCERTAINTY_ASSIGNED_CONTEXT((#17389))
GLOBAL_UNIT_ASSIGNED_CONTEXT((#17411,#17413,#17414))
REPRESENTATION_CONTEXT('','3D')
);
#17408=(
GEOMETRIC_REPRESENTATION_CONTEXT(3)
GLOBAL_UNCERTAINTY_ASSIGNED_CONTEXT((#17390))
GLOBAL_UNIT_ASSIGNED_CONTEXT((#17411,#17413,#17414))
REPRESENTATION_CONTEXT('','3D')
);
#17409=(
GEOMETRIC_REPRESENTATION_CONTEXT(3)
GLOBAL_UNCERTAINTY_ASSIGNED_CONTEXT((#17391))
GLOBAL_UNIT_ASSIGNED_CONTEXT((#17411,#17413,#17414))
REPRESENTATION_CONTEXT('','3D')
);
#17410=(
GEOMETRIC_REPRESENTATION_CONTEXT(3)
GLOBAL_UNCERTAINTY_ASSIGNED_CONTEXT((#17392))
GLOBAL_UNIT_ASSIGNED_CONTEXT((#17411,#17413,#17414))
REPRESENTATION_CONTEXT('','3D')
);
#17411=(
LENGTH_UNIT()
NAMED_UNIT(*)
SI_UNIT(.MILLI.,.METRE.)
);
#17412=(
LENGTH_UNIT()
NAMED_UNIT(*)
SI_UNIT($,.METRE.)
);
#17413=(
NAMED_UNIT(*)
PLANE_ANGLE_UNIT()
SI_UNIT($,.RADIAN.)
);
#17414=(
NAMED_UNIT(*)
SI_UNIT($,.STERADIAN.)
SOLID_ANGLE_UNIT()
);
#17415=SHAPE_DEFINITION_REPRESENTATION(#17432,#17466);
#17416=SHAPE_DEFINITION_REPRESENTATION(#17433,#17467);
#17417=SHAPE_DEFINITION_REPRESENTATION(#17434,#17468);
#17418=SHAPE_DEFINITION_REPRESENTATION(#17436,#17469);
#17419=SHAPE_DEFINITION_REPRESENTATION(#17437,#17470);
#17420=SHAPE_DEFINITION_REPRESENTATION(#17439,#17471);
#17421=SHAPE_DEFINITION_REPRESENTATION(#17440,#17472);
#17422=SHAPE_DEFINITION_REPRESENTATION(#17442,#17473);
#17423=SHAPE_DEFINITION_REPRESENTATION(#17443,#17474);
#17424=SHAPE_DEFINITION_REPRESENTATION(#17444,#17475);
#17425=SHAPE_DEFINITION_REPRESENTATION(#17445,#17476);
#17426=SHAPE_DEFINITION_REPRESENTATION(#17446,#17477);
#17427=SHAPE_DEFINITION_REPRESENTATION(#17447,#17478);
#17428=SHAPE_DEFINITION_REPRESENTATION(#17448,#17479);
#17429=SHAPE_DEFINITION_REPRESENTATION(#17455,#17480);
#17430=SHAPE_DEFINITION_REPRESENTATION(#17456,#17481);
#17431=SHAPE_DEFINITION_REPRESENTATION(#17457,#17482);
#17432=PRODUCT_DEFINITION_SHAPE('',$,#17484);
#17433=PRODUCT_DEFINITION_SHAPE('',$,#17485);
#17434=PRODUCT_DEFINITION_SHAPE('',$,#17486);
#17435=PRODUCT_DEFINITION_SHAPE($,$,#442);
#17436=PRODUCT_DEFINITION_SHAPE('',$,#17487);
#17437=PRODUCT_DEFINITION_SHAPE('',$,#17488);
#17438=PRODUCT_DEFINITION_SHAPE($,$,#443);
#17439=PRODUCT_DEFINITION_SHAPE('',$,#17489);
#17440=PRODUCT_DEFINITION_SHAPE('',$,#17490);
#17441=PRODUCT_DEFINITION_SHAPE($,$,#444);
#17442=PRODUCT_DEFINITION_SHAPE('',$,#17491);
#17443=PRODUCT_DEFINITION_SHAPE('',$,#17492);
#17444=PRODUCT_DEFINITION_SHAPE('',$,#17493);
#17445=PRODUCT_DEFINITION_SHAPE('',$,#17494);
#17446=PRODUCT_DEFINITION_SHAPE('',$,#17495);
#17447=PRODUCT_DEFINITION_SHAPE('',$,#17496);
#17448=PRODUCT_DEFINITION_SHAPE('',$,#17497);
#17449=PRODUCT_DEFINITION_SHAPE($,$,#445);
#17450=PRODUCT_DEFINITION_SHAPE($,$,#446);
#17451=PRODUCT_DEFINITION_SHAPE($,$,#447);
#17452=PRODUCT_DEFINITION_SHAPE($,$,#448);
#17453=PRODUCT_DEFINITION_SHAPE($,$,#449);
#17454=PRODUCT_DEFINITION_SHAPE($,$,#450);
#17455=PRODUCT_DEFINITION_SHAPE('',$,#17498);
#17456=PRODUCT_DEFINITION_SHAPE('',$,#17499);
#17457=PRODUCT_DEFINITION_SHAPE('',$,#17500);
#17458=PRODUCT_DEFINITION_SHAPE($,$,#451);
#17459=PRODUCT_DEFINITION_SHAPE($,$,#452);
#17460=PRODUCT_DEFINITION_SHAPE($,$,#453);
#17461=PRODUCT_DEFINITION_SHAPE($,$,#454);
#17462=PRODUCT_DEFINITION_SHAPE($,$,#455);
#17463=PRODUCT_DEFINITION_SHAPE($,$,#456);
#17464=PRODUCT_DEFINITION_SHAPE($,$,#457);
#17465=PRODUCT_DEFINITION_SHAPE($,$,#458);
#17466=SHAPE_REPRESENTATION('',(#10697,#11508,#11509,#11510,#11511,#11512,
#11513,#11514),#17393);
#17467=SHAPE_REPRESENTATION('',(#10698,#10791),#17394);
#17468=SHAPE_REPRESENTATION('',(#10699),#17395);
#17469=SHAPE_REPRESENTATION('',(#10792,#10846),#17396);
#17470=SHAPE_REPRESENTATION('',(#10793),#17397);
#17471=SHAPE_REPRESENTATION('',(#10847,#11015),#17398);
#17472=SHAPE_REPRESENTATION('',(#10848),#17399);
#17473=SHAPE_REPRESENTATION('',(#11016,#11100),#17400);
#17474=SHAPE_REPRESENTATION('',(#11017,#11095,#11096,#11097,#11098,#11099),
#17401);
#17475=SHAPE_REPRESENTATION('',(#11018),#17402);
#17476=SHAPE_REPRESENTATION('',(#11066),#17403);
#17477=SHAPE_REPRESENTATION('',(#11073),#17404);
#17478=SHAPE_REPRESENTATION('',(#11081),#17405);
#17479=SHAPE_REPRESENTATION('',(#11088),#17406);
#17480=SHAPE_REPRESENTATION('',(#11101),#17407);
#17481=SHAPE_REPRESENTATION('',(#11178,#11224),#17408);
#17482=SHAPE_REPRESENTATION('',(#11179),#17409);
#17483=PRODUCT_DEFINITION_CONTEXT('part definition',#17536,'design');
#17484=PRODUCT_DEFINITION('.step 1','mpe32sensor key small v6',#17501,#17483);
#17485=PRODUCT_DEFINITION(
'JST_SH_SM04B-SRSS-TB_1x04-1MP_P1.00mm_Horizontal',
'JST_SH_SM04B-SRSS-TB_1x04-1MP_P1.00mm_Horizontal (1)',#17502,#17483);
#17486=PRODUCT_DEFINITION(
'JST_SH_SM04B-SRSS-TB_1x04-1MP_P1.00mm_Horizontal_1',
'JST_SH_SM04B-SRSS-TB_1x04-1MP_P1.00mm_Horizontal',#17503,#17483);
#17487=PRODUCT_DEFINITION('C_0603_1608Metric','C_0603_1608Metric (1)',#17504,
#17483);
#17488=PRODUCT_DEFINITION('C_0603_1608Metric_1','C_0603_1608Metric',#17505,
#17483);
#17489=PRODUCT_DEFINITION('SOT-23-6','SOT-23-6 (1)',#17506,#17483);
#17490=PRODUCT_DEFINITION('SOT-23-6_1','SOT-23-6',#17507,#17483);
#17491=PRODUCT_DEFINITION(
'LED_SK6812MINI-E_3.2x2.8mm_P1.5mm_ReverseMount',
'LED_SK6812MINI-E_3.2x2.8mm_P1.5mm_ReverseMount',#17508,#17483);
#17492=PRODUCT_DEFINITION('LED_SK6812MINI_E_3_2x2_8mm_P1_5mm',
'LED_SK6812MINI_E_3_2x2_8mm_P1_5mm',#17509,#17483);
#17493=PRODUCT_DEFINITION('Body','Body',#17510,#17483);
#17494=PRODUCT_DEFINITION('Pin1','Pin1',#17511,#17483);
#17495=PRODUCT_DEFINITION('Pin2','Pin2',#17512,#17483);
#17496=PRODUCT_DEFINITION('Pin3','Pin3',#17513,#17483);
#17497=PRODUCT_DEFINITION('Pin4','Pin4',#17514,#17483);
#17498=PRODUCT_DEFINITION('mpe32sensor_PCB','mpe32sensor_PCB',#17515,#17483);
#17499=PRODUCT_DEFINITION('PinSocket_1x01_P2.54mm_Horizontal',
'PinSocket_1x01_P2.54mm_Horizontal (1)',#17516,#17483);
#17500=PRODUCT_DEFINITION('PinSocket_1x01_P2.54mm_Horizontal_1',
'PinSocket_1x01_P2.54mm_Horizontal',#17517,#17483);
#17501=PRODUCT_DEFINITION_FORMATION('',$,#17538);
#17502=PRODUCT_DEFINITION_FORMATION('',$,#17539);
#17503=PRODUCT_DEFINITION_FORMATION('',$,#17540);
#17504=PRODUCT_DEFINITION_FORMATION('',$,#17541);
#17505=PRODUCT_DEFINITION_FORMATION('',$,#17542);
#17506=PRODUCT_DEFINITION_FORMATION('',$,#17543);
#17507=PRODUCT_DEFINITION_FORMATION('',$,#17544);
#17508=PRODUCT_DEFINITION_FORMATION('',$,#17545);
#17509=PRODUCT_DEFINITION_FORMATION('',$,#17546);
#17510=PRODUCT_DEFINITION_FORMATION('',$,#17547);
#17511=PRODUCT_DEFINITION_FORMATION('',$,#17548);
#17512=PRODUCT_DEFINITION_FORMATION('',$,#17549);
#17513=PRODUCT_DEFINITION_FORMATION('',$,#17550);
#17514=PRODUCT_DEFINITION_FORMATION('',$,#17551);
#17515=PRODUCT_DEFINITION_FORMATION('',$,#17552);
#17516=PRODUCT_DEFINITION_FORMATION('',$,#17553);
#17517=PRODUCT_DEFINITION_FORMATION('',$,#17554);
#17518=PRODUCT_RELATED_PRODUCT_CATEGORY('mpe32sensor key small v6',
'mpe32sensor key small v6',(#17538));
#17519=PRODUCT_RELATED_PRODUCT_CATEGORY(
'JST_SH_SM04B-SRSS-TB_1x04-1MP_P1.00mm_Horizontal (1)',
'JST_SH_SM04B-SRSS-TB_1x04-1MP_P1.00mm_Horizontal (1)',(#17539));
#17520=PRODUCT_RELATED_PRODUCT_CATEGORY(
'JST_SH_SM04B-SRSS-TB_1x04-1MP_P1.00mm_Horizontal',
'JST_SH_SM04B-SRSS-TB_1x04-1MP_P1.00mm_Horizontal',(#17540));
#17521=PRODUCT_RELATED_PRODUCT_CATEGORY('C_0603_1608Metric (1)',
'C_0603_1608Metric (1)',(#17541));
#17522=PRODUCT_RELATED_PRODUCT_CATEGORY('C_0603_1608Metric',
'C_0603_1608Metric',(#17542));
#17523=PRODUCT_RELATED_PRODUCT_CATEGORY('SOT-23-6 (1)','SOT-23-6 (1)',(#17543));
#17524=PRODUCT_RELATED_PRODUCT_CATEGORY('SOT-23-6','SOT-23-6',(#17544));
#17525=PRODUCT_RELATED_PRODUCT_CATEGORY(
'LED_SK6812MINI-E_3.2x2.8mm_P1.5mm_ReverseMount',
'LED_SK6812MINI-E_3.2x2.8mm_P1.5mm_ReverseMount',(#17545));
#17526=PRODUCT_RELATED_PRODUCT_CATEGORY(
'LED_SK6812MINI_E_3_2x2_8mm_P1_5mm','LED_SK6812MINI_E_3_2x2_8mm_P1_5mm',
(#17546));
#17527=PRODUCT_RELATED_PRODUCT_CATEGORY('Body','Body',(#17547));
#17528=PRODUCT_RELATED_PRODUCT_CATEGORY('Pin1','Pin1',(#17548));
#17529=PRODUCT_RELATED_PRODUCT_CATEGORY('Pin2','Pin2',(#17549));
#17530=PRODUCT_RELATED_PRODUCT_CATEGORY('Pin3','Pin3',(#17550));
#17531=PRODUCT_RELATED_PRODUCT_CATEGORY('Pin4','Pin4',(#17551));
#17532=PRODUCT_RELATED_PRODUCT_CATEGORY('mpe32sensor_PCB',
'mpe32sensor_PCB',(#17552));
#17533=PRODUCT_RELATED_PRODUCT_CATEGORY(
'PinSocket_1x01_P2.54mm_Horizontal (1)',
'PinSocket_1x01_P2.54mm_Horizontal (1)',(#17553));
#17534=PRODUCT_RELATED_PRODUCT_CATEGORY(
'PinSocket_1x01_P2.54mm_Horizontal','PinSocket_1x01_P2.54mm_Horizontal',
(#17554));
#17535=APPLICATION_PROTOCOL_DEFINITION('international standard',
'automotive_design',2009,#17536);
#17536=APPLICATION_CONTEXT(
'Core Data for Automotive Mechanical Design Process');
#17537=PRODUCT_CONTEXT('part definition',#17536,'mechanical');
#17538=PRODUCT('.step 1','mpe32sensor key small v6',
'KiCad electronic assembly',(#17537));
#17539=PRODUCT('JST_SH_SM04B-SRSS-TB_1x04-1MP_P1.00mm_Horizontal',
'JST_SH_SM04B-SRSS-TB_1x04-1MP_P1.00mm_Horizontal (1)',$,(#17537));
#17540=PRODUCT('JST_SH_SM04B-SRSS-TB_1x04-1MP_P1.00mm_Horizontal_1',
'JST_SH_SM04B-SRSS-TB_1x04-1MP_P1.00mm_Horizontal',$,(#17537));
#17541=PRODUCT('C_0603_1608Metric','C_0603_1608Metric (1)',$,(#17537));
#17542=PRODUCT('C_0603_1608Metric_1','C_0603_1608Metric',$,(#17537));
#17543=PRODUCT('SOT-23-6','SOT-23-6 (1)',$,(#17537));
#17544=PRODUCT('SOT-23-6_1','SOT-23-6',$,(#17537));
#17545=PRODUCT('LED_SK6812MINI-E_3.2x2.8mm_P1.5mm_ReverseMount',
'LED_SK6812MINI-E_3.2x2.8mm_P1.5mm_ReverseMount',$,(#17537));
#17546=PRODUCT('LED_SK6812MINI_E_3_2x2_8mm_P1_5mm',
'LED_SK6812MINI_E_3_2x2_8mm_P1_5mm',$,(#17537));
#17547=PRODUCT('Body','Body',$,(#17537));
#17548=PRODUCT('Pin1','Pin1',$,(#17537));
#17549=PRODUCT('Pin2','Pin2',$,(#17537));
#17550=PRODUCT('Pin3','Pin3',$,(#17537));
#17551=PRODUCT('Pin4','Pin4',$,(#17537));
#17552=PRODUCT('mpe32sensor_PCB','mpe32sensor_PCB',$,(#17537));
#17553=PRODUCT('PinSocket_1x01_P2.54mm_Horizontal',
'PinSocket_1x01_P2.54mm_Horizontal (1)',$,(#17537));
#17554=PRODUCT('PinSocket_1x01_P2.54mm_Horizontal_1',
'PinSocket_1x01_P2.54mm_Horizontal',$,(#17537));
#17555=PRESENTATION_STYLE_ASSIGNMENT((#17565));
#17556=PRESENTATION_STYLE_ASSIGNMENT((#17566));
#17557=PRESENTATION_STYLE_ASSIGNMENT((#17567));
#17558=PRESENTATION_STYLE_ASSIGNMENT((#17568));
#17559=PRESENTATION_STYLE_ASSIGNMENT((#17569));
#17560=PRESENTATION_STYLE_ASSIGNMENT((#17570));
#17561=PRESENTATION_STYLE_ASSIGNMENT((#17571));
#17562=PRESENTATION_STYLE_ASSIGNMENT((#17572));
#17563=PRESENTATION_STYLE_ASSIGNMENT((#17573));
#17564=PRESENTATION_STYLE_ASSIGNMENT((#17574));
#17565=SURFACE_STYLE_USAGE(.BOTH.,#17575);
#17566=SURFACE_STYLE_USAGE(.BOTH.,#17576);
#17567=SURFACE_STYLE_USAGE(.BOTH.,#17577);
#17568=SURFACE_STYLE_USAGE(.BOTH.,#17578);
#17569=SURFACE_STYLE_USAGE(.BOTH.,#17579);
#17570=SURFACE_STYLE_USAGE(.BOTH.,#17580);
#17571=SURFACE_STYLE_USAGE(.BOTH.,#17581);
#17572=SURFACE_STYLE_USAGE(.BOTH.,#17582);
#17573=SURFACE_STYLE_USAGE(.BOTH.,#17583);
#17574=SURFACE_STYLE_USAGE(.BOTH.,#17584);
#17575=SURFACE_SIDE_STYLE('',(#17585));
#17576=SURFACE_SIDE_STYLE('',(#17586));
#17577=SURFACE_SIDE_STYLE('',(#17587));
#17578=SURFACE_SIDE_STYLE('',(#17588));
#17579=SURFACE_SIDE_STYLE('',(#17589));
#17580=SURFACE_SIDE_STYLE('',(#17590));
#17581=SURFACE_SIDE_STYLE('',(#17591));
#17582=SURFACE_SIDE_STYLE('',(#17592));
#17583=SURFACE_SIDE_STYLE('',(#17593));
#17584=SURFACE_SIDE_STYLE('',(#17594));
#17585=SURFACE_STYLE_FILL_AREA(#17595);
#17586=SURFACE_STYLE_FILL_AREA(#17596);
#17587=SURFACE_STYLE_FILL_AREA(#17597);
#17588=SURFACE_STYLE_FILL_AREA(#17598);
#17589=SURFACE_STYLE_FILL_AREA(#17599);
#17590=SURFACE_STYLE_FILL_AREA(#17600);
#17591=SURFACE_STYLE_FILL_AREA(#17601);
#17592=SURFACE_STYLE_FILL_AREA(#17602);
#17593=SURFACE_STYLE_FILL_AREA(#17603);
#17594=SURFACE_STYLE_FILL_AREA(#17604);
#17595=FILL_AREA_STYLE('Steel - Satin',(#17605));
#17596=FILL_AREA_STYLE('ABS (White) (1)',(#17606));
#17597=FILL_AREA_STYLE('Opaque(210,209,199)',(#17607));
#17598=FILL_AREA_STYLE('Opaque(97,69,55)',(#17608));
#17599=FILL_AREA_STYLE('Opaque(38,37,37)',(#17609));
#17600=FILL_AREA_STYLE('Opaque(176,169,152)',(#17610));
#17601=FILL_AREA_STYLE('Opaque(226,226,226)',(#17611));
#17602=FILL_AREA_STYLE('Opaque(120,120,120)',(#17612));
#17603=FILL_AREA_STYLE('Opaque(80,124,105)',(#17613));
#17604=FILL_AREA_STYLE('Opaque(219,188,126)',(#17614));
#17605=FILL_AREA_STYLE_COLOUR('Steel - Satin',#17615);
#17606=FILL_AREA_STYLE_COLOUR('ABS (White) (1)',#17616);
#17607=FILL_AREA_STYLE_COLOUR('Opaque(210,209,199)',#17617);
#17608=FILL_AREA_STYLE_COLOUR('Opaque(97,69,55)',#17618);
#17609=FILL_AREA_STYLE_COLOUR('Opaque(38,37,37)',#17619);
#17610=FILL_AREA_STYLE_COLOUR('Opaque(176,169,152)',#17620);
#17611=FILL_AREA_STYLE_COLOUR('Opaque(226,226,226)',#17621);
#17612=FILL_AREA_STYLE_COLOUR('Opaque(120,120,120)',#17622);
#17613=FILL_AREA_STYLE_COLOUR('Opaque(80,124,105)',#17623);
#17614=FILL_AREA_STYLE_COLOUR('Opaque(219,188,126)',#17624);
#17615=COLOUR_RGB('Steel - Satin',0.627450980392157,0.627450980392157,0.627450980392157);
#17616=COLOUR_RGB('ABS (White) (1)',0.0980392156862745,0.0980392156862745,
0.0980392156862745);
#17617=COLOUR_RGB('Opaque(210,209,199)',0.823529411764706,0.819607843137255,
0.780392156862745);
#17618=COLOUR_RGB('Opaque(97,69,55)',0.380392156862745,0.270588235294118,
0.215686274509804);
#17619=COLOUR_RGB('Opaque(38,37,37)',0.149019607843137,0.145098039215686,
0.145098039215686);
#17620=COLOUR_RGB('Opaque(176,169,152)',0.690196078431373,0.662745098039216,
0.596078431372549);
#17621=COLOUR_RGB('Opaque(226,226,226)',0.886274509803922,0.886274509803922,
0.886274509803922);
#17622=COLOUR_RGB('Opaque(120,120,120)',0.470588235294118,0.470588235294118,
0.470588235294118);
#17623=COLOUR_RGB('Opaque(80,124,105)',0.313725490196078,0.486274509803922,
0.411764705882353);
#17624=COLOUR_RGB('Opaque(219,188,126)',0.858823529411765,0.737254901960784,
0.494117647058824);
ENDSEC;
END-ISO-10303-21;
