ISO-10303-21;
HEADER;
/* Generated by software containing ST-Developer
 * from STEP Tools, Inc. (www.steptools.com) 
 */

FILE_DESCRIPTION(
/* description */ ('KiCad electronic assembly'),
/* implementation_level */ '2;1');

FILE_NAME(
/* name */ 'mpe32sensor key.step',
/* time_stamp */ '2026-06-10T00:45:49-05:00',
/* author */ (''),
/* organization */ (''),
/* preprocessor_version */ 'ST-DEVELOPER v20.1',
/* originating_system */ 'Autodesk Translation Framework v15.8.0.0',
/* authorisation */ '');

FILE_SCHEMA (('AUTOMOTIVE_DESIGN { 1 0 10303 214 3 1 1 }'));
ENDSEC;

DATA;
#10=MECHANICAL_DESIGN_GEOMETRIC_PRESENTATION_REPRESENTATION('',(#501,#502,
#503,#504,#505,#506,#507,#508,#509,#510,#511,#512,#513,#514,#515,#516,#517,
#518,#519,#520,#521,#522,#523,#524,#525,#526,#527,#528,#529,#530,#531,#532,
#533,#534,#535,#536,#537,#538,#539,#540,#541,#542,#543,#544,#545,#546,#547,
#548,#549,#550,#551,#552,#553,#554,#555,#556,#557,#558,#559,#560,#561,#562,
#563,#564,#565,#566,#567,#568,#569,#570,#571,#572,#573,#574,#575,#576,#577,
#578,#579,#580,#581,#582,#583,#584,#585,#586,#587,#588,#589,#590,#591,#592,
#593,#594,#595,#596,#597,#598,#599,#600,#601,#602,#603,#604,#605,#606,#607,
#608,#609,#610,#611,#612,#613,#614,#615,#616,#617,#618,#619,#620,#621,#622,
#623,#624,#625,#626,#627,#628,#629,#630,#631,#632,#633,#634,#635,#636,#637,
#638,#639,#640,#641,#642,#643,#644,#645,#646,#647,#648,#649,#650,#651,#652,
#653,#654,#655,#656,#657,#658,#659,#660,#661,#662,#663,#664,#665,#666,#667,
#668,#669,#670,#671,#672,#673,#674,#675,#676,#677,#678,#679,#680,#681,#682,
#683,#684,#685,#686,#687,#688,#689,#690,#691,#692,#693,#694,#695,#696,#697,
#698,#699,#700,#701,#702,#703,#704,#705,#706,#707,#708,#709,#710,#711,#712,
#713,#714,#715,#716,#717,#718,#719,#720,#721,#722,#723,#724,#725,#726,#727,
#728,#729,#730,#731,#732,#733,#734,#735,#736,#737,#738,#739,#740,#741,#742,
#743,#744,#745,#746,#747,#748,#749,#750,#751,#752),#17525);
#11=SPHERICAL_SURFACE('',#11528,0.199999999999996);
#12=SPHERICAL_SURFACE('',#11532,0.199999999999996);
#13=SPHERICAL_SURFACE('',#11536,0.2);
#14=SPHERICAL_SURFACE('',#11540,0.199999999999996);
#15=SPHERICAL_SURFACE('',#11545,0.199999999999996);
#16=SPHERICAL_SURFACE('',#11550,0.199999999999996);
#17=SPHERICAL_SURFACE('',#11555,0.199999999999996);
#18=SPHERICAL_SURFACE('',#11561,0.199999999999996);
#19=B_SPLINE_CURVE_WITH_KNOTS('',3,(#16477,#16478,#16479,#16480,#16481,
#16482,#16483,#16484,#16485,#16486,#16487,#16488),.UNSPECIFIED.,.F.,.F.,
(4,2,2,2,2,4),(0.169011570948593,0.219741376738516,0.270471182528438,0.314756790678087,
0.336899594752911,0.359042398827735),.UNSPECIFIED.);
#20=B_SPLINE_CURVE_WITH_KNOTS('',3,(#16598,#16599,#16600,#16601,#16602,
#16603,#16604,#16605,#16606,#16607,#16608,#16609),.UNSPECIFIED.,.F.,.F.,
(4,2,2,2,2,4),(0.,0.0221428040748244,0.0442856081496488,0.0885712162992975,
0.13930102208922,0.190030827879142),.UNSPECIFIED.);
#21=B_SPLINE_CURVE_WITH_KNOTS('',3,(#16629,#16630,#16631,#16632,#16633,
#16634,#16635,#16636,#16637,#16638,#16639,#16640),.UNSPECIFIED.,.F.,.F.,
(4,2,2,2,2,4),(0.359042398827734,0.381185202902559,0.403328006977383,0.447613615127032,
0.498343420916954,0.549073226706876),.UNSPECIFIED.);
#22=B_SPLINE_CURVE_WITH_KNOTS('',3,(#16688,#16689,#16690,#16691,#16692,
#16693,#16694,#16695,#16696,#16697,#16698,#16699),.UNSPECIFIED.,.F.,.F.,
(4,2,2,2,2,4),(-0.190030827879142,-0.13930102208922,-0.0885712162992991,
-0.0442856081496495,-0.0221428040748248,0.),.UNSPECIFIED.);
#23=CONICAL_SURFACE('',#11123,0.9,0.294234565111);
#24=ELLIPSE('',#11085,7.071067811865E-5,5.E-5);
#25=ELLIPSE('',#11086,7.07106781186548E-5,5.E-5);
#26=ELLIPSE('',#11089,7.07106781186548E-5,5.E-5);
#27=ELLIPSE('',#11093,7.071067811865E-5,5.E-5);
#28=ELLIPSE('',#11096,0.101542661187,0.1);
#29=ELLIPSE('',#11097,0.101542661187,0.1);
#30=ELLIPSE('',#11098,0.101542661187,0.1);
#31=ELLIPSE('',#11099,0.101542661187,0.1);
#32=ELLIPSE('',#11105,7.071067811865E-5,5.E-5);
#33=ELLIPSE('',#11107,0.101542661187,0.1);
#34=ELLIPSE('',#11108,0.101542661187,0.1);
#35=ELLIPSE('',#11109,0.101542661187,0.1);
#36=ELLIPSE('',#11110,0.101542661187,0.1);
#37=CYLINDRICAL_SURFACE('',#10863,0.03);
#38=CYLINDRICAL_SURFACE('',#10865,0.03);
#39=CYLINDRICAL_SURFACE('',#10869,0.03);
#40=CYLINDRICAL_SURFACE('',#10871,0.03);
#41=CYLINDRICAL_SURFACE('',#10879,0.03);
#42=CYLINDRICAL_SURFACE('',#10882,0.03);
#43=CYLINDRICAL_SURFACE('',#10885,0.03);
#44=CYLINDRICAL_SURFACE('',#10888,0.03);
#45=CYLINDRICAL_SURFACE('',#10897,0.03);
#46=CYLINDRICAL_SURFACE('',#10899,0.03);
#47=CYLINDRICAL_SURFACE('',#10903,0.03);
#48=CYLINDRICAL_SURFACE('',#10905,0.03);
#49=CYLINDRICAL_SURFACE('',#10955,0.1);
#50=CYLINDRICAL_SURFACE('',#10967,0.1);
#51=CYLINDRICAL_SURFACE('',#10979,0.1);
#52=CYLINDRICAL_SURFACE('',#10990,0.1);
#53=CYLINDRICAL_SURFACE('',#11002,0.1);
#54=CYLINDRICAL_SURFACE('',#11014,0.1);
#55=CYLINDRICAL_SURFACE('',#11020,0.25);
#56=CYLINDRICAL_SURFACE('',#11029,0.25);
#57=CYLINDRICAL_SURFACE('',#11031,0.25);
#58=CYLINDRICAL_SURFACE('',#11033,0.1);
#59=CYLINDRICAL_SURFACE('',#11037,0.25);
#60=CYLINDRICAL_SURFACE('',#11039,0.25);
#61=CYLINDRICAL_SURFACE('',#11041,0.1);
#62=CYLINDRICAL_SURFACE('',#11045,0.25);
#63=CYLINDRICAL_SURFACE('',#11048,0.1);
#64=CYLINDRICAL_SURFACE('',#11052,0.25);
#65=CYLINDRICAL_SURFACE('',#11055,0.1);
#66=CYLINDRICAL_SURFACE('',#11059,0.25);
#67=CYLINDRICAL_SURFACE('',#11061,0.25);
#68=CYLINDRICAL_SURFACE('',#11063,0.1);
#69=CYLINDRICAL_SURFACE('',#11067,0.25);
#70=CYLINDRICAL_SURFACE('',#11069,0.25);
#71=CYLINDRICAL_SURFACE('',#11071,0.1);
#72=CYLINDRICAL_SURFACE('',#11075,0.25);
#73=CYLINDRICAL_SURFACE('',#11084,5.E-5);
#74=CYLINDRICAL_SURFACE('',#11092,5.E-5);
#75=CYLINDRICAL_SURFACE('',#11104,5.E-5);
#76=CYLINDRICAL_SURFACE('',#11111,5.E-5);
#77=CYLINDRICAL_SURFACE('',#11113,0.1);
#78=CYLINDRICAL_SURFACE('',#11116,0.1);
#79=CYLINDRICAL_SURFACE('',#11119,0.1);
#80=CYLINDRICAL_SURFACE('',#11122,0.1);
#81=CYLINDRICAL_SURFACE('',#11125,0.475);
#82=CYLINDRICAL_SURFACE('',#11167,3.);
#83=CYLINDRICAL_SURFACE('',#11208,3.);
#84=CYLINDRICAL_SURFACE('',#11219,0.499999603944);
#85=CYLINDRICAL_SURFACE('',#11220,0.299683785035);
#86=CYLINDRICAL_SURFACE('',#11221,0.299966762338);
#87=CYLINDRICAL_SURFACE('',#11226,0.299966762338);
#88=CYLINDRICAL_SURFACE('',#11227,0.299991600078);
#89=CYLINDRICAL_SURFACE('',#11228,0.499998734392);
#90=CYLINDRICAL_SURFACE('',#11229,0.499999603944);
#91=CYLINDRICAL_SURFACE('',#11230,0.300023425677);
#92=CYLINDRICAL_SURFACE('',#11231,0.299991600078);
#93=CYLINDRICAL_SURFACE('',#11236,0.299991600078);
#94=CYLINDRICAL_SURFACE('',#11237,0.299991600078);
#95=CYLINDRICAL_SURFACE('',#11238,0.499999603944);
#96=CYLINDRICAL_SURFACE('',#11239,0.5);
#97=CYLINDRICAL_SURFACE('',#11240,0.5);
#98=CYLINDRICAL_SURFACE('',#11255,0.3);
#99=CYLINDRICAL_SURFACE('',#11260,0.1);
#100=CYLINDRICAL_SURFACE('',#11288,1.105);
#101=CYLINDRICAL_SURFACE('',#11299,1.105);
#102=CYLINDRICAL_SURFACE('',#11304,1.105);
#103=CYLINDRICAL_SURFACE('',#11309,1.105);
#104=CYLINDRICAL_SURFACE('',#11311,2.9);
#105=CYLINDRICAL_SURFACE('',#11314,0.8);
#106=CYLINDRICAL_SURFACE('',#11318,0.8);
#107=CYLINDRICAL_SURFACE('',#11321,0.8);
#108=CYLINDRICAL_SURFACE('',#11325,0.8);
#109=CYLINDRICAL_SURFACE('',#11328,1.);
#110=CYLINDRICAL_SURFACE('',#11332,1.);
#111=CYLINDRICAL_SURFACE('',#11339,1.);
#112=CYLINDRICAL_SURFACE('',#11341,1.);
#113=CYLINDRICAL_SURFACE('',#11343,1.);
#114=CYLINDRICAL_SURFACE('',#11351,1.);
#115=CYLINDRICAL_SURFACE('',#11354,1.);
#116=CYLINDRICAL_SURFACE('',#11357,1.);
#117=CYLINDRICAL_SURFACE('',#11363,4.);
#118=CYLINDRICAL_SURFACE('',#11366,4.);
#119=CYLINDRICAL_SURFACE('',#11370,4.);
#120=CYLINDRICAL_SURFACE('',#11374,0.3);
#121=CYLINDRICAL_SURFACE('',#11378,0.3);
#122=CYLINDRICAL_SURFACE('',#11381,0.3);
#123=CYLINDRICAL_SURFACE('',#11384,0.3);
#124=CYLINDRICAL_SURFACE('',#11388,0.3);
#125=CYLINDRICAL_SURFACE('',#11392,0.3);
#126=CYLINDRICAL_SURFACE('',#11395,0.3);
#127=CYLINDRICAL_SURFACE('',#11399,0.3);
#128=CYLINDRICAL_SURFACE('',#11402,0.3);
#129=CYLINDRICAL_SURFACE('',#11406,0.3);
#130=CYLINDRICAL_SURFACE('',#11409,0.3);
#131=CYLINDRICAL_SURFACE('',#11412,0.3);
#132=CYLINDRICAL_SURFACE('',#11416,0.3);
#133=CYLINDRICAL_SURFACE('',#11420,0.3);
#134=CYLINDRICAL_SURFACE('',#11423,0.3);
#135=CYLINDRICAL_SURFACE('',#11426,0.3);
#136=CYLINDRICAL_SURFACE('',#11430,1.99999999999999);
#137=CYLINDRICAL_SURFACE('',#11432,1.99999999999999);
#138=CYLINDRICAL_SURFACE('',#11434,1.99999999999999);
#139=CYLINDRICAL_SURFACE('',#11436,1.99999999999999);
#140=CYLINDRICAL_SURFACE('',#11438,1.99999999999999);
#141=CYLINDRICAL_SURFACE('',#11440,1.99999999999999);
#142=CYLINDRICAL_SURFACE('',#11451,2.50000000000003);
#143=CYLINDRICAL_SURFACE('',#11452,2.5);
#144=CYLINDRICAL_SURFACE('',#11482,3.62500000000001);
#145=CYLINDRICAL_SURFACE('',#11483,1.5);
#146=CYLINDRICAL_SURFACE('',#11484,1.5);
#147=CYLINDRICAL_SURFACE('',#11495,2.8);
#148=CYLINDRICAL_SURFACE('',#11501,2.8);
#149=CYLINDRICAL_SURFACE('',#11519,2.30000005133589);
#150=CYLINDRICAL_SURFACE('',#11523,2.30000000000015);
#151=CYLINDRICAL_SURFACE('',#11544,0.2);
#152=CYLINDRICAL_SURFACE('',#11549,0.2);
#153=CYLINDRICAL_SURFACE('',#11554,0.2);
#154=CYLINDRICAL_SURFACE('',#11559,0.2);
#155=CYLINDRICAL_SURFACE('',#11560,0.2);
#156=CYLINDRICAL_SURFACE('',#11565,0.2);
#157=CYLINDRICAL_SURFACE('',#11566,0.2);
#158=CYLINDRICAL_SURFACE('',#11567,0.2);
#159=CYLINDRICAL_SURFACE('',#11568,0.2);
#160=CYLINDRICAL_SURFACE('',#11569,0.2);
#161=CYLINDRICAL_SURFACE('',#11570,0.2);
#162=CYLINDRICAL_SURFACE('',#11571,0.2);
#163=CIRCLE('',#10858,0.03);
#164=CIRCLE('',#10859,0.03);
#165=CIRCLE('',#10860,0.03);
#166=CIRCLE('',#10861,0.03);
#167=CIRCLE('',#10864,0.03);
#168=CIRCLE('',#10866,0.03);
#169=CIRCLE('',#10870,0.03);
#170=CIRCLE('',#10872,0.03);
#171=CIRCLE('',#10875,0.03);
#172=CIRCLE('',#10876,0.03);
#173=CIRCLE('',#10877,0.03);
#174=CIRCLE('',#10878,0.03);
#175=CIRCLE('',#10880,0.03);
#176=CIRCLE('',#10883,0.03);
#177=CIRCLE('',#10886,0.03);
#178=CIRCLE('',#10889,0.03);
#179=CIRCLE('',#10892,0.03);
#180=CIRCLE('',#10893,0.03);
#181=CIRCLE('',#10894,0.03);
#182=CIRCLE('',#10895,0.03);
#183=CIRCLE('',#10898,0.03);
#184=CIRCLE('',#10900,0.03);
#185=CIRCLE('',#10904,0.03);
#186=CIRCLE('',#10906,0.03);
#187=CIRCLE('',#10951,0.25);
#188=CIRCLE('',#10952,0.1);
#189=CIRCLE('',#10953,0.25);
#190=CIRCLE('',#10954,0.1);
#191=CIRCLE('',#10956,0.1);
#192=CIRCLE('',#10958,0.25);
#193=CIRCLE('',#10959,0.1);
#194=CIRCLE('',#10960,0.25);
#195=CIRCLE('',#10963,0.25);
#196=CIRCLE('',#10964,0.1);
#197=CIRCLE('',#10965,0.25);
#198=CIRCLE('',#10966,0.1);
#199=CIRCLE('',#10968,0.1);
#200=CIRCLE('',#10970,0.25);
#201=CIRCLE('',#10971,0.1);
#202=CIRCLE('',#10972,0.25);
#203=CIRCLE('',#10975,0.25);
#204=CIRCLE('',#10976,0.1);
#205=CIRCLE('',#10977,0.25);
#206=CIRCLE('',#10978,0.1);
#207=CIRCLE('',#10980,0.1);
#208=CIRCLE('',#10982,0.25);
#209=CIRCLE('',#10983,0.1);
#210=CIRCLE('',#10984,0.25);
#211=CIRCLE('',#10986,0.25);
#212=CIRCLE('',#10987,0.1);
#213=CIRCLE('',#10988,0.25);
#214=CIRCLE('',#10989,0.1);
#215=CIRCLE('',#10991,0.1);
#216=CIRCLE('',#10993,0.25);
#217=CIRCLE('',#10994,0.1);
#218=CIRCLE('',#10995,0.25);
#219=CIRCLE('',#10998,0.25);
#220=CIRCLE('',#10999,0.1);
#221=CIRCLE('',#11000,0.25);
#222=CIRCLE('',#11001,0.1);
#223=CIRCLE('',#11003,0.1);
#224=CIRCLE('',#11005,0.25);
#225=CIRCLE('',#11006,0.1);
#226=CIRCLE('',#11007,0.25);
#227=CIRCLE('',#11010,0.25);
#228=CIRCLE('',#11011,0.1);
#229=CIRCLE('',#11012,0.25);
#230=CIRCLE('',#11013,0.1);
#231=CIRCLE('',#11015,0.1);
#232=CIRCLE('',#11017,0.25);
#233=CIRCLE('',#11018,0.1);
#234=CIRCLE('',#11019,0.25);
#235=CIRCLE('',#11024,0.125);
#236=CIRCLE('',#11102,1.2);
#237=CIRCLE('',#11118,0.475);
#238=CIRCLE('',#11124,0.9);
#239=CIRCLE('',#11126,0.475);
#240=CIRCLE('',#11168,3.);
#241=CIRCLE('',#11169,3.);
#242=CIRCLE('',#11171,3.);
#243=CIRCLE('',#11172,0.499999603944);
#244=CIRCLE('',#11173,0.299966762338);
#245=CIRCLE('',#11174,0.299991600078);
#246=CIRCLE('',#11175,0.499999603944);
#247=CIRCLE('',#11176,0.299991600078);
#248=CIRCLE('',#11177,0.299991600078);
#249=CIRCLE('',#11178,0.499999603944);
#250=CIRCLE('',#11179,0.299991600078);
#251=CIRCLE('',#11180,0.300023425677);
#252=CIRCLE('',#11181,0.499998734392);
#253=CIRCLE('',#11182,0.299966762338);
#254=CIRCLE('',#11183,0.299683785035);
#255=CIRCLE('',#11184,0.5);
#256=CIRCLE('',#11185,0.5);
#257=CIRCLE('',#11187,3.);
#258=CIRCLE('',#11188,0.499999603944);
#259=CIRCLE('',#11189,0.299683785035);
#260=CIRCLE('',#11190,0.299966762338);
#261=CIRCLE('',#11191,0.499998734392);
#262=CIRCLE('',#11192,0.300023425677);
#263=CIRCLE('',#11193,0.299991600078);
#264=CIRCLE('',#11194,0.499999603944);
#265=CIRCLE('',#11195,0.299991600078);
#266=CIRCLE('',#11196,0.299991600078);
#267=CIRCLE('',#11197,0.499999603944);
#268=CIRCLE('',#11198,0.299991600078);
#269=CIRCLE('',#11199,0.299966762338);
#270=CIRCLE('',#11200,0.5);
#271=CIRCLE('',#11201,0.5);
#272=CIRCLE('',#11246,0.1);
#273=CIRCLE('',#11247,0.3);
#274=CIRCLE('',#11256,0.3);
#275=CIRCLE('',#11261,0.1);
#276=CIRCLE('',#11289,1.105);
#277=CIRCLE('',#11291,2.8);
#278=CIRCLE('',#11292,2.8);
#279=CIRCLE('',#11293,1.99999999999999);
#280=CIRCLE('',#11294,1.99999999999999);
#281=CIRCLE('',#11295,1.99999999999999);
#282=CIRCLE('',#11296,1.99999999999999);
#283=CIRCLE('',#11297,1.99999999999999);
#284=CIRCLE('',#11298,1.99999999999999);
#285=CIRCLE('',#11300,1.105);
#286=CIRCLE('',#11302,2.5);
#287=CIRCLE('',#11303,2.50000000000003);
#288=CIRCLE('',#11305,1.105);
#289=CIRCLE('',#11307,2.50000000000003);
#290=CIRCLE('',#11308,2.5);
#291=CIRCLE('',#11310,1.105);
#292=CIRCLE('',#11312,2.9);
#293=CIRCLE('',#11313,2.9);
#294=CIRCLE('',#11315,0.8);
#295=CIRCLE('',#11316,0.8);
#296=CIRCLE('',#11319,0.8);
#297=CIRCLE('',#11320,0.8);
#298=CIRCLE('',#11322,0.8);
#299=CIRCLE('',#11323,0.8);
#300=CIRCLE('',#11326,0.8);
#301=CIRCLE('',#11327,0.8);
#302=CIRCLE('',#11329,1.);
#303=CIRCLE('',#11330,1.);
#304=CIRCLE('',#11333,1.);
#305=CIRCLE('',#11334,1.);
#306=CIRCLE('',#11337,1.);
#307=CIRCLE('',#11338,1.);
#308=CIRCLE('',#11340,1.);
#309=CIRCLE('',#11342,1.);
#310=CIRCLE('',#11344,1.);
#311=CIRCLE('',#11345,1.);
#312=CIRCLE('',#11348,1.);
#313=CIRCLE('',#11349,1.);
#314=CIRCLE('',#11350,1.);
#315=CIRCLE('',#11352,1.);
#316=CIRCLE('',#11355,1.);
#317=CIRCLE('',#11358,1.);
#318=CIRCLE('',#11364,4.);
#319=CIRCLE('',#11365,4.);
#320=CIRCLE('',#11367,4.);
#321=CIRCLE('',#11368,4.);
#322=CIRCLE('',#11371,4.);
#323=CIRCLE('',#11372,4.);
#324=CIRCLE('',#11375,0.3);
#325=CIRCLE('',#11376,0.3);
#326=CIRCLE('',#11379,0.3);
#327=CIRCLE('',#11380,0.3);
#328=CIRCLE('',#11382,0.3);
#329=CIRCLE('',#11383,0.3);
#330=CIRCLE('',#11385,0.3);
#331=CIRCLE('',#11386,0.3);
#332=CIRCLE('',#11389,0.3);
#333=CIRCLE('',#11390,0.3);
#334=CIRCLE('',#11393,0.3);
#335=CIRCLE('',#11394,0.3);
#336=CIRCLE('',#11396,0.3);
#337=CIRCLE('',#11397,0.3);
#338=CIRCLE('',#11400,0.3);
#339=CIRCLE('',#11401,0.3);
#340=CIRCLE('',#11403,0.3);
#341=CIRCLE('',#11404,0.3);
#342=CIRCLE('',#11407,0.3);
#343=CIRCLE('',#11408,0.3);
#344=CIRCLE('',#11410,0.3);
#345=CIRCLE('',#11411,0.3);
#346=CIRCLE('',#11413,0.3);
#347=CIRCLE('',#11414,0.3);
#348=CIRCLE('',#11417,0.3);
#349=CIRCLE('',#11418,0.3);
#350=CIRCLE('',#11421,0.3);
#351=CIRCLE('',#11422,0.3);
#352=CIRCLE('',#11424,0.3);
#353=CIRCLE('',#11425,0.3);
#354=CIRCLE('',#11427,0.3);
#355=CIRCLE('',#11428,0.3);
#356=CIRCLE('',#11431,1.99999999999999);
#357=CIRCLE('',#11433,1.99999999999999);
#358=CIRCLE('',#11435,1.99999999999999);
#359=CIRCLE('',#11437,1.99999999999999);
#360=CIRCLE('',#11439,1.99999999999999);
#361=CIRCLE('',#11441,1.99999999999999);
#362=CIRCLE('',#11447,3.62500000000001);
#363=CIRCLE('',#11448,1.5);
#364=CIRCLE('',#11449,1.5);
#365=CIRCLE('',#11476,2.8);
#366=CIRCLE('',#11477,2.8);
#367=CIRCLE('',#11478,3.62500000000001);
#368=CIRCLE('',#11479,1.5);
#369=CIRCLE('',#11480,1.5);
#370=CIRCLE('',#11520,2.30000005133589);
#371=CIRCLE('',#11521,2.30000005133589);
#372=CIRCLE('',#11524,2.30000000000015);
#373=CIRCLE('',#11525,2.30000000000015);
#374=CIRCLE('',#11529,0.2);
#375=CIRCLE('',#11530,0.199999999999996);
#376=CIRCLE('',#11531,0.199999999999996);
#377=CIRCLE('',#11533,0.2);
#378=CIRCLE('',#11534,0.199999999999996);
#379=CIRCLE('',#11535,0.199999999999996);
#380=CIRCLE('',#11537,0.199999999999996);
#381=CIRCLE('',#11538,0.2);
#382=CIRCLE('',#11539,0.199999999999996);
#383=CIRCLE('',#11541,0.199999999999996);
#384=CIRCLE('',#11542,0.199999999999996);
#385=CIRCLE('',#11543,0.2);
#386=CIRCLE('',#11546,0.2);
#387=CIRCLE('',#11547,0.199999999999996);
#388=CIRCLE('',#11548,0.199999999999996);
#389=CIRCLE('',#11551,0.199999999999996);
#390=CIRCLE('',#11552,0.199999999999996);
#391=CIRCLE('',#11553,0.2);
#392=CIRCLE('',#11556,0.199999999999996);
#393=CIRCLE('',#11557,0.199999999999996);
#394=CIRCLE('',#11558,0.2);
#395=CIRCLE('',#11562,0.199999999999996);
#396=CIRCLE('',#11563,0.199999999999996);
#397=CIRCLE('',#11564,0.2);
#398=ITEM_DEFINED_TRANSFORMATION($,$,#10762,#10854);
#399=ITEM_DEFINED_TRANSFORMATION($,$,#10856,#10909);
#400=ITEM_DEFINED_TRANSFORMATION($,$,#10911,#11078);
#401=ITEM_DEFINED_TRANSFORMATION($,$,#11081,#11158);
#402=ITEM_DEFINED_TRANSFORMATION($,$,#11129,#11159);
#403=ITEM_DEFINED_TRANSFORMATION($,$,#11136,#11160);
#404=ITEM_DEFINED_TRANSFORMATION($,$,#11144,#11161);
#405=ITEM_DEFINED_TRANSFORMATION($,$,#11151,#11162);
#406=ITEM_DEFINED_TRANSFORMATION($,$,#11080,#11163);
#407=ITEM_DEFINED_TRANSFORMATION($,$,#11242,#11287);
#408=ITEM_DEFINED_TRANSFORMATION($,$,#11241,#11578);
#409=ITEM_DEFINED_TRANSFORMATION($,$,#10761,#11579);
#410=ITEM_DEFINED_TRANSFORMATION($,$,#10855,#11580);
#411=ITEM_DEFINED_TRANSFORMATION($,$,#10910,#11581);
#412=ITEM_DEFINED_TRANSFORMATION($,$,#11079,#11582);
#413=ITEM_DEFINED_TRANSFORMATION($,$,#11164,#11583);
#414=ITEM_DEFINED_TRANSFORMATION($,$,#11241,#11584);
#415=(
REPRESENTATION_RELATIONSHIP($,$,#17583,#17582)
REPRESENTATION_RELATIONSHIP_WITH_TRANSFORMATION(#398)
SHAPE_REPRESENTATION_RELATIONSHIP()
);
#416=(
REPRESENTATION_RELATIONSHIP($,$,#17585,#17584)
REPRESENTATION_RELATIONSHIP_WITH_TRANSFORMATION(#399)
SHAPE_REPRESENTATION_RELATIONSHIP()
);
#417=(
REPRESENTATION_RELATIONSHIP($,$,#17587,#17586)
REPRESENTATION_RELATIONSHIP_WITH_TRANSFORMATION(#400)
SHAPE_REPRESENTATION_RELATIONSHIP()
);
#418=(
REPRESENTATION_RELATIONSHIP($,$,#17590,#17589)
REPRESENTATION_RELATIONSHIP_WITH_TRANSFORMATION(#401)
SHAPE_REPRESENTATION_RELATIONSHIP()
);
#419=(
REPRESENTATION_RELATIONSHIP($,$,#17591,#17589)
REPRESENTATION_RELATIONSHIP_WITH_TRANSFORMATION(#402)
SHAPE_REPRESENTATION_RELATIONSHIP()
);
#420=(
REPRESENTATION_RELATIONSHIP($,$,#17592,#17589)
REPRESENTATION_RELATIONSHIP_WITH_TRANSFORMATION(#403)
SHAPE_REPRESENTATION_RELATIONSHIP()
);
#421=(
REPRESENTATION_RELATIONSHIP($,$,#17593,#17589)
REPRESENTATION_RELATIONSHIP_WITH_TRANSFORMATION(#404)
SHAPE_REPRESENTATION_RELATIONSHIP()
);
#422=(
REPRESENTATION_RELATIONSHIP($,$,#17594,#17589)
REPRESENTATION_RELATIONSHIP_WITH_TRANSFORMATION(#405)
SHAPE_REPRESENTATION_RELATIONSHIP()
);
#423=(
REPRESENTATION_RELATIONSHIP($,$,#17589,#17588)
REPRESENTATION_RELATIONSHIP_WITH_TRANSFORMATION(#406)
SHAPE_REPRESENTATION_RELATIONSHIP()
);
#424=(
REPRESENTATION_RELATIONSHIP($,$,#17597,#17596)
REPRESENTATION_RELATIONSHIP_WITH_TRANSFORMATION(#407)
SHAPE_REPRESENTATION_RELATIONSHIP()
);
#425=(
REPRESENTATION_RELATIONSHIP($,$,#17596,#17581)
REPRESENTATION_RELATIONSHIP_WITH_TRANSFORMATION(#408)
SHAPE_REPRESENTATION_RELATIONSHIP()
);
#426=(
REPRESENTATION_RELATIONSHIP($,$,#17582,#17581)
REPRESENTATION_RELATIONSHIP_WITH_TRANSFORMATION(#409)
SHAPE_REPRESENTATION_RELATIONSHIP()
);
#427=(
REPRESENTATION_RELATIONSHIP($,$,#17584,#17581)
REPRESENTATION_RELATIONSHIP_WITH_TRANSFORMATION(#410)
SHAPE_REPRESENTATION_RELATIONSHIP()
);
#428=(
REPRESENTATION_RELATIONSHIP($,$,#17586,#17581)
REPRESENTATION_RELATIONSHIP_WITH_TRANSFORMATION(#411)
SHAPE_REPRESENTATION_RELATIONSHIP()
);
#429=(
REPRESENTATION_RELATIONSHIP($,$,#17588,#17581)
REPRESENTATION_RELATIONSHIP_WITH_TRANSFORMATION(#412)
SHAPE_REPRESENTATION_RELATIONSHIP()
);
#430=(
REPRESENTATION_RELATIONSHIP($,$,#17595,#17581)
REPRESENTATION_RELATIONSHIP_WITH_TRANSFORMATION(#413)
SHAPE_REPRESENTATION_RELATIONSHIP()
);
#431=(
REPRESENTATION_RELATIONSHIP($,$,#17596,#17581)
REPRESENTATION_RELATIONSHIP_WITH_TRANSFORMATION(#414)
SHAPE_REPRESENTATION_RELATIONSHIP()
);
#432=CONTEXT_DEPENDENT_SHAPE_REPRESENTATION(#415,#17550);
#433=CONTEXT_DEPENDENT_SHAPE_REPRESENTATION(#416,#17553);
#434=CONTEXT_DEPENDENT_SHAPE_REPRESENTATION(#417,#17556);
#435=CONTEXT_DEPENDENT_SHAPE_REPRESENTATION(#418,#17564);
#436=CONTEXT_DEPENDENT_SHAPE_REPRESENTATION(#419,#17565);
#437=CONTEXT_DEPENDENT_SHAPE_REPRESENTATION(#420,#17566);
#438=CONTEXT_DEPENDENT_SHAPE_REPRESENTATION(#421,#17567);
#439=CONTEXT_DEPENDENT_SHAPE_REPRESENTATION(#422,#17568);
#440=CONTEXT_DEPENDENT_SHAPE_REPRESENTATION(#423,#17569);
#441=CONTEXT_DEPENDENT_SHAPE_REPRESENTATION(#424,#17573);
#442=CONTEXT_DEPENDENT_SHAPE_REPRESENTATION(#425,#17574);
#443=CONTEXT_DEPENDENT_SHAPE_REPRESENTATION(#426,#17575);
#444=CONTEXT_DEPENDENT_SHAPE_REPRESENTATION(#427,#17576);
#445=CONTEXT_DEPENDENT_SHAPE_REPRESENTATION(#428,#17577);
#446=CONTEXT_DEPENDENT_SHAPE_REPRESENTATION(#429,#17578);
#447=CONTEXT_DEPENDENT_SHAPE_REPRESENTATION(#430,#17579);
#448=CONTEXT_DEPENDENT_SHAPE_REPRESENTATION(#431,#17580);
#449=NEXT_ASSEMBLY_USAGE_OCCURRENCE(
'JST_SH_SM04B-SRSS-TB_1x04-1MP_P1.00mm_Horizontal:1',
'JST_SH_SM04B-SRSS-TB_1x04-1MP_P1.00mm_Horizontal:1',
'JST_SH_SM04B-SRSS-TB_1x04-1MP_P1.00mm_Horizontal:1',#17600,#17601,
'JST_SH_SM04B-SRSS-TB_1x04-1MP_P1.00mm_Horizontal:1');
#450=NEXT_ASSEMBLY_USAGE_OCCURRENCE('C_0603_1608Metric:1',
'C_0603_1608Metric:1','C_0603_1608Metric:1',#17602,#17603,
'C_0603_1608Metric:1');
#451=NEXT_ASSEMBLY_USAGE_OCCURRENCE('SOT-23-6:1','SOT-23-6:1',
'SOT-23-6:1',#17604,#17605,'SOT-23-6:1');
#452=NEXT_ASSEMBLY_USAGE_OCCURRENCE('Body:1','Body:1','Body:1',#17607,#17608,
'Body:1');
#453=NEXT_ASSEMBLY_USAGE_OCCURRENCE('Pin1:1','Pin1:1','Pin1:1',#17607,#17609,
'Pin1:1');
#454=NEXT_ASSEMBLY_USAGE_OCCURRENCE('Pin2:1','Pin2:1','Pin2:1',#17607,#17610,
'Pin2:1');
#455=NEXT_ASSEMBLY_USAGE_OCCURRENCE('Pin3:1','Pin3:1','Pin3:1',#17607,#17611,
'Pin3:1');
#456=NEXT_ASSEMBLY_USAGE_OCCURRENCE('Pin4:1','Pin4:1','Pin4:1',#17607,#17612,
'Pin4:1');
#457=NEXT_ASSEMBLY_USAGE_OCCURRENCE(
'LED_SK6812MINI_E_3_2x2_8mm_P1_5mm:1',
'LED_SK6812MINI_E_3_2x2_8mm_P1_5mm:1',
'LED_SK6812MINI_E_3_2x2_8mm_P1_5mm:1',#17606,#17607,
'LED_SK6812MINI_E_3_2x2_8mm_P1_5mm:1');
#458=NEXT_ASSEMBLY_USAGE_OCCURRENCE(
'PinSocket_1x01_P2.54mm_Horizontal:1',
'PinSocket_1x01_P2.54mm_Horizontal:1',
'PinSocket_1x01_P2.54mm_Horizontal:1',#17614,#17615,
'PinSocket_1x01_P2.54mm_Horizontal:1');
#459=NEXT_ASSEMBLY_USAGE_OCCURRENCE(
'PinSocket_1x01_P2.54mm_Horizontal (1):1',
'PinSocket_1x01_P2.54mm_Horizontal (1):1',
'PinSocket_1x01_P2.54mm_Horizontal (1):1',#17599,#17614,
'PinSocket_1x01_P2.54mm_Horizontal (1):1');
#460=NEXT_ASSEMBLY_USAGE_OCCURRENCE(
'JST_SH_SM04B-SRSS-TB_1x04-1MP_P1.00mm_Horizontal (1):1',
'JST_SH_SM04B-SRSS-TB_1x04-1MP_P1.00mm_Horizontal (1):1',
'JST_SH_SM04B-SRSS-TB_1x04-1MP_P1.00mm_Horizontal (1):1',#17599,#17600,
'JST_SH_SM04B-SRSS-TB_1x04-1MP_P1.00mm_Horizontal (1):1');
#461=NEXT_ASSEMBLY_USAGE_OCCURRENCE('C_0603_1608Metric (1):1',
'C_0603_1608Metric (1):1','C_0603_1608Metric (1):1',#17599,#17602,
'C_0603_1608Metric (1):1');
#462=NEXT_ASSEMBLY_USAGE_OCCURRENCE('SOT-23-6 (1):1','SOT-23-6 (1):1',
'SOT-23-6 (1):1',#17599,#17604,'SOT-23-6 (1):1');
#463=NEXT_ASSEMBLY_USAGE_OCCURRENCE(
'LED_SK6812MINI-E_3.2x2.8mm_P1.5mm_ReverseMount:1',
'LED_SK6812MINI-E_3.2x2.8mm_P1.5mm_ReverseMount:1',
'LED_SK6812MINI-E_3.2x2.8mm_P1.5mm_ReverseMount:1',#17599,#17606,
'LED_SK6812MINI-E_3.2x2.8mm_P1.5mm_ReverseMount:1');
#464=NEXT_ASSEMBLY_USAGE_OCCURRENCE('mpe32sensor_PCB:1',
'mpe32sensor_PCB:1','mpe32sensor_PCB:1',#17599,#17613,
'mpe32sensor_PCB:1');
#465=NEXT_ASSEMBLY_USAGE_OCCURRENCE(
'PinSocket_1x01_P2.54mm_Horizontal (1):2',
'PinSocket_1x01_P2.54mm_Horizontal (1):2',
'PinSocket_1x01_P2.54mm_Horizontal (1):2',#17599,#17614,
'PinSocket_1x01_P2.54mm_Horizontal (1):2');
#466=SHAPE_REPRESENTATION_RELATIONSHIP('SRR','None',#17583,#477);
#467=SHAPE_REPRESENTATION_RELATIONSHIP('SRR','None',#17585,#478);
#468=SHAPE_REPRESENTATION_RELATIONSHIP('SRR','None',#17587,#479);
#469=SHAPE_REPRESENTATION_RELATIONSHIP('SRR','None',#17590,#480);
#470=SHAPE_REPRESENTATION_RELATIONSHIP('SRR','None',#17591,#481);
#471=SHAPE_REPRESENTATION_RELATIONSHIP('SRR','None',#17592,#482);
#472=SHAPE_REPRESENTATION_RELATIONSHIP('SRR','None',#17593,#483);
#473=SHAPE_REPRESENTATION_RELATIONSHIP('SRR','None',#17594,#484);
#474=SHAPE_REPRESENTATION_RELATIONSHIP('SRR','None',#17595,#485);
#475=SHAPE_REPRESENTATION_RELATIONSHIP('SRR','None',#17597,#486);
#476=SHAPE_REPRESENTATION_RELATIONSHIP('SRR','None',#17581,#487);
#477=ADVANCED_BREP_SHAPE_REPRESENTATION('',(#488),#17510);
#478=ADVANCED_BREP_SHAPE_REPRESENTATION('',(#489),#17512);
#479=ADVANCED_BREP_SHAPE_REPRESENTATION('',(#490),#17514);
#480=ADVANCED_BREP_SHAPE_REPRESENTATION('',(#491),#17517);
#481=ADVANCED_BREP_SHAPE_REPRESENTATION('',(#492),#17518);
#482=ADVANCED_BREP_SHAPE_REPRESENTATION('',(#493),#17519);
#483=ADVANCED_BREP_SHAPE_REPRESENTATION('',(#494),#17520);
#484=ADVANCED_BREP_SHAPE_REPRESENTATION('',(#495),#17521);
#485=ADVANCED_BREP_SHAPE_REPRESENTATION('',(#496),#17522);
#486=ADVANCED_BREP_SHAPE_REPRESENTATION('',(#497),#17524);
#487=ADVANCED_BREP_SHAPE_REPRESENTATION('',(#498,#499,#500),#17508);
#488=MANIFOLD_SOLID_BREP('Body1',#10636);
#489=MANIFOLD_SOLID_BREP('Body1',#10637);
#490=MANIFOLD_SOLID_BREP('Body1',#10638);
#491=MANIFOLD_SOLID_BREP('Body1',#10639);
#492=MANIFOLD_SOLID_BREP('Body1',#10640);
#493=MANIFOLD_SOLID_BREP('Body1',#10641);
#494=MANIFOLD_SOLID_BREP('Body1',#10642);
#495=MANIFOLD_SOLID_BREP('Body1',#10643);
#496=MANIFOLD_SOLID_BREP('Body1',#10644);
#497=MANIFOLD_SOLID_BREP('Body1',#10645);
#498=MANIFOLD_SOLID_BREP('Flexure Body',#10646);
#499=MANIFOLD_SOLID_BREP('PCB Spacer Fix',#10647);
#500=MANIFOLD_SOLID_BREP('Neodymium Cube Magnet',#10648);
#501=STYLED_ITEM('',(#17673),#10108);
#502=STYLED_ITEM('',(#17673),#10109);
#503=STYLED_ITEM('',(#17673),#10110);
#504=STYLED_ITEM('',(#17673),#10111);
#505=STYLED_ITEM('',(#17673),#10112);
#506=STYLED_ITEM('',(#17673),#10113);
#507=STYLED_ITEM('',(#17673),#10114);
#508=STYLED_ITEM('',(#17673),#10115);
#509=STYLED_ITEM('',(#17673),#10116);
#510=STYLED_ITEM('',(#17673),#10117);
#511=STYLED_ITEM('',(#17673),#10118);
#512=STYLED_ITEM('',(#17673),#10119);
#513=STYLED_ITEM('',(#17673),#10120);
#514=STYLED_ITEM('',(#17673),#10121);
#515=STYLED_ITEM('',(#17673),#10122);
#516=STYLED_ITEM('',(#17673),#10123);
#517=STYLED_ITEM('',(#17673),#10124);
#518=STYLED_ITEM('',(#17673),#10125);
#519=STYLED_ITEM('',(#17673),#10126);
#520=STYLED_ITEM('',(#17673),#10142);
#521=STYLED_ITEM('',(#17673),#10143);
#522=STYLED_ITEM('',(#17673),#10144);
#523=STYLED_ITEM('',(#17673),#10145);
#524=STYLED_ITEM('',(#17673),#10150);
#525=STYLED_ITEM('',(#17673),#10151);
#526=STYLED_ITEM('',(#17673),#10152);
#527=STYLED_ITEM('',(#17673),#10153);
#528=STYLED_ITEM('',(#17673),#10154);
#529=STYLED_ITEM('',(#17673),#10155);
#530=STYLED_ITEM('',(#17673),#10156);
#531=STYLED_ITEM('',(#17673),#10157);
#532=STYLED_ITEM('',(#17673),#10158);
#533=STYLED_ITEM('',(#17673),#10159);
#534=STYLED_ITEM('',(#17673),#10160);
#535=STYLED_ITEM('',(#17673),#10164);
#536=STYLED_ITEM('',(#17673),#10165);
#537=STYLED_ITEM('',(#17673),#10166);
#538=STYLED_ITEM('',(#17673),#10167);
#539=STYLED_ITEM('',(#17673),#10168);
#540=STYLED_ITEM('',(#17673),#10169);
#541=STYLED_ITEM('',(#17673),#10170);
#542=STYLED_ITEM('',(#17673),#10171);
#543=STYLED_ITEM('',(#17673),#10172);
#544=STYLED_ITEM('',(#17673),#10173);
#545=STYLED_ITEM('',(#17673),#10174);
#546=STYLED_ITEM('',(#17673),#10175);
#547=STYLED_ITEM('',(#17673),#10176);
#548=STYLED_ITEM('',(#17673),#10177);
#549=STYLED_ITEM('',(#17673),#10178);
#550=STYLED_ITEM('',(#17673),#10179);
#551=STYLED_ITEM('',(#17673),#10180);
#552=STYLED_ITEM('',(#17673),#10181);
#553=STYLED_ITEM('',(#17673),#10182);
#554=STYLED_ITEM('',(#17673),#10183);
#555=STYLED_ITEM('',(#17670),#488);
#556=STYLED_ITEM('',(#17673),#10184);
#557=STYLED_ITEM('',(#17673),#10185);
#558=STYLED_ITEM('',(#17673),#10186);
#559=STYLED_ITEM('',(#17673),#10187);
#560=STYLED_ITEM('',(#17673),#10188);
#561=STYLED_ITEM('',(#17673),#10189);
#562=STYLED_ITEM('',(#17673),#10190);
#563=STYLED_ITEM('',(#17673),#10191);
#564=STYLED_ITEM('',(#17673),#10192);
#565=STYLED_ITEM('',(#17673),#10193);
#566=STYLED_ITEM('',(#17674),#10194);
#567=STYLED_ITEM('',(#17674),#10195);
#568=STYLED_ITEM('',(#17674),#10196);
#569=STYLED_ITEM('',(#17674),#10197);
#570=STYLED_ITEM('',(#17674),#10198);
#571=STYLED_ITEM('',(#17674),#10199);
#572=STYLED_ITEM('',(#17674),#10200);
#573=STYLED_ITEM('',(#17674),#10201);
#574=STYLED_ITEM('',(#17673),#10202);
#575=STYLED_ITEM('',(#17673),#10203);
#576=STYLED_ITEM('',(#17673),#10204);
#577=STYLED_ITEM('',(#17673),#10205);
#578=STYLED_ITEM('',(#17673),#10206);
#579=STYLED_ITEM('',(#17673),#10207);
#580=STYLED_ITEM('',(#17673),#10208);
#581=STYLED_ITEM('',(#17673),#10209);
#582=STYLED_ITEM('',(#17673),#10210);
#583=STYLED_ITEM('',(#17673),#10211);
#584=STYLED_ITEM('',(#17670),#489);
#585=STYLED_ITEM('',(#17675),#10212);
#586=STYLED_ITEM('',(#17675),#10213);
#587=STYLED_ITEM('',(#17675),#10214);
#588=STYLED_ITEM('',(#17675),#10215);
#589=STYLED_ITEM('',(#17675),#10216);
#590=STYLED_ITEM('',(#17675),#10217);
#591=STYLED_ITEM('',(#17675),#10218);
#592=STYLED_ITEM('',(#17675),#10219);
#593=STYLED_ITEM('',(#17675),#10220);
#594=STYLED_ITEM('',(#17675),#10221);
#595=STYLED_ITEM('',(#17675),#10222);
#596=STYLED_ITEM('',(#17675),#10223);
#597=STYLED_ITEM('',(#17675),#10224);
#598=STYLED_ITEM('',(#17675),#10225);
#599=STYLED_ITEM('',(#17673),#10226);
#600=STYLED_ITEM('',(#17675),#10227);
#601=STYLED_ITEM('',(#17673),#10228);
#602=STYLED_ITEM('',(#17675),#10229);
#603=STYLED_ITEM('',(#17673),#10230);
#604=STYLED_ITEM('',(#17675),#10231);
#605=STYLED_ITEM('',(#17675),#10232);
#606=STYLED_ITEM('',(#17673),#10233);
#607=STYLED_ITEM('',(#17675),#10234);
#608=STYLED_ITEM('',(#17673),#10235);
#609=STYLED_ITEM('',(#17675),#10236);
#610=STYLED_ITEM('',(#17673),#10237);
#611=STYLED_ITEM('',(#17675),#10238);
#612=STYLED_ITEM('',(#17675),#10239);
#613=STYLED_ITEM('',(#17675),#10240);
#614=STYLED_ITEM('',(#17675),#10241);
#615=STYLED_ITEM('',(#17673),#10242);
#616=STYLED_ITEM('',(#17675),#10243);
#617=STYLED_ITEM('',(#17675),#10244);
#618=STYLED_ITEM('',(#17675),#10245);
#619=STYLED_ITEM('',(#17675),#10246);
#620=STYLED_ITEM('',(#17675),#10247);
#621=STYLED_ITEM('',(#17673),#10248);
#622=STYLED_ITEM('',(#17675),#10249);
#623=STYLED_ITEM('',(#17673),#10250);
#624=STYLED_ITEM('',(#17673),#10251);
#625=STYLED_ITEM('',(#17673),#10252);
#626=STYLED_ITEM('',(#17675),#10253);
#627=STYLED_ITEM('',(#17673),#10254);
#628=STYLED_ITEM('',(#17673),#10255);
#629=STYLED_ITEM('',(#17673),#10256);
#630=STYLED_ITEM('',(#17675),#10257);
#631=STYLED_ITEM('',(#17673),#10258);
#632=STYLED_ITEM('',(#17673),#10259);
#633=STYLED_ITEM('',(#17673),#10260);
#634=STYLED_ITEM('',(#17673),#10261);
#635=STYLED_ITEM('',(#17673),#10262);
#636=STYLED_ITEM('',(#17673),#10263);
#637=STYLED_ITEM('',(#17675),#10264);
#638=STYLED_ITEM('',(#17673),#10265);
#639=STYLED_ITEM('',(#17673),#10266);
#640=STYLED_ITEM('',(#17673),#10267);
#641=STYLED_ITEM('',(#17675),#10268);
#642=STYLED_ITEM('',(#17673),#10269);
#643=STYLED_ITEM('',(#17673),#10270);
#644=STYLED_ITEM('',(#17673),#10271);
#645=STYLED_ITEM('',(#17673),#10272);
#646=STYLED_ITEM('',(#17673),#10273);
#647=STYLED_ITEM('',(#17673),#10274);
#648=STYLED_ITEM('',(#17675),#10275);
#649=STYLED_ITEM('',(#17675),#10276);
#650=STYLED_ITEM('',(#17673),#10277);
#651=STYLED_ITEM('',(#17673),#10278);
#652=STYLED_ITEM('',(#17675),#10279);
#653=STYLED_ITEM('',(#17673),#10280);
#654=STYLED_ITEM('',(#17675),#10281);
#655=STYLED_ITEM('',(#17673),#10282);
#656=STYLED_ITEM('',(#17673),#10283);
#657=STYLED_ITEM('',(#17673),#10284);
#658=STYLED_ITEM('',(#17673),#10285);
#659=STYLED_ITEM('',(#17673),#10286);
#660=STYLED_ITEM('',(#17673),#10287);
#661=STYLED_ITEM('',(#17673),#10288);
#662=STYLED_ITEM('',(#17673),#10289);
#663=STYLED_ITEM('',(#17673),#10290);
#664=STYLED_ITEM('',(#17673),#10291);
#665=STYLED_ITEM('',(#17673),#10292);
#666=STYLED_ITEM('',(#17673),#10293);
#667=STYLED_ITEM('',(#17673),#10294);
#668=STYLED_ITEM('',(#17673),#10295);
#669=STYLED_ITEM('',(#17673),#10296);
#670=STYLED_ITEM('',(#17673),#10297);
#671=STYLED_ITEM('',(#17673),#10298);
#672=STYLED_ITEM('',(#17673),#10299);
#673=STYLED_ITEM('',(#17673),#10300);
#674=STYLED_ITEM('',(#17673),#10301);
#675=STYLED_ITEM('',(#17673),#10302);
#676=STYLED_ITEM('',(#17673),#10303);
#677=STYLED_ITEM('',(#17673),#10304);
#678=STYLED_ITEM('',(#17673),#10305);
#679=STYLED_ITEM('',(#17673),#10306);
#680=STYLED_ITEM('',(#17673),#10307);
#681=STYLED_ITEM('',(#17673),#10308);
#682=STYLED_ITEM('',(#17673),#10309);
#683=STYLED_ITEM('',(#17673),#10310);
#684=STYLED_ITEM('',(#17673),#10311);
#685=STYLED_ITEM('',(#17673),#10312);
#686=STYLED_ITEM('',(#17673),#10313);
#687=STYLED_ITEM('',(#17673),#10314);
#688=STYLED_ITEM('',(#17673),#10315);
#689=STYLED_ITEM('',(#17673),#10316);
#690=STYLED_ITEM('',(#17673),#10317);
#691=STYLED_ITEM('',(#17673),#10318);
#692=STYLED_ITEM('',(#17673),#10319);
#693=STYLED_ITEM('',(#17673),#10320);
#694=STYLED_ITEM('',(#17673),#10321);
#695=STYLED_ITEM('',(#17673),#10322);
#696=STYLED_ITEM('',(#17673),#10323);
#697=STYLED_ITEM('',(#17673),#10324);
#698=STYLED_ITEM('',(#17673),#10325);
#699=STYLED_ITEM('',(#17673),#10326);
#700=STYLED_ITEM('',(#17673),#10327);
#701=STYLED_ITEM('',(#17676),#10328);
#702=STYLED_ITEM('',(#17670),#490);
#703=STYLED_ITEM('',(#17677),#491);
#704=STYLED_ITEM('',(#17678),#492);
#705=STYLED_ITEM('',(#17678),#493);
#706=STYLED_ITEM('',(#17678),#494);
#707=STYLED_ITEM('',(#17678),#495);
#708=STYLED_ITEM('',(#17679),#496);
#709=STYLED_ITEM('',(#17680),#10428);
#710=STYLED_ITEM('',(#17675),#10429);
#711=STYLED_ITEM('',(#17680),#10430);
#712=STYLED_ITEM('',(#17675),#10431);
#713=STYLED_ITEM('',(#17675),#10432);
#714=STYLED_ITEM('',(#17675),#10433);
#715=STYLED_ITEM('',(#17675),#10434);
#716=STYLED_ITEM('',(#17680),#10435);
#717=STYLED_ITEM('',(#17680),#10436);
#718=STYLED_ITEM('',(#17680),#10437);
#719=STYLED_ITEM('',(#17680),#10438);
#720=STYLED_ITEM('',(#17680),#10439);
#721=STYLED_ITEM('',(#17680),#10440);
#722=STYLED_ITEM('',(#17680),#10441);
#723=STYLED_ITEM('',(#17680),#10442);
#724=STYLED_ITEM('',(#17675),#10443);
#725=STYLED_ITEM('',(#17675),#10444);
#726=STYLED_ITEM('',(#17675),#10445);
#727=STYLED_ITEM('',(#17675),#10446);
#728=STYLED_ITEM('',(#17675),#10447);
#729=STYLED_ITEM('',(#17680),#10448);
#730=STYLED_ITEM('',(#17680),#10449);
#731=STYLED_ITEM('',(#17680),#10450);
#732=STYLED_ITEM('',(#17675),#10451);
#733=STYLED_ITEM('',(#17675),#10452);
#734=STYLED_ITEM('',(#17675),#10453);
#735=STYLED_ITEM('',(#17675),#10454);
#736=STYLED_ITEM('',(#17675),#10455);
#737=STYLED_ITEM('',(#17675),#10456);
#738=STYLED_ITEM('',(#17675),#10457);
#739=STYLED_ITEM('',(#17675),#10458);
#740=STYLED_ITEM('',(#17675),#10459);
#741=STYLED_ITEM('',(#17675),#10460);
#742=STYLED_ITEM('',(#17680),#10461);
#743=STYLED_ITEM('',(#17680),#10462);
#744=STYLED_ITEM('',(#17680),#10463);
#745=STYLED_ITEM('',(#17680),#10464);
#746=STYLED_ITEM('',(#17680),#10465);
#747=STYLED_ITEM('',(#17680),#10466);
#748=STYLED_ITEM('',(#17680),#10467);
#749=STYLED_ITEM('',(#17670),#497);
#750=STYLED_ITEM('',(#17671),#498);
#751=STYLED_ITEM('',(#17671),#499);
#752=STYLED_ITEM('',(#17672),#500);
#753=FACE_BOUND('',#1336,.T.);
#754=FACE_BOUND('',#1400,.T.);
#755=FACE_BOUND('',#1401,.T.);
#756=FACE_BOUND('',#1402,.T.);
#757=FACE_BOUND('',#1403,.T.);
#758=FACE_BOUND('',#1435,.T.);
#759=FACE_BOUND('',#1445,.T.);
#760=FACE_BOUND('',#1519,.T.);
#761=FACE_BOUND('',#1585,.T.);
#762=FACE_BOUND('',#1596,.T.);
#763=FACE_BOUND('',#1634,.T.);
#764=FACE_BOUND('',#1635,.T.);
#765=FACE_BOUND('',#1636,.T.);
#766=FACE_BOUND('',#1638,.T.);
#767=FACE_BOUND('',#1639,.T.);
#768=FACE_BOUND('',#1640,.T.);
#769=FACE_BOUND('',#1682,.T.);
#770=FACE_BOUND('',#1700,.T.);
#771=FACE_BOUND('',#1724,.T.);
#772=FACE_BOUND('',#1725,.T.);
#773=FACE_BOUND('',#1794,.T.);
#774=FACE_BOUND('',#1796,.T.);
#775=FACE_BOUND('',#1799,.T.);
#776=FACE_BOUND('',#1800,.T.);
#777=FACE_BOUND('',#1801,.T.);
#778=FACE_BOUND('',#1802,.T.);
#779=FACE_BOUND('',#1803,.T.);
#780=FACE_BOUND('',#1823,.T.);
#781=FACE_BOUND('',#1826,.T.);
#782=FACE_BOUND('',#1832,.T.);
#783=FACE_BOUND('',#1833,.T.);
#784=FACE_BOUND('',#1834,.T.);
#785=FACE_BOUND('',#1842,.T.);
#786=FACE_OUTER_BOUND('',#1329,.T.);
#787=FACE_OUTER_BOUND('',#1330,.T.);
#788=FACE_OUTER_BOUND('',#1331,.T.);
#789=FACE_OUTER_BOUND('',#1332,.T.);
#790=FACE_OUTER_BOUND('',#1333,.T.);
#791=FACE_OUTER_BOUND('',#1334,.T.);
#792=FACE_OUTER_BOUND('',#1335,.T.);
#793=FACE_OUTER_BOUND('',#1337,.T.);
#794=FACE_OUTER_BOUND('',#1338,.T.);
#795=FACE_OUTER_BOUND('',#1339,.T.);
#796=FACE_OUTER_BOUND('',#1340,.T.);
#797=FACE_OUTER_BOUND('',#1341,.T.);
#798=FACE_OUTER_BOUND('',#1342,.T.);
#799=FACE_OUTER_BOUND('',#1343,.T.);
#800=FACE_OUTER_BOUND('',#1344,.T.);
#801=FACE_OUTER_BOUND('',#1345,.T.);
#802=FACE_OUTER_BOUND('',#1346,.T.);
#803=FACE_OUTER_BOUND('',#1347,.T.);
#804=FACE_OUTER_BOUND('',#1348,.T.);
#805=FACE_OUTER_BOUND('',#1349,.T.);
#806=FACE_OUTER_BOUND('',#1350,.T.);
#807=FACE_OUTER_BOUND('',#1351,.T.);
#808=FACE_OUTER_BOUND('',#1352,.T.);
#809=FACE_OUTER_BOUND('',#1353,.T.);
#810=FACE_OUTER_BOUND('',#1354,.T.);
#811=FACE_OUTER_BOUND('',#1355,.T.);
#812=FACE_OUTER_BOUND('',#1356,.T.);
#813=FACE_OUTER_BOUND('',#1357,.T.);
#814=FACE_OUTER_BOUND('',#1358,.T.);
#815=FACE_OUTER_BOUND('',#1359,.T.);
#816=FACE_OUTER_BOUND('',#1360,.T.);
#817=FACE_OUTER_BOUND('',#1361,.T.);
#818=FACE_OUTER_BOUND('',#1362,.T.);
#819=FACE_OUTER_BOUND('',#1363,.T.);
#820=FACE_OUTER_BOUND('',#1364,.T.);
#821=FACE_OUTER_BOUND('',#1365,.T.);
#822=FACE_OUTER_BOUND('',#1366,.T.);
#823=FACE_OUTER_BOUND('',#1367,.T.);
#824=FACE_OUTER_BOUND('',#1368,.T.);
#825=FACE_OUTER_BOUND('',#1369,.T.);
#826=FACE_OUTER_BOUND('',#1370,.T.);
#827=FACE_OUTER_BOUND('',#1371,.T.);
#828=FACE_OUTER_BOUND('',#1372,.T.);
#829=FACE_OUTER_BOUND('',#1373,.T.);
#830=FACE_OUTER_BOUND('',#1374,.T.);
#831=FACE_OUTER_BOUND('',#1375,.T.);
#832=FACE_OUTER_BOUND('',#1376,.T.);
#833=FACE_OUTER_BOUND('',#1377,.T.);
#834=FACE_OUTER_BOUND('',#1378,.T.);
#835=FACE_OUTER_BOUND('',#1379,.T.);
#836=FACE_OUTER_BOUND('',#1380,.T.);
#837=FACE_OUTER_BOUND('',#1381,.T.);
#838=FACE_OUTER_BOUND('',#1382,.T.);
#839=FACE_OUTER_BOUND('',#1383,.T.);
#840=FACE_OUTER_BOUND('',#1384,.T.);
#841=FACE_OUTER_BOUND('',#1385,.T.);
#842=FACE_OUTER_BOUND('',#1386,.T.);
#843=FACE_OUTER_BOUND('',#1387,.T.);
#844=FACE_OUTER_BOUND('',#1388,.T.);
#845=FACE_OUTER_BOUND('',#1389,.T.);
#846=FACE_OUTER_BOUND('',#1390,.T.);
#847=FACE_OUTER_BOUND('',#1391,.T.);
#848=FACE_OUTER_BOUND('',#1392,.T.);
#849=FACE_OUTER_BOUND('',#1393,.T.);
#850=FACE_OUTER_BOUND('',#1394,.T.);
#851=FACE_OUTER_BOUND('',#1395,.T.);
#852=FACE_OUTER_BOUND('',#1396,.T.);
#853=FACE_OUTER_BOUND('',#1397,.T.);
#854=FACE_OUTER_BOUND('',#1398,.T.);
#855=FACE_OUTER_BOUND('',#1399,.T.);
#856=FACE_OUTER_BOUND('',#1404,.T.);
#857=FACE_OUTER_BOUND('',#1405,.T.);
#858=FACE_OUTER_BOUND('',#1406,.T.);
#859=FACE_OUTER_BOUND('',#1407,.T.);
#860=FACE_OUTER_BOUND('',#1408,.T.);
#861=FACE_OUTER_BOUND('',#1409,.T.);
#862=FACE_OUTER_BOUND('',#1410,.T.);
#863=FACE_OUTER_BOUND('',#1411,.T.);
#864=FACE_OUTER_BOUND('',#1412,.T.);
#865=FACE_OUTER_BOUND('',#1413,.T.);
#866=FACE_OUTER_BOUND('',#1414,.T.);
#867=FACE_OUTER_BOUND('',#1415,.T.);
#868=FACE_OUTER_BOUND('',#1416,.T.);
#869=FACE_OUTER_BOUND('',#1417,.T.);
#870=FACE_OUTER_BOUND('',#1418,.T.);
#871=FACE_OUTER_BOUND('',#1419,.T.);
#872=FACE_OUTER_BOUND('',#1420,.T.);
#873=FACE_OUTER_BOUND('',#1421,.T.);
#874=FACE_OUTER_BOUND('',#1422,.T.);
#875=FACE_OUTER_BOUND('',#1423,.T.);
#876=FACE_OUTER_BOUND('',#1424,.T.);
#877=FACE_OUTER_BOUND('',#1425,.T.);
#878=FACE_OUTER_BOUND('',#1426,.T.);
#879=FACE_OUTER_BOUND('',#1427,.T.);
#880=FACE_OUTER_BOUND('',#1428,.T.);
#881=FACE_OUTER_BOUND('',#1429,.T.);
#882=FACE_OUTER_BOUND('',#1430,.T.);
#883=FACE_OUTER_BOUND('',#1431,.T.);
#884=FACE_OUTER_BOUND('',#1432,.T.);
#885=FACE_OUTER_BOUND('',#1433,.T.);
#886=FACE_OUTER_BOUND('',#1434,.T.);
#887=FACE_OUTER_BOUND('',#1436,.T.);
#888=FACE_OUTER_BOUND('',#1437,.T.);
#889=FACE_OUTER_BOUND('',#1438,.T.);
#890=FACE_OUTER_BOUND('',#1439,.T.);
#891=FACE_OUTER_BOUND('',#1440,.T.);
#892=FACE_OUTER_BOUND('',#1441,.T.);
#893=FACE_OUTER_BOUND('',#1442,.T.);
#894=FACE_OUTER_BOUND('',#1443,.T.);
#895=FACE_OUTER_BOUND('',#1444,.T.);
#896=FACE_OUTER_BOUND('',#1446,.T.);
#897=FACE_OUTER_BOUND('',#1447,.T.);
#898=FACE_OUTER_BOUND('',#1448,.T.);
#899=FACE_OUTER_BOUND('',#1449,.T.);
#900=FACE_OUTER_BOUND('',#1450,.T.);
#901=FACE_OUTER_BOUND('',#1451,.T.);
#902=FACE_OUTER_BOUND('',#1452,.T.);
#903=FACE_OUTER_BOUND('',#1453,.T.);
#904=FACE_OUTER_BOUND('',#1454,.T.);
#905=FACE_OUTER_BOUND('',#1455,.T.);
#906=FACE_OUTER_BOUND('',#1456,.T.);
#907=FACE_OUTER_BOUND('',#1457,.T.);
#908=FACE_OUTER_BOUND('',#1458,.T.);
#909=FACE_OUTER_BOUND('',#1459,.T.);
#910=FACE_OUTER_BOUND('',#1460,.T.);
#911=FACE_OUTER_BOUND('',#1461,.T.);
#912=FACE_OUTER_BOUND('',#1462,.T.);
#913=FACE_OUTER_BOUND('',#1463,.T.);
#914=FACE_OUTER_BOUND('',#1464,.T.);
#915=FACE_OUTER_BOUND('',#1465,.T.);
#916=FACE_OUTER_BOUND('',#1466,.T.);
#917=FACE_OUTER_BOUND('',#1467,.T.);
#918=FACE_OUTER_BOUND('',#1468,.T.);
#919=FACE_OUTER_BOUND('',#1469,.T.);
#920=FACE_OUTER_BOUND('',#1470,.T.);
#921=FACE_OUTER_BOUND('',#1471,.T.);
#922=FACE_OUTER_BOUND('',#1472,.T.);
#923=FACE_OUTER_BOUND('',#1473,.T.);
#924=FACE_OUTER_BOUND('',#1474,.T.);
#925=FACE_OUTER_BOUND('',#1475,.T.);
#926=FACE_OUTER_BOUND('',#1476,.T.);
#927=FACE_OUTER_BOUND('',#1477,.T.);
#928=FACE_OUTER_BOUND('',#1478,.T.);
#929=FACE_OUTER_BOUND('',#1479,.T.);
#930=FACE_OUTER_BOUND('',#1480,.T.);
#931=FACE_OUTER_BOUND('',#1481,.T.);
#932=FACE_OUTER_BOUND('',#1482,.T.);
#933=FACE_OUTER_BOUND('',#1483,.T.);
#934=FACE_OUTER_BOUND('',#1484,.T.);
#935=FACE_OUTER_BOUND('',#1485,.T.);
#936=FACE_OUTER_BOUND('',#1486,.T.);
#937=FACE_OUTER_BOUND('',#1487,.T.);
#938=FACE_OUTER_BOUND('',#1488,.T.);
#939=FACE_OUTER_BOUND('',#1489,.T.);
#940=FACE_OUTER_BOUND('',#1490,.T.);
#941=FACE_OUTER_BOUND('',#1491,.T.);
#942=FACE_OUTER_BOUND('',#1492,.T.);
#943=FACE_OUTER_BOUND('',#1493,.T.);
#944=FACE_OUTER_BOUND('',#1494,.T.);
#945=FACE_OUTER_BOUND('',#1495,.T.);
#946=FACE_OUTER_BOUND('',#1496,.T.);
#947=FACE_OUTER_BOUND('',#1497,.T.);
#948=FACE_OUTER_BOUND('',#1498,.T.);
#949=FACE_OUTER_BOUND('',#1499,.T.);
#950=FACE_OUTER_BOUND('',#1500,.T.);
#951=FACE_OUTER_BOUND('',#1501,.T.);
#952=FACE_OUTER_BOUND('',#1502,.T.);
#953=FACE_OUTER_BOUND('',#1503,.T.);
#954=FACE_OUTER_BOUND('',#1504,.T.);
#955=FACE_OUTER_BOUND('',#1505,.T.);
#956=FACE_OUTER_BOUND('',#1506,.T.);
#957=FACE_OUTER_BOUND('',#1507,.T.);
#958=FACE_OUTER_BOUND('',#1508,.T.);
#959=FACE_OUTER_BOUND('',#1509,.T.);
#960=FACE_OUTER_BOUND('',#1510,.T.);
#961=FACE_OUTER_BOUND('',#1511,.T.);
#962=FACE_OUTER_BOUND('',#1512,.T.);
#963=FACE_OUTER_BOUND('',#1513,.T.);
#964=FACE_OUTER_BOUND('',#1514,.T.);
#965=FACE_OUTER_BOUND('',#1515,.T.);
#966=FACE_OUTER_BOUND('',#1516,.T.);
#967=FACE_OUTER_BOUND('',#1517,.T.);
#968=FACE_OUTER_BOUND('',#1518,.T.);
#969=FACE_OUTER_BOUND('',#1520,.T.);
#970=FACE_OUTER_BOUND('',#1521,.T.);
#971=FACE_OUTER_BOUND('',#1522,.T.);
#972=FACE_OUTER_BOUND('',#1523,.T.);
#973=FACE_OUTER_BOUND('',#1524,.T.);
#974=FACE_OUTER_BOUND('',#1525,.T.);
#975=FACE_OUTER_BOUND('',#1526,.T.);
#976=FACE_OUTER_BOUND('',#1527,.T.);
#977=FACE_OUTER_BOUND('',#1528,.T.);
#978=FACE_OUTER_BOUND('',#1529,.T.);
#979=FACE_OUTER_BOUND('',#1530,.T.);
#980=FACE_OUTER_BOUND('',#1531,.T.);
#981=FACE_OUTER_BOUND('',#1532,.T.);
#982=FACE_OUTER_BOUND('',#1533,.T.);
#983=FACE_OUTER_BOUND('',#1534,.T.);
#984=FACE_OUTER_BOUND('',#1535,.T.);
#985=FACE_OUTER_BOUND('',#1536,.T.);
#986=FACE_OUTER_BOUND('',#1537,.T.);
#987=FACE_OUTER_BOUND('',#1538,.T.);
#988=FACE_OUTER_BOUND('',#1539,.T.);
#989=FACE_OUTER_BOUND('',#1540,.T.);
#990=FACE_OUTER_BOUND('',#1541,.T.);
#991=FACE_OUTER_BOUND('',#1542,.T.);
#992=FACE_OUTER_BOUND('',#1543,.T.);
#993=FACE_OUTER_BOUND('',#1544,.T.);
#994=FACE_OUTER_BOUND('',#1545,.T.);
#995=FACE_OUTER_BOUND('',#1546,.T.);
#996=FACE_OUTER_BOUND('',#1547,.T.);
#997=FACE_OUTER_BOUND('',#1548,.T.);
#998=FACE_OUTER_BOUND('',#1549,.T.);
#999=FACE_OUTER_BOUND('',#1550,.T.);
#1000=FACE_OUTER_BOUND('',#1551,.T.);
#1001=FACE_OUTER_BOUND('',#1552,.T.);
#1002=FACE_OUTER_BOUND('',#1553,.T.);
#1003=FACE_OUTER_BOUND('',#1554,.T.);
#1004=FACE_OUTER_BOUND('',#1555,.T.);
#1005=FACE_OUTER_BOUND('',#1556,.T.);
#1006=FACE_OUTER_BOUND('',#1557,.T.);
#1007=FACE_OUTER_BOUND('',#1558,.T.);
#1008=FACE_OUTER_BOUND('',#1559,.T.);
#1009=FACE_OUTER_BOUND('',#1560,.T.);
#1010=FACE_OUTER_BOUND('',#1561,.T.);
#1011=FACE_OUTER_BOUND('',#1562,.T.);
#1012=FACE_OUTER_BOUND('',#1563,.T.);
#1013=FACE_OUTER_BOUND('',#1564,.T.);
#1014=FACE_OUTER_BOUND('',#1565,.T.);
#1015=FACE_OUTER_BOUND('',#1566,.T.);
#1016=FACE_OUTER_BOUND('',#1567,.T.);
#1017=FACE_OUTER_BOUND('',#1568,.T.);
#1018=FACE_OUTER_BOUND('',#1569,.T.);
#1019=FACE_OUTER_BOUND('',#1570,.T.);
#1020=FACE_OUTER_BOUND('',#1571,.T.);
#1021=FACE_OUTER_BOUND('',#1572,.T.);
#1022=FACE_OUTER_BOUND('',#1573,.T.);
#1023=FACE_OUTER_BOUND('',#1574,.T.);
#1024=FACE_OUTER_BOUND('',#1575,.T.);
#1025=FACE_OUTER_BOUND('',#1576,.T.);
#1026=FACE_OUTER_BOUND('',#1577,.T.);
#1027=FACE_OUTER_BOUND('',#1578,.T.);
#1028=FACE_OUTER_BOUND('',#1579,.T.);
#1029=FACE_OUTER_BOUND('',#1580,.T.);
#1030=FACE_OUTER_BOUND('',#1581,.T.);
#1031=FACE_OUTER_BOUND('',#1582,.T.);
#1032=FACE_OUTER_BOUND('',#1583,.T.);
#1033=FACE_OUTER_BOUND('',#1584,.T.);
#1034=FACE_OUTER_BOUND('',#1586,.T.);
#1035=FACE_OUTER_BOUND('',#1587,.T.);
#1036=FACE_OUTER_BOUND('',#1588,.T.);
#1037=FACE_OUTER_BOUND('',#1589,.T.);
#1038=FACE_OUTER_BOUND('',#1590,.T.);
#1039=FACE_OUTER_BOUND('',#1591,.T.);
#1040=FACE_OUTER_BOUND('',#1592,.T.);
#1041=FACE_OUTER_BOUND('',#1593,.T.);
#1042=FACE_OUTER_BOUND('',#1594,.T.);
#1043=FACE_OUTER_BOUND('',#1595,.T.);
#1044=FACE_OUTER_BOUND('',#1597,.T.);
#1045=FACE_OUTER_BOUND('',#1598,.T.);
#1046=FACE_OUTER_BOUND('',#1599,.T.);
#1047=FACE_OUTER_BOUND('',#1600,.T.);
#1048=FACE_OUTER_BOUND('',#1601,.T.);
#1049=FACE_OUTER_BOUND('',#1602,.T.);
#1050=FACE_OUTER_BOUND('',#1603,.T.);
#1051=FACE_OUTER_BOUND('',#1604,.T.);
#1052=FACE_OUTER_BOUND('',#1605,.T.);
#1053=FACE_OUTER_BOUND('',#1606,.T.);
#1054=FACE_OUTER_BOUND('',#1607,.T.);
#1055=FACE_OUTER_BOUND('',#1608,.T.);
#1056=FACE_OUTER_BOUND('',#1609,.T.);
#1057=FACE_OUTER_BOUND('',#1610,.T.);
#1058=FACE_OUTER_BOUND('',#1611,.T.);
#1059=FACE_OUTER_BOUND('',#1612,.T.);
#1060=FACE_OUTER_BOUND('',#1613,.T.);
#1061=FACE_OUTER_BOUND('',#1614,.T.);
#1062=FACE_OUTER_BOUND('',#1615,.T.);
#1063=FACE_OUTER_BOUND('',#1616,.T.);
#1064=FACE_OUTER_BOUND('',#1617,.T.);
#1065=FACE_OUTER_BOUND('',#1618,.T.);
#1066=FACE_OUTER_BOUND('',#1619,.T.);
#1067=FACE_OUTER_BOUND('',#1620,.T.);
#1068=FACE_OUTER_BOUND('',#1621,.T.);
#1069=FACE_OUTER_BOUND('',#1622,.T.);
#1070=FACE_OUTER_BOUND('',#1623,.T.);
#1071=FACE_OUTER_BOUND('',#1624,.T.);
#1072=FACE_OUTER_BOUND('',#1625,.T.);
#1073=FACE_OUTER_BOUND('',#1626,.T.);
#1074=FACE_OUTER_BOUND('',#1627,.T.);
#1075=FACE_OUTER_BOUND('',#1628,.T.);
#1076=FACE_OUTER_BOUND('',#1629,.T.);
#1077=FACE_OUTER_BOUND('',#1630,.T.);
#1078=FACE_OUTER_BOUND('',#1631,.T.);
#1079=FACE_OUTER_BOUND('',#1632,.T.);
#1080=FACE_OUTER_BOUND('',#1633,.T.);
#1081=FACE_OUTER_BOUND('',#1637,.T.);
#1082=FACE_OUTER_BOUND('',#1641,.T.);
#1083=FACE_OUTER_BOUND('',#1642,.T.);
#1084=FACE_OUTER_BOUND('',#1643,.T.);
#1085=FACE_OUTER_BOUND('',#1644,.T.);
#1086=FACE_OUTER_BOUND('',#1645,.T.);
#1087=FACE_OUTER_BOUND('',#1646,.T.);
#1088=FACE_OUTER_BOUND('',#1647,.T.);
#1089=FACE_OUTER_BOUND('',#1648,.T.);
#1090=FACE_OUTER_BOUND('',#1649,.T.);
#1091=FACE_OUTER_BOUND('',#1650,.T.);
#1092=FACE_OUTER_BOUND('',#1651,.T.);
#1093=FACE_OUTER_BOUND('',#1652,.T.);
#1094=FACE_OUTER_BOUND('',#1653,.T.);
#1095=FACE_OUTER_BOUND('',#1654,.T.);
#1096=FACE_OUTER_BOUND('',#1655,.T.);
#1097=FACE_OUTER_BOUND('',#1656,.T.);
#1098=FACE_OUTER_BOUND('',#1657,.T.);
#1099=FACE_OUTER_BOUND('',#1658,.T.);
#1100=FACE_OUTER_BOUND('',#1659,.T.);
#1101=FACE_OUTER_BOUND('',#1660,.T.);
#1102=FACE_OUTER_BOUND('',#1661,.T.);
#1103=FACE_OUTER_BOUND('',#1662,.T.);
#1104=FACE_OUTER_BOUND('',#1663,.T.);
#1105=FACE_OUTER_BOUND('',#1664,.T.);
#1106=FACE_OUTER_BOUND('',#1665,.T.);
#1107=FACE_OUTER_BOUND('',#1666,.T.);
#1108=FACE_OUTER_BOUND('',#1667,.T.);
#1109=FACE_OUTER_BOUND('',#1668,.T.);
#1110=FACE_OUTER_BOUND('',#1669,.T.);
#1111=FACE_OUTER_BOUND('',#1670,.T.);
#1112=FACE_OUTER_BOUND('',#1671,.T.);
#1113=FACE_OUTER_BOUND('',#1672,.T.);
#1114=FACE_OUTER_BOUND('',#1673,.T.);
#1115=FACE_OUTER_BOUND('',#1674,.T.);
#1116=FACE_OUTER_BOUND('',#1675,.T.);
#1117=FACE_OUTER_BOUND('',#1676,.T.);
#1118=FACE_OUTER_BOUND('',#1677,.T.);
#1119=FACE_OUTER_BOUND('',#1678,.T.);
#1120=FACE_OUTER_BOUND('',#1679,.T.);
#1121=FACE_OUTER_BOUND('',#1680,.T.);
#1122=FACE_OUTER_BOUND('',#1681,.T.);
#1123=FACE_OUTER_BOUND('',#1683,.T.);
#1124=FACE_OUTER_BOUND('',#1684,.T.);
#1125=FACE_OUTER_BOUND('',#1685,.T.);
#1126=FACE_OUTER_BOUND('',#1686,.T.);
#1127=FACE_OUTER_BOUND('',#1687,.T.);
#1128=FACE_OUTER_BOUND('',#1688,.T.);
#1129=FACE_OUTER_BOUND('',#1689,.T.);
#1130=FACE_OUTER_BOUND('',#1690,.T.);
#1131=FACE_OUTER_BOUND('',#1691,.T.);
#1132=FACE_OUTER_BOUND('',#1692,.T.);
#1133=FACE_OUTER_BOUND('',#1693,.T.);
#1134=FACE_OUTER_BOUND('',#1694,.T.);
#1135=FACE_OUTER_BOUND('',#1695,.T.);
#1136=FACE_OUTER_BOUND('',#1696,.T.);
#1137=FACE_OUTER_BOUND('',#1697,.T.);
#1138=FACE_OUTER_BOUND('',#1698,.T.);
#1139=FACE_OUTER_BOUND('',#1699,.T.);
#1140=FACE_OUTER_BOUND('',#1701,.T.);
#1141=FACE_OUTER_BOUND('',#1702,.T.);
#1142=FACE_OUTER_BOUND('',#1703,.T.);
#1143=FACE_OUTER_BOUND('',#1704,.T.);
#1144=FACE_OUTER_BOUND('',#1705,.T.);
#1145=FACE_OUTER_BOUND('',#1706,.T.);
#1146=FACE_OUTER_BOUND('',#1707,.T.);
#1147=FACE_OUTER_BOUND('',#1708,.T.);
#1148=FACE_OUTER_BOUND('',#1709,.T.);
#1149=FACE_OUTER_BOUND('',#1710,.T.);
#1150=FACE_OUTER_BOUND('',#1711,.T.);
#1151=FACE_OUTER_BOUND('',#1712,.T.);
#1152=FACE_OUTER_BOUND('',#1713,.T.);
#1153=FACE_OUTER_BOUND('',#1714,.T.);
#1154=FACE_OUTER_BOUND('',#1715,.T.);
#1155=FACE_OUTER_BOUND('',#1716,.T.);
#1156=FACE_OUTER_BOUND('',#1717,.T.);
#1157=FACE_OUTER_BOUND('',#1718,.T.);
#1158=FACE_OUTER_BOUND('',#1719,.T.);
#1159=FACE_OUTER_BOUND('',#1720,.T.);
#1160=FACE_OUTER_BOUND('',#1721,.T.);
#1161=FACE_OUTER_BOUND('',#1722,.T.);
#1162=FACE_OUTER_BOUND('',#1723,.T.);
#1163=FACE_OUTER_BOUND('',#1726,.T.);
#1164=FACE_OUTER_BOUND('',#1727,.T.);
#1165=FACE_OUTER_BOUND('',#1728,.T.);
#1166=FACE_OUTER_BOUND('',#1729,.T.);
#1167=FACE_OUTER_BOUND('',#1730,.T.);
#1168=FACE_OUTER_BOUND('',#1731,.T.);
#1169=FACE_OUTER_BOUND('',#1732,.T.);
#1170=FACE_OUTER_BOUND('',#1733,.T.);
#1171=FACE_OUTER_BOUND('',#1734,.T.);
#1172=FACE_OUTER_BOUND('',#1735,.T.);
#1173=FACE_OUTER_BOUND('',#1736,.T.);
#1174=FACE_OUTER_BOUND('',#1737,.T.);
#1175=FACE_OUTER_BOUND('',#1738,.T.);
#1176=FACE_OUTER_BOUND('',#1739,.T.);
#1177=FACE_OUTER_BOUND('',#1740,.T.);
#1178=FACE_OUTER_BOUND('',#1741,.T.);
#1179=FACE_OUTER_BOUND('',#1742,.T.);
#1180=FACE_OUTER_BOUND('',#1743,.T.);
#1181=FACE_OUTER_BOUND('',#1744,.T.);
#1182=FACE_OUTER_BOUND('',#1745,.T.);
#1183=FACE_OUTER_BOUND('',#1746,.T.);
#1184=FACE_OUTER_BOUND('',#1747,.T.);
#1185=FACE_OUTER_BOUND('',#1748,.T.);
#1186=FACE_OUTER_BOUND('',#1749,.T.);
#1187=FACE_OUTER_BOUND('',#1750,.T.);
#1188=FACE_OUTER_BOUND('',#1751,.T.);
#1189=FACE_OUTER_BOUND('',#1752,.T.);
#1190=FACE_OUTER_BOUND('',#1753,.T.);
#1191=FACE_OUTER_BOUND('',#1754,.T.);
#1192=FACE_OUTER_BOUND('',#1755,.T.);
#1193=FACE_OUTER_BOUND('',#1756,.T.);
#1194=FACE_OUTER_BOUND('',#1757,.T.);
#1195=FACE_OUTER_BOUND('',#1758,.T.);
#1196=FACE_OUTER_BOUND('',#1759,.T.);
#1197=FACE_OUTER_BOUND('',#1760,.T.);
#1198=FACE_OUTER_BOUND('',#1761,.T.);
#1199=FACE_OUTER_BOUND('',#1762,.T.);
#1200=FACE_OUTER_BOUND('',#1763,.T.);
#1201=FACE_OUTER_BOUND('',#1764,.T.);
#1202=FACE_OUTER_BOUND('',#1765,.T.);
#1203=FACE_OUTER_BOUND('',#1766,.T.);
#1204=FACE_OUTER_BOUND('',#1767,.T.);
#1205=FACE_OUTER_BOUND('',#1768,.T.);
#1206=FACE_OUTER_BOUND('',#1769,.T.);
#1207=FACE_OUTER_BOUND('',#1770,.T.);
#1208=FACE_OUTER_BOUND('',#1771,.T.);
#1209=FACE_OUTER_BOUND('',#1772,.T.);
#1210=FACE_OUTER_BOUND('',#1773,.T.);
#1211=FACE_OUTER_BOUND('',#1774,.T.);
#1212=FACE_OUTER_BOUND('',#1775,.T.);
#1213=FACE_OUTER_BOUND('',#1776,.T.);
#1214=FACE_OUTER_BOUND('',#1777,.T.);
#1215=FACE_OUTER_BOUND('',#1778,.T.);
#1216=FACE_OUTER_BOUND('',#1779,.T.);
#1217=FACE_OUTER_BOUND('',#1780,.T.);
#1218=FACE_OUTER_BOUND('',#1781,.T.);
#1219=FACE_OUTER_BOUND('',#1782,.T.);
#1220=FACE_OUTER_BOUND('',#1783,.T.);
#1221=FACE_OUTER_BOUND('',#1784,.T.);
#1222=FACE_OUTER_BOUND('',#1785,.T.);
#1223=FACE_OUTER_BOUND('',#1786,.T.);
#1224=FACE_OUTER_BOUND('',#1787,.T.);
#1225=FACE_OUTER_BOUND('',#1788,.T.);
#1226=FACE_OUTER_BOUND('',#1789,.T.);
#1227=FACE_OUTER_BOUND('',#1790,.T.);
#1228=FACE_OUTER_BOUND('',#1791,.T.);
#1229=FACE_OUTER_BOUND('',#1792,.T.);
#1230=FACE_OUTER_BOUND('',#1793,.T.);
#1231=FACE_OUTER_BOUND('',#1795,.T.);
#1232=FACE_OUTER_BOUND('',#1797,.T.);
#1233=FACE_OUTER_BOUND('',#1798,.T.);
#1234=FACE_OUTER_BOUND('',#1804,.T.);
#1235=FACE_OUTER_BOUND('',#1805,.T.);
#1236=FACE_OUTER_BOUND('',#1806,.T.);
#1237=FACE_OUTER_BOUND('',#1807,.T.);
#1238=FACE_OUTER_BOUND('',#1808,.T.);
#1239=FACE_OUTER_BOUND('',#1809,.T.);
#1240=FACE_OUTER_BOUND('',#1810,.T.);
#1241=FACE_OUTER_BOUND('',#1811,.T.);
#1242=FACE_OUTER_BOUND('',#1812,.T.);
#1243=FACE_OUTER_BOUND('',#1813,.T.);
#1244=FACE_OUTER_BOUND('',#1814,.T.);
#1245=FACE_OUTER_BOUND('',#1815,.T.);
#1246=FACE_OUTER_BOUND('',#1816,.T.);
#1247=FACE_OUTER_BOUND('',#1817,.T.);
#1248=FACE_OUTER_BOUND('',#1818,.T.);
#1249=FACE_OUTER_BOUND('',#1819,.T.);
#1250=FACE_OUTER_BOUND('',#1820,.T.);
#1251=FACE_OUTER_BOUND('',#1821,.T.);
#1252=FACE_OUTER_BOUND('',#1822,.T.);
#1253=FACE_OUTER_BOUND('',#1824,.T.);
#1254=FACE_OUTER_BOUND('',#1825,.T.);
#1255=FACE_OUTER_BOUND('',#1827,.T.);
#1256=FACE_OUTER_BOUND('',#1828,.T.);
#1257=FACE_OUTER_BOUND('',#1829,.T.);
#1258=FACE_OUTER_BOUND('',#1830,.T.);
#1259=FACE_OUTER_BOUND('',#1831,.T.);
#1260=FACE_OUTER_BOUND('',#1835,.T.);
#1261=FACE_OUTER_BOUND('',#1836,.T.);
#1262=FACE_OUTER_BOUND('',#1837,.T.);
#1263=FACE_OUTER_BOUND('',#1838,.T.);
#1264=FACE_OUTER_BOUND('',#1839,.T.);
#1265=FACE_OUTER_BOUND('',#1840,.T.);
#1266=FACE_OUTER_BOUND('',#1841,.T.);
#1267=FACE_OUTER_BOUND('',#1843,.T.);
#1268=FACE_OUTER_BOUND('',#1844,.T.);
#1269=FACE_OUTER_BOUND('',#1845,.T.);
#1270=FACE_OUTER_BOUND('',#1846,.T.);
#1271=FACE_OUTER_BOUND('',#1847,.T.);
#1272=FACE_OUTER_BOUND('',#1848,.T.);
#1273=FACE_OUTER_BOUND('',#1849,.T.);
#1274=FACE_OUTER_BOUND('',#1850,.T.);
#1275=FACE_OUTER_BOUND('',#1851,.T.);
#1276=FACE_OUTER_BOUND('',#1852,.T.);
#1277=FACE_OUTER_BOUND('',#1853,.T.);
#1278=FACE_OUTER_BOUND('',#1854,.T.);
#1279=FACE_OUTER_BOUND('',#1855,.T.);
#1280=FACE_OUTER_BOUND('',#1856,.T.);
#1281=FACE_OUTER_BOUND('',#1857,.T.);
#1282=FACE_OUTER_BOUND('',#1858,.T.);
#1283=FACE_OUTER_BOUND('',#1859,.T.);
#1284=FACE_OUTER_BOUND('',#1860,.T.);
#1285=FACE_OUTER_BOUND('',#1861,.T.);
#1286=FACE_OUTER_BOUND('',#1862,.T.);
#1287=FACE_OUTER_BOUND('',#1863,.T.);
#1288=FACE_OUTER_BOUND('',#1864,.T.);
#1289=FACE_OUTER_BOUND('',#1865,.T.);
#1290=FACE_OUTER_BOUND('',#1866,.T.);
#1291=FACE_OUTER_BOUND('',#1867,.T.);
#1292=FACE_OUTER_BOUND('',#1868,.T.);
#1293=FACE_OUTER_BOUND('',#1869,.T.);
#1294=FACE_OUTER_BOUND('',#1870,.T.);
#1295=FACE_OUTER_BOUND('',#1871,.T.);
#1296=FACE_OUTER_BOUND('',#1872,.T.);
#1297=FACE_OUTER_BOUND('',#1873,.T.);
#1298=FACE_OUTER_BOUND('',#1874,.T.);
#1299=FACE_OUTER_BOUND('',#1875,.T.);
#1300=FACE_OUTER_BOUND('',#1876,.T.);
#1301=FACE_OUTER_BOUND('',#1877,.T.);
#1302=FACE_OUTER_BOUND('',#1878,.T.);
#1303=FACE_OUTER_BOUND('',#1879,.T.);
#1304=FACE_OUTER_BOUND('',#1880,.T.);
#1305=FACE_OUTER_BOUND('',#1881,.T.);
#1306=FACE_OUTER_BOUND('',#1882,.T.);
#1307=FACE_OUTER_BOUND('',#1883,.T.);
#1308=FACE_OUTER_BOUND('',#1884,.T.);
#1309=FACE_OUTER_BOUND('',#1885,.T.);
#1310=FACE_OUTER_BOUND('',#1886,.T.);
#1311=FACE_OUTER_BOUND('',#1887,.T.);
#1312=FACE_OUTER_BOUND('',#1888,.T.);
#1313=FACE_OUTER_BOUND('',#1889,.T.);
#1314=FACE_OUTER_BOUND('',#1890,.T.);
#1315=FACE_OUTER_BOUND('',#1891,.T.);
#1316=FACE_OUTER_BOUND('',#1892,.T.);
#1317=FACE_OUTER_BOUND('',#1893,.T.);
#1318=FACE_OUTER_BOUND('',#1894,.T.);
#1319=FACE_OUTER_BOUND('',#1895,.T.);
#1320=FACE_OUTER_BOUND('',#1896,.T.);
#1321=FACE_OUTER_BOUND('',#1897,.T.);
#1322=FACE_OUTER_BOUND('',#1898,.T.);
#1323=FACE_OUTER_BOUND('',#1899,.T.);
#1324=FACE_OUTER_BOUND('',#1900,.T.);
#1325=FACE_OUTER_BOUND('',#1901,.T.);
#1326=FACE_OUTER_BOUND('',#1902,.T.);
#1327=FACE_OUTER_BOUND('',#1903,.T.);
#1328=FACE_OUTER_BOUND('',#1904,.T.);
#1329=EDGE_LOOP('',(#6753,#6754,#6755,#6756,#6757,#6758,#6759,#6760,#6761,
#6762,#6763,#6764));
#1330=EDGE_LOOP('',(#6765,#6766,#6767,#6768,#6769,#6770,#6771,#6772,#6773,
#6774,#6775,#6776,#6777,#6778,#6779,#6780,#6781,#6782,#6783,#6784,#6785,
#6786,#6787,#6788,#6789,#6790));
#1331=EDGE_LOOP('',(#6791,#6792,#6793,#6794));
#1332=EDGE_LOOP('',(#6795,#6796,#6797,#6798));
#1333=EDGE_LOOP('',(#6799,#6800,#6801,#6802));
#1334=EDGE_LOOP('',(#6803,#6804,#6805,#6806));
#1335=EDGE_LOOP('',(#6807,#6808,#6809,#6810,#6811,#6812,#6813,#6814,#6815,
#6816));
#1336=EDGE_LOOP('',(#6817,#6818,#6819,#6820,#6821,#6822,#6823,#6824,#6825,
#6826,#6827,#6828));
#1337=EDGE_LOOP('',(#6829,#6830,#6831,#6832,#6833,#6834,#6835,#6836));
#1338=EDGE_LOOP('',(#6837,#6838,#6839,#6840));
#1339=EDGE_LOOP('',(#6841,#6842,#6843,#6844));
#1340=EDGE_LOOP('',(#6845,#6846,#6847,#6848));
#1341=EDGE_LOOP('',(#6849,#6850,#6851,#6852));
#1342=EDGE_LOOP('',(#6853,#6854,#6855,#6856,#6857,#6858,#6859,#6860,#6861,
#6862,#6863,#6864,#6865,#6866,#6867,#6868,#6869,#6870,#6871,#6872,#6873,
#6874,#6875,#6876));
#1343=EDGE_LOOP('',(#6877,#6878,#6879,#6880,#6881,#6882,#6883,#6884,#6885,
#6886,#6887,#6888));
#1344=EDGE_LOOP('',(#6889,#6890,#6891,#6892));
#1345=EDGE_LOOP('',(#6893,#6894,#6895,#6896));
#1346=EDGE_LOOP('',(#6897,#6898,#6899,#6900));
#1347=EDGE_LOOP('',(#6901,#6902,#6903,#6904));
#1348=EDGE_LOOP('',(#6905,#6906,#6907,#6908));
#1349=EDGE_LOOP('',(#6909,#6910,#6911,#6912,#6913,#6914));
#1350=EDGE_LOOP('',(#6915,#6916,#6917,#6918));
#1351=EDGE_LOOP('',(#6919,#6920,#6921,#6922,#6923,#6924));
#1352=EDGE_LOOP('',(#6925,#6926,#6927,#6928,#6929,#6930));
#1353=EDGE_LOOP('',(#6931,#6932,#6933,#6934));
#1354=EDGE_LOOP('',(#6935,#6936,#6937,#6938,#6939,#6940));
#1355=EDGE_LOOP('',(#6941,#6942,#6943,#6944,#6945,#6946));
#1356=EDGE_LOOP('',(#6947,#6948,#6949,#6950));
#1357=EDGE_LOOP('',(#6951,#6952,#6953,#6954,#6955,#6956));
#1358=EDGE_LOOP('',(#6957,#6958,#6959,#6960,#6961,#6962));
#1359=EDGE_LOOP('',(#6963,#6964,#6965,#6966));
#1360=EDGE_LOOP('',(#6967,#6968,#6969,#6970,#6971,#6972));
#1361=EDGE_LOOP('',(#6973,#6974,#6975,#6976,#6977,#6978,#6979));
#1362=EDGE_LOOP('',(#6980,#6981,#6982,#6983,#6984));
#1363=EDGE_LOOP('',(#6985,#6986,#6987,#6988,#6989));
#1364=EDGE_LOOP('',(#6990,#6991,#6992,#6993));
#1365=EDGE_LOOP('',(#6994,#6995,#6996,#6997,#6998,#6999,#7000,#7001));
#1366=EDGE_LOOP('',(#7002,#7003,#7004,#7005));
#1367=EDGE_LOOP('',(#7006,#7007,#7008,#7009));
#1368=EDGE_LOOP('',(#7010,#7011,#7012,#7013));
#1369=EDGE_LOOP('',(#7014,#7015,#7016,#7017));
#1370=EDGE_LOOP('',(#7018,#7019,#7020,#7021,#7022,#7023,#7024,#7025));
#1371=EDGE_LOOP('',(#7026,#7027,#7028,#7029));
#1372=EDGE_LOOP('',(#7030,#7031,#7032,#7033));
#1373=EDGE_LOOP('',(#7034,#7035,#7036,#7037));
#1374=EDGE_LOOP('',(#7038,#7039,#7040,#7041));
#1375=EDGE_LOOP('',(#7042,#7043,#7044,#7045,#7046,#7047));
#1376=EDGE_LOOP('',(#7048,#7049,#7050,#7051));
#1377=EDGE_LOOP('',(#7052,#7053,#7054,#7055,#7056,#7057));
#1378=EDGE_LOOP('',(#7058,#7059,#7060,#7061));
#1379=EDGE_LOOP('',(#7062,#7063,#7064,#7065));
#1380=EDGE_LOOP('',(#7066,#7067,#7068,#7069));
#1381=EDGE_LOOP('',(#7070,#7071,#7072,#7073));
#1382=EDGE_LOOP('',(#7074,#7075,#7076,#7077));
#1383=EDGE_LOOP('',(#7078,#7079,#7080,#7081));
#1384=EDGE_LOOP('',(#7082,#7083,#7084,#7085));
#1385=EDGE_LOOP('',(#7086,#7087,#7088,#7089));
#1386=EDGE_LOOP('',(#7090,#7091,#7092,#7093));
#1387=EDGE_LOOP('',(#7094,#7095,#7096,#7097,#7098,#7099,#7100));
#1388=EDGE_LOOP('',(#7101,#7102,#7103,#7104));
#1389=EDGE_LOOP('',(#7105,#7106,#7107,#7108));
#1390=EDGE_LOOP('',(#7109,#7110,#7111,#7112));
#1391=EDGE_LOOP('',(#7113,#7114,#7115,#7116));
#1392=EDGE_LOOP('',(#7117,#7118,#7119,#7120));
#1393=EDGE_LOOP('',(#7121,#7122,#7123,#7124));
#1394=EDGE_LOOP('',(#7125,#7126,#7127,#7128));
#1395=EDGE_LOOP('',(#7129,#7130,#7131,#7132));
#1396=EDGE_LOOP('',(#7133,#7134,#7135,#7136));
#1397=EDGE_LOOP('',(#7137,#7138,#7139,#7140));
#1398=EDGE_LOOP('',(#7141,#7142,#7143,#7144));
#1399=EDGE_LOOP('',(#7145,#7146,#7147,#7148));
#1400=EDGE_LOOP('',(#7149,#7150,#7151,#7152));
#1401=EDGE_LOOP('',(#7153,#7154,#7155,#7156));
#1402=EDGE_LOOP('',(#7157,#7158,#7159,#7160));
#1403=EDGE_LOOP('',(#7161,#7162,#7163,#7164));
#1404=EDGE_LOOP('',(#7165,#7166,#7167,#7168));
#1405=EDGE_LOOP('',(#7169,#7170,#7171,#7172));
#1406=EDGE_LOOP('',(#7173,#7174,#7175,#7176));
#1407=EDGE_LOOP('',(#7177,#7178,#7179,#7180));
#1408=EDGE_LOOP('',(#7181,#7182,#7183,#7184));
#1409=EDGE_LOOP('',(#7185,#7186,#7187,#7188));
#1410=EDGE_LOOP('',(#7189,#7190,#7191,#7192));
#1411=EDGE_LOOP('',(#7193,#7194,#7195,#7196));
#1412=EDGE_LOOP('',(#7197,#7198,#7199,#7200));
#1413=EDGE_LOOP('',(#7201,#7202,#7203,#7204));
#1414=EDGE_LOOP('',(#7205,#7206,#7207,#7208));
#1415=EDGE_LOOP('',(#7209,#7210,#7211,#7212));
#1416=EDGE_LOOP('',(#7213,#7214,#7215,#7216));
#1417=EDGE_LOOP('',(#7217,#7218,#7219,#7220));
#1418=EDGE_LOOP('',(#7221,#7222,#7223,#7224));
#1419=EDGE_LOOP('',(#7225,#7226,#7227,#7228));
#1420=EDGE_LOOP('',(#7229,#7230,#7231,#7232));
#1421=EDGE_LOOP('',(#7233,#7234,#7235,#7236));
#1422=EDGE_LOOP('',(#7237,#7238,#7239,#7240));
#1423=EDGE_LOOP('',(#7241,#7242,#7243,#7244));
#1424=EDGE_LOOP('',(#7245,#7246,#7247,#7248));
#1425=EDGE_LOOP('',(#7249,#7250,#7251,#7252,#7253,#7254,#7255,#7256));
#1426=EDGE_LOOP('',(#7257,#7258,#7259,#7260));
#1427=EDGE_LOOP('',(#7261,#7262,#7263,#7264));
#1428=EDGE_LOOP('',(#7265,#7266,#7267,#7268));
#1429=EDGE_LOOP('',(#7269,#7270,#7271,#7272));
#1430=EDGE_LOOP('',(#7273,#7274,#7275,#7276));
#1431=EDGE_LOOP('',(#7277,#7278,#7279,#7280));
#1432=EDGE_LOOP('',(#7281,#7282,#7283,#7284));
#1433=EDGE_LOOP('',(#7285,#7286,#7287,#7288));
#1434=EDGE_LOOP('',(#7289,#7290,#7291,#7292,#7293,#7294,#7295,#7296));
#1435=EDGE_LOOP('',(#7297,#7298,#7299,#7300,#7301,#7302,#7303,#7304));
#1436=EDGE_LOOP('',(#7305,#7306,#7307,#7308));
#1437=EDGE_LOOP('',(#7309,#7310,#7311,#7312));
#1438=EDGE_LOOP('',(#7313,#7314,#7315,#7316));
#1439=EDGE_LOOP('',(#7317,#7318,#7319,#7320));
#1440=EDGE_LOOP('',(#7321,#7322,#7323,#7324));
#1441=EDGE_LOOP('',(#7325,#7326,#7327,#7328));
#1442=EDGE_LOOP('',(#7329,#7330,#7331,#7332));
#1443=EDGE_LOOP('',(#7333,#7334,#7335,#7336));
#1444=EDGE_LOOP('',(#7337,#7338,#7339,#7340,#7341,#7342,#7343,#7344));
#1445=EDGE_LOOP('',(#7345,#7346,#7347,#7348,#7349,#7350,#7351,#7352));
#1446=EDGE_LOOP('',(#7353,#7354,#7355,#7356));
#1447=EDGE_LOOP('',(#7357,#7358,#7359,#7360));
#1448=EDGE_LOOP('',(#7361,#7362,#7363,#7364));
#1449=EDGE_LOOP('',(#7365,#7366,#7367,#7368));
#1450=EDGE_LOOP('',(#7369,#7370,#7371,#7372));
#1451=EDGE_LOOP('',(#7373,#7374,#7375,#7376));
#1452=EDGE_LOOP('',(#7377,#7378,#7379,#7380));
#1453=EDGE_LOOP('',(#7381,#7382,#7383,#7384));
#1454=EDGE_LOOP('',(#7385,#7386,#7387,#7388,#7389,#7390,#7391,#7392));
#1455=EDGE_LOOP('',(#7393,#7394,#7395,#7396));
#1456=EDGE_LOOP('',(#7397,#7398,#7399,#7400,#7401,#7402,#7403,#7404));
#1457=EDGE_LOOP('',(#7405,#7406,#7407,#7408));
#1458=EDGE_LOOP('',(#7409,#7410,#7411,#7412));
#1459=EDGE_LOOP('',(#7413,#7414,#7415,#7416));
#1460=EDGE_LOOP('',(#7417,#7418,#7419,#7420,#7421,#7422,#7423,#7424,#7425,
#7426));
#1461=EDGE_LOOP('',(#7427,#7428,#7429,#7430,#7431,#7432,#7433,#7434,#7435,
#7436));
#1462=EDGE_LOOP('',(#7437,#7438,#7439,#7440));
#1463=EDGE_LOOP('',(#7441,#7442,#7443,#7444));
#1464=EDGE_LOOP('',(#7445,#7446,#7447,#7448));
#1465=EDGE_LOOP('',(#7449,#7450,#7451,#7452));
#1466=EDGE_LOOP('',(#7453,#7454,#7455,#7456,#7457,#7458,#7459,#7460,#7461,
#7462,#7463,#7464));
#1467=EDGE_LOOP('',(#7465,#7466,#7467,#7468));
#1468=EDGE_LOOP('',(#7469,#7470,#7471,#7472));
#1469=EDGE_LOOP('',(#7473,#7474,#7475,#7476));
#1470=EDGE_LOOP('',(#7477,#7478,#7479,#7480));
#1471=EDGE_LOOP('',(#7481,#7482,#7483,#7484));
#1472=EDGE_LOOP('',(#7485,#7486,#7487,#7488));
#1473=EDGE_LOOP('',(#7489,#7490,#7491,#7492));
#1474=EDGE_LOOP('',(#7493,#7494,#7495,#7496));
#1475=EDGE_LOOP('',(#7497,#7498,#7499,#7500));
#1476=EDGE_LOOP('',(#7501,#7502,#7503,#7504));
#1477=EDGE_LOOP('',(#7505,#7506,#7507,#7508));
#1478=EDGE_LOOP('',(#7509,#7510,#7511,#7512));
#1479=EDGE_LOOP('',(#7513,#7514,#7515,#7516));
#1480=EDGE_LOOP('',(#7517,#7518,#7519,#7520));
#1481=EDGE_LOOP('',(#7521,#7522,#7523,#7524));
#1482=EDGE_LOOP('',(#7525,#7526,#7527,#7528));
#1483=EDGE_LOOP('',(#7529,#7530,#7531,#7532));
#1484=EDGE_LOOP('',(#7533,#7534,#7535,#7536));
#1485=EDGE_LOOP('',(#7537,#7538,#7539,#7540,#7541,#7542));
#1486=EDGE_LOOP('',(#7543,#7544,#7545,#7546,#7547,#7548,#7549,#7550,#7551,
#7552));
#1487=EDGE_LOOP('',(#7553,#7554,#7555,#7556));
#1488=EDGE_LOOP('',(#7557,#7558,#7559,#7560));
#1489=EDGE_LOOP('',(#7561,#7562,#7563,#7564));
#1490=EDGE_LOOP('',(#7565,#7566,#7567,#7568,#7569,#7570,#7571,#7572,#7573,
#7574));
#1491=EDGE_LOOP('',(#7575,#7576,#7577,#7578,#7579,#7580));
#1492=EDGE_LOOP('',(#7581,#7582,#7583,#7584,#7585,#7586,#7587,#7588,#7589,
#7590,#7591,#7592));
#1493=EDGE_LOOP('',(#7593,#7594,#7595,#7596,#7597,#7598,#7599,#7600,#7601,
#7602,#7603,#7604));
#1494=EDGE_LOOP('',(#7605,#7606,#7607,#7608));
#1495=EDGE_LOOP('',(#7609,#7610,#7611,#7612,#7613,#7614,#7615,#7616,#7617,
#7618,#7619,#7620));
#1496=EDGE_LOOP('',(#7621,#7622,#7623,#7624));
#1497=EDGE_LOOP('',(#7625,#7626,#7627,#7628,#7629,#7630,#7631,#7632,#7633,
#7634,#7635,#7636));
#1498=EDGE_LOOP('',(#7637,#7638,#7639,#7640));
#1499=EDGE_LOOP('',(#7641,#7642,#7643,#7644,#7645,#7646,#7647,#7648,#7649,
#7650,#7651,#7652));
#1500=EDGE_LOOP('',(#7653,#7654,#7655,#7656));
#1501=EDGE_LOOP('',(#7657,#7658,#7659,#7660,#7661,#7662,#7663,#7664,#7665,
#7666,#7667,#7668));
#1502=EDGE_LOOP('',(#7669,#7670,#7671,#7672));
#1503=EDGE_LOOP('',(#7673,#7674,#7675,#7676,#7677,#7678,#7679,#7680,#7681,
#7682,#7683,#7684));
#1504=EDGE_LOOP('',(#7685,#7686,#7687,#7688,#7689,#7690,#7691,#7692,#7693,
#7694,#7695,#7696));
#1505=EDGE_LOOP('',(#7697,#7698,#7699,#7700));
#1506=EDGE_LOOP('',(#7701,#7702,#7703,#7704,#7705,#7706,#7707,#7708,#7709,
#7710,#7711,#7712));
#1507=EDGE_LOOP('',(#7713,#7714,#7715,#7716));
#1508=EDGE_LOOP('',(#7717,#7718,#7719,#7720,#7721,#7722,#7723,#7724,#7725,
#7726,#7727,#7728));
#1509=EDGE_LOOP('',(#7729,#7730,#7731,#7732));
#1510=EDGE_LOOP('',(#7733,#7734,#7735,#7736,#7737,#7738,#7739,#7740,#7741,
#7742,#7743,#7744));
#1511=EDGE_LOOP('',(#7745,#7746,#7747,#7748));
#1512=EDGE_LOOP('',(#7749,#7750,#7751,#7752,#7753,#7754,#7755,#7756,#7757,
#7758,#7759,#7760));
#1513=EDGE_LOOP('',(#7761,#7762,#7763,#7764));
#1514=EDGE_LOOP('',(#7765,#7766,#7767,#7768,#7769,#7770,#7771,#7772,#7773,
#7774,#7775,#7776));
#1515=EDGE_LOOP('',(#7777,#7778,#7779,#7780));
#1516=EDGE_LOOP('',(#7781,#7782,#7783,#7784,#7785,#7786));
#1517=EDGE_LOOP('',(#7787,#7788,#7789,#7790,#7791,#7792));
#1518=EDGE_LOOP('',(#7793,#7794,#7795,#7796,#7797,#7798,#7799,#7800));
#1519=EDGE_LOOP('',(#7801));
#1520=EDGE_LOOP('',(#7802,#7803,#7804,#7805));
#1521=EDGE_LOOP('',(#7806,#7807,#7808,#7809,#7810,#7811));
#1522=EDGE_LOOP('',(#7812,#7813,#7814,#7815,#7816,#7817));
#1523=EDGE_LOOP('',(#7818,#7819,#7820,#7821));
#1524=EDGE_LOOP('',(#7822,#7823,#7824,#7825));
#1525=EDGE_LOOP('',(#7826,#7827,#7828,#7829));
#1526=EDGE_LOOP('',(#7830,#7831,#7832,#7833));
#1527=EDGE_LOOP('',(#7834,#7835,#7836,#7837));
#1528=EDGE_LOOP('',(#7838,#7839,#7840,#7841));
#1529=EDGE_LOOP('',(#7842,#7843,#7844,#7845));
#1530=EDGE_LOOP('',(#7846,#7847,#7848,#7849));
#1531=EDGE_LOOP('',(#7850,#7851,#7852,#7853));
#1532=EDGE_LOOP('',(#7854,#7855,#7856,#7857));
#1533=EDGE_LOOP('',(#7858,#7859,#7860,#7861));
#1534=EDGE_LOOP('',(#7862,#7863,#7864,#7865));
#1535=EDGE_LOOP('',(#7866,#7867,#7868,#7869));
#1536=EDGE_LOOP('',(#7870,#7871,#7872,#7873));
#1537=EDGE_LOOP('',(#7874,#7875,#7876,#7877));
#1538=EDGE_LOOP('',(#7878,#7879,#7880,#7881));
#1539=EDGE_LOOP('',(#7882,#7883,#7884,#7885));
#1540=EDGE_LOOP('',(#7886,#7887,#7888,#7889));
#1541=EDGE_LOOP('',(#7890,#7891,#7892,#7893));
#1542=EDGE_LOOP('',(#7894,#7895,#7896,#7897));
#1543=EDGE_LOOP('',(#7898,#7899,#7900,#7901));
#1544=EDGE_LOOP('',(#7902,#7903,#7904,#7905));
#1545=EDGE_LOOP('',(#7906,#7907,#7908,#7909));
#1546=EDGE_LOOP('',(#7910,#7911,#7912,#7913));
#1547=EDGE_LOOP('',(#7914,#7915,#7916,#7917));
#1548=EDGE_LOOP('',(#7918,#7919,#7920,#7921));
#1549=EDGE_LOOP('',(#7922,#7923,#7924,#7925));
#1550=EDGE_LOOP('',(#7926,#7927,#7928,#7929));
#1551=EDGE_LOOP('',(#7930,#7931,#7932,#7933));
#1552=EDGE_LOOP('',(#7934,#7935,#7936,#7937));
#1553=EDGE_LOOP('',(#7938,#7939,#7940,#7941));
#1554=EDGE_LOOP('',(#7942,#7943,#7944,#7945));
#1555=EDGE_LOOP('',(#7946,#7947,#7948,#7949));
#1556=EDGE_LOOP('',(#7950,#7951,#7952,#7953));
#1557=EDGE_LOOP('',(#7954,#7955,#7956,#7957));
#1558=EDGE_LOOP('',(#7958,#7959,#7960,#7961));
#1559=EDGE_LOOP('',(#7962,#7963,#7964,#7965));
#1560=EDGE_LOOP('',(#7966,#7967,#7968,#7969));
#1561=EDGE_LOOP('',(#7970,#7971,#7972,#7973));
#1562=EDGE_LOOP('',(#7974,#7975,#7976,#7977));
#1563=EDGE_LOOP('',(#7978,#7979,#7980,#7981));
#1564=EDGE_LOOP('',(#7982,#7983,#7984,#7985));
#1565=EDGE_LOOP('',(#7986,#7987,#7988,#7989));
#1566=EDGE_LOOP('',(#7990,#7991,#7992,#7993));
#1567=EDGE_LOOP('',(#7994,#7995,#7996,#7997));
#1568=EDGE_LOOP('',(#7998,#7999,#8000,#8001));
#1569=EDGE_LOOP('',(#8002,#8003,#8004,#8005));
#1570=EDGE_LOOP('',(#8006,#8007,#8008,#8009));
#1571=EDGE_LOOP('',(#8010,#8011,#8012,#8013));
#1572=EDGE_LOOP('',(#8014));
#1573=EDGE_LOOP('',(#8015,#8016,#8017,#8018,#8019,#8020));
#1574=EDGE_LOOP('',(#8021,#8022,#8023,#8024,#8025,#8026));
#1575=EDGE_LOOP('',(#8027,#8028,#8029,#8030));
#1576=EDGE_LOOP('',(#8031,#8032,#8033,#8034));
#1577=EDGE_LOOP('',(#8035,#8036,#8037,#8038,#8039,#8040));
#1578=EDGE_LOOP('',(#8041,#8042,#8043,#8044,#8045,#8046,#8047,#8048));
#1579=EDGE_LOOP('',(#8049,#8050,#8051));
#1580=EDGE_LOOP('',(#8052,#8053,#8054,#8055));
#1581=EDGE_LOOP('',(#8056,#8057,#8058,#8059));
#1582=EDGE_LOOP('',(#8060,#8061,#8062,#8063,#8064,#8065,#8066,#8067,#8068,
#8069,#8070,#8071));
#1583=EDGE_LOOP('',(#8072,#8073,#8074,#8075));
#1584=EDGE_LOOP('',(#8076,#8077,#8078,#8079,#8080));
#1585=EDGE_LOOP('',(#8081));
#1586=EDGE_LOOP('',(#8082,#8083,#8084,#8085));
#1587=EDGE_LOOP('',(#8086,#8087,#8088,#8089));
#1588=EDGE_LOOP('',(#8090,#8091,#8092,#8093,#8094,#8095,#8096,#8097,#8098,
#8099,#8100,#8101));
#1589=EDGE_LOOP('',(#8102,#8103,#8104,#8105));
#1590=EDGE_LOOP('',(#8106,#8107,#8108,#8109));
#1591=EDGE_LOOP('',(#8110,#8111,#8112,#8113));
#1592=EDGE_LOOP('',(#8114,#8115,#8116,#8117));
#1593=EDGE_LOOP('',(#8118,#8119,#8120,#8121));
#1594=EDGE_LOOP('',(#8122,#8123,#8124,#8125));
#1595=EDGE_LOOP('',(#8126,#8127,#8128,#8129));
#1596=EDGE_LOOP('',(#8130));
#1597=EDGE_LOOP('',(#8131,#8132,#8133,#8134));
#1598=EDGE_LOOP('',(#8135,#8136,#8137,#8138));
#1599=EDGE_LOOP('',(#8139,#8140,#8141,#8142));
#1600=EDGE_LOOP('',(#8143,#8144,#8145,#8146));
#1601=EDGE_LOOP('',(#8147,#8148,#8149,#8150));
#1602=EDGE_LOOP('',(#8151,#8152,#8153,#8154));
#1603=EDGE_LOOP('',(#8155));
#1604=EDGE_LOOP('',(#8156));
#1605=EDGE_LOOP('',(#8157,#8158,#8159,#8160));
#1606=EDGE_LOOP('',(#8161,#8162,#8163,#8164));
#1607=EDGE_LOOP('',(#8165,#8166,#8167,#8168));
#1608=EDGE_LOOP('',(#8169,#8170,#8171,#8172));
#1609=EDGE_LOOP('',(#8173,#8174,#8175,#8176));
#1610=EDGE_LOOP('',(#8177,#8178,#8179,#8180));
#1611=EDGE_LOOP('',(#8181,#8182,#8183,#8184));
#1612=EDGE_LOOP('',(#8185,#8186,#8187,#8188));
#1613=EDGE_LOOP('',(#8189,#8190,#8191,#8192));
#1614=EDGE_LOOP('',(#8193,#8194,#8195,#8196));
#1615=EDGE_LOOP('',(#8197,#8198,#8199,#8200));
#1616=EDGE_LOOP('',(#8201,#8202,#8203,#8204,#8205));
#1617=EDGE_LOOP('',(#8206,#8207,#8208,#8209,#8210));
#1618=EDGE_LOOP('',(#8211,#8212,#8213,#8214));
#1619=EDGE_LOOP('',(#8215,#8216,#8217,#8218));
#1620=EDGE_LOOP('',(#8219,#8220,#8221,#8222));
#1621=EDGE_LOOP('',(#8223,#8224,#8225,#8226));
#1622=EDGE_LOOP('',(#8227,#8228,#8229,#8230));
#1623=EDGE_LOOP('',(#8231,#8232,#8233,#8234));
#1624=EDGE_LOOP('',(#8235,#8236,#8237,#8238));
#1625=EDGE_LOOP('',(#8239,#8240,#8241,#8242));
#1626=EDGE_LOOP('',(#8243,#8244,#8245,#8246));
#1627=EDGE_LOOP('',(#8247,#8248,#8249,#8250));
#1628=EDGE_LOOP('',(#8251,#8252,#8253,#8254));
#1629=EDGE_LOOP('',(#8255,#8256,#8257,#8258));
#1630=EDGE_LOOP('',(#8259,#8260,#8261,#8262));
#1631=EDGE_LOOP('',(#8263,#8264,#8265,#8266));
#1632=EDGE_LOOP('',(#8267,#8268,#8269,#8270));
#1633=EDGE_LOOP('',(#8271,#8272,#8273,#8274,#8275,#8276,#8277,#8278,#8279,
#8280,#8281,#8282,#8283,#8284,#8285,#8286,#8287,#8288,#8289,#8290));
#1634=EDGE_LOOP('',(#8291,#8292,#8293,#8294,#8295,#8296,#8297,#8298,#8299,
#8300,#8301,#8302,#8303,#8304,#8305,#8306,#8307,#8308,#8309,#8310));
#1635=EDGE_LOOP('',(#8311));
#1636=EDGE_LOOP('',(#8312));
#1637=EDGE_LOOP('',(#8313,#8314,#8315,#8316,#8317,#8318,#8319,#8320,#8321,
#8322,#8323,#8324,#8325,#8326,#8327,#8328,#8329,#8330,#8331,#8332));
#1638=EDGE_LOOP('',(#8333,#8334,#8335,#8336,#8337,#8338,#8339,#8340,#8341,
#8342,#8343,#8344,#8345,#8346,#8347,#8348,#8349,#8350,#8351,#8352));
#1639=EDGE_LOOP('',(#8353));
#1640=EDGE_LOOP('',(#8354));
#1641=EDGE_LOOP('',(#8355,#8356,#8357,#8358));
#1642=EDGE_LOOP('',(#8359,#8360,#8361,#8362));
#1643=EDGE_LOOP('',(#8363,#8364,#8365,#8366));
#1644=EDGE_LOOP('',(#8367,#8368,#8369,#8370));
#1645=EDGE_LOOP('',(#8371,#8372,#8373,#8374));
#1646=EDGE_LOOP('',(#8375,#8376,#8377,#8378));
#1647=EDGE_LOOP('',(#8379,#8380,#8381,#8382));
#1648=EDGE_LOOP('',(#8383,#8384,#8385,#8386));
#1649=EDGE_LOOP('',(#8387,#8388,#8389,#8390));
#1650=EDGE_LOOP('',(#8391,#8392,#8393,#8394));
#1651=EDGE_LOOP('',(#8395,#8396,#8397,#8398));
#1652=EDGE_LOOP('',(#8399,#8400,#8401,#8402));
#1653=EDGE_LOOP('',(#8403,#8404,#8405,#8406));
#1654=EDGE_LOOP('',(#8407,#8408,#8409,#8410));
#1655=EDGE_LOOP('',(#8411,#8412,#8413,#8414));
#1656=EDGE_LOOP('',(#8415,#8416,#8417,#8418));
#1657=EDGE_LOOP('',(#8419,#8420,#8421,#8422));
#1658=EDGE_LOOP('',(#8423,#8424,#8425,#8426));
#1659=EDGE_LOOP('',(#8427,#8428,#8429,#8430));
#1660=EDGE_LOOP('',(#8431,#8432,#8433,#8434));
#1661=EDGE_LOOP('',(#8435,#8436,#8437,#8438));
#1662=EDGE_LOOP('',(#8439,#8440,#8441,#8442));
#1663=EDGE_LOOP('',(#8443,#8444,#8445,#8446));
#1664=EDGE_LOOP('',(#8447,#8448,#8449,#8450));
#1665=EDGE_LOOP('',(#8451,#8452,#8453,#8454));
#1666=EDGE_LOOP('',(#8455,#8456,#8457,#8458));
#1667=EDGE_LOOP('',(#8459,#8460,#8461,#8462));
#1668=EDGE_LOOP('',(#8463,#8464,#8465,#8466));
#1669=EDGE_LOOP('',(#8467,#8468,#8469,#8470));
#1670=EDGE_LOOP('',(#8471,#8472,#8473,#8474));
#1671=EDGE_LOOP('',(#8475,#8476,#8477,#8478));
#1672=EDGE_LOOP('',(#8479,#8480,#8481,#8482));
#1673=EDGE_LOOP('',(#8483,#8484,#8485,#8486));
#1674=EDGE_LOOP('',(#8487,#8488,#8489,#8490));
#1675=EDGE_LOOP('',(#8491,#8492,#8493,#8494));
#1676=EDGE_LOOP('',(#8495,#8496,#8497,#8498));
#1677=EDGE_LOOP('',(#8499,#8500,#8501,#8502));
#1678=EDGE_LOOP('',(#8503,#8504,#8505,#8506));
#1679=EDGE_LOOP('',(#8507,#8508,#8509,#8510));
#1680=EDGE_LOOP('',(#8511,#8512,#8513,#8514));
#1681=EDGE_LOOP('',(#8515,#8516,#8517,#8518));
#1682=EDGE_LOOP('',(#8519,#8520,#8521,#8522,#8523,#8524,#8525,#8526));
#1683=EDGE_LOOP('',(#8527,#8528,#8529,#8530,#8531,#8532,#8533,#8534));
#1684=EDGE_LOOP('',(#8535,#8536,#8537,#8538));
#1685=EDGE_LOOP('',(#8539,#8540,#8541,#8542,#8543,#8544,#8545,#8546));
#1686=EDGE_LOOP('',(#8547,#8548,#8549,#8550,#8551,#8552,#8553,#8554));
#1687=EDGE_LOOP('',(#8555,#8556,#8557,#8558));
#1688=EDGE_LOOP('',(#8559,#8560,#8561,#8562));
#1689=EDGE_LOOP('',(#8563,#8564,#8565,#8566));
#1690=EDGE_LOOP('',(#8567,#8568,#8569,#8570));
#1691=EDGE_LOOP('',(#8571,#8572,#8573,#8574));
#1692=EDGE_LOOP('',(#8575,#8576,#8577,#8578,#8579,#8580));
#1693=EDGE_LOOP('',(#8581,#8582,#8583,#8584));
#1694=EDGE_LOOP('',(#8585,#8586,#8587,#8588,#8589,#8590));
#1695=EDGE_LOOP('',(#8591,#8592,#8593,#8594));
#1696=EDGE_LOOP('',(#8595,#8596,#8597,#8598));
#1697=EDGE_LOOP('',(#8599,#8600,#8601,#8602));
#1698=EDGE_LOOP('',(#8603,#8604,#8605,#8606));
#1699=EDGE_LOOP('',(#8607,#8608,#8609,#8610));
#1700=EDGE_LOOP('',(#8611,#8612,#8613,#8614));
#1701=EDGE_LOOP('',(#8615,#8616,#8617,#8618));
#1702=EDGE_LOOP('',(#8619,#8620,#8621,#8622,#8623,#8624,#8625,#8626));
#1703=EDGE_LOOP('',(#8627,#8628,#8629,#8630));
#1704=EDGE_LOOP('',(#8631,#8632,#8633,#8634));
#1705=EDGE_LOOP('',(#8635,#8636,#8637,#8638));
#1706=EDGE_LOOP('',(#8639,#8640,#8641,#8642));
#1707=EDGE_LOOP('',(#8643,#8644,#8645,#8646));
#1708=EDGE_LOOP('',(#8647,#8648,#8649,#8650));
#1709=EDGE_LOOP('',(#8651,#8652,#8653,#8654));
#1710=EDGE_LOOP('',(#8655,#8656,#8657,#8658,#8659,#8660,#8661,#8662));
#1711=EDGE_LOOP('',(#8663,#8664,#8665,#8666));
#1712=EDGE_LOOP('',(#8667,#8668,#8669,#8670,#8671,#8672,#8673,#8674));
#1713=EDGE_LOOP('',(#8675,#8676,#8677,#8678));
#1714=EDGE_LOOP('',(#8679,#8680,#8681,#8682));
#1715=EDGE_LOOP('',(#8683,#8684,#8685,#8686,#8687,#8688,#8689,#8690));
#1716=EDGE_LOOP('',(#8691,#8692,#8693,#8694));
#1717=EDGE_LOOP('',(#8695,#8696,#8697,#8698,#8699,#8700,#8701,#8702));
#1718=EDGE_LOOP('',(#8703,#8704,#8705,#8706));
#1719=EDGE_LOOP('',(#8707,#8708,#8709,#8710));
#1720=EDGE_LOOP('',(#8711,#8712,#8713,#8714));
#1721=EDGE_LOOP('',(#8715,#8716,#8717,#8718));
#1722=EDGE_LOOP('',(#8719,#8720,#8721,#8722));
#1723=EDGE_LOOP('',(#8723,#8724,#8725,#8726,#8727,#8728,#8729,#8730,#8731,
#8732,#8733,#8734,#8735,#8736,#8737,#8738,#8739,#8740,#8741,#8742,#8743,
#8744,#8745,#8746,#8747,#8748,#8749,#8750,#8751,#8752,#8753,#8754,#8755,
#8756,#8757,#8758,#8759,#8760,#8761,#8762,#8763,#8764,#8765,#8766,#8767,
#8768,#8769,#8770,#8771,#8772));
#1724=EDGE_LOOP('',(#8773));
#1725=EDGE_LOOP('',(#8774));
#1726=EDGE_LOOP('',(#8775,#8776,#8777,#8778));
#1727=EDGE_LOOP('',(#8779,#8780,#8781,#8782,#8783,#8784,#8785,#8786));
#1728=EDGE_LOOP('',(#8787,#8788,#8789,#8790));
#1729=EDGE_LOOP('',(#8791,#8792,#8793,#8794,#8795,#8796,#8797,#8798,#8799,
#8800,#8801,#8802,#8803,#8804,#8805,#8806,#8807,#8808,#8809,#8810,#8811,
#8812,#8813,#8814));
#1730=EDGE_LOOP('',(#8815,#8816,#8817,#8818));
#1731=EDGE_LOOP('',(#8819,#8820,#8821,#8822));
#1732=EDGE_LOOP('',(#8823,#8824,#8825,#8826));
#1733=EDGE_LOOP('',(#8827,#8828,#8829,#8830));
#1734=EDGE_LOOP('',(#8831,#8832,#8833,#8834));
#1735=EDGE_LOOP('',(#8835,#8836,#8837,#8838));
#1736=EDGE_LOOP('',(#8839,#8840,#8841,#8842));
#1737=EDGE_LOOP('',(#8843,#8844,#8845,#8846));
#1738=EDGE_LOOP('',(#8847,#8848,#8849,#8850));
#1739=EDGE_LOOP('',(#8851,#8852,#8853,#8854));
#1740=EDGE_LOOP('',(#8855,#8856,#8857,#8858));
#1741=EDGE_LOOP('',(#8859,#8860,#8861,#8862));
#1742=EDGE_LOOP('',(#8863,#8864,#8865,#8866,#8867,#8868,#8869,#8870,#8871,
#8872,#8873,#8874,#8875,#8876,#8877,#8878));
#1743=EDGE_LOOP('',(#8879,#8880,#8881,#8882));
#1744=EDGE_LOOP('',(#8883,#8884,#8885,#8886));
#1745=EDGE_LOOP('',(#8887,#8888,#8889,#8890));
#1746=EDGE_LOOP('',(#8891,#8892,#8893,#8894));
#1747=EDGE_LOOP('',(#8895,#8896,#8897,#8898,#8899,#8900,#8901,#8902,#8903,
#8904,#8905,#8906,#8907,#8908,#8909,#8910,#8911,#8912,#8913,#8914,#8915,
#8916,#8917,#8918,#8919,#8920,#8921,#8922));
#1748=EDGE_LOOP('',(#8923,#8924,#8925,#8926));
#1749=EDGE_LOOP('',(#8927,#8928,#8929,#8930));
#1750=EDGE_LOOP('',(#8931,#8932,#8933,#8934));
#1751=EDGE_LOOP('',(#8935,#8936,#8937,#8938));
#1752=EDGE_LOOP('',(#8939,#8940,#8941,#8942));
#1753=EDGE_LOOP('',(#8943,#8944,#8945,#8946));
#1754=EDGE_LOOP('',(#8947,#8948,#8949,#8950));
#1755=EDGE_LOOP('',(#8951,#8952,#8953,#8954));
#1756=EDGE_LOOP('',(#8955,#8956,#8957,#8958));
#1757=EDGE_LOOP('',(#8959,#8960,#8961,#8962));
#1758=EDGE_LOOP('',(#8963,#8964,#8965,#8966));
#1759=EDGE_LOOP('',(#8967,#8968,#8969,#8970));
#1760=EDGE_LOOP('',(#8971,#8972,#8973,#8974));
#1761=EDGE_LOOP('',(#8975,#8976,#8977,#8978));
#1762=EDGE_LOOP('',(#8979,#8980,#8981,#8982));
#1763=EDGE_LOOP('',(#8983,#8984,#8985,#8986));
#1764=EDGE_LOOP('',(#8987,#8988,#8989,#8990));
#1765=EDGE_LOOP('',(#8991,#8992,#8993,#8994));
#1766=EDGE_LOOP('',(#8995,#8996,#8997,#8998));
#1767=EDGE_LOOP('',(#8999,#9000,#9001,#9002));
#1768=EDGE_LOOP('',(#9003,#9004,#9005,#9006));
#1769=EDGE_LOOP('',(#9007,#9008,#9009,#9010));
#1770=EDGE_LOOP('',(#9011,#9012,#9013,#9014));
#1771=EDGE_LOOP('',(#9015,#9016,#9017,#9018));
#1772=EDGE_LOOP('',(#9019,#9020,#9021,#9022));
#1773=EDGE_LOOP('',(#9023,#9024,#9025,#9026));
#1774=EDGE_LOOP('',(#9027,#9028,#9029,#9030));
#1775=EDGE_LOOP('',(#9031,#9032,#9033,#9034));
#1776=EDGE_LOOP('',(#9035,#9036,#9037,#9038));
#1777=EDGE_LOOP('',(#9039,#9040,#9041,#9042));
#1778=EDGE_LOOP('',(#9043,#9044,#9045,#9046));
#1779=EDGE_LOOP('',(#9047,#9048,#9049,#9050));
#1780=EDGE_LOOP('',(#9051,#9052,#9053,#9054));
#1781=EDGE_LOOP('',(#9055,#9056,#9057,#9058));
#1782=EDGE_LOOP('',(#9059,#9060,#9061,#9062));
#1783=EDGE_LOOP('',(#9063,#9064,#9065,#9066));
#1784=EDGE_LOOP('',(#9067,#9068,#9069,#9070));
#1785=EDGE_LOOP('',(#9071,#9072,#9073,#9074));
#1786=EDGE_LOOP('',(#9075,#9076,#9077,#9078));
#1787=EDGE_LOOP('',(#9079,#9080,#9081,#9082));
#1788=EDGE_LOOP('',(#9083,#9084,#9085,#9086));
#1789=EDGE_LOOP('',(#9087,#9088,#9089,#9090));
#1790=EDGE_LOOP('',(#9091,#9092,#9093,#9094));
#1791=EDGE_LOOP('',(#9095,#9096,#9097,#9098));
#1792=EDGE_LOOP('',(#9099,#9100,#9101,#9102));
#1793=EDGE_LOOP('',(#9103,#9104,#9105,#9106,#9107,#9108,#9109,#9110,#9111,
#9112,#9113,#9114,#9115,#9116,#9117,#9118,#9119,#9120,#9121,#9122,#9123,
#9124,#9125,#9126,#9127,#9128,#9129,#9130,#9131,#9132,#9133,#9134,#9135,
#9136));
#1794=EDGE_LOOP('',(#9137,#9138,#9139,#9140,#9141,#9142,#9143,#9144));
#1795=EDGE_LOOP('',(#9145,#9146,#9147,#9148,#9149,#9150,#9151,#9152,#9153,
#9154,#9155,#9156,#9157,#9158,#9159,#9160,#9161,#9162,#9163,#9164,#9165,
#9166,#9167,#9168,#9169,#9170,#9171,#9172,#9173,#9174,#9175,#9176,#9177,
#9178));
#1796=EDGE_LOOP('',(#9179,#9180,#9181,#9182,#9183,#9184,#9185,#9186));
#1797=EDGE_LOOP('',(#9187,#9188,#9189,#9190));
#1798=EDGE_LOOP('',(#9191,#9192,#9193,#9194,#9195,#9196,#9197,#9198,#9199,
#9200,#9201,#9202));
#1799=EDGE_LOOP('',(#9203));
#1800=EDGE_LOOP('',(#9204));
#1801=EDGE_LOOP('',(#9205));
#1802=EDGE_LOOP('',(#9206));
#1803=EDGE_LOOP('',(#9207));
#1804=EDGE_LOOP('',(#9208,#9209,#9210,#9211));
#1805=EDGE_LOOP('',(#9212,#9213,#9214,#9215,#9216,#9217));
#1806=EDGE_LOOP('',(#9218,#9219,#9220,#9221,#9222,#9223));
#1807=EDGE_LOOP('',(#9224,#9225,#9226,#9227));
#1808=EDGE_LOOP('',(#9228,#9229,#9230,#9231));
#1809=EDGE_LOOP('',(#9232,#9233,#9234,#9235));
#1810=EDGE_LOOP('',(#9236,#9237,#9238,#9239));
#1811=EDGE_LOOP('',(#9240,#9241,#9242,#9243));
#1812=EDGE_LOOP('',(#9244,#9245,#9246,#9247));
#1813=EDGE_LOOP('',(#9248,#9249,#9250,#9251));
#1814=EDGE_LOOP('',(#9252,#9253,#9254,#9255));
#1815=EDGE_LOOP('',(#9256,#9257,#9258,#9259,#9260,#9261,#9262,#9263));
#1816=EDGE_LOOP('',(#9264,#9265,#9266,#9267,#9268,#9269,#9270,#9271));
#1817=EDGE_LOOP('',(#9272,#9273,#9274,#9275,#9276,#9277,#9278,#9279));
#1818=EDGE_LOOP('',(#9280,#9281,#9282,#9283,#9284,#9285,#9286,#9287));
#1819=EDGE_LOOP('',(#9288,#9289,#9290,#9291,#9292,#9293,#9294,#9295));
#1820=EDGE_LOOP('',(#9296,#9297,#9298,#9299,#9300,#9301,#9302,#9303));
#1821=EDGE_LOOP('',(#9304,#9305,#9306,#9307));
#1822=EDGE_LOOP('',(#9308,#9309,#9310,#9311));
#1823=EDGE_LOOP('',(#9312,#9313,#9314,#9315));
#1824=EDGE_LOOP('',(#9316,#9317,#9318,#9319));
#1825=EDGE_LOOP('',(#9320,#9321,#9322,#9323));
#1826=EDGE_LOOP('',(#9324,#9325,#9326,#9327));
#1827=EDGE_LOOP('',(#9328,#9329,#9330,#9331));
#1828=EDGE_LOOP('',(#9332,#9333,#9334,#9335));
#1829=EDGE_LOOP('',(#9336,#9337,#9338,#9339,#9340,#9341,#9342,#9343,#9344,
#9345,#9346,#9347));
#1830=EDGE_LOOP('',(#9348,#9349,#9350,#9351));
#1831=EDGE_LOOP('',(#9352,#9353,#9354,#9355,#9356,#9357,#9358,#9359,#9360,
#9361,#9362,#9363,#9364,#9365,#9366,#9367,#9368,#9369,#9370,#9371,#9372,
#9373));
#1832=EDGE_LOOP('',(#9374));
#1833=EDGE_LOOP('',(#9375));
#1834=EDGE_LOOP('',(#9376));
#1835=EDGE_LOOP('',(#9377,#9378,#9379,#9380));
#1836=EDGE_LOOP('',(#9381,#9382,#9383,#9384));
#1837=EDGE_LOOP('',(#9385,#9386,#9387,#9388));
#1838=EDGE_LOOP('',(#9389,#9390,#9391,#9392));
#1839=EDGE_LOOP('',(#9393,#9394,#9395,#9396,#9397,#9398,#9399,#9400));
#1840=EDGE_LOOP('',(#9401,#9402,#9403,#9404));
#1841=EDGE_LOOP('',(#9405,#9406,#9407,#9408,#9409,#9410,#9411,#9412,#9413,
#9414,#9415,#9416));
#1842=EDGE_LOOP('',(#9417,#9418,#9419,#9420,#9421,#9422,#9423,#9424));
#1843=EDGE_LOOP('',(#9425,#9426,#9427,#9428));
#1844=EDGE_LOOP('',(#9429,#9430,#9431,#9432));
#1845=EDGE_LOOP('',(#9433,#9434,#9435,#9436));
#1846=EDGE_LOOP('',(#9437,#9438,#9439,#9440));
#1847=EDGE_LOOP('',(#9441,#9442,#9443,#9444));
#1848=EDGE_LOOP('',(#9445,#9446,#9447,#9448));
#1849=EDGE_LOOP('',(#9449,#9450,#9451,#9452));
#1850=EDGE_LOOP('',(#9453,#9454,#9455,#9456));
#1851=EDGE_LOOP('',(#9457,#9458,#9459,#9460));
#1852=EDGE_LOOP('',(#9461,#9462,#9463,#9464));
#1853=EDGE_LOOP('',(#9465,#9466,#9467,#9468));
#1854=EDGE_LOOP('',(#9469,#9470,#9471,#9472));
#1855=EDGE_LOOP('',(#9473,#9474,#9475,#9476));
#1856=EDGE_LOOP('',(#9477,#9478,#9479,#9480));
#1857=EDGE_LOOP('',(#9481,#9482,#9483,#9484));
#1858=EDGE_LOOP('',(#9485,#9486,#9487,#9488));
#1859=EDGE_LOOP('',(#9489,#9490,#9491,#9492));
#1860=EDGE_LOOP('',(#9493,#9494,#9495,#9496));
#1861=EDGE_LOOP('',(#9497,#9498,#9499,#9500));
#1862=EDGE_LOOP('',(#9501,#9502,#9503,#9504));
#1863=EDGE_LOOP('',(#9505,#9506,#9507,#9508));
#1864=EDGE_LOOP('',(#9509,#9510,#9511,#9512));
#1865=EDGE_LOOP('',(#9513,#9514,#9515,#9516));
#1866=EDGE_LOOP('',(#9517,#9518,#9519,#9520));
#1867=EDGE_LOOP('',(#9521,#9522,#9523,#9524));
#1868=EDGE_LOOP('',(#9525,#9526,#9527,#9528));
#1869=EDGE_LOOP('',(#9529,#9530,#9531,#9532));
#1870=EDGE_LOOP('',(#9533,#9534,#9535,#9536));
#1871=EDGE_LOOP('',(#9537,#9538,#9539,#9540));
#1872=EDGE_LOOP('',(#9541,#9542,#9543,#9544));
#1873=EDGE_LOOP('',(#9545,#9546,#9547,#9548));
#1874=EDGE_LOOP('',(#9549,#9550,#9551,#9552));
#1875=EDGE_LOOP('',(#9553,#9554,#9555,#9556));
#1876=EDGE_LOOP('',(#9557,#9558,#9559,#9560));
#1877=EDGE_LOOP('',(#9561,#9562,#9563,#9564,#9565,#9566,#9567,#9568,#9569,
#9570,#9571,#9572,#9573,#9574));
#1878=EDGE_LOOP('',(#9575,#9576,#9577,#9578,#9579,#9580,#9581,#9582,#9583,
#9584,#9585,#9586,#9587,#9588));
#1879=EDGE_LOOP('',(#9589,#9590,#9591));
#1880=EDGE_LOOP('',(#9592,#9593,#9594));
#1881=EDGE_LOOP('',(#9595,#9596,#9597));
#1882=EDGE_LOOP('',(#9598,#9599,#9600));
#1883=EDGE_LOOP('',(#9601,#9602,#9603,#9604));
#1884=EDGE_LOOP('',(#9605,#9606,#9607));
#1885=EDGE_LOOP('',(#9608,#9609,#9610,#9611));
#1886=EDGE_LOOP('',(#9612,#9613,#9614));
#1887=EDGE_LOOP('',(#9615,#9616,#9617,#9618));
#1888=EDGE_LOOP('',(#9619,#9620,#9621));
#1889=EDGE_LOOP('',(#9622,#9623,#9624,#9625));
#1890=EDGE_LOOP('',(#9626,#9627,#9628,#9629));
#1891=EDGE_LOOP('',(#9630,#9631,#9632));
#1892=EDGE_LOOP('',(#9633,#9634,#9635,#9636));
#1893=EDGE_LOOP('',(#9637,#9638,#9639,#9640));
#1894=EDGE_LOOP('',(#9641,#9642,#9643,#9644));
#1895=EDGE_LOOP('',(#9645,#9646,#9647,#9648));
#1896=EDGE_LOOP('',(#9649,#9650,#9651,#9652));
#1897=EDGE_LOOP('',(#9653,#9654,#9655,#9656));
#1898=EDGE_LOOP('',(#9657,#9658,#9659,#9660));
#1899=EDGE_LOOP('',(#9661,#9662,#9663,#9664));
#1900=EDGE_LOOP('',(#9665,#9666,#9667,#9668));
#1901=EDGE_LOOP('',(#9669,#9670,#9671,#9672));
#1902=EDGE_LOOP('',(#9673,#9674,#9675,#9676));
#1903=EDGE_LOOP('',(#9677,#9678,#9679,#9680));
#1904=EDGE_LOOP('',(#9681,#9682,#9683,#9684));
#1905=LINE('',#14455,#3119);
#1906=LINE('',#14457,#3120);
#1907=LINE('',#14459,#3121);
#1908=LINE('',#14461,#3122);
#1909=LINE('',#14463,#3123);
#1910=LINE('',#14465,#3124);
#1911=LINE('',#14467,#3125);
#1912=LINE('',#14469,#3126);
#1913=LINE('',#14471,#3127);
#1914=LINE('',#14473,#3128);
#1915=LINE('',#14475,#3129);
#1916=LINE('',#14476,#3130);
#1917=LINE('',#14480,#3131);
#1918=LINE('',#14482,#3132);
#1919=LINE('',#14484,#3133);
#1920=LINE('',#14486,#3134);
#1921=LINE('',#14488,#3135);
#1922=LINE('',#14490,#3136);
#1923=LINE('',#14492,#3137);
#1924=LINE('',#14493,#3138);
#1925=LINE('',#14495,#3139);
#1926=LINE('',#14497,#3140);
#1927=LINE('',#14499,#3141);
#1928=LINE('',#14501,#3142);
#1929=LINE('',#14503,#3143);
#1930=LINE('',#14505,#3144);
#1931=LINE('',#14507,#3145);
#1932=LINE('',#14509,#3146);
#1933=LINE('',#14511,#3147);
#1934=LINE('',#14513,#3148);
#1935=LINE('',#14515,#3149);
#1936=LINE('',#14517,#3150);
#1937=LINE('',#14519,#3151);
#1938=LINE('',#14521,#3152);
#1939=LINE('',#14523,#3153);
#1940=LINE('',#14525,#3154);
#1941=LINE('',#14526,#3155);
#1942=LINE('',#14529,#3156);
#1943=LINE('',#14530,#3157);
#1944=LINE('',#14533,#3158);
#1945=LINE('',#14534,#3159);
#1946=LINE('',#14537,#3160);
#1947=LINE('',#14538,#3161);
#1948=LINE('',#14541,#3162);
#1949=LINE('',#14542,#3163);
#1950=LINE('',#14545,#3164);
#1951=LINE('',#14546,#3165);
#1952=LINE('',#14548,#3166);
#1953=LINE('',#14550,#3167);
#1954=LINE('',#14552,#3168);
#1955=LINE('',#14554,#3169);
#1956=LINE('',#14555,#3170);
#1957=LINE('',#14558,#3171);
#1958=LINE('',#14560,#3172);
#1959=LINE('',#14562,#3173);
#1960=LINE('',#14564,#3174);
#1961=LINE('',#14566,#3175);
#1962=LINE('',#14568,#3176);
#1963=LINE('',#14570,#3177);
#1964=LINE('',#14572,#3178);
#1965=LINE('',#14574,#3179);
#1966=LINE('',#14576,#3180);
#1967=LINE('',#14578,#3181);
#1968=LINE('',#14579,#3182);
#1969=LINE('',#14583,#3183);
#1970=LINE('',#14585,#3184);
#1971=LINE('',#14586,#3185);
#1972=LINE('',#14588,#3186);
#1973=LINE('',#14590,#3187);
#1974=LINE('',#14591,#3188);
#1975=LINE('',#14594,#3189);
#1976=LINE('',#14595,#3190);
#1977=LINE('',#14598,#3191);
#1978=LINE('',#14599,#3192);
#1979=LINE('',#14602,#3193);
#1980=LINE('',#14603,#3194);
#1981=LINE('',#14606,#3195);
#1982=LINE('',#14607,#3196);
#1983=LINE('',#14609,#3197);
#1984=LINE('',#14611,#3198);
#1985=LINE('',#14613,#3199);
#1986=LINE('',#14614,#3200);
#1987=LINE('',#14616,#3201);
#1988=LINE('',#14618,#3202);
#1989=LINE('',#14619,#3203);
#1990=LINE('',#14621,#3204);
#1991=LINE('',#14623,#3205);
#1992=LINE('',#14624,#3206);
#1993=LINE('',#14626,#3207);
#1994=LINE('',#14628,#3208);
#1995=LINE('',#14629,#3209);
#1996=LINE('',#14631,#3210);
#1997=LINE('',#14633,#3211);
#1998=LINE('',#14634,#3212);
#1999=LINE('',#14637,#3213);
#2000=LINE('',#14639,#3214);
#2001=LINE('',#14641,#3215);
#2002=LINE('',#14642,#3216);
#2003=LINE('',#14644,#3217);
#2004=LINE('',#14646,#3218);
#2005=LINE('',#14648,#3219);
#2006=LINE('',#14649,#3220);
#2007=LINE('',#14652,#3221);
#2008=LINE('',#14653,#3222);
#2009=LINE('',#14656,#3223);
#2010=LINE('',#14658,#3224);
#2011=LINE('',#14659,#3225);
#2012=LINE('',#14662,#3226);
#2013=LINE('',#14663,#3227);
#2014=LINE('',#14667,#3228);
#2015=LINE('',#14668,#3229);
#2016=LINE('',#14669,#3230);
#2017=LINE('',#14672,#3231);
#2018=LINE('',#14673,#3232);
#2019=LINE('',#14676,#3233);
#2020=LINE('',#14678,#3234);
#2021=LINE('',#14680,#3235);
#2022=LINE('',#14681,#3236);
#2023=LINE('',#14684,#3237);
#2024=LINE('',#14685,#3238);
#2025=LINE('',#14688,#3239);
#2026=LINE('',#14690,#3240);
#2027=LINE('',#14691,#3241);
#2028=LINE('',#14694,#3242);
#2029=LINE('',#14696,#3243);
#2030=LINE('',#14698,#3244);
#2031=LINE('',#14699,#3245);
#2032=LINE('',#14702,#3246);
#2033=LINE('',#14703,#3247);
#2034=LINE('',#14706,#3248);
#2035=LINE('',#14708,#3249);
#2036=LINE('',#14709,#3250);
#2037=LINE('',#14712,#3251);
#2038=LINE('',#14714,#3252);
#2039=LINE('',#14716,#3253);
#2040=LINE('',#14717,#3254);
#2041=LINE('',#14720,#3255);
#2042=LINE('',#14721,#3256);
#2043=LINE('',#14724,#3257);
#2044=LINE('',#14726,#3258);
#2045=LINE('',#14727,#3259);
#2046=LINE('',#14730,#3260);
#2047=LINE('',#14732,#3261);
#2048=LINE('',#14734,#3262);
#2049=LINE('',#14735,#3263);
#2050=LINE('',#14738,#3264);
#2051=LINE('',#14739,#3265);
#2052=LINE('',#14742,#3266);
#2053=LINE('',#14744,#3267);
#2054=LINE('',#14745,#3268);
#2055=LINE('',#14748,#3269);
#2056=LINE('',#14749,#3270);
#2057=LINE('',#14751,#3271);
#2058=LINE('',#14754,#3272);
#2059=LINE('',#14755,#3273);
#2060=LINE('',#14758,#3274);
#2061=LINE('',#14759,#3275);
#2062=LINE('',#14762,#3276);
#2063=LINE('',#14764,#3277);
#2064=LINE('',#14765,#3278);
#2065=LINE('',#14767,#3279);
#2066=LINE('',#14769,#3280);
#2067=LINE('',#14770,#3281);
#2068=LINE('',#14773,#3282);
#2069=LINE('',#14774,#3283);
#2070=LINE('',#14777,#3284);
#2071=LINE('',#14778,#3285);
#2072=LINE('',#14780,#3286);
#2073=LINE('',#14783,#3287);
#2074=LINE('',#14784,#3288);
#2075=LINE('',#14787,#3289);
#2076=LINE('',#14789,#3290);
#2077=LINE('',#14790,#3291);
#2078=LINE('',#14792,#3292);
#2079=LINE('',#14793,#3293);
#2080=LINE('',#14796,#3294);
#2081=LINE('',#14797,#3295);
#2082=LINE('',#14800,#3296);
#2083=LINE('',#14801,#3297);
#2084=LINE('',#14803,#3298);
#2085=LINE('',#14805,#3299);
#2086=LINE('',#14808,#3300);
#2087=LINE('',#14810,#3301);
#2088=LINE('',#14812,#3302);
#2089=LINE('',#14813,#3303);
#2090=LINE('',#14815,#3304);
#2091=LINE('',#14818,#3305);
#2092=LINE('',#14820,#3306);
#2093=LINE('',#14822,#3307);
#2094=LINE('',#14824,#3308);
#2095=LINE('',#14826,#3309);
#2096=LINE('',#14829,#3310);
#2097=LINE('',#14830,#3311);
#2098=LINE('',#14832,#3312);
#2099=LINE('',#14834,#3313);
#2100=LINE('',#14837,#3314);
#2101=LINE('',#14841,#3315);
#2102=LINE('',#14844,#3316);
#2103=LINE('',#14847,#3317);
#2104=LINE('',#14850,#3318);
#2105=LINE('',#14856,#3319);
#2106=LINE('',#14858,#3320);
#2107=LINE('',#14860,#3321);
#2108=LINE('',#14861,#3322);
#2109=LINE('',#14864,#3323);
#2110=LINE('',#14866,#3324);
#2111=LINE('',#14868,#3325);
#2112=LINE('',#14869,#3326);
#2113=LINE('',#14872,#3327);
#2114=LINE('',#14874,#3328);
#2115=LINE('',#14876,#3329);
#2116=LINE('',#14877,#3330);
#2117=LINE('',#14880,#3331);
#2118=LINE('',#14882,#3332);
#2119=LINE('',#14884,#3333);
#2120=LINE('',#14885,#3334);
#2121=LINE('',#14889,#3335);
#2122=LINE('',#14891,#3336);
#2123=LINE('',#14892,#3337);
#2124=LINE('',#14895,#3338);
#2125=LINE('',#14896,#3339);
#2126=LINE('',#14899,#3340);
#2127=LINE('',#14900,#3341);
#2128=LINE('',#14902,#3342);
#2129=LINE('',#14906,#3343);
#2130=LINE('',#14907,#3344);
#2131=LINE('',#14908,#3345);
#2132=LINE('',#14911,#3346);
#2133=LINE('',#14912,#3347);
#2134=LINE('',#14915,#3348);
#2135=LINE('',#14916,#3349);
#2136=LINE('',#14918,#3350);
#2137=LINE('',#14922,#3351);
#2138=LINE('',#14923,#3352);
#2139=LINE('',#14924,#3353);
#2140=LINE('',#14927,#3354);
#2141=LINE('',#14928,#3355);
#2142=LINE('',#14931,#3356);
#2143=LINE('',#14932,#3357);
#2144=LINE('',#14934,#3358);
#2145=LINE('',#14938,#3359);
#2146=LINE('',#14939,#3360);
#2147=LINE('',#14940,#3361);
#2148=LINE('',#14943,#3362);
#2149=LINE('',#14944,#3363);
#2150=LINE('',#14947,#3364);
#2151=LINE('',#14948,#3365);
#2152=LINE('',#14950,#3366);
#2153=LINE('',#14961,#3367);
#2154=LINE('',#14965,#3368);
#2155=LINE('',#14969,#3369);
#2156=LINE('',#14973,#3370);
#2157=LINE('',#14978,#3371);
#2158=LINE('',#14979,#3372);
#2159=LINE('',#14980,#3373);
#2160=LINE('',#14983,#3374);
#2161=LINE('',#14988,#3375);
#2162=LINE('',#14991,#3376);
#2163=LINE('',#14992,#3377);
#2164=LINE('',#14995,#3378);
#2165=LINE('',#14996,#3379);
#2166=LINE('',#14999,#3380);
#2167=LINE('',#15004,#3381);
#2168=LINE('',#15006,#3382);
#2169=LINE('',#15012,#3383);
#2170=LINE('',#15016,#3384);
#2171=LINE('',#15020,#3385);
#2172=LINE('',#15023,#3386);
#2173=LINE('',#15026,#3387);
#2174=LINE('',#15029,#3388);
#2175=LINE('',#15032,#3389);
#2176=LINE('',#15033,#3390);
#2177=LINE('',#15036,#3391);
#2178=LINE('',#15040,#3392);
#2179=LINE('',#15041,#3393);
#2180=LINE('',#15044,#3394);
#2181=LINE('',#15048,#3395);
#2182=LINE('',#15049,#3396);
#2183=LINE('',#15052,#3397);
#2184=LINE('',#15055,#3398);
#2185=LINE('',#15059,#3399);
#2186=LINE('',#15063,#3400);
#2187=LINE('',#15067,#3401);
#2188=LINE('',#15071,#3402);
#2189=LINE('',#15076,#3403);
#2190=LINE('',#15077,#3404);
#2191=LINE('',#15078,#3405);
#2192=LINE('',#15081,#3406);
#2193=LINE('',#15086,#3407);
#2194=LINE('',#15089,#3408);
#2195=LINE('',#15090,#3409);
#2196=LINE('',#15093,#3410);
#2197=LINE('',#15094,#3411);
#2198=LINE('',#15097,#3412);
#2199=LINE('',#15102,#3413);
#2200=LINE('',#15104,#3414);
#2201=LINE('',#15112,#3415);
#2202=LINE('',#15114,#3416);
#2203=LINE('',#15116,#3417);
#2204=LINE('',#15117,#3418);
#2205=LINE('',#15120,#3419);
#2206=LINE('',#15122,#3420);
#2207=LINE('',#15124,#3421);
#2208=LINE('',#15126,#3422);
#2209=LINE('',#15128,#3423);
#2210=LINE('',#15130,#3424);
#2211=LINE('',#15131,#3425);
#2212=LINE('',#15134,#3426);
#2213=LINE('',#15135,#3427);
#2214=LINE('',#15138,#3428);
#2215=LINE('',#15140,#3429);
#2216=LINE('',#15141,#3430);
#2217=LINE('',#15144,#3431);
#2218=LINE('',#15145,#3432);
#2219=LINE('',#15148,#3433);
#2220=LINE('',#15150,#3434);
#2221=LINE('',#15152,#3435);
#2222=LINE('',#15154,#3436);
#2223=LINE('',#15156,#3437);
#2224=LINE('',#15158,#3438);
#2225=LINE('',#15160,#3439);
#2226=LINE('',#15161,#3440);
#2227=LINE('',#15164,#3441);
#2228=LINE('',#15166,#3442);
#2229=LINE('',#15168,#3443);
#2230=LINE('',#15170,#3444);
#2231=LINE('',#15172,#3445);
#2232=LINE('',#15174,#3446);
#2233=LINE('',#15176,#3447);
#2234=LINE('',#15177,#3448);
#2235=LINE('',#15180,#3449);
#2236=LINE('',#15181,#3450);
#2237=LINE('',#15184,#3451);
#2238=LINE('',#15185,#3452);
#2239=LINE('',#15187,#3453);
#2240=LINE('',#15190,#3454);
#2241=LINE('',#15191,#3455);
#2242=LINE('',#15194,#3456);
#2243=LINE('',#15196,#3457);
#2244=LINE('',#15198,#3458);
#2245=LINE('',#15200,#3459);
#2246=LINE('',#15202,#3460);
#2247=LINE('',#15204,#3461);
#2248=LINE('',#15206,#3462);
#2249=LINE('',#15208,#3463);
#2250=LINE('',#15210,#3464);
#2251=LINE('',#15211,#3465);
#2252=LINE('',#15213,#3466);
#2253=LINE('',#15216,#3467);
#2254=LINE('',#15218,#3468);
#2255=LINE('',#15219,#3469);
#2256=LINE('',#15222,#3470);
#2257=LINE('',#15224,#3471);
#2258=LINE('',#15225,#3472);
#2259=LINE('',#15228,#3473);
#2260=LINE('',#15230,#3474);
#2261=LINE('',#15231,#3475);
#2262=LINE('',#15234,#3476);
#2263=LINE('',#15236,#3477);
#2264=LINE('',#15237,#3478);
#2265=LINE('',#15240,#3479);
#2266=LINE('',#15242,#3480);
#2267=LINE('',#15243,#3481);
#2268=LINE('',#15246,#3482);
#2269=LINE('',#15248,#3483);
#2270=LINE('',#15249,#3484);
#2271=LINE('',#15251,#3485);
#2272=LINE('',#15253,#3486);
#2273=LINE('',#15256,#3487);
#2274=LINE('',#15258,#3488);
#2275=LINE('',#15259,#3489);
#2276=LINE('',#15262,#3490);
#2277=LINE('',#15264,#3491);
#2278=LINE('',#15265,#3492);
#2279=LINE('',#15268,#3493);
#2280=LINE('',#15270,#3494);
#2281=LINE('',#15271,#3495);
#2282=LINE('',#15274,#3496);
#2283=LINE('',#15276,#3497);
#2284=LINE('',#15277,#3498);
#2285=LINE('',#15280,#3499);
#2286=LINE('',#15282,#3500);
#2287=LINE('',#15283,#3501);
#2288=LINE('',#15286,#3502);
#2289=LINE('',#15288,#3503);
#2290=LINE('',#15289,#3504);
#2291=LINE('',#15292,#3505);
#2292=LINE('',#15293,#3506);
#2293=LINE('',#15296,#3507);
#2294=LINE('',#15297,#3508);
#2295=LINE('',#15299,#3509);
#2296=LINE('',#15302,#3510);
#2297=LINE('',#15304,#3511);
#2298=LINE('',#15305,#3512);
#2299=LINE('',#15307,#3513);
#2300=LINE('',#15308,#3514);
#2301=LINE('',#15312,#3515);
#2302=LINE('',#15314,#3516);
#2303=LINE('',#15316,#3517);
#2304=LINE('',#15317,#3518);
#2305=LINE('',#15319,#3519);
#2306=LINE('',#15321,#3520);
#2307=LINE('',#15323,#3521);
#2308=LINE('',#15324,#3522);
#2309=LINE('',#15327,#3523);
#2310=LINE('',#15328,#3524);
#2311=LINE('',#15331,#3525);
#2312=LINE('',#15332,#3526);
#2313=LINE('',#15335,#3527);
#2314=LINE('',#15336,#3528);
#2315=LINE('',#15339,#3529);
#2316=LINE('',#15341,#3530);
#2317=LINE('',#15343,#3531);
#2318=LINE('',#15345,#3532);
#2319=LINE('',#15347,#3533);
#2320=LINE('',#15349,#3534);
#2321=LINE('',#15351,#3535);
#2322=LINE('',#15352,#3536);
#2323=LINE('',#15355,#3537);
#2324=LINE('',#15356,#3538);
#2325=LINE('',#15358,#3539);
#2326=LINE('',#15359,#3540);
#2327=LINE('',#15361,#3541);
#2328=LINE('',#15363,#3542);
#2329=LINE('',#15365,#3543);
#2330=LINE('',#15366,#3544);
#2331=LINE('',#15367,#3545);
#2332=LINE('',#15370,#3546);
#2333=LINE('',#15374,#3547);
#2334=LINE('',#15378,#3548);
#2335=LINE('',#15380,#3549);
#2336=LINE('',#15382,#3550);
#2337=LINE('',#15386,#3551);
#2338=LINE('',#15390,#3552);
#2339=LINE('',#15394,#3553);
#2340=LINE('',#15398,#3554);
#2341=LINE('',#15400,#3555);
#2342=LINE('',#15402,#3556);
#2343=LINE('',#15406,#3557);
#2344=LINE('',#15409,#3558);
#2345=LINE('',#15411,#3559);
#2346=LINE('',#15412,#3560);
#2347=LINE('',#15415,#3561);
#2348=LINE('',#15419,#3562);
#2349=LINE('',#15423,#3563);
#2350=LINE('',#15425,#3564);
#2351=LINE('',#15427,#3565);
#2352=LINE('',#15431,#3566);
#2353=LINE('',#15435,#3567);
#2354=LINE('',#15439,#3568);
#2355=LINE('',#15443,#3569);
#2356=LINE('',#15445,#3570);
#2357=LINE('',#15447,#3571);
#2358=LINE('',#15451,#3572);
#2359=LINE('',#15454,#3573);
#2360=LINE('',#15456,#3574);
#2361=LINE('',#15461,#3575);
#2362=LINE('',#15465,#3576);
#2363=LINE('',#15467,#3577);
#2364=LINE('',#15469,#3578);
#2365=LINE('',#15473,#3579);
#2366=LINE('',#15477,#3580);
#2367=LINE('',#15481,#3581);
#2368=LINE('',#15485,#3582);
#2369=LINE('',#15487,#3583);
#2370=LINE('',#15489,#3584);
#2371=LINE('',#15493,#3585);
#2372=LINE('',#15499,#3586);
#2373=LINE('',#15503,#3587);
#2374=LINE('',#15505,#3588);
#2375=LINE('',#15507,#3589);
#2376=LINE('',#15511,#3590);
#2377=LINE('',#15515,#3591);
#2378=LINE('',#15519,#3592);
#2379=LINE('',#15523,#3593);
#2380=LINE('',#15525,#3594);
#2381=LINE('',#15527,#3595);
#2382=LINE('',#15531,#3596);
#2383=LINE('',#15534,#3597);
#2384=LINE('',#15537,#3598);
#2385=LINE('',#15541,#3599);
#2386=LINE('',#15545,#3600);
#2387=LINE('',#15547,#3601);
#2388=LINE('',#15549,#3602);
#2389=LINE('',#15553,#3603);
#2390=LINE('',#15557,#3604);
#2391=LINE('',#15561,#3605);
#2392=LINE('',#15565,#3606);
#2393=LINE('',#15567,#3607);
#2394=LINE('',#15569,#3608);
#2395=LINE('',#15573,#3609);
#2396=LINE('',#15576,#3610);
#2397=LINE('',#15578,#3611);
#2398=LINE('',#15579,#3612);
#2399=LINE('',#15582,#3613);
#2400=LINE('',#15586,#3614);
#2401=LINE('',#15590,#3615);
#2402=LINE('',#15592,#3616);
#2403=LINE('',#15594,#3617);
#2404=LINE('',#15598,#3618);
#2405=LINE('',#15602,#3619);
#2406=LINE('',#15606,#3620);
#2407=LINE('',#15610,#3621);
#2408=LINE('',#15612,#3622);
#2409=LINE('',#15614,#3623);
#2410=LINE('',#15618,#3624);
#2411=LINE('',#15621,#3625);
#2412=LINE('',#15623,#3626);
#2413=LINE('',#15625,#3627);
#2414=LINE('',#15627,#3628);
#2415=LINE('',#15630,#3629);
#2416=LINE('',#15632,#3630);
#2417=LINE('',#15633,#3631);
#2418=LINE('',#15637,#3632);
#2419=LINE('',#15639,#3633);
#2420=LINE('',#15641,#3634);
#2421=LINE('',#15643,#3635);
#2422=LINE('',#15645,#3636);
#2423=LINE('',#15648,#3637);
#2424=LINE('',#15650,#3638);
#2425=LINE('',#15652,#3639);
#2426=LINE('',#15654,#3640);
#2427=LINE('',#15656,#3641);
#2428=LINE('',#15658,#3642);
#2429=LINE('',#15660,#3643);
#2430=LINE('',#15663,#3644);
#2431=LINE('',#15665,#3645);
#2432=LINE('',#15667,#3646);
#2433=LINE('',#15669,#3647);
#2434=LINE('',#15671,#3648);
#2435=LINE('',#15673,#3649);
#2436=LINE('',#15675,#3650);
#2437=LINE('',#15678,#3651);
#2438=LINE('',#15680,#3652);
#2439=LINE('',#15682,#3653);
#2440=LINE('',#15684,#3654);
#2441=LINE('',#15686,#3655);
#2442=LINE('',#15688,#3656);
#2443=LINE('',#15691,#3657);
#2444=LINE('',#15693,#3658);
#2445=LINE('',#15695,#3659);
#2446=LINE('',#15697,#3660);
#2447=LINE('',#15699,#3661);
#2448=LINE('',#15701,#3662);
#2449=LINE('',#15704,#3663);
#2450=LINE('',#15706,#3664);
#2451=LINE('',#15708,#3665);
#2452=LINE('',#15710,#3666);
#2453=LINE('',#15712,#3667);
#2454=LINE('',#15714,#3668);
#2455=LINE('',#15716,#3669);
#2456=LINE('',#15719,#3670);
#2457=LINE('',#15721,#3671);
#2458=LINE('',#15723,#3672);
#2459=LINE('',#15725,#3673);
#2460=LINE('',#15727,#3674);
#2461=LINE('',#15729,#3675);
#2462=LINE('',#15731,#3676);
#2463=LINE('',#15741,#3677);
#2464=LINE('',#15743,#3678);
#2465=LINE('',#15745,#3679);
#2466=LINE('',#15747,#3680);
#2467=LINE('',#15749,#3681);
#2468=LINE('',#15750,#3682);
#2469=LINE('',#15753,#3683);
#2470=LINE('',#15755,#3684);
#2471=LINE('',#15757,#3685);
#2472=LINE('',#15759,#3686);
#2473=LINE('',#15760,#3687);
#2474=LINE('',#15765,#3688);
#2475=LINE('',#15769,#3689);
#2476=LINE('',#15770,#3690);
#2477=LINE('',#15774,#3691);
#2478=LINE('',#15775,#3692);
#2479=LINE('',#15777,#3693);
#2480=LINE('',#15782,#3694);
#2481=LINE('',#15784,#3695);
#2482=LINE('',#15785,#3696);
#2483=LINE('',#15786,#3697);
#2484=LINE('',#15787,#3698);
#2485=LINE('',#15792,#3699);
#2486=LINE('',#15794,#3700);
#2487=LINE('',#15795,#3701);
#2488=LINE('',#15798,#3702);
#2489=LINE('',#15800,#3703);
#2490=LINE('',#15804,#3704);
#2491=LINE('',#15806,#3705);
#2492=LINE('',#15810,#3706);
#2493=LINE('',#15814,#3707);
#2494=LINE('',#15816,#3708);
#2495=LINE('',#15819,#3709);
#2496=LINE('',#15822,#3710);
#2497=LINE('',#15823,#3711);
#2498=LINE('',#15828,#3712);
#2499=LINE('',#15829,#3713);
#2500=LINE('',#15834,#3714);
#2501=LINE('',#15838,#3715);
#2502=LINE('',#15840,#3716);
#2503=LINE('',#15844,#3717);
#2504=LINE('',#15848,#3718);
#2505=LINE('',#15850,#3719);
#2506=LINE('',#15854,#3720);
#2507=LINE('',#15856,#3721);
#2508=LINE('',#15858,#3722);
#2509=LINE('',#15860,#3723);
#2510=LINE('',#15862,#3724);
#2511=LINE('',#15864,#3725);
#2512=LINE('',#15868,#3726);
#2513=LINE('',#15870,#3727);
#2514=LINE('',#15872,#3728);
#2515=LINE('',#15877,#3729);
#2516=LINE('',#15880,#3730);
#2517=LINE('',#15888,#3731);
#2518=LINE('',#15890,#3732);
#2519=LINE('',#15892,#3733);
#2520=LINE('',#15893,#3734);
#2521=LINE('',#15896,#3735);
#2522=LINE('',#15898,#3736);
#2523=LINE('',#15899,#3737);
#2524=LINE('',#15902,#3738);
#2525=LINE('',#15904,#3739);
#2526=LINE('',#15905,#3740);
#2527=LINE('',#15907,#3741);
#2528=LINE('',#15908,#3742);
#2529=LINE('',#15915,#3743);
#2530=LINE('',#15917,#3744);
#2531=LINE('',#15919,#3745);
#2532=LINE('',#15920,#3746);
#2533=LINE('',#15923,#3747);
#2534=LINE('',#15925,#3748);
#2535=LINE('',#15926,#3749);
#2536=LINE('',#15929,#3750);
#2537=LINE('',#15931,#3751);
#2538=LINE('',#15932,#3752);
#2539=LINE('',#15935,#3753);
#2540=LINE('',#15937,#3754);
#2541=LINE('',#15938,#3755);
#2542=LINE('',#15940,#3756);
#2543=LINE('',#15941,#3757);
#2544=LINE('',#15948,#3758);
#2545=LINE('',#15950,#3759);
#2546=LINE('',#15952,#3760);
#2547=LINE('',#15953,#3761);
#2548=LINE('',#15956,#3762);
#2549=LINE('',#15958,#3763);
#2550=LINE('',#15959,#3764);
#2551=LINE('',#15962,#3765);
#2552=LINE('',#15964,#3766);
#2553=LINE('',#15965,#3767);
#2554=LINE('',#15967,#3768);
#2555=LINE('',#15968,#3769);
#2556=LINE('',#15975,#3770);
#2557=LINE('',#15977,#3771);
#2558=LINE('',#15979,#3772);
#2559=LINE('',#15980,#3773);
#2560=LINE('',#15983,#3774);
#2561=LINE('',#15985,#3775);
#2562=LINE('',#15986,#3776);
#2563=LINE('',#15989,#3777);
#2564=LINE('',#15991,#3778);
#2565=LINE('',#15992,#3779);
#2566=LINE('',#15994,#3780);
#2567=LINE('',#15995,#3781);
#2568=LINE('',#16008,#3782);
#2569=LINE('',#16010,#3783);
#2570=LINE('',#16012,#3784);
#2571=LINE('',#16013,#3785);
#2572=LINE('',#16017,#3786);
#2573=LINE('',#16018,#3787);
#2574=LINE('',#16019,#3788);
#2575=LINE('',#16024,#3789);
#2576=LINE('',#16028,#3790);
#2577=LINE('',#16030,#3791);
#2578=LINE('',#16032,#3792);
#2579=LINE('',#16034,#3793);
#2580=LINE('',#16036,#3794);
#2581=LINE('',#16038,#3795);
#2582=LINE('',#16040,#3796);
#2583=LINE('',#16042,#3797);
#2584=LINE('',#16044,#3798);
#2585=LINE('',#16046,#3799);
#2586=LINE('',#16048,#3800);
#2587=LINE('',#16050,#3801);
#2588=LINE('',#16052,#3802);
#2589=LINE('',#16056,#3803);
#2590=LINE('',#16058,#3804);
#2591=LINE('',#16059,#3805);
#2592=LINE('',#16066,#3806);
#2593=LINE('',#16068,#3807);
#2594=LINE('',#16076,#3808);
#2595=LINE('',#16078,#3809);
#2596=LINE('',#16086,#3810);
#2597=LINE('',#16088,#3811);
#2598=LINE('',#16096,#3812);
#2599=LINE('',#16098,#3813);
#2600=LINE('',#16106,#3814);
#2601=LINE('',#16108,#3815);
#2602=LINE('',#16110,#3816);
#2603=LINE('',#16114,#3817);
#2604=LINE('',#16116,#3818);
#2605=LINE('',#16118,#3819);
#2606=LINE('',#16120,#3820);
#2607=LINE('',#16122,#3821);
#2608=LINE('',#16124,#3822);
#2609=LINE('',#16126,#3823);
#2610=LINE('',#16128,#3824);
#2611=LINE('',#16130,#3825);
#2612=LINE('',#16132,#3826);
#2613=LINE('',#16134,#3827);
#2614=LINE('',#16136,#3828);
#2615=LINE('',#16137,#3829);
#2616=LINE('',#16144,#3830);
#2617=LINE('',#16146,#3831);
#2618=LINE('',#16154,#3832);
#2619=LINE('',#16156,#3833);
#2620=LINE('',#16164,#3834);
#2621=LINE('',#16166,#3835);
#2622=LINE('',#16174,#3836);
#2623=LINE('',#16176,#3837);
#2624=LINE('',#16183,#3838);
#2625=LINE('',#16185,#3839);
#2626=LINE('',#16187,#3840);
#2627=LINE('',#16189,#3841);
#2628=LINE('',#16191,#3842);
#2629=LINE('',#16193,#3843);
#2630=LINE('',#16195,#3844);
#2631=LINE('',#16197,#3845);
#2632=LINE('',#16199,#3846);
#2633=LINE('',#16201,#3847);
#2634=LINE('',#16203,#3848);
#2635=LINE('',#16205,#3849);
#2636=LINE('',#16207,#3850);
#2637=LINE('',#16209,#3851);
#2638=LINE('',#16211,#3852);
#2639=LINE('',#16213,#3853);
#2640=LINE('',#16216,#3854);
#2641=LINE('',#16217,#3855);
#2642=LINE('',#16219,#3856);
#2643=LINE('',#16221,#3857);
#2644=LINE('',#16223,#3858);
#2645=LINE('',#16225,#3859);
#2646=LINE('',#16227,#3860);
#2647=LINE('',#16229,#3861);
#2648=LINE('',#16231,#3862);
#2649=LINE('',#16233,#3863);
#2650=LINE('',#16235,#3864);
#2651=LINE('',#16237,#3865);
#2652=LINE('',#16239,#3866);
#2653=LINE('',#16241,#3867);
#2654=LINE('',#16243,#3868);
#2655=LINE('',#16245,#3869);
#2656=LINE('',#16247,#3870);
#2657=LINE('',#16249,#3871);
#2658=LINE('',#16251,#3872);
#2659=LINE('',#16253,#3873);
#2660=LINE('',#16256,#3874);
#2661=LINE('',#16258,#3875);
#2662=LINE('',#16264,#3876);
#2663=LINE('',#16266,#3877);
#2664=LINE('',#16268,#3878);
#2665=LINE('',#16269,#3879);
#2666=LINE('',#16273,#3880);
#2667=LINE('',#16275,#3881);
#2668=LINE('',#16277,#3882);
#2669=LINE('',#16278,#3883);
#2670=LINE('',#16280,#3884);
#2671=LINE('',#16282,#3885);
#2672=LINE('',#16284,#3886);
#2673=LINE('',#16286,#3887);
#2674=LINE('',#16287,#3888);
#2675=LINE('',#16290,#3889);
#2676=LINE('',#16294,#3890);
#2677=LINE('',#16296,#3891);
#2678=LINE('',#16298,#3892);
#2679=LINE('',#16301,#3893);
#2680=LINE('',#16304,#3894);
#2681=LINE('',#16306,#3895);
#2682=LINE('',#16307,#3896);
#2683=LINE('',#16311,#3897);
#2684=LINE('',#16312,#3898);
#2685=LINE('',#16314,#3899);
#2686=LINE('',#16316,#3900);
#2687=LINE('',#16318,#3901);
#2688=LINE('',#16319,#3902);
#2689=LINE('',#16322,#3903);
#2690=LINE('',#16324,#3904);
#2691=LINE('',#16326,#3905);
#2692=LINE('',#16328,#3906);
#2693=LINE('',#16330,#3907);
#2694=LINE('',#16331,#3908);
#2695=LINE('',#16333,#3909);
#2696=LINE('',#16336,#3910);
#2697=LINE('',#16337,#3911);
#2698=LINE('',#16339,#3912);
#2699=LINE('',#16342,#3913);
#2700=LINE('',#16343,#3914);
#2701=LINE('',#16346,#3915);
#2702=LINE('',#16350,#3916);
#2703=LINE('',#16352,#3917);
#2704=LINE('',#16354,#3918);
#2705=LINE('',#16355,#3919);
#2706=LINE('',#16358,#3920);
#2707=LINE('',#16359,#3921);
#2708=LINE('',#16362,#3922);
#2709=LINE('',#16364,#3923);
#2710=LINE('',#16366,#3924);
#2711=LINE('',#16367,#3925);
#2712=LINE('',#16371,#3926);
#2713=LINE('',#16373,#3927);
#2714=LINE('',#16375,#3928);
#2715=LINE('',#16377,#3929);
#2716=LINE('',#16380,#3930);
#2717=LINE('',#16382,#3931);
#2718=LINE('',#16384,#3932);
#2719=LINE('',#16385,#3933);
#2720=LINE('',#16388,#3934);
#2721=LINE('',#16390,#3935);
#2722=LINE('',#16394,#3936);
#2723=LINE('',#16396,#3937);
#2724=LINE('',#16397,#3938);
#2725=LINE('',#16400,#3939);
#2726=LINE('',#16401,#3940);
#2727=LINE('',#16404,#3941);
#2728=LINE('',#16405,#3942);
#2729=LINE('',#16407,#3943);
#2730=LINE('',#16410,#3944);
#2731=LINE('',#16412,#3945);
#2732=LINE('',#16413,#3946);
#2733=LINE('',#16416,#3947);
#2734=LINE('',#16418,#3948);
#2735=LINE('',#16420,#3949);
#2736=LINE('',#16422,#3950);
#2737=LINE('',#16424,#3951);
#2738=LINE('',#16425,#3952);
#2739=LINE('',#16428,#3953);
#2740=LINE('',#16429,#3954);
#2741=LINE('',#16432,#3955);
#2742=LINE('',#16434,#3956);
#2743=LINE('',#16436,#3957);
#2744=LINE('',#16438,#3958);
#2745=LINE('',#16439,#3959);
#2746=LINE('',#16441,#3960);
#2747=LINE('',#16443,#3961);
#2748=LINE('',#16446,#3962);
#2749=LINE('',#16448,#3963);
#2750=LINE('',#16450,#3964);
#2751=LINE('',#16452,#3965);
#2752=LINE('',#16453,#3966);
#2753=LINE('',#16456,#3967);
#2754=LINE('',#16457,#3968);
#2755=LINE('',#16460,#3969);
#2756=LINE('',#16462,#3970);
#2757=LINE('',#16464,#3971);
#2758=LINE('',#16465,#3972);
#2759=LINE('',#16467,#3973);
#2760=LINE('',#16469,#3974);
#2761=LINE('',#16471,#3975);
#2762=LINE('',#16490,#3976);
#2763=LINE('',#16493,#3977);
#2764=LINE('',#16496,#3978);
#2765=LINE('',#16498,#3979);
#2766=LINE('',#16500,#3980);
#2767=LINE('',#16502,#3981);
#2768=LINE('',#16504,#3982);
#2769=LINE('',#16506,#3983);
#2770=LINE('',#16508,#3984);
#2771=LINE('',#16510,#3985);
#2772=LINE('',#16512,#3986);
#2773=LINE('',#16514,#3987);
#2774=LINE('',#16516,#3988);
#2775=LINE('',#16520,#3989);
#2776=LINE('',#16522,#3990);
#2777=LINE('',#16524,#3991);
#2778=LINE('',#16526,#3992);
#2779=LINE('',#16528,#3993);
#2780=LINE('',#16532,#3994);
#2781=LINE('',#16534,#3995);
#2782=LINE('',#16536,#3996);
#2783=LINE('',#16538,#3997);
#2784=LINE('',#16540,#3998);
#2785=LINE('',#16542,#3999);
#2786=LINE('',#16544,#4000);
#2787=LINE('',#16546,#4001);
#2788=LINE('',#16548,#4002);
#2789=LINE('',#16550,#4003);
#2790=LINE('',#16552,#4004);
#2791=LINE('',#16554,#4005);
#2792=LINE('',#16556,#4006);
#2793=LINE('',#16560,#4007);
#2794=LINE('',#16564,#4008);
#2795=LINE('',#16566,#4009);
#2796=LINE('',#16568,#4010);
#2797=LINE('',#16570,#4011);
#2798=LINE('',#16572,#4012);
#2799=LINE('',#16574,#4013);
#2800=LINE('',#16576,#4014);
#2801=LINE('',#16578,#4015);
#2802=LINE('',#16580,#4016);
#2803=LINE('',#16582,#4017);
#2804=LINE('',#16584,#4018);
#2805=LINE('',#16588,#4019);
#2806=LINE('',#16591,#4020);
#2807=LINE('',#16611,#4021);
#2808=LINE('',#16617,#4022);
#2809=LINE('',#16621,#4023);
#2810=LINE('',#16623,#4024);
#2811=LINE('',#16625,#4025);
#2812=LINE('',#16626,#4026);
#2813=LINE('',#16642,#4027);
#2814=LINE('',#16646,#4028);
#2815=LINE('',#16648,#4029);
#2816=LINE('',#16650,#4030);
#2817=LINE('',#16652,#4031);
#2818=LINE('',#16654,#4032);
#2819=LINE('',#16656,#4033);
#2820=LINE('',#16658,#4034);
#2821=LINE('',#16660,#4035);
#2822=LINE('',#16662,#4036);
#2823=LINE('',#16664,#4037);
#2824=LINE('',#16666,#4038);
#2825=LINE('',#16668,#4039);
#2826=LINE('',#16670,#4040);
#2827=LINE('',#16672,#4041);
#2828=LINE('',#16674,#4042);
#2829=LINE('',#16676,#4043);
#2830=LINE('',#16678,#4044);
#2831=LINE('',#16680,#4045);
#2832=LINE('',#16681,#4046);
#2833=LINE('',#16685,#4047);
#2834=LINE('',#16706,#4048);
#2835=LINE('',#16711,#4049);
#2836=LINE('',#16715,#4050);
#2837=LINE('',#16717,#4051);
#2838=LINE('',#16718,#4052);
#2839=LINE('',#16724,#4053);
#2840=LINE('',#16730,#4054);
#2841=LINE('',#16733,#4055);
#2842=LINE('',#16736,#4056);
#2843=LINE('',#16738,#4057);
#2844=LINE('',#16739,#4058);
#2845=LINE('',#16747,#4059);
#2846=LINE('',#16751,#4060);
#2847=LINE('',#16753,#4061);
#2848=LINE('',#16754,#4062);
#2849=LINE('',#16759,#4063);
#2850=LINE('',#16763,#4064);
#2851=LINE('',#16765,#4065);
#2852=LINE('',#16766,#4066);
#2853=LINE('',#16768,#4067);
#2854=LINE('',#16772,#4068);
#2855=LINE('',#16776,#4069);
#2856=LINE('',#16781,#4070);
#2857=LINE('',#16787,#4071);
#2858=LINE('',#16790,#4072);
#2859=LINE('',#16793,#4073);
#2860=LINE('',#16795,#4074);
#2861=LINE('',#16796,#4075);
#2862=LINE('',#16799,#4076);
#2863=LINE('',#16803,#4077);
#2864=LINE('',#16807,#4078);
#2865=LINE('',#16811,#4079);
#2866=LINE('',#16813,#4080);
#2867=LINE('',#16815,#4081);
#2868=LINE('',#16817,#4082);
#2869=LINE('',#16819,#4083);
#2870=LINE('',#16821,#4084);
#2871=LINE('',#16823,#4085);
#2872=LINE('',#16825,#4086);
#2873=LINE('',#16827,#4087);
#2874=LINE('',#16829,#4088);
#2875=LINE('',#16831,#4089);
#2876=LINE('',#16833,#4090);
#2877=LINE('',#16835,#4091);
#2878=LINE('',#16837,#4092);
#2879=LINE('',#16839,#4093);
#2880=LINE('',#16841,#4094);
#2881=LINE('',#16843,#4095);
#2882=LINE('',#16845,#4096);
#2883=LINE('',#16847,#4097);
#2884=LINE('',#16848,#4098);
#2885=LINE('',#16853,#4099);
#2886=LINE('',#16854,#4100);
#2887=LINE('',#16857,#4101);
#2888=LINE('',#16858,#4102);
#2889=LINE('',#16863,#4103);
#2890=LINE('',#16864,#4104);
#2891=LINE('',#16867,#4105);
#2892=LINE('',#16868,#4106);
#2893=LINE('',#16872,#4107);
#2894=LINE('',#16874,#4108);
#2895=LINE('',#16876,#4109);
#2896=LINE('',#16878,#4110);
#2897=LINE('',#16880,#4111);
#2898=LINE('',#16886,#4112);
#2899=LINE('',#16892,#4113);
#2900=LINE('',#16895,#4114);
#2901=LINE('',#16898,#4115);
#2902=LINE('',#16900,#4116);
#2903=LINE('',#16901,#4117);
#2904=LINE('',#16906,#4118);
#2905=LINE('',#16909,#4119);
#2906=LINE('',#16910,#4120);
#2907=LINE('',#16915,#4121);
#2908=LINE('',#16919,#4122);
#2909=LINE('',#16921,#4123);
#2910=LINE('',#16922,#4124);
#2911=LINE('',#16928,#4125);
#2912=LINE('',#16934,#4126);
#2913=LINE('',#16939,#4127);
#2914=LINE('',#16943,#4128);
#2915=LINE('',#16945,#4129);
#2916=LINE('',#16946,#4130);
#2917=LINE('',#16951,#4131);
#2918=LINE('',#16955,#4132);
#2919=LINE('',#16957,#4133);
#2920=LINE('',#16958,#4134);
#2921=LINE('',#16964,#4135);
#2922=LINE('',#16969,#4136);
#2923=LINE('',#16973,#4137);
#2924=LINE('',#16975,#4138);
#2925=LINE('',#16976,#4139);
#2926=LINE('',#16982,#4140);
#2927=LINE('',#16987,#4141);
#2928=LINE('',#16990,#4142);
#2929=LINE('',#16991,#4143);
#2930=LINE('',#17002,#4144);
#2931=LINE('',#17005,#4145);
#2932=LINE('',#17006,#4146);
#2933=LINE('',#17011,#4147);
#2934=LINE('',#17014,#4148);
#2935=LINE('',#17015,#4149);
#2936=LINE('',#17026,#4150);
#2937=LINE('',#17029,#4151);
#2938=LINE('',#17030,#4152);
#2939=LINE('',#17033,#4153);
#2940=LINE('',#17036,#4154);
#2941=LINE('',#17039,#4155);
#2942=LINE('',#17045,#4156);
#2943=LINE('',#17046,#4157);
#2944=LINE('',#17049,#4158);
#2945=LINE('',#17052,#4159);
#2946=LINE('',#17055,#4160);
#2947=LINE('',#17061,#4161);
#2948=LINE('',#17062,#4162);
#2949=LINE('',#17065,#4163);
#2950=LINE('',#17066,#4164);
#2951=LINE('',#17069,#4165);
#2952=LINE('',#17071,#4166);
#2953=LINE('',#17073,#4167);
#2954=LINE('',#17075,#4168);
#2955=LINE('',#17077,#4169);
#2956=LINE('',#17078,#4170);
#2957=LINE('',#17080,#4171);
#2958=LINE('',#17082,#4172);
#2959=LINE('',#17083,#4173);
#2960=LINE('',#17085,#4174);
#2961=LINE('',#17086,#4175);
#2962=LINE('',#17089,#4176);
#2963=LINE('',#17090,#4177);
#2964=LINE('',#17092,#4178);
#2965=LINE('',#17094,#4179);
#2966=LINE('',#17095,#4180);
#2967=LINE('',#17097,#4181);
#2968=LINE('',#17099,#4182);
#2969=LINE('',#17101,#4183);
#2970=LINE('',#17103,#4184);
#2971=LINE('',#17105,#4185);
#2972=LINE('',#17106,#4186);
#2973=LINE('',#17108,#4187);
#2974=LINE('',#17110,#4188);
#2975=LINE('',#17111,#4189);
#2976=LINE('',#17113,#4190);
#2977=LINE('',#17114,#4191);
#2978=LINE('',#17122,#4192);
#2979=LINE('',#17123,#4193);
#2980=LINE('',#17129,#4194);
#2981=LINE('',#17131,#4195);
#2982=LINE('',#17133,#4196);
#2983=LINE('',#17134,#4197);
#2984=LINE('',#17138,#4198);
#2985=LINE('',#17140,#4199);
#2986=LINE('',#17142,#4200);
#2987=LINE('',#17143,#4201);
#2988=LINE('',#17147,#4202);
#2989=LINE('',#17149,#4203);
#2990=LINE('',#17151,#4204);
#2991=LINE('',#17152,#4205);
#2992=LINE('',#17154,#4206);
#2993=LINE('',#17155,#4207);
#2994=LINE('',#17158,#4208);
#2995=LINE('',#17160,#4209);
#2996=LINE('',#17161,#4210);
#2997=LINE('',#17164,#4211);
#2998=LINE('',#17166,#4212);
#2999=LINE('',#17167,#4213);
#3000=LINE('',#17169,#4214);
#3001=LINE('',#17170,#4215);
#3002=LINE('',#17172,#4216);
#3003=LINE('',#17174,#4217);
#3004=LINE('',#17175,#4218);
#3005=LINE('',#17181,#4219);
#3006=LINE('',#17184,#4220);
#3007=LINE('',#17186,#4221);
#3008=LINE('',#17188,#4222);
#3009=LINE('',#17190,#4223);
#3010=LINE('',#17192,#4224);
#3011=LINE('',#17196,#4225);
#3012=LINE('',#17198,#4226);
#3013=LINE('',#17199,#4227);
#3014=LINE('',#17202,#4228);
#3015=LINE('',#17204,#4229);
#3016=LINE('',#17206,#4230);
#3017=LINE('',#17208,#4231);
#3018=LINE('',#17210,#4232);
#3019=LINE('',#17212,#4233);
#3020=LINE('',#17216,#4234);
#3021=LINE('',#17218,#4235);
#3022=LINE('',#17220,#4236);
#3023=LINE('',#17222,#4237);
#3024=LINE('',#17224,#4238);
#3025=LINE('',#17228,#4239);
#3026=LINE('',#17230,#4240);
#3027=LINE('',#17232,#4241);
#3028=LINE('',#17234,#4242);
#3029=LINE('',#17236,#4243);
#3030=LINE('',#17238,#4244);
#3031=LINE('',#17240,#4245);
#3032=LINE('',#17241,#4246);
#3033=LINE('',#17249,#4247);
#3034=LINE('',#17250,#4248);
#3035=LINE('',#17252,#4249);
#3036=LINE('',#17254,#4250);
#3037=LINE('',#17256,#4251);
#3038=LINE('',#17259,#4252);
#3039=LINE('',#17263,#4253);
#3040=LINE('',#17265,#4254);
#3041=LINE('',#17267,#4255);
#3042=LINE('',#17269,#4256);
#3043=LINE('',#17271,#4257);
#3044=LINE('',#17273,#4258);
#3045=LINE('',#17275,#4259);
#3046=LINE('',#17277,#4260);
#3047=LINE('',#17279,#4261);
#3048=LINE('',#17281,#4262);
#3049=LINE('',#17283,#4263);
#3050=LINE('',#17285,#4264);
#3051=LINE('',#17287,#4265);
#3052=LINE('',#17289,#4266);
#3053=LINE('',#17291,#4267);
#3054=LINE('',#17293,#4268);
#3055=LINE('',#17295,#4269);
#3056=LINE('',#17297,#4270);
#3057=LINE('',#17302,#4271);
#3058=LINE('',#17304,#4272);
#3059=LINE('',#17306,#4273);
#3060=LINE('',#17307,#4274);
#3061=LINE('',#17310,#4275);
#3062=LINE('',#17312,#4276);
#3063=LINE('',#17313,#4277);
#3064=LINE('',#17316,#4278);
#3065=LINE('',#17318,#4279);
#3066=LINE('',#17319,#4280);
#3067=LINE('',#17322,#4281);
#3068=LINE('',#17324,#4282);
#3069=LINE('',#17325,#4283);
#3070=LINE('',#17328,#4284);
#3071=LINE('',#17330,#4285);
#3072=LINE('',#17331,#4286);
#3073=LINE('',#17334,#4287);
#3074=LINE('',#17336,#4288);
#3075=LINE('',#17337,#4289);
#3076=LINE('',#17340,#4290);
#3077=LINE('',#17342,#4291);
#3078=LINE('',#17343,#4292);
#3079=LINE('',#17346,#4293);
#3080=LINE('',#17348,#4294);
#3081=LINE('',#17349,#4295);
#3082=LINE('',#17352,#4296);
#3083=LINE('',#17354,#4297);
#3084=LINE('',#17355,#4298);
#3085=LINE('',#17358,#4299);
#3086=LINE('',#17360,#4300);
#3087=LINE('',#17361,#4301);
#3088=LINE('',#17364,#4302);
#3089=LINE('',#17366,#4303);
#3090=LINE('',#17367,#4304);
#3091=LINE('',#17372,#4305);
#3092=LINE('',#17376,#4306);
#3093=LINE('',#17378,#4307);
#3094=LINE('',#17379,#4308);
#3095=LINE('',#17414,#4309);
#3096=LINE('',#17415,#4310);
#3097=LINE('',#17424,#4311);
#3098=LINE('',#17425,#4312);
#3099=LINE('',#17434,#4313);
#3100=LINE('',#17435,#4314);
#3101=LINE('',#17444,#4315);
#3102=LINE('',#17445,#4316);
#3103=LINE('',#17447,#4317);
#3104=LINE('',#17448,#4318);
#3105=LINE('',#17457,#4319);
#3106=LINE('',#17458,#4320);
#3107=LINE('',#17460,#4321);
#3108=LINE('',#17461,#4322);
#3109=LINE('',#17463,#4323);
#3110=LINE('',#17464,#4324);
#3111=LINE('',#17466,#4325);
#3112=LINE('',#17467,#4326);
#3113=LINE('',#17469,#4327);
#3114=LINE('',#17470,#4328);
#3115=LINE('',#17472,#4329);
#3116=LINE('',#17473,#4330);
#3117=LINE('',#17475,#4331);
#3118=LINE('',#17476,#4332);
#3119=VECTOR('',#11593,1.);
#3120=VECTOR('',#11594,1.);
#3121=VECTOR('',#11595,1.);
#3122=VECTOR('',#11596,1.);
#3123=VECTOR('',#11597,1.);
#3124=VECTOR('',#11598,1.);
#3125=VECTOR('',#11599,1.);
#3126=VECTOR('',#11600,1.00000000000041);
#3127=VECTOR('',#11601,1.);
#3128=VECTOR('',#11602,1.);
#3129=VECTOR('',#11603,1.);
#3130=VECTOR('',#11604,1.);
#3131=VECTOR('',#11607,1.);
#3132=VECTOR('',#11608,1.);
#3133=VECTOR('',#11609,1.);
#3134=VECTOR('',#11610,1.);
#3135=VECTOR('',#11611,1.);
#3136=VECTOR('',#11612,1.);
#3137=VECTOR('',#11613,1.);
#3138=VECTOR('',#11614,1.);
#3139=VECTOR('',#11615,1.);
#3140=VECTOR('',#11616,1.);
#3141=VECTOR('',#11617,1.);
#3142=VECTOR('',#11618,1.);
#3143=VECTOR('',#11619,1.);
#3144=VECTOR('',#11620,1.);
#3145=VECTOR('',#11621,1.);
#3146=VECTOR('',#11622,1.);
#3147=VECTOR('',#11623,1.);
#3148=VECTOR('',#11624,1.);
#3149=VECTOR('',#11625,1.);
#3150=VECTOR('',#11626,1.);
#3151=VECTOR('',#11627,1.);
#3152=VECTOR('',#11628,1.);
#3153=VECTOR('',#11629,1.);
#3154=VECTOR('',#11630,1.);
#3155=VECTOR('',#11631,1.);
#3156=VECTOR('',#11634,1.);
#3157=VECTOR('',#11635,1.);
#3158=VECTOR('',#11638,1.);
#3159=VECTOR('',#11639,1.);
#3160=VECTOR('',#11642,1.);
#3161=VECTOR('',#11643,1.);
#3162=VECTOR('',#11646,1.);
#3163=VECTOR('',#11647,1.);
#3164=VECTOR('',#11650,1.);
#3165=VECTOR('',#11651,1.);
#3166=VECTOR('',#11652,1.);
#3167=VECTOR('',#11653,1.);
#3168=VECTOR('',#11654,1.);
#3169=VECTOR('',#11655,1.);
#3170=VECTOR('',#11656,1.);
#3171=VECTOR('',#11657,1.);
#3172=VECTOR('',#11658,1.);
#3173=VECTOR('',#11659,1.);
#3174=VECTOR('',#11660,1.);
#3175=VECTOR('',#11661,1.);
#3176=VECTOR('',#11662,1.);
#3177=VECTOR('',#11663,1.);
#3178=VECTOR('',#11664,1.);
#3179=VECTOR('',#11665,1.);
#3180=VECTOR('',#11666,1.);
#3181=VECTOR('',#11667,1.);
#3182=VECTOR('',#11668,1.);
#3183=VECTOR('',#11671,1.);
#3184=VECTOR('',#11672,1.);
#3185=VECTOR('',#11673,1.);
#3186=VECTOR('',#11674,1.);
#3187=VECTOR('',#11675,1.);
#3188=VECTOR('',#11676,1.);
#3189=VECTOR('',#11679,1.);
#3190=VECTOR('',#11680,1.00000000000041);
#3191=VECTOR('',#11683,1.);
#3192=VECTOR('',#11684,1.);
#3193=VECTOR('',#11687,1.);
#3194=VECTOR('',#11688,1.);
#3195=VECTOR('',#11691,1.);
#3196=VECTOR('',#11692,1.);
#3197=VECTOR('',#11695,1.);
#3198=VECTOR('',#11696,1.);
#3199=VECTOR('',#11697,1.);
#3200=VECTOR('',#11698,1.);
#3201=VECTOR('',#11699,1.);
#3202=VECTOR('',#11700,1.);
#3203=VECTOR('',#11701,1.);
#3204=VECTOR('',#11702,1.);
#3205=VECTOR('',#11703,1.);
#3206=VECTOR('',#11704,1.);
#3207=VECTOR('',#11705,1.);
#3208=VECTOR('',#11706,1.);
#3209=VECTOR('',#11707,1.);
#3210=VECTOR('',#11708,1.);
#3211=VECTOR('',#11709,1.);
#3212=VECTOR('',#11710,1.);
#3213=VECTOR('',#11713,1.);
#3214=VECTOR('',#11714,1.);
#3215=VECTOR('',#11715,1.);
#3216=VECTOR('',#11716,1.00000000000041);
#3217=VECTOR('',#11717,1.);
#3218=VECTOR('',#11718,1.);
#3219=VECTOR('',#11719,1.);
#3220=VECTOR('',#11720,1.);
#3221=VECTOR('',#11723,1.);
#3222=VECTOR('',#11724,1.);
#3223=VECTOR('',#11727,1.);
#3224=VECTOR('',#11728,1.);
#3225=VECTOR('',#11729,1.);
#3226=VECTOR('',#11732,1.);
#3227=VECTOR('',#11733,1.);
#3228=VECTOR('',#11736,1.);
#3229=VECTOR('',#11737,1.);
#3230=VECTOR('',#11738,1.);
#3231=VECTOR('',#11741,1.);
#3232=VECTOR('',#11742,1.);
#3233=VECTOR('',#11745,1.);
#3234=VECTOR('',#11746,1.);
#3235=VECTOR('',#11747,1.);
#3236=VECTOR('',#11748,1.);
#3237=VECTOR('',#11751,1.);
#3238=VECTOR('',#11752,1.);
#3239=VECTOR('',#11755,1.);
#3240=VECTOR('',#11756,1.);
#3241=VECTOR('',#11757,1.);
#3242=VECTOR('',#11760,1.);
#3243=VECTOR('',#11761,1.);
#3244=VECTOR('',#11762,1.);
#3245=VECTOR('',#11763,1.);
#3246=VECTOR('',#11766,1.);
#3247=VECTOR('',#11767,1.);
#3248=VECTOR('',#11770,1.);
#3249=VECTOR('',#11771,1.);
#3250=VECTOR('',#11772,1.);
#3251=VECTOR('',#11775,1.);
#3252=VECTOR('',#11776,1.);
#3253=VECTOR('',#11777,1.);
#3254=VECTOR('',#11778,1.);
#3255=VECTOR('',#11781,1.);
#3256=VECTOR('',#11782,1.);
#3257=VECTOR('',#11785,1.);
#3258=VECTOR('',#11786,1.);
#3259=VECTOR('',#11787,1.);
#3260=VECTOR('',#11790,1.);
#3261=VECTOR('',#11791,1.);
#3262=VECTOR('',#11792,1.);
#3263=VECTOR('',#11793,1.);
#3264=VECTOR('',#11796,1.);
#3265=VECTOR('',#11797,1.);
#3266=VECTOR('',#11800,1.);
#3267=VECTOR('',#11801,1.);
#3268=VECTOR('',#11802,1.);
#3269=VECTOR('',#11805,1.);
#3270=VECTOR('',#11806,1.);
#3271=VECTOR('',#11809,1.);
#3272=VECTOR('',#11812,1.);
#3273=VECTOR('',#11813,1.);
#3274=VECTOR('',#11816,1.);
#3275=VECTOR('',#11817,1.);
#3276=VECTOR('',#11820,1.);
#3277=VECTOR('',#11821,1.);
#3278=VECTOR('',#11822,1.);
#3279=VECTOR('',#11823,1.);
#3280=VECTOR('',#11824,1.);
#3281=VECTOR('',#11825,1.);
#3282=VECTOR('',#11828,1.);
#3283=VECTOR('',#11829,1.);
#3284=VECTOR('',#11832,1.);
#3285=VECTOR('',#11833,1.);
#3286=VECTOR('',#11836,1.);
#3287=VECTOR('',#11839,1.);
#3288=VECTOR('',#11840,1.);
#3289=VECTOR('',#11843,1.);
#3290=VECTOR('',#11844,1.);
#3291=VECTOR('',#11845,1.);
#3292=VECTOR('',#11846,1.);
#3293=VECTOR('',#11847,1.);
#3294=VECTOR('',#11850,1.);
#3295=VECTOR('',#11851,1.);
#3296=VECTOR('',#11854,1.);
#3297=VECTOR('',#11855,1.);
#3298=VECTOR('',#11858,1.);
#3299=VECTOR('',#11861,1.);
#3300=VECTOR('',#11864,1.00000000000041);
#3301=VECTOR('',#11865,1.);
#3302=VECTOR('',#11866,1.);
#3303=VECTOR('',#11867,1.);
#3304=VECTOR('',#11870,1.);
#3305=VECTOR('',#11875,1.);
#3306=VECTOR('',#11878,1.);
#3307=VECTOR('',#11881,1.);
#3308=VECTOR('',#11884,1.);
#3309=VECTOR('',#11887,1.);
#3310=VECTOR('',#11890,1.);
#3311=VECTOR('',#11891,1.);
#3312=VECTOR('',#11894,1.);
#3313=VECTOR('',#11897,1.);
#3314=VECTOR('',#11902,1.);
#3315=VECTOR('',#11909,1.);
#3316=VECTOR('',#11914,1.);
#3317=VECTOR('',#11919,1.);
#3318=VECTOR('',#11924,1.);
#3319=VECTOR('',#11931,1.);
#3320=VECTOR('',#11932,1.);
#3321=VECTOR('',#11933,1.);
#3322=VECTOR('',#11934,1.);
#3323=VECTOR('',#11935,1.);
#3324=VECTOR('',#11936,1.);
#3325=VECTOR('',#11937,1.);
#3326=VECTOR('',#11938,1.);
#3327=VECTOR('',#11939,1.);
#3328=VECTOR('',#11940,1.);
#3329=VECTOR('',#11941,1.);
#3330=VECTOR('',#11942,1.);
#3331=VECTOR('',#11943,1.);
#3332=VECTOR('',#11944,1.);
#3333=VECTOR('',#11945,1.);
#3334=VECTOR('',#11946,1.);
#3335=VECTOR('',#11951,1.00000000000015);
#3336=VECTOR('',#11952,1.);
#3337=VECTOR('',#11953,1.00000000000015);
#3338=VECTOR('',#11956,1.);
#3339=VECTOR('',#11957,1.);
#3340=VECTOR('',#11960,1.);
#3341=VECTOR('',#11961,1.);
#3342=VECTOR('',#11964,1.);
#3343=VECTOR('',#11967,1.);
#3344=VECTOR('',#11968,1.);
#3345=VECTOR('',#11969,1.00000000000015);
#3346=VECTOR('',#11972,1.00000000000015);
#3347=VECTOR('',#11973,1.);
#3348=VECTOR('',#11976,1.);
#3349=VECTOR('',#11977,1.);
#3350=VECTOR('',#11980,1.);
#3351=VECTOR('',#11983,1.);
#3352=VECTOR('',#11984,1.);
#3353=VECTOR('',#11985,1.00000000000015);
#3354=VECTOR('',#11988,1.00000000000015);
#3355=VECTOR('',#11989,1.);
#3356=VECTOR('',#11992,1.);
#3357=VECTOR('',#11993,1.);
#3358=VECTOR('',#11996,1.);
#3359=VECTOR('',#11999,1.);
#3360=VECTOR('',#12000,1.);
#3361=VECTOR('',#12001,1.00000000000015);
#3362=VECTOR('',#12004,1.00000000000015);
#3363=VECTOR('',#12005,1.);
#3364=VECTOR('',#12008,1.);
#3365=VECTOR('',#12009,1.);
#3366=VECTOR('',#12012,1.);
#3367=VECTOR('',#12029,1.);
#3368=VECTOR('',#12032,1.);
#3369=VECTOR('',#12035,1.);
#3370=VECTOR('',#12038,1.);
#3371=VECTOR('',#12043,1.);
#3372=VECTOR('',#12044,1.);
#3373=VECTOR('',#12045,1.);
#3374=VECTOR('',#12048,1.);
#3375=VECTOR('',#12055,1.);
#3376=VECTOR('',#12058,1.);
#3377=VECTOR('',#12059,1.);
#3378=VECTOR('',#12062,1.);
#3379=VECTOR('',#12063,1.);
#3380=VECTOR('',#12066,1.);
#3381=VECTOR('',#12073,1.);
#3382=VECTOR('',#12076,1.);
#3383=VECTOR('',#12081,1.);
#3384=VECTOR('',#12084,1.);
#3385=VECTOR('',#12087,1.);
#3386=VECTOR('',#12090,1.);
#3387=VECTOR('',#12093,1.);
#3388=VECTOR('',#12096,1.);
#3389=VECTOR('',#12099,1.);
#3390=VECTOR('',#12100,1.);
#3391=VECTOR('',#12103,1.);
#3392=VECTOR('',#12108,1.);
#3393=VECTOR('',#12109,1.);
#3394=VECTOR('',#12112,1.);
#3395=VECTOR('',#12117,1.);
#3396=VECTOR('',#12118,1.);
#3397=VECTOR('',#12121,1.);
#3398=VECTOR('',#12126,1.);
#3399=VECTOR('',#12129,1.);
#3400=VECTOR('',#12132,1.);
#3401=VECTOR('',#12135,1.);
#3402=VECTOR('',#12138,1.);
#3403=VECTOR('',#12143,1.);
#3404=VECTOR('',#12144,1.);
#3405=VECTOR('',#12145,1.);
#3406=VECTOR('',#12148,1.);
#3407=VECTOR('',#12155,1.);
#3408=VECTOR('',#12158,1.);
#3409=VECTOR('',#12159,1.);
#3410=VECTOR('',#12162,1.);
#3411=VECTOR('',#12163,1.);
#3412=VECTOR('',#12166,1.);
#3413=VECTOR('',#12173,1.);
#3414=VECTOR('',#12176,1.);
#3415=VECTOR('',#12187,1.);
#3416=VECTOR('',#12188,10.);
#3417=VECTOR('',#12189,1.);
#3418=VECTOR('',#12190,10.);
#3419=VECTOR('',#12193,1.00000000000064);
#3420=VECTOR('',#12194,1.);
#3421=VECTOR('',#12195,1.00000000000064);
#3422=VECTOR('',#12196,1.);
#3423=VECTOR('',#12197,1.00000000000064);
#3424=VECTOR('',#12198,1.);
#3425=VECTOR('',#12199,1.00000000000064);
#3426=VECTOR('',#12202,1.00000000000064);
#3427=VECTOR('',#12203,10.);
#3428=VECTOR('',#12206,10.);
#3429=VECTOR('',#12207,1.);
#3430=VECTOR('',#12208,10.);
#3431=VECTOR('',#12211,10.);
#3432=VECTOR('',#12212,1.00000000000064);
#3433=VECTOR('',#12215,10.);
#3434=VECTOR('',#12216,1.);
#3435=VECTOR('',#12217,1.);
#3436=VECTOR('',#12218,1.);
#3437=VECTOR('',#12219,1.);
#3438=VECTOR('',#12220,1.);
#3439=VECTOR('',#12221,1.);
#3440=VECTOR('',#12222,1.);
#3441=VECTOR('',#12225,1.);
#3442=VECTOR('',#12226,1.);
#3443=VECTOR('',#12227,1.);
#3444=VECTOR('',#12228,1.);
#3445=VECTOR('',#12229,1.);
#3446=VECTOR('',#12230,1.);
#3447=VECTOR('',#12231,1.);
#3448=VECTOR('',#12232,10.);
#3449=VECTOR('',#12235,10.);
#3450=VECTOR('',#12236,1.00000000000064);
#3451=VECTOR('',#12239,1.00000000000064);
#3452=VECTOR('',#12240,10.);
#3453=VECTOR('',#12243,1.);
#3454=VECTOR('',#12246,1.00000000000064);
#3455=VECTOR('',#12247,10.);
#3456=VECTOR('',#12250,1.00000000000064);
#3457=VECTOR('',#12251,1.);
#3458=VECTOR('',#12252,1.);
#3459=VECTOR('',#12253,1.);
#3460=VECTOR('',#12254,1.00000000000064);
#3461=VECTOR('',#12255,1.);
#3462=VECTOR('',#12256,1.00000000000064);
#3463=VECTOR('',#12257,1.);
#3464=VECTOR('',#12258,1.);
#3465=VECTOR('',#12259,1.);
#3466=VECTOR('',#12262,10.);
#3467=VECTOR('',#12265,10.);
#3468=VECTOR('',#12266,1.);
#3469=VECTOR('',#12267,1.);
#3470=VECTOR('',#12270,1.);
#3471=VECTOR('',#12271,1.);
#3472=VECTOR('',#12272,1.);
#3473=VECTOR('',#12275,1.);
#3474=VECTOR('',#12276,1.);
#3475=VECTOR('',#12277,1.);
#3476=VECTOR('',#12280,1.);
#3477=VECTOR('',#12281,1.);
#3478=VECTOR('',#12282,1.);
#3479=VECTOR('',#12285,1.);
#3480=VECTOR('',#12286,1.);
#3481=VECTOR('',#12287,1.);
#3482=VECTOR('',#12290,1.);
#3483=VECTOR('',#12291,1.);
#3484=VECTOR('',#12292,1.);
#3485=VECTOR('',#12295,1.);
#3486=VECTOR('',#12298,1.);
#3487=VECTOR('',#12301,1.);
#3488=VECTOR('',#12302,1.);
#3489=VECTOR('',#12303,1.);
#3490=VECTOR('',#12306,1.);
#3491=VECTOR('',#12307,1.);
#3492=VECTOR('',#12308,1.);
#3493=VECTOR('',#12311,1.);
#3494=VECTOR('',#12312,1.);
#3495=VECTOR('',#12313,1.);
#3496=VECTOR('',#12316,1.);
#3497=VECTOR('',#12317,1.);
#3498=VECTOR('',#12318,1.);
#3499=VECTOR('',#12321,1.);
#3500=VECTOR('',#12322,1.);
#3501=VECTOR('',#12323,1.);
#3502=VECTOR('',#12326,1.);
#3503=VECTOR('',#12327,1.);
#3504=VECTOR('',#12328,10.);
#3505=VECTOR('',#12331,10.);
#3506=VECTOR('',#12332,1.00000000000064);
#3507=VECTOR('',#12335,1.00000000000064);
#3508=VECTOR('',#12336,10.);
#3509=VECTOR('',#12339,1.);
#3510=VECTOR('',#12342,1.);
#3511=VECTOR('',#12343,1.);
#3512=VECTOR('',#12344,1.);
#3513=VECTOR('',#12345,1.);
#3514=VECTOR('',#12346,1.);
#3515=VECTOR('',#12349,1.);
#3516=VECTOR('',#12350,10.);
#3517=VECTOR('',#12351,1.);
#3518=VECTOR('',#12352,10.);
#3519=VECTOR('',#12353,1.);
#3520=VECTOR('',#12354,1.);
#3521=VECTOR('',#12355,1.);
#3522=VECTOR('',#12356,1.);
#3523=VECTOR('',#12359,1.00000000000064);
#3524=VECTOR('',#12360,10.);
#3525=VECTOR('',#12363,1.);
#3526=VECTOR('',#12364,10.);
#3527=VECTOR('',#12367,1.00000000000064);
#3528=VECTOR('',#12368,10.);
#3529=VECTOR('',#12371,1.);
#3530=VECTOR('',#12372,10.);
#3531=VECTOR('',#12373,1.);
#3532=VECTOR('',#12374,1.);
#3533=VECTOR('',#12375,1.);
#3534=VECTOR('',#12376,1.);
#3535=VECTOR('',#12377,1.);
#3536=VECTOR('',#12378,1.);
#3537=VECTOR('',#12381,1.);
#3538=VECTOR('',#12382,1.);
#3539=VECTOR('',#12383,1.);
#3540=VECTOR('',#12384,1.);
#3541=VECTOR('',#12387,1.);
#3542=VECTOR('',#12388,1.00000000000064);
#3543=VECTOR('',#12389,1.);
#3544=VECTOR('',#12390,1.00000000000064);
#3545=VECTOR('',#12391,1.);
#3546=VECTOR('',#12394,1.);
#3547=VECTOR('',#12397,1.00000000000016);
#3548=VECTOR('',#12400,1.);
#3549=VECTOR('',#12401,1.);
#3550=VECTOR('',#12402,1.);
#3551=VECTOR('',#12405,1.00000000000016);
#3552=VECTOR('',#12410,1.);
#3553=VECTOR('',#12415,1.00000000000016);
#3554=VECTOR('',#12418,1.);
#3555=VECTOR('',#12419,1.);
#3556=VECTOR('',#12420,1.);
#3557=VECTOR('',#12423,1.00000000000016);
#3558=VECTOR('',#12426,1.);
#3559=VECTOR('',#12429,1.);
#3560=VECTOR('',#12430,1.);
#3561=VECTOR('',#12433,1.);
#3562=VECTOR('',#12436,1.00000000000016);
#3563=VECTOR('',#12439,1.);
#3564=VECTOR('',#12440,1.);
#3565=VECTOR('',#12441,1.);
#3566=VECTOR('',#12444,1.00000000000016);
#3567=VECTOR('',#12449,1.);
#3568=VECTOR('',#12454,1.00000000000016);
#3569=VECTOR('',#12457,1.);
#3570=VECTOR('',#12458,1.);
#3571=VECTOR('',#12459,1.);
#3572=VECTOR('',#12462,1.00000000000016);
#3573=VECTOR('',#12465,1.);
#3574=VECTOR('',#12468,1.);
#3575=VECTOR('',#12473,1.00000000000016);
#3576=VECTOR('',#12476,1.);
#3577=VECTOR('',#12477,1.);
#3578=VECTOR('',#12478,1.);
#3579=VECTOR('',#12481,1.00000000000016);
#3580=VECTOR('',#12486,1.);
#3581=VECTOR('',#12491,1.00000000000016);
#3582=VECTOR('',#12494,1.);
#3583=VECTOR('',#12495,1.);
#3584=VECTOR('',#12496,1.);
#3585=VECTOR('',#12499,1.00000000000016);
#3586=VECTOR('',#12506,1.00000000000016);
#3587=VECTOR('',#12509,1.);
#3588=VECTOR('',#12510,1.);
#3589=VECTOR('',#12511,1.);
#3590=VECTOR('',#12514,1.00000000000016);
#3591=VECTOR('',#12519,1.);
#3592=VECTOR('',#12524,1.00000000000016);
#3593=VECTOR('',#12527,1.);
#3594=VECTOR('',#12528,1.);
#3595=VECTOR('',#12529,1.);
#3596=VECTOR('',#12532,1.00000000000016);
#3597=VECTOR('',#12537,1.);
#3598=VECTOR('',#12540,1.);
#3599=VECTOR('',#12543,1.00000000000016);
#3600=VECTOR('',#12546,1.);
#3601=VECTOR('',#12547,1.);
#3602=VECTOR('',#12548,1.);
#3603=VECTOR('',#12551,1.00000000000016);
#3604=VECTOR('',#12556,1.);
#3605=VECTOR('',#12561,1.00000000000016);
#3606=VECTOR('',#12564,1.);
#3607=VECTOR('',#12565,1.);
#3608=VECTOR('',#12566,1.);
#3609=VECTOR('',#12569,1.00000000000016);
#3610=VECTOR('',#12572,1.);
#3611=VECTOR('',#12575,1.);
#3612=VECTOR('',#12576,1.);
#3613=VECTOR('',#12579,1.);
#3614=VECTOR('',#12582,1.00000000000016);
#3615=VECTOR('',#12585,1.);
#3616=VECTOR('',#12586,1.);
#3617=VECTOR('',#12587,1.);
#3618=VECTOR('',#12590,1.00000000000016);
#3619=VECTOR('',#12595,1.);
#3620=VECTOR('',#12600,1.00000000000016);
#3621=VECTOR('',#12603,1.);
#3622=VECTOR('',#12604,1.);
#3623=VECTOR('',#12605,1.);
#3624=VECTOR('',#12608,1.00000000000016);
#3625=VECTOR('',#12611,1.);
#3626=VECTOR('',#12614,1.);
#3627=VECTOR('',#12617,1.);
#3628=VECTOR('',#12620,1.);
#3629=VECTOR('',#12623,1.00000000000064);
#3630=VECTOR('',#12624,1.);
#3631=VECTOR('',#12625,1.00000000000064);
#3632=VECTOR('',#12630,10.);
#3633=VECTOR('',#12633,1.);
#3634=VECTOR('',#12636,1.);
#3635=VECTOR('',#12639,10.);
#3636=VECTOR('',#12642,1.);
#3637=VECTOR('',#12647,1.);
#3638=VECTOR('',#12650,1.);
#3639=VECTOR('',#12653,1.);
#3640=VECTOR('',#12656,1.);
#3641=VECTOR('',#12659,1.);
#3642=VECTOR('',#12662,1.);
#3643=VECTOR('',#12665,1.);
#3644=VECTOR('',#12670,1.);
#3645=VECTOR('',#12673,1.);
#3646=VECTOR('',#12676,1.);
#3647=VECTOR('',#12679,1.);
#3648=VECTOR('',#12682,1.);
#3649=VECTOR('',#12685,1.);
#3650=VECTOR('',#12688,1.);
#3651=VECTOR('',#12693,1.);
#3652=VECTOR('',#12696,1.);
#3653=VECTOR('',#12699,1.);
#3654=VECTOR('',#12702,1.);
#3655=VECTOR('',#12705,1.);
#3656=VECTOR('',#12708,1.);
#3657=VECTOR('',#12713,1.);
#3658=VECTOR('',#12716,1.);
#3659=VECTOR('',#12719,1.);
#3660=VECTOR('',#12722,1.);
#3661=VECTOR('',#12725,1.);
#3662=VECTOR('',#12728,1.);
#3663=VECTOR('',#12733,1.);
#3664=VECTOR('',#12736,1.);
#3665=VECTOR('',#12739,1.);
#3666=VECTOR('',#12742,1.);
#3667=VECTOR('',#12745,1.);
#3668=VECTOR('',#12748,1.);
#3669=VECTOR('',#12751,1.);
#3670=VECTOR('',#12756,1.);
#3671=VECTOR('',#12759,1.);
#3672=VECTOR('',#12762,1.);
#3673=VECTOR('',#12765,1.);
#3674=VECTOR('',#12768,1.);
#3675=VECTOR('',#12771,1.);
#3676=VECTOR('',#12774,1.);
#3677=VECTOR('',#12789,1.);
#3678=VECTOR('',#12790,1.);
#3679=VECTOR('',#12791,1.);
#3680=VECTOR('',#12792,1.);
#3681=VECTOR('',#12793,1.);
#3682=VECTOR('',#12794,1.);
#3683=VECTOR('',#12797,1.);
#3684=VECTOR('',#12798,1.);
#3685=VECTOR('',#12799,1.);
#3686=VECTOR('',#12800,1.);
#3687=VECTOR('',#12801,1.);
#3688=VECTOR('',#12806,1.);
#3689=VECTOR('',#12811,1.);
#3690=VECTOR('',#12812,1.);
#3691=VECTOR('',#12815,1.);
#3692=VECTOR('',#12816,1.00000000000064);
#3693=VECTOR('',#12817,1.00000000000064);
#3694=VECTOR('',#12822,1.);
#3695=VECTOR('',#12823,1.);
#3696=VECTOR('',#12824,1.);
#3697=VECTOR('',#12825,1.);
#3698=VECTOR('',#12826,1.);
#3699=VECTOR('',#12833,1.);
#3700=VECTOR('',#12836,1.);
#3701=VECTOR('',#12837,1.);
#3702=VECTOR('',#12840,0.999999999999495);
#3703=VECTOR('',#12841,0.999999999999495);
#3704=VECTOR('',#12844,1.);
#3705=VECTOR('',#12845,1.00000000000051);
#3706=VECTOR('',#12848,1.);
#3707=VECTOR('',#12851,1.00000000000051);
#3708=VECTOR('',#12852,1.);
#3709=VECTOR('',#12857,1.);
#3710=VECTOR('',#12860,1.);
#3711=VECTOR('',#12861,1.);
#3712=VECTOR('',#12866,0.999999999999495);
#3713=VECTOR('',#12867,1.);
#3714=VECTOR('',#12874,0.999999999999495);
#3715=VECTOR('',#12877,1.);
#3716=VECTOR('',#12878,1.00000000000051);
#3717=VECTOR('',#12881,1.);
#3718=VECTOR('',#12884,1.00000000000051);
#3719=VECTOR('',#12885,1.);
#3720=VECTOR('',#12892,1.);
#3721=VECTOR('',#12895,1.);
#3722=VECTOR('',#12898,1.);
#3723=VECTOR('',#12901,1.);
#3724=VECTOR('',#12904,1.);
#3725=VECTOR('',#12907,1.);
#3726=VECTOR('',#12912,1.);
#3727=VECTOR('',#12915,1.);
#3728=VECTOR('',#12918,1.);
#3729=VECTOR('',#12925,0.9);
#3730=VECTOR('',#12928,0.475);
#3731=VECTOR('',#12939,1.);
#3732=VECTOR('',#12940,1.);
#3733=VECTOR('',#12941,1.);
#3734=VECTOR('',#12942,1.);
#3735=VECTOR('',#12945,1.);
#3736=VECTOR('',#12946,1.);
#3737=VECTOR('',#12947,1.);
#3738=VECTOR('',#12950,1.);
#3739=VECTOR('',#12951,1.);
#3740=VECTOR('',#12952,1.);
#3741=VECTOR('',#12955,1.);
#3742=VECTOR('',#12956,1.);
#3743=VECTOR('',#12965,1.);
#3744=VECTOR('',#12966,1.);
#3745=VECTOR('',#12967,1.);
#3746=VECTOR('',#12968,1.);
#3747=VECTOR('',#12971,1.);
#3748=VECTOR('',#12972,1.);
#3749=VECTOR('',#12973,1.);
#3750=VECTOR('',#12976,1.);
#3751=VECTOR('',#12977,1.);
#3752=VECTOR('',#12978,1.);
#3753=VECTOR('',#12981,1.);
#3754=VECTOR('',#12982,1.);
#3755=VECTOR('',#12983,1.);
#3756=VECTOR('',#12986,1.00000000000064);
#3757=VECTOR('',#12987,1.00000000000064);
#3758=VECTOR('',#12996,1.);
#3759=VECTOR('',#12997,1.);
#3760=VECTOR('',#12998,1.);
#3761=VECTOR('',#12999,1.);
#3762=VECTOR('',#13002,1.);
#3763=VECTOR('',#13003,1.);
#3764=VECTOR('',#13004,1.);
#3765=VECTOR('',#13007,1.);
#3766=VECTOR('',#13008,1.);
#3767=VECTOR('',#13009,1.);
#3768=VECTOR('',#13012,1.);
#3769=VECTOR('',#13013,1.);
#3770=VECTOR('',#13022,1.);
#3771=VECTOR('',#13023,1.);
#3772=VECTOR('',#13024,1.);
#3773=VECTOR('',#13025,1.);
#3774=VECTOR('',#13028,1.);
#3775=VECTOR('',#13029,1.);
#3776=VECTOR('',#13030,1.);
#3777=VECTOR('',#13033,1.);
#3778=VECTOR('',#13034,1.);
#3779=VECTOR('',#13035,1.);
#3780=VECTOR('',#13038,1.);
#3781=VECTOR('',#13039,1.);
#3782=VECTOR('',#13060,1.);
#3783=VECTOR('',#13061,1.);
#3784=VECTOR('',#13062,1.);
#3785=VECTOR('',#13063,1.);
#3786=VECTOR('',#13066,1.);
#3787=VECTOR('',#13067,1.00000000000064);
#3788=VECTOR('',#13068,1.00000000000064);
#3789=VECTOR('',#13073,1.);
#3790=VECTOR('',#13078,1.);
#3791=VECTOR('',#13079,1.00000000000064);
#3792=VECTOR('',#13080,1.);
#3793=VECTOR('',#13081,1.00000000000064);
#3794=VECTOR('',#13082,1.);
#3795=VECTOR('',#13083,1.00000000000064);
#3796=VECTOR('',#13084,1.);
#3797=VECTOR('',#13085,1.00000000000064);
#3798=VECTOR('',#13086,1.);
#3799=VECTOR('',#13087,1.00000000000064);
#3800=VECTOR('',#13088,1.);
#3801=VECTOR('',#13089,1.00000000000064);
#3802=VECTOR('',#13090,1.);
#3803=VECTOR('',#13093,1.);
#3804=VECTOR('',#13094,1.00000000000064);
#3805=VECTOR('',#13095,1.);
#3806=VECTOR('',#13100,1.);
#3807=VECTOR('',#13101,1.);
#3808=VECTOR('',#13108,1.);
#3809=VECTOR('',#13109,1.);
#3810=VECTOR('',#13116,1.);
#3811=VECTOR('',#13117,1.);
#3812=VECTOR('',#13124,1.);
#3813=VECTOR('',#13125,1.);
#3814=VECTOR('',#13134,1.);
#3815=VECTOR('',#13135,1.00000000000064);
#3816=VECTOR('',#13136,1.);
#3817=VECTOR('',#13139,1.);
#3818=VECTOR('',#13140,1.00000000000064);
#3819=VECTOR('',#13141,1.);
#3820=VECTOR('',#13142,1.00000000000064);
#3821=VECTOR('',#13143,1.);
#3822=VECTOR('',#13144,1.00000000000064);
#3823=VECTOR('',#13145,1.);
#3824=VECTOR('',#13146,1.00000000000064);
#3825=VECTOR('',#13147,1.);
#3826=VECTOR('',#13148,1.00000000000064);
#3827=VECTOR('',#13149,1.);
#3828=VECTOR('',#13150,1.00000000000064);
#3829=VECTOR('',#13151,1.);
#3830=VECTOR('',#13156,1.);
#3831=VECTOR('',#13157,1.);
#3832=VECTOR('',#13164,1.);
#3833=VECTOR('',#13165,1.);
#3834=VECTOR('',#13172,1.);
#3835=VECTOR('',#13173,1.);
#3836=VECTOR('',#13180,1.);
#3837=VECTOR('',#13181,1.);
#3838=VECTOR('',#13190,1.);
#3839=VECTOR('',#13193,1.);
#3840=VECTOR('',#13196,1.);
#3841=VECTOR('',#13199,1.);
#3842=VECTOR('',#13202,1.);
#3843=VECTOR('',#13205,1.);
#3844=VECTOR('',#13208,1.);
#3845=VECTOR('',#13211,1.);
#3846=VECTOR('',#13214,1.);
#3847=VECTOR('',#13217,1.);
#3848=VECTOR('',#13220,1.);
#3849=VECTOR('',#13223,1.);
#3850=VECTOR('',#13226,1.);
#3851=VECTOR('',#13229,1.);
#3852=VECTOR('',#13232,1.);
#3853=VECTOR('',#13235,1.);
#3854=VECTOR('',#13240,1.);
#3855=VECTOR('',#13241,1.);
#3856=VECTOR('',#13244,1.);
#3857=VECTOR('',#13247,1.);
#3858=VECTOR('',#13250,1.);
#3859=VECTOR('',#13253,1.);
#3860=VECTOR('',#13256,1.);
#3861=VECTOR('',#13259,1.);
#3862=VECTOR('',#13262,1.);
#3863=VECTOR('',#13265,1.);
#3864=VECTOR('',#13268,1.);
#3865=VECTOR('',#13271,1.);
#3866=VECTOR('',#13274,1.);
#3867=VECTOR('',#13277,1.);
#3868=VECTOR('',#13280,1.);
#3869=VECTOR('',#13283,1.);
#3870=VECTOR('',#13286,1.);
#3871=VECTOR('',#13289,1.);
#3872=VECTOR('',#13292,1.);
#3873=VECTOR('',#13295,1.);
#3874=VECTOR('',#13300,0.5);
#3875=VECTOR('',#13303,0.5);
#3876=VECTOR('',#13310,1.);
#3877=VECTOR('',#13311,1.);
#3878=VECTOR('',#13312,1.);
#3879=VECTOR('',#13313,1.);
#3880=VECTOR('',#13316,1.);
#3881=VECTOR('',#13317,1.);
#3882=VECTOR('',#13318,1.);
#3883=VECTOR('',#13319,1.);
#3884=VECTOR('',#13320,1.);
#3885=VECTOR('',#13321,1.);
#3886=VECTOR('',#13322,1.);
#3887=VECTOR('',#13323,1.);
#3888=VECTOR('',#13324,1.);
#3889=VECTOR('',#13327,1.);
#3890=VECTOR('',#13330,1.);
#3891=VECTOR('',#13331,1.);
#3892=VECTOR('',#13332,1.);
#3893=VECTOR('',#13335,1.);
#3894=VECTOR('',#13338,1.);
#3895=VECTOR('',#13339,1.);
#3896=VECTOR('',#13340,1.);
#3897=VECTOR('',#13343,1.);
#3898=VECTOR('',#13344,1.);
#3899=VECTOR('',#13345,1.);
#3900=VECTOR('',#13346,1.);
#3901=VECTOR('',#13347,1.);
#3902=VECTOR('',#13348,1.);
#3903=VECTOR('',#13351,1.);
#3904=VECTOR('',#13352,1.);
#3905=VECTOR('',#13353,1.);
#3906=VECTOR('',#13354,1.);
#3907=VECTOR('',#13355,1.);
#3908=VECTOR('',#13356,1.);
#3909=VECTOR('',#13359,1.);
#3910=VECTOR('',#13362,1.);
#3911=VECTOR('',#13363,1.);
#3912=VECTOR('',#13366,1.);
#3913=VECTOR('',#13369,1.);
#3914=VECTOR('',#13370,1.);
#3915=VECTOR('',#13373,1.);
#3916=VECTOR('',#13378,1.);
#3917=VECTOR('',#13379,0.999999999999597);
#3918=VECTOR('',#13380,1.);
#3919=VECTOR('',#13381,0.999999999999597);
#3920=VECTOR('',#13384,1.);
#3921=VECTOR('',#13385,0.999999999999597);
#3922=VECTOR('',#13388,1.);
#3923=VECTOR('',#13389,1.);
#3924=VECTOR('',#13390,0.999999999999597);
#3925=VECTOR('',#13391,1.);
#3926=VECTOR('',#13398,1.);
#3927=VECTOR('',#13401,1.);
#3928=VECTOR('',#13404,1.);
#3929=VECTOR('',#13407,1.);
#3930=VECTOR('',#13408,1.);
#3931=VECTOR('',#13409,1.);
#3932=VECTOR('',#13410,1.);
#3933=VECTOR('',#13411,1.);
#3934=VECTOR('',#13416,1.);
#3935=VECTOR('',#13419,1.);
#3936=VECTOR('',#13424,1.00000000000065);
#3937=VECTOR('',#13425,1.00000000000065);
#3938=VECTOR('',#13426,1.);
#3939=VECTOR('',#13429,1.00000000000065);
#3940=VECTOR('',#13430,1.);
#3941=VECTOR('',#13433,1.00000000000065);
#3942=VECTOR('',#13434,1.);
#3943=VECTOR('',#13437,1.);
#3944=VECTOR('',#13440,1.);
#3945=VECTOR('',#13441,1.);
#3946=VECTOR('',#13442,1.);
#3947=VECTOR('',#13445,1.);
#3948=VECTOR('',#13446,1.);
#3949=VECTOR('',#13447,1.);
#3950=VECTOR('',#13448,1.);
#3951=VECTOR('',#13449,1.);
#3952=VECTOR('',#13450,1.);
#3953=VECTOR('',#13453,1.);
#3954=VECTOR('',#13454,1.);
#3955=VECTOR('',#13457,1.);
#3956=VECTOR('',#13458,1.);
#3957=VECTOR('',#13459,1.);
#3958=VECTOR('',#13460,1.);
#3959=VECTOR('',#13461,1.);
#3960=VECTOR('',#13464,1.);
#3961=VECTOR('',#13467,1.);
#3962=VECTOR('',#13470,1.00000000000064);
#3963=VECTOR('',#13471,1.);
#3964=VECTOR('',#13472,1.);
#3965=VECTOR('',#13473,1.);
#3966=VECTOR('',#13474,1.00000000000064);
#3967=VECTOR('',#13477,1.);
#3968=VECTOR('',#13478,1.00000000000064);
#3969=VECTOR('',#13481,1.);
#3970=VECTOR('',#13482,1.);
#3971=VECTOR('',#13483,1.);
#3972=VECTOR('',#13484,1.00000000000064);
#3973=VECTOR('',#13487,1.);
#3974=VECTOR('',#13490,1.);
#3975=VECTOR('',#13493,1.);
#3976=VECTOR('',#13500,10.);
#3977=VECTOR('',#13503,10.);
#3978=VECTOR('',#13506,10.);
#3979=VECTOR('',#13507,10.);
#3980=VECTOR('',#13508,10.);
#3981=VECTOR('',#13509,10.);
#3982=VECTOR('',#13510,10.);
#3983=VECTOR('',#13511,10.);
#3984=VECTOR('',#13512,10.);
#3985=VECTOR('',#13513,10.);
#3986=VECTOR('',#13514,10.);
#3987=VECTOR('',#13515,10.);
#3988=VECTOR('',#13516,10.);
#3989=VECTOR('',#13519,10.);
#3990=VECTOR('',#13520,10.);
#3991=VECTOR('',#13521,10.);
#3992=VECTOR('',#13522,10.);
#3993=VECTOR('',#13523,10.);
#3994=VECTOR('',#13526,10.);
#3995=VECTOR('',#13527,10.);
#3996=VECTOR('',#13528,10.);
#3997=VECTOR('',#13529,10.);
#3998=VECTOR('',#13530,10.);
#3999=VECTOR('',#13531,10.);
#4000=VECTOR('',#13532,10.);
#4001=VECTOR('',#13533,10.);
#4002=VECTOR('',#13534,10.);
#4003=VECTOR('',#13535,10.);
#4004=VECTOR('',#13536,10.);
#4005=VECTOR('',#13537,10.);
#4006=VECTOR('',#13538,10.);
#4007=VECTOR('',#13541,10.);
#4008=VECTOR('',#13544,10.);
#4009=VECTOR('',#13545,10.);
#4010=VECTOR('',#13546,10.);
#4011=VECTOR('',#13547,10.);
#4012=VECTOR('',#13548,10.);
#4013=VECTOR('',#13549,10.);
#4014=VECTOR('',#13550,10.);
#4015=VECTOR('',#13551,10.);
#4016=VECTOR('',#13552,10.);
#4017=VECTOR('',#13553,10.);
#4018=VECTOR('',#13554,10.);
#4019=VECTOR('',#13557,10.);
#4020=VECTOR('',#13560,10.);
#4021=VECTOR('',#13567,10.);
#4022=VECTOR('',#13574,10.);
#4023=VECTOR('',#13577,10.);
#4024=VECTOR('',#13578,10.);
#4025=VECTOR('',#13579,10.);
#4026=VECTOR('',#13580,10.);
#4027=VECTOR('',#13583,10.);
#4028=VECTOR('',#13588,10.);
#4029=VECTOR('',#13589,10.);
#4030=VECTOR('',#13590,10.);
#4031=VECTOR('',#13591,10.);
#4032=VECTOR('',#13592,10.);
#4033=VECTOR('',#13593,10.);
#4034=VECTOR('',#13594,10.);
#4035=VECTOR('',#13595,10.);
#4036=VECTOR('',#13596,10.);
#4037=VECTOR('',#13597,10.);
#4038=VECTOR('',#13598,10.);
#4039=VECTOR('',#13599,10.);
#4040=VECTOR('',#13600,10.);
#4041=VECTOR('',#13601,10.);
#4042=VECTOR('',#13602,10.);
#4043=VECTOR('',#13603,10.);
#4044=VECTOR('',#13604,10.);
#4045=VECTOR('',#13605,10.);
#4046=VECTOR('',#13606,10.);
#4047=VECTOR('',#13609,10.);
#4048=VECTOR('',#13622,10.);
#4049=VECTOR('',#13627,10.);
#4050=VECTOR('',#13632,10.);
#4051=VECTOR('',#13633,10.);
#4052=VECTOR('',#13634,10.);
#4053=VECTOR('',#13641,10.);
#4054=VECTOR('',#13646,10.);
#4055=VECTOR('',#13649,10.);
#4056=VECTOR('',#13652,10.);
#4057=VECTOR('',#13653,10.);
#4058=VECTOR('',#13654,10.);
#4059=VECTOR('',#13665,10.);
#4060=VECTOR('',#13670,10.);
#4061=VECTOR('',#13671,10.);
#4062=VECTOR('',#13672,10.);
#4063=VECTOR('',#13677,10.);
#4064=VECTOR('',#13682,10.);
#4065=VECTOR('',#13683,10.);
#4066=VECTOR('',#13684,10.);
#4067=VECTOR('',#13687,10.);
#4068=VECTOR('',#13690,10.);
#4069=VECTOR('',#13695,10.);
#4070=VECTOR('',#13702,10.);
#4071=VECTOR('',#13707,10.);
#4072=VECTOR('',#13710,10.);
#4073=VECTOR('',#13713,10.);
#4074=VECTOR('',#13714,10.);
#4075=VECTOR('',#13715,10.);
#4076=VECTOR('',#13718,10.);
#4077=VECTOR('',#13721,10.);
#4078=VECTOR('',#13724,10.);
#4079=VECTOR('',#13727,10.);
#4080=VECTOR('',#13728,10.);
#4081=VECTOR('',#13729,10.);
#4082=VECTOR('',#13730,10.);
#4083=VECTOR('',#13731,10.);
#4084=VECTOR('',#13732,10.);
#4085=VECTOR('',#13733,10.);
#4086=VECTOR('',#13734,10.);
#4087=VECTOR('',#13735,10.);
#4088=VECTOR('',#13736,10.);
#4089=VECTOR('',#13737,10.);
#4090=VECTOR('',#13738,10.);
#4091=VECTOR('',#13739,10.);
#4092=VECTOR('',#13740,10.);
#4093=VECTOR('',#13741,10.);
#4094=VECTOR('',#13742,10.);
#4095=VECTOR('',#13743,10.);
#4096=VECTOR('',#13744,10.);
#4097=VECTOR('',#13745,10.);
#4098=VECTOR('',#13746,10.);
#4099=VECTOR('',#13751,10.);
#4100=VECTOR('',#13752,10.);
#4101=VECTOR('',#13755,10.);
#4102=VECTOR('',#13756,10.);
#4103=VECTOR('',#13761,10.);
#4104=VECTOR('',#13762,10.);
#4105=VECTOR('',#13765,10.);
#4106=VECTOR('',#13766,10.);
#4107=VECTOR('',#13771,10.);
#4108=VECTOR('',#13774,10.);
#4109=VECTOR('',#13777,10.);
#4110=VECTOR('',#13780,10.);
#4111=VECTOR('',#13783,10.);
#4112=VECTOR('',#13790,10.);
#4113=VECTOR('',#13795,10.);
#4114=VECTOR('',#13798,10.);
#4115=VECTOR('',#13801,10.);
#4116=VECTOR('',#13802,10.);
#4117=VECTOR('',#13803,10.);
#4118=VECTOR('',#13808,10.);
#4119=VECTOR('',#13813,10.);
#4120=VECTOR('',#13814,10.);
#4121=VECTOR('',#13819,10.);
#4122=VECTOR('',#13824,10.);
#4123=VECTOR('',#13825,10.);
#4124=VECTOR('',#13826,10.);
#4125=VECTOR('',#13833,10.);
#4126=VECTOR('',#13840,10.);
#4127=VECTOR('',#13845,10.);
#4128=VECTOR('',#13850,10.);
#4129=VECTOR('',#13851,10.);
#4130=VECTOR('',#13852,10.);
#4131=VECTOR('',#13857,10.);
#4132=VECTOR('',#13862,10.);
#4133=VECTOR('',#13863,10.);
#4134=VECTOR('',#13864,10.);
#4135=VECTOR('',#13871,10.);
#4136=VECTOR('',#13876,10.);
#4137=VECTOR('',#13881,10.);
#4138=VECTOR('',#13882,10.);
#4139=VECTOR('',#13883,10.);
#4140=VECTOR('',#13890,10.);
#4141=VECTOR('',#13895,10.);
#4142=VECTOR('',#13900,10.);
#4143=VECTOR('',#13901,10.);
#4144=VECTOR('',#13918,10.);
#4145=VECTOR('',#13923,10.);
#4146=VECTOR('',#13924,10.);
#4147=VECTOR('',#13929,10.);
#4148=VECTOR('',#13934,10.);
#4149=VECTOR('',#13935,10.);
#4150=VECTOR('',#13952,10.);
#4151=VECTOR('',#13957,10.);
#4152=VECTOR('',#13958,10.);
#4153=VECTOR('',#13961,10.);
#4154=VECTOR('',#13964,10.);
#4155=VECTOR('',#13967,1.99999999999999);
#4156=VECTOR('',#13974,10.);
#4157=VECTOR('',#13975,10.);
#4158=VECTOR('',#13978,10.);
#4159=VECTOR('',#13981,10.);
#4160=VECTOR('',#13984,1.99999999999999);
#4161=VECTOR('',#13991,10.);
#4162=VECTOR('',#13992,10.);
#4163=VECTOR('',#13995,10.);
#4164=VECTOR('',#13996,10.);
#4165=VECTOR('',#13999,10.);
#4166=VECTOR('',#14000,10.);
#4167=VECTOR('',#14001,10.);
#4168=VECTOR('',#14002,10.);
#4169=VECTOR('',#14003,10.);
#4170=VECTOR('',#14004,10.);
#4171=VECTOR('',#14005,10.);
#4172=VECTOR('',#14006,10.);
#4173=VECTOR('',#14007,10.);
#4174=VECTOR('',#14008,10.);
#4175=VECTOR('',#14009,10.);
#4176=VECTOR('',#14012,10.);
#4177=VECTOR('',#14013,10.);
#4178=VECTOR('',#14014,10.);
#4179=VECTOR('',#14015,10.);
#4180=VECTOR('',#14016,10.);
#4181=VECTOR('',#14017,10.);
#4182=VECTOR('',#14018,10.);
#4183=VECTOR('',#14019,10.);
#4184=VECTOR('',#14020,10.);
#4185=VECTOR('',#14021,10.);
#4186=VECTOR('',#14022,10.);
#4187=VECTOR('',#14025,10.);
#4188=VECTOR('',#14028,10.);
#4189=VECTOR('',#14029,10.);
#4190=VECTOR('',#14030,10.);
#4191=VECTOR('',#14031,10.);
#4192=VECTOR('',#14040,10.);
#4193=VECTOR('',#14041,10.);
#4194=VECTOR('',#14048,10.);
#4195=VECTOR('',#14049,10.);
#4196=VECTOR('',#14050,10.);
#4197=VECTOR('',#14051,10.);
#4198=VECTOR('',#14054,10.);
#4199=VECTOR('',#14055,10.);
#4200=VECTOR('',#14056,10.);
#4201=VECTOR('',#14057,10.);
#4202=VECTOR('',#14060,10.);
#4203=VECTOR('',#14061,10.);
#4204=VECTOR('',#14062,10.);
#4205=VECTOR('',#14063,10.);
#4206=VECTOR('',#14066,10.);
#4207=VECTOR('',#14067,10.);
#4208=VECTOR('',#14070,10.);
#4209=VECTOR('',#14071,10.);
#4210=VECTOR('',#14072,10.);
#4211=VECTOR('',#14075,10.);
#4212=VECTOR('',#14076,10.);
#4213=VECTOR('',#14077,10.);
#4214=VECTOR('',#14080,10.);
#4215=VECTOR('',#14081,10.);
#4216=VECTOR('',#14084,10.);
#4217=VECTOR('',#14087,10.);
#4218=VECTOR('',#14088,10.);
#4219=VECTOR('',#14099,10.);
#4220=VECTOR('',#14104,10.);
#4221=VECTOR('',#14107,10.);
#4222=VECTOR('',#14110,10.);
#4223=VECTOR('',#14113,10.);
#4224=VECTOR('',#14116,10.);
#4225=VECTOR('',#14121,10.);
#4226=VECTOR('',#14122,10.);
#4227=VECTOR('',#14123,10.);
#4228=VECTOR('',#14126,10.);
#4229=VECTOR('',#14127,10.);
#4230=VECTOR('',#14128,10.);
#4231=VECTOR('',#14129,10.);
#4232=VECTOR('',#14130,10.);
#4233=VECTOR('',#14131,10.);
#4234=VECTOR('',#14134,10.);
#4235=VECTOR('',#14135,10.);
#4236=VECTOR('',#14136,10.);
#4237=VECTOR('',#14137,10.);
#4238=VECTOR('',#14138,10.);
#4239=VECTOR('',#14141,10.);
#4240=VECTOR('',#14142,10.);
#4241=VECTOR('',#14143,10.);
#4242=VECTOR('',#14144,10.);
#4243=VECTOR('',#14145,10.);
#4244=VECTOR('',#14146,10.);
#4245=VECTOR('',#14147,10.);
#4246=VECTOR('',#14148,10.);
#4247=VECTOR('',#14157,10.);
#4248=VECTOR('',#14158,10.);
#4249=VECTOR('',#14161,3.62500000000001);
#4250=VECTOR('',#14164,1.5);
#4251=VECTOR('',#14167,1.5);
#4252=VECTOR('',#14172,10.);
#4253=VECTOR('',#14179,10.);
#4254=VECTOR('',#14182,10.);
#4255=VECTOR('',#14185,10.);
#4256=VECTOR('',#14188,10.);
#4257=VECTOR('',#14191,10.);
#4258=VECTOR('',#14194,10.);
#4259=VECTOR('',#14197,10.);
#4260=VECTOR('',#14200,10.);
#4261=VECTOR('',#14203,10.);
#4262=VECTOR('',#14206,10.);
#4263=VECTOR('',#14209,10.);
#4264=VECTOR('',#14212,10.);
#4265=VECTOR('',#14215,10.);
#4266=VECTOR('',#14218,10.);
#4267=VECTOR('',#14221,10.);
#4268=VECTOR('',#14224,10.);
#4269=VECTOR('',#14227,10.);
#4270=VECTOR('',#14230,10.);
#4271=VECTOR('',#14235,10.);
#4272=VECTOR('',#14236,10.);
#4273=VECTOR('',#14237,10.);
#4274=VECTOR('',#14238,10.);
#4275=VECTOR('',#14241,10.);
#4276=VECTOR('',#14242,10.);
#4277=VECTOR('',#14243,10.);
#4278=VECTOR('',#14246,10.);
#4279=VECTOR('',#14247,10.);
#4280=VECTOR('',#14248,10.);
#4281=VECTOR('',#14251,10.);
#4282=VECTOR('',#14252,10.);
#4283=VECTOR('',#14253,10.);
#4284=VECTOR('',#14256,10.);
#4285=VECTOR('',#14257,10.);
#4286=VECTOR('',#14258,10.);
#4287=VECTOR('',#14261,10.);
#4288=VECTOR('',#14262,10.);
#4289=VECTOR('',#14263,10.);
#4290=VECTOR('',#14266,10.);
#4291=VECTOR('',#14267,10.);
#4292=VECTOR('',#14268,10.);
#4293=VECTOR('',#14271,10.);
#4294=VECTOR('',#14272,10.);
#4295=VECTOR('',#14273,10.);
#4296=VECTOR('',#14276,10.);
#4297=VECTOR('',#14277,10.);
#4298=VECTOR('',#14278,10.);
#4299=VECTOR('',#14281,10.);
#4300=VECTOR('',#14282,10.);
#4301=VECTOR('',#14283,10.);
#4302=VECTOR('',#14286,10.);
#4303=VECTOR('',#14287,10.);
#4304=VECTOR('',#14288,10.);
#4305=VECTOR('',#14293,10.);
#4306=VECTOR('',#14298,10.);
#4307=VECTOR('',#14299,10.);
#4308=VECTOR('',#14300,10.);
#4309=VECTOR('',#14345,10.);
#4310=VECTOR('',#14346,10.);
#4311=VECTOR('',#14357,10.);
#4312=VECTOR('',#14358,10.);
#4313=VECTOR('',#14369,10.);
#4314=VECTOR('',#14370,10.);
#4315=VECTOR('',#14381,10.);
#4316=VECTOR('',#14382,10.);
#4317=VECTOR('',#14385,10.);
#4318=VECTOR('',#14386,10.);
#4319=VECTOR('',#14397,10.);
#4320=VECTOR('',#14398,10.);
#4321=VECTOR('',#14401,10.);
#4322=VECTOR('',#14402,10.);
#4323=VECTOR('',#14405,10.);
#4324=VECTOR('',#14406,10.);
#4325=VECTOR('',#14409,10.);
#4326=VECTOR('',#14410,10.);
#4327=VECTOR('',#14413,10.);
#4328=VECTOR('',#14414,10.);
#4329=VECTOR('',#14417,10.);
#4330=VECTOR('',#14418,10.);
#4331=VECTOR('',#14421,10.);
#4332=VECTOR('',#14422,10.);
#4333=VERTEX_POINT('',#14453);
#4334=VERTEX_POINT('',#14454);
#4335=VERTEX_POINT('',#14456);
#4336=VERTEX_POINT('',#14458);
#4337=VERTEX_POINT('',#14460);
#4338=VERTEX_POINT('',#14462);
#4339=VERTEX_POINT('',#14464);
#4340=VERTEX_POINT('',#14466);
#4341=VERTEX_POINT('',#14468);
#4342=VERTEX_POINT('',#14470);
#4343=VERTEX_POINT('',#14472);
#4344=VERTEX_POINT('',#14474);
#4345=VERTEX_POINT('',#14478);
#4346=VERTEX_POINT('',#14479);
#4347=VERTEX_POINT('',#14481);
#4348=VERTEX_POINT('',#14483);
#4349=VERTEX_POINT('',#14485);
#4350=VERTEX_POINT('',#14487);
#4351=VERTEX_POINT('',#14489);
#4352=VERTEX_POINT('',#14491);
#4353=VERTEX_POINT('',#14494);
#4354=VERTEX_POINT('',#14496);
#4355=VERTEX_POINT('',#14498);
#4356=VERTEX_POINT('',#14500);
#4357=VERTEX_POINT('',#14502);
#4358=VERTEX_POINT('',#14504);
#4359=VERTEX_POINT('',#14506);
#4360=VERTEX_POINT('',#14508);
#4361=VERTEX_POINT('',#14510);
#4362=VERTEX_POINT('',#14512);
#4363=VERTEX_POINT('',#14514);
#4364=VERTEX_POINT('',#14516);
#4365=VERTEX_POINT('',#14518);
#4366=VERTEX_POINT('',#14520);
#4367=VERTEX_POINT('',#14522);
#4368=VERTEX_POINT('',#14524);
#4369=VERTEX_POINT('',#14528);
#4370=VERTEX_POINT('',#14532);
#4371=VERTEX_POINT('',#14536);
#4372=VERTEX_POINT('',#14540);
#4373=VERTEX_POINT('',#14544);
#4374=VERTEX_POINT('',#14547);
#4375=VERTEX_POINT('',#14549);
#4376=VERTEX_POINT('',#14551);
#4377=VERTEX_POINT('',#14553);
#4378=VERTEX_POINT('',#14556);
#4379=VERTEX_POINT('',#14557);
#4380=VERTEX_POINT('',#14559);
#4381=VERTEX_POINT('',#14561);
#4382=VERTEX_POINT('',#14563);
#4383=VERTEX_POINT('',#14565);
#4384=VERTEX_POINT('',#14567);
#4385=VERTEX_POINT('',#14569);
#4386=VERTEX_POINT('',#14571);
#4387=VERTEX_POINT('',#14573);
#4388=VERTEX_POINT('',#14575);
#4389=VERTEX_POINT('',#14577);
#4390=VERTEX_POINT('',#14581);
#4391=VERTEX_POINT('',#14582);
#4392=VERTEX_POINT('',#14584);
#4393=VERTEX_POINT('',#14587);
#4394=VERTEX_POINT('',#14589);
#4395=VERTEX_POINT('',#14593);
#4396=VERTEX_POINT('',#14597);
#4397=VERTEX_POINT('',#14601);
#4398=VERTEX_POINT('',#14605);
#4399=VERTEX_POINT('',#14610);
#4400=VERTEX_POINT('',#14612);
#4401=VERTEX_POINT('',#14615);
#4402=VERTEX_POINT('',#14617);
#4403=VERTEX_POINT('',#14620);
#4404=VERTEX_POINT('',#14622);
#4405=VERTEX_POINT('',#14625);
#4406=VERTEX_POINT('',#14627);
#4407=VERTEX_POINT('',#14630);
#4408=VERTEX_POINT('',#14632);
#4409=VERTEX_POINT('',#14636);
#4410=VERTEX_POINT('',#14638);
#4411=VERTEX_POINT('',#14640);
#4412=VERTEX_POINT('',#14643);
#4413=VERTEX_POINT('',#14645);
#4414=VERTEX_POINT('',#14647);
#4415=VERTEX_POINT('',#14651);
#4416=VERTEX_POINT('',#14655);
#4417=VERTEX_POINT('',#14657);
#4418=VERTEX_POINT('',#14661);
#4419=VERTEX_POINT('',#14665);
#4420=VERTEX_POINT('',#14666);
#4421=VERTEX_POINT('',#14671);
#4422=VERTEX_POINT('',#14675);
#4423=VERTEX_POINT('',#14677);
#4424=VERTEX_POINT('',#14679);
#4425=VERTEX_POINT('',#14683);
#4426=VERTEX_POINT('',#14687);
#4427=VERTEX_POINT('',#14689);
#4428=VERTEX_POINT('',#14693);
#4429=VERTEX_POINT('',#14695);
#4430=VERTEX_POINT('',#14697);
#4431=VERTEX_POINT('',#14701);
#4432=VERTEX_POINT('',#14705);
#4433=VERTEX_POINT('',#14707);
#4434=VERTEX_POINT('',#14711);
#4435=VERTEX_POINT('',#14713);
#4436=VERTEX_POINT('',#14715);
#4437=VERTEX_POINT('',#14719);
#4438=VERTEX_POINT('',#14723);
#4439=VERTEX_POINT('',#14725);
#4440=VERTEX_POINT('',#14729);
#4441=VERTEX_POINT('',#14731);
#4442=VERTEX_POINT('',#14733);
#4443=VERTEX_POINT('',#14737);
#4444=VERTEX_POINT('',#14741);
#4445=VERTEX_POINT('',#14743);
#4446=VERTEX_POINT('',#14747);
#4447=VERTEX_POINT('',#14753);
#4448=VERTEX_POINT('',#14757);
#4449=VERTEX_POINT('',#14761);
#4450=VERTEX_POINT('',#14763);
#4451=VERTEX_POINT('',#14766);
#4452=VERTEX_POINT('',#14768);
#4453=VERTEX_POINT('',#14772);
#4454=VERTEX_POINT('',#14776);
#4455=VERTEX_POINT('',#14782);
#4456=VERTEX_POINT('',#14786);
#4457=VERTEX_POINT('',#14788);
#4458=VERTEX_POINT('',#14791);
#4459=VERTEX_POINT('',#14795);
#4460=VERTEX_POINT('',#14799);
#4461=VERTEX_POINT('',#14807);
#4462=VERTEX_POINT('',#14809);
#4463=VERTEX_POINT('',#14811);
#4464=VERTEX_POINT('',#14828);
#4465=VERTEX_POINT('',#14854);
#4466=VERTEX_POINT('',#14855);
#4467=VERTEX_POINT('',#14857);
#4468=VERTEX_POINT('',#14859);
#4469=VERTEX_POINT('',#14862);
#4470=VERTEX_POINT('',#14863);
#4471=VERTEX_POINT('',#14865);
#4472=VERTEX_POINT('',#14867);
#4473=VERTEX_POINT('',#14870);
#4474=VERTEX_POINT('',#14871);
#4475=VERTEX_POINT('',#14873);
#4476=VERTEX_POINT('',#14875);
#4477=VERTEX_POINT('',#14878);
#4478=VERTEX_POINT('',#14879);
#4479=VERTEX_POINT('',#14881);
#4480=VERTEX_POINT('',#14883);
#4481=VERTEX_POINT('',#14888);
#4482=VERTEX_POINT('',#14890);
#4483=VERTEX_POINT('',#14894);
#4484=VERTEX_POINT('',#14898);
#4485=VERTEX_POINT('',#14904);
#4486=VERTEX_POINT('',#14905);
#4487=VERTEX_POINT('',#14910);
#4488=VERTEX_POINT('',#14914);
#4489=VERTEX_POINT('',#14920);
#4490=VERTEX_POINT('',#14921);
#4491=VERTEX_POINT('',#14926);
#4492=VERTEX_POINT('',#14930);
#4493=VERTEX_POINT('',#14936);
#4494=VERTEX_POINT('',#14937);
#4495=VERTEX_POINT('',#14942);
#4496=VERTEX_POINT('',#14946);
#4497=VERTEX_POINT('',#14959);
#4498=VERTEX_POINT('',#14960);
#4499=VERTEX_POINT('',#14962);
#4500=VERTEX_POINT('',#14964);
#4501=VERTEX_POINT('',#14966);
#4502=VERTEX_POINT('',#14968);
#4503=VERTEX_POINT('',#14970);
#4504=VERTEX_POINT('',#14972);
#4505=VERTEX_POINT('',#14976);
#4506=VERTEX_POINT('',#14977);
#4507=VERTEX_POINT('',#14982);
#4508=VERTEX_POINT('',#14986);
#4509=VERTEX_POINT('',#14990);
#4510=VERTEX_POINT('',#14994);
#4511=VERTEX_POINT('',#14998);
#4512=VERTEX_POINT('',#15002);
#4513=VERTEX_POINT('',#15008);
#4514=VERTEX_POINT('',#15009);
#4515=VERTEX_POINT('',#15011);
#4516=VERTEX_POINT('',#15013);
#4517=VERTEX_POINT('',#15015);
#4518=VERTEX_POINT('',#15017);
#4519=VERTEX_POINT('',#15019);
#4520=VERTEX_POINT('',#15021);
#4521=VERTEX_POINT('',#15025);
#4522=VERTEX_POINT('',#15027);
#4523=VERTEX_POINT('',#15031);
#4524=VERTEX_POINT('',#15035);
#4525=VERTEX_POINT('',#15039);
#4526=VERTEX_POINT('',#15043);
#4527=VERTEX_POINT('',#15047);
#4528=VERTEX_POINT('',#15051);
#4529=VERTEX_POINT('',#15057);
#4530=VERTEX_POINT('',#15058);
#4531=VERTEX_POINT('',#15060);
#4532=VERTEX_POINT('',#15062);
#4533=VERTEX_POINT('',#15064);
#4534=VERTEX_POINT('',#15066);
#4535=VERTEX_POINT('',#15068);
#4536=VERTEX_POINT('',#15070);
#4537=VERTEX_POINT('',#15074);
#4538=VERTEX_POINT('',#15075);
#4539=VERTEX_POINT('',#15080);
#4540=VERTEX_POINT('',#15084);
#4541=VERTEX_POINT('',#15088);
#4542=VERTEX_POINT('',#15092);
#4543=VERTEX_POINT('',#15096);
#4544=VERTEX_POINT('',#15100);
#4545=VERTEX_POINT('',#15110);
#4546=VERTEX_POINT('',#15111);
#4547=VERTEX_POINT('',#15113);
#4548=VERTEX_POINT('',#15115);
#4549=VERTEX_POINT('',#15119);
#4550=VERTEX_POINT('',#15121);
#4551=VERTEX_POINT('',#15123);
#4552=VERTEX_POINT('',#15125);
#4553=VERTEX_POINT('',#15127);
#4554=VERTEX_POINT('',#15129);
#4555=VERTEX_POINT('',#15133);
#4556=VERTEX_POINT('',#15137);
#4557=VERTEX_POINT('',#15139);
#4558=VERTEX_POINT('',#15143);
#4559=VERTEX_POINT('',#15147);
#4560=VERTEX_POINT('',#15149);
#4561=VERTEX_POINT('',#15151);
#4562=VERTEX_POINT('',#15153);
#4563=VERTEX_POINT('',#15155);
#4564=VERTEX_POINT('',#15157);
#4565=VERTEX_POINT('',#15159);
#4566=VERTEX_POINT('',#15163);
#4567=VERTEX_POINT('',#15165);
#4568=VERTEX_POINT('',#15167);
#4569=VERTEX_POINT('',#15169);
#4570=VERTEX_POINT('',#15171);
#4571=VERTEX_POINT('',#15173);
#4572=VERTEX_POINT('',#15175);
#4573=VERTEX_POINT('',#15179);
#4574=VERTEX_POINT('',#15183);
#4575=VERTEX_POINT('',#15189);
#4576=VERTEX_POINT('',#15193);
#4577=VERTEX_POINT('',#15195);
#4578=VERTEX_POINT('',#15197);
#4579=VERTEX_POINT('',#15199);
#4580=VERTEX_POINT('',#15201);
#4581=VERTEX_POINT('',#15203);
#4582=VERTEX_POINT('',#15205);
#4583=VERTEX_POINT('',#15207);
#4584=VERTEX_POINT('',#15209);
#4585=VERTEX_POINT('',#15215);
#4586=VERTEX_POINT('',#15217);
#4587=VERTEX_POINT('',#15221);
#4588=VERTEX_POINT('',#15223);
#4589=VERTEX_POINT('',#15227);
#4590=VERTEX_POINT('',#15229);
#4591=VERTEX_POINT('',#15233);
#4592=VERTEX_POINT('',#15235);
#4593=VERTEX_POINT('',#15239);
#4594=VERTEX_POINT('',#15241);
#4595=VERTEX_POINT('',#15245);
#4596=VERTEX_POINT('',#15247);
#4597=VERTEX_POINT('',#15255);
#4598=VERTEX_POINT('',#15257);
#4599=VERTEX_POINT('',#15261);
#4600=VERTEX_POINT('',#15263);
#4601=VERTEX_POINT('',#15267);
#4602=VERTEX_POINT('',#15269);
#4603=VERTEX_POINT('',#15273);
#4604=VERTEX_POINT('',#15275);
#4605=VERTEX_POINT('',#15279);
#4606=VERTEX_POINT('',#15281);
#4607=VERTEX_POINT('',#15285);
#4608=VERTEX_POINT('',#15287);
#4609=VERTEX_POINT('',#15291);
#4610=VERTEX_POINT('',#15295);
#4611=VERTEX_POINT('',#15301);
#4612=VERTEX_POINT('',#15303);
#4613=VERTEX_POINT('',#15306);
#4614=VERTEX_POINT('',#15310);
#4615=VERTEX_POINT('',#15311);
#4616=VERTEX_POINT('',#15313);
#4617=VERTEX_POINT('',#15315);
#4618=VERTEX_POINT('',#15318);
#4619=VERTEX_POINT('',#15320);
#4620=VERTEX_POINT('',#15322);
#4621=VERTEX_POINT('',#15326);
#4622=VERTEX_POINT('',#15330);
#4623=VERTEX_POINT('',#15334);
#4624=VERTEX_POINT('',#15338);
#4625=VERTEX_POINT('',#15340);
#4626=VERTEX_POINT('',#15342);
#4627=VERTEX_POINT('',#15344);
#4628=VERTEX_POINT('',#15346);
#4629=VERTEX_POINT('',#15348);
#4630=VERTEX_POINT('',#15350);
#4631=VERTEX_POINT('',#15354);
#4632=VERTEX_POINT('',#15357);
#4633=VERTEX_POINT('',#15362);
#4634=VERTEX_POINT('',#15364);
#4635=VERTEX_POINT('',#15369);
#4636=VERTEX_POINT('',#15371);
#4637=VERTEX_POINT('',#15373);
#4638=VERTEX_POINT('',#15375);
#4639=VERTEX_POINT('',#15377);
#4640=VERTEX_POINT('',#15379);
#4641=VERTEX_POINT('',#15381);
#4642=VERTEX_POINT('',#15383);
#4643=VERTEX_POINT('',#15385);
#4644=VERTEX_POINT('',#15389);
#4645=VERTEX_POINT('',#15393);
#4646=VERTEX_POINT('',#15395);
#4647=VERTEX_POINT('',#15397);
#4648=VERTEX_POINT('',#15399);
#4649=VERTEX_POINT('',#15401);
#4650=VERTEX_POINT('',#15403);
#4651=VERTEX_POINT('',#15405);
#4652=VERTEX_POINT('',#15407);
#4653=VERTEX_POINT('',#15414);
#4654=VERTEX_POINT('',#15416);
#4655=VERTEX_POINT('',#15418);
#4656=VERTEX_POINT('',#15420);
#4657=VERTEX_POINT('',#15422);
#4658=VERTEX_POINT('',#15424);
#4659=VERTEX_POINT('',#15426);
#4660=VERTEX_POINT('',#15428);
#4661=VERTEX_POINT('',#15430);
#4662=VERTEX_POINT('',#15434);
#4663=VERTEX_POINT('',#15438);
#4664=VERTEX_POINT('',#15440);
#4665=VERTEX_POINT('',#15442);
#4666=VERTEX_POINT('',#15444);
#4667=VERTEX_POINT('',#15446);
#4668=VERTEX_POINT('',#15448);
#4669=VERTEX_POINT('',#15450);
#4670=VERTEX_POINT('',#15452);
#4671=VERTEX_POINT('',#15458);
#4672=VERTEX_POINT('',#15460);
#4673=VERTEX_POINT('',#15462);
#4674=VERTEX_POINT('',#15464);
#4675=VERTEX_POINT('',#15466);
#4676=VERTEX_POINT('',#15468);
#4677=VERTEX_POINT('',#15470);
#4678=VERTEX_POINT('',#15472);
#4679=VERTEX_POINT('',#15476);
#4680=VERTEX_POINT('',#15480);
#4681=VERTEX_POINT('',#15482);
#4682=VERTEX_POINT('',#15484);
#4683=VERTEX_POINT('',#15486);
#4684=VERTEX_POINT('',#15488);
#4685=VERTEX_POINT('',#15490);
#4686=VERTEX_POINT('',#15492);
#4687=VERTEX_POINT('',#15496);
#4688=VERTEX_POINT('',#15498);
#4689=VERTEX_POINT('',#15500);
#4690=VERTEX_POINT('',#15502);
#4691=VERTEX_POINT('',#15504);
#4692=VERTEX_POINT('',#15506);
#4693=VERTEX_POINT('',#15508);
#4694=VERTEX_POINT('',#15510);
#4695=VERTEX_POINT('',#15514);
#4696=VERTEX_POINT('',#15518);
#4697=VERTEX_POINT('',#15520);
#4698=VERTEX_POINT('',#15522);
#4699=VERTEX_POINT('',#15524);
#4700=VERTEX_POINT('',#15526);
#4701=VERTEX_POINT('',#15528);
#4702=VERTEX_POINT('',#15530);
#4703=VERTEX_POINT('',#15536);
#4704=VERTEX_POINT('',#15538);
#4705=VERTEX_POINT('',#15540);
#4706=VERTEX_POINT('',#15542);
#4707=VERTEX_POINT('',#15544);
#4708=VERTEX_POINT('',#15546);
#4709=VERTEX_POINT('',#15548);
#4710=VERTEX_POINT('',#15550);
#4711=VERTEX_POINT('',#15552);
#4712=VERTEX_POINT('',#15556);
#4713=VERTEX_POINT('',#15560);
#4714=VERTEX_POINT('',#15562);
#4715=VERTEX_POINT('',#15564);
#4716=VERTEX_POINT('',#15566);
#4717=VERTEX_POINT('',#15568);
#4718=VERTEX_POINT('',#15570);
#4719=VERTEX_POINT('',#15572);
#4720=VERTEX_POINT('',#15574);
#4721=VERTEX_POINT('',#15581);
#4722=VERTEX_POINT('',#15583);
#4723=VERTEX_POINT('',#15585);
#4724=VERTEX_POINT('',#15587);
#4725=VERTEX_POINT('',#15589);
#4726=VERTEX_POINT('',#15591);
#4727=VERTEX_POINT('',#15593);
#4728=VERTEX_POINT('',#15595);
#4729=VERTEX_POINT('',#15597);
#4730=VERTEX_POINT('',#15601);
#4731=VERTEX_POINT('',#15605);
#4732=VERTEX_POINT('',#15607);
#4733=VERTEX_POINT('',#15609);
#4734=VERTEX_POINT('',#15611);
#4735=VERTEX_POINT('',#15613);
#4736=VERTEX_POINT('',#15615);
#4737=VERTEX_POINT('',#15617);
#4738=VERTEX_POINT('',#15619);
#4739=VERTEX_POINT('',#15629);
#4740=VERTEX_POINT('',#15631);
#4741=VERTEX_POINT('',#15634);
#4742=VERTEX_POINT('',#15739);
#4743=VERTEX_POINT('',#15740);
#4744=VERTEX_POINT('',#15742);
#4745=VERTEX_POINT('',#15744);
#4746=VERTEX_POINT('',#15746);
#4747=VERTEX_POINT('',#15748);
#4748=VERTEX_POINT('',#15752);
#4749=VERTEX_POINT('',#15754);
#4750=VERTEX_POINT('',#15756);
#4751=VERTEX_POINT('',#15758);
#4752=VERTEX_POINT('',#15762);
#4753=VERTEX_POINT('',#15764);
#4754=VERTEX_POINT('',#15768);
#4755=VERTEX_POINT('',#15772);
#4756=VERTEX_POINT('',#15773);
#4757=VERTEX_POINT('',#15776);
#4758=VERTEX_POINT('',#15780);
#4759=VERTEX_POINT('',#15781);
#4760=VERTEX_POINT('',#15783);
#4761=VERTEX_POINT('',#15790);
#4762=VERTEX_POINT('',#15797);
#4763=VERTEX_POINT('',#15799);
#4764=VERTEX_POINT('',#15801);
#4765=VERTEX_POINT('',#15803);
#4766=VERTEX_POINT('',#15805);
#4767=VERTEX_POINT('',#15807);
#4768=VERTEX_POINT('',#15809);
#4769=VERTEX_POINT('',#15811);
#4770=VERTEX_POINT('',#15813);
#4771=VERTEX_POINT('',#15815);
#4772=VERTEX_POINT('',#15821);
#4773=VERTEX_POINT('',#15824);
#4774=VERTEX_POINT('',#15827);
#4775=VERTEX_POINT('',#15833);
#4776=VERTEX_POINT('',#15835);
#4777=VERTEX_POINT('',#15837);
#4778=VERTEX_POINT('',#15839);
#4779=VERTEX_POINT('',#15841);
#4780=VERTEX_POINT('',#15843);
#4781=VERTEX_POINT('',#15845);
#4782=VERTEX_POINT('',#15847);
#4783=VERTEX_POINT('',#15849);
#4784=VERTEX_POINT('',#15865);
#4785=VERTEX_POINT('',#15875);
#4786=VERTEX_POINT('',#15879);
#4787=VERTEX_POINT('',#15886);
#4788=VERTEX_POINT('',#15887);
#4789=VERTEX_POINT('',#15889);
#4790=VERTEX_POINT('',#15891);
#4791=VERTEX_POINT('',#15895);
#4792=VERTEX_POINT('',#15897);
#4793=VERTEX_POINT('',#15901);
#4794=VERTEX_POINT('',#15903);
#4795=VERTEX_POINT('',#15913);
#4796=VERTEX_POINT('',#15914);
#4797=VERTEX_POINT('',#15916);
#4798=VERTEX_POINT('',#15918);
#4799=VERTEX_POINT('',#15922);
#4800=VERTEX_POINT('',#15924);
#4801=VERTEX_POINT('',#15928);
#4802=VERTEX_POINT('',#15930);
#4803=VERTEX_POINT('',#15934);
#4804=VERTEX_POINT('',#15936);
#4805=VERTEX_POINT('',#15946);
#4806=VERTEX_POINT('',#15947);
#4807=VERTEX_POINT('',#15949);
#4808=VERTEX_POINT('',#15951);
#4809=VERTEX_POINT('',#15955);
#4810=VERTEX_POINT('',#15957);
#4811=VERTEX_POINT('',#15961);
#4812=VERTEX_POINT('',#15963);
#4813=VERTEX_POINT('',#15973);
#4814=VERTEX_POINT('',#15974);
#4815=VERTEX_POINT('',#15976);
#4816=VERTEX_POINT('',#15978);
#4817=VERTEX_POINT('',#15982);
#4818=VERTEX_POINT('',#15984);
#4819=VERTEX_POINT('',#15988);
#4820=VERTEX_POINT('',#15990);
#4821=VERTEX_POINT('',#16006);
#4822=VERTEX_POINT('',#16007);
#4823=VERTEX_POINT('',#16009);
#4824=VERTEX_POINT('',#16011);
#4825=VERTEX_POINT('',#16015);
#4826=VERTEX_POINT('',#16016);
#4827=VERTEX_POINT('',#16021);
#4828=VERTEX_POINT('',#16023);
#4829=VERTEX_POINT('',#16027);
#4830=VERTEX_POINT('',#16029);
#4831=VERTEX_POINT('',#16031);
#4832=VERTEX_POINT('',#16033);
#4833=VERTEX_POINT('',#16035);
#4834=VERTEX_POINT('',#16037);
#4835=VERTEX_POINT('',#16039);
#4836=VERTEX_POINT('',#16041);
#4837=VERTEX_POINT('',#16043);
#4838=VERTEX_POINT('',#16045);
#4839=VERTEX_POINT('',#16047);
#4840=VERTEX_POINT('',#16049);
#4841=VERTEX_POINT('',#16051);
#4842=VERTEX_POINT('',#16053);
#4843=VERTEX_POINT('',#16055);
#4844=VERTEX_POINT('',#16057);
#4845=VERTEX_POINT('',#16060);
#4846=VERTEX_POINT('',#16061);
#4847=VERTEX_POINT('',#16063);
#4848=VERTEX_POINT('',#16065);
#4849=VERTEX_POINT('',#16067);
#4850=VERTEX_POINT('',#16069);
#4851=VERTEX_POINT('',#16071);
#4852=VERTEX_POINT('',#16073);
#4853=VERTEX_POINT('',#16075);
#4854=VERTEX_POINT('',#16077);
#4855=VERTEX_POINT('',#16079);
#4856=VERTEX_POINT('',#16081);
#4857=VERTEX_POINT('',#16083);
#4858=VERTEX_POINT('',#16085);
#4859=VERTEX_POINT('',#16087);
#4860=VERTEX_POINT('',#16089);
#4861=VERTEX_POINT('',#16091);
#4862=VERTEX_POINT('',#16093);
#4863=VERTEX_POINT('',#16095);
#4864=VERTEX_POINT('',#16097);
#4865=VERTEX_POINT('',#16100);
#4866=VERTEX_POINT('',#16102);
#4867=VERTEX_POINT('',#16105);
#4868=VERTEX_POINT('',#16107);
#4869=VERTEX_POINT('',#16109);
#4870=VERTEX_POINT('',#16111);
#4871=VERTEX_POINT('',#16113);
#4872=VERTEX_POINT('',#16115);
#4873=VERTEX_POINT('',#16117);
#4874=VERTEX_POINT('',#16119);
#4875=VERTEX_POINT('',#16121);
#4876=VERTEX_POINT('',#16123);
#4877=VERTEX_POINT('',#16125);
#4878=VERTEX_POINT('',#16127);
#4879=VERTEX_POINT('',#16129);
#4880=VERTEX_POINT('',#16131);
#4881=VERTEX_POINT('',#16133);
#4882=VERTEX_POINT('',#16135);
#4883=VERTEX_POINT('',#16138);
#4884=VERTEX_POINT('',#16139);
#4885=VERTEX_POINT('',#16141);
#4886=VERTEX_POINT('',#16143);
#4887=VERTEX_POINT('',#16145);
#4888=VERTEX_POINT('',#16147);
#4889=VERTEX_POINT('',#16149);
#4890=VERTEX_POINT('',#16151);
#4891=VERTEX_POINT('',#16153);
#4892=VERTEX_POINT('',#16155);
#4893=VERTEX_POINT('',#16157);
#4894=VERTEX_POINT('',#16159);
#4895=VERTEX_POINT('',#16161);
#4896=VERTEX_POINT('',#16163);
#4897=VERTEX_POINT('',#16165);
#4898=VERTEX_POINT('',#16167);
#4899=VERTEX_POINT('',#16169);
#4900=VERTEX_POINT('',#16171);
#4901=VERTEX_POINT('',#16173);
#4902=VERTEX_POINT('',#16175);
#4903=VERTEX_POINT('',#16178);
#4904=VERTEX_POINT('',#16180);
#4905=VERTEX_POINT('',#16262);
#4906=VERTEX_POINT('',#16263);
#4907=VERTEX_POINT('',#16265);
#4908=VERTEX_POINT('',#16267);
#4909=VERTEX_POINT('',#16271);
#4910=VERTEX_POINT('',#16272);
#4911=VERTEX_POINT('',#16274);
#4912=VERTEX_POINT('',#16276);
#4913=VERTEX_POINT('',#16279);
#4914=VERTEX_POINT('',#16281);
#4915=VERTEX_POINT('',#16283);
#4916=VERTEX_POINT('',#16285);
#4917=VERTEX_POINT('',#16289);
#4918=VERTEX_POINT('',#16291);
#4919=VERTEX_POINT('',#16293);
#4920=VERTEX_POINT('',#16295);
#4921=VERTEX_POINT('',#16297);
#4922=VERTEX_POINT('',#16299);
#4923=VERTEX_POINT('',#16303);
#4924=VERTEX_POINT('',#16305);
#4925=VERTEX_POINT('',#16309);
#4926=VERTEX_POINT('',#16310);
#4927=VERTEX_POINT('',#16313);
#4928=VERTEX_POINT('',#16315);
#4929=VERTEX_POINT('',#16317);
#4930=VERTEX_POINT('',#16321);
#4931=VERTEX_POINT('',#16323);
#4932=VERTEX_POINT('',#16325);
#4933=VERTEX_POINT('',#16327);
#4934=VERTEX_POINT('',#16329);
#4935=VERTEX_POINT('',#16335);
#4936=VERTEX_POINT('',#16341);
#4937=VERTEX_POINT('',#16345);
#4938=VERTEX_POINT('',#16349);
#4939=VERTEX_POINT('',#16351);
#4940=VERTEX_POINT('',#16353);
#4941=VERTEX_POINT('',#16357);
#4942=VERTEX_POINT('',#16361);
#4943=VERTEX_POINT('',#16363);
#4944=VERTEX_POINT('',#16365);
#4945=VERTEX_POINT('',#16378);
#4946=VERTEX_POINT('',#16379);
#4947=VERTEX_POINT('',#16381);
#4948=VERTEX_POINT('',#16383);
#4949=VERTEX_POINT('',#16393);
#4950=VERTEX_POINT('',#16395);
#4951=VERTEX_POINT('',#16399);
#4952=VERTEX_POINT('',#16403);
#4953=VERTEX_POINT('',#16409);
#4954=VERTEX_POINT('',#16411);
#4955=VERTEX_POINT('',#16415);
#4956=VERTEX_POINT('',#16417);
#4957=VERTEX_POINT('',#16419);
#4958=VERTEX_POINT('',#16421);
#4959=VERTEX_POINT('',#16423);
#4960=VERTEX_POINT('',#16427);
#4961=VERTEX_POINT('',#16431);
#4962=VERTEX_POINT('',#16433);
#4963=VERTEX_POINT('',#16435);
#4964=VERTEX_POINT('',#16437);
#4965=VERTEX_POINT('',#16445);
#4966=VERTEX_POINT('',#16447);
#4967=VERTEX_POINT('',#16449);
#4968=VERTEX_POINT('',#16451);
#4969=VERTEX_POINT('',#16455);
#4970=VERTEX_POINT('',#16459);
#4971=VERTEX_POINT('',#16461);
#4972=VERTEX_POINT('',#16463);
#4973=VERTEX_POINT('',#16475);
#4974=VERTEX_POINT('',#16476);
#4975=VERTEX_POINT('',#16489);
#4976=VERTEX_POINT('',#16491);
#4977=VERTEX_POINT('',#16495);
#4978=VERTEX_POINT('',#16497);
#4979=VERTEX_POINT('',#16499);
#4980=VERTEX_POINT('',#16501);
#4981=VERTEX_POINT('',#16503);
#4982=VERTEX_POINT('',#16505);
#4983=VERTEX_POINT('',#16507);
#4984=VERTEX_POINT('',#16509);
#4985=VERTEX_POINT('',#16511);
#4986=VERTEX_POINT('',#16513);
#4987=VERTEX_POINT('',#16515);
#4988=VERTEX_POINT('',#16517);
#4989=VERTEX_POINT('',#16519);
#4990=VERTEX_POINT('',#16521);
#4991=VERTEX_POINT('',#16523);
#4992=VERTEX_POINT('',#16525);
#4993=VERTEX_POINT('',#16527);
#4994=VERTEX_POINT('',#16529);
#4995=VERTEX_POINT('',#16531);
#4996=VERTEX_POINT('',#16533);
#4997=VERTEX_POINT('',#16535);
#4998=VERTEX_POINT('',#16537);
#4999=VERTEX_POINT('',#16539);
#5000=VERTEX_POINT('',#16541);
#5001=VERTEX_POINT('',#16543);
#5002=VERTEX_POINT('',#16545);
#5003=VERTEX_POINT('',#16547);
#5004=VERTEX_POINT('',#16549);
#5005=VERTEX_POINT('',#16551);
#5006=VERTEX_POINT('',#16553);
#5007=VERTEX_POINT('',#16555);
#5008=VERTEX_POINT('',#16557);
#5009=VERTEX_POINT('',#16559);
#5010=VERTEX_POINT('',#16561);
#5011=VERTEX_POINT('',#16563);
#5012=VERTEX_POINT('',#16565);
#5013=VERTEX_POINT('',#16567);
#5014=VERTEX_POINT('',#16569);
#5015=VERTEX_POINT('',#16571);
#5016=VERTEX_POINT('',#16573);
#5017=VERTEX_POINT('',#16575);
#5018=VERTEX_POINT('',#16577);
#5019=VERTEX_POINT('',#16579);
#5020=VERTEX_POINT('',#16581);
#5021=VERTEX_POINT('',#16583);
#5022=VERTEX_POINT('',#16585);
#5023=VERTEX_POINT('',#16587);
#5024=VERTEX_POINT('',#16589);
#5025=VERTEX_POINT('',#16592);
#5026=VERTEX_POINT('',#16594);
#5027=VERTEX_POINT('',#16597);
#5028=VERTEX_POINT('',#16610);
#5029=VERTEX_POINT('',#16614);
#5030=VERTEX_POINT('',#16616);
#5031=VERTEX_POINT('',#16618);
#5032=VERTEX_POINT('',#16620);
#5033=VERTEX_POINT('',#16622);
#5034=VERTEX_POINT('',#16624);
#5035=VERTEX_POINT('',#16628);
#5036=VERTEX_POINT('',#16641);
#5037=VERTEX_POINT('',#16645);
#5038=VERTEX_POINT('',#16647);
#5039=VERTEX_POINT('',#16649);
#5040=VERTEX_POINT('',#16651);
#5041=VERTEX_POINT('',#16653);
#5042=VERTEX_POINT('',#16655);
#5043=VERTEX_POINT('',#16657);
#5044=VERTEX_POINT('',#16659);
#5045=VERTEX_POINT('',#16661);
#5046=VERTEX_POINT('',#16663);
#5047=VERTEX_POINT('',#16665);
#5048=VERTEX_POINT('',#16667);
#5049=VERTEX_POINT('',#16669);
#5050=VERTEX_POINT('',#16671);
#5051=VERTEX_POINT('',#16673);
#5052=VERTEX_POINT('',#16675);
#5053=VERTEX_POINT('',#16677);
#5054=VERTEX_POINT('',#16679);
#5055=VERTEX_POINT('',#16682);
#5056=VERTEX_POINT('',#16684);
#5057=VERTEX_POINT('',#16702);
#5058=VERTEX_POINT('',#16704);
#5059=VERTEX_POINT('',#16708);
#5060=VERTEX_POINT('',#16710);
#5061=VERTEX_POINT('',#16714);
#5062=VERTEX_POINT('',#16716);
#5063=VERTEX_POINT('',#16720);
#5064=VERTEX_POINT('',#16722);
#5065=VERTEX_POINT('',#16726);
#5066=VERTEX_POINT('',#16727);
#5067=VERTEX_POINT('',#16729);
#5068=VERTEX_POINT('',#16731);
#5069=VERTEX_POINT('',#16735);
#5070=VERTEX_POINT('',#16737);
#5071=VERTEX_POINT('',#16744);
#5072=VERTEX_POINT('',#16746);
#5073=VERTEX_POINT('',#16750);
#5074=VERTEX_POINT('',#16752);
#5075=VERTEX_POINT('',#16756);
#5076=VERTEX_POINT('',#16758);
#5077=VERTEX_POINT('',#16762);
#5078=VERTEX_POINT('',#16764);
#5079=VERTEX_POINT('',#16769);
#5080=VERTEX_POINT('',#16771);
#5081=VERTEX_POINT('',#16775);
#5082=VERTEX_POINT('',#16779);
#5083=VERTEX_POINT('',#16783);
#5084=VERTEX_POINT('',#16784);
#5085=VERTEX_POINT('',#16786);
#5086=VERTEX_POINT('',#16788);
#5087=VERTEX_POINT('',#16792);
#5088=VERTEX_POINT('',#16794);
#5089=VERTEX_POINT('',#16798);
#5090=VERTEX_POINT('',#16800);
#5091=VERTEX_POINT('',#16802);
#5092=VERTEX_POINT('',#16804);
#5093=VERTEX_POINT('',#16806);
#5094=VERTEX_POINT('',#16808);
#5095=VERTEX_POINT('',#16810);
#5096=VERTEX_POINT('',#16812);
#5097=VERTEX_POINT('',#16814);
#5098=VERTEX_POINT('',#16816);
#5099=VERTEX_POINT('',#16818);
#5100=VERTEX_POINT('',#16820);
#5101=VERTEX_POINT('',#16822);
#5102=VERTEX_POINT('',#16824);
#5103=VERTEX_POINT('',#16826);
#5104=VERTEX_POINT('',#16828);
#5105=VERTEX_POINT('',#16830);
#5106=VERTEX_POINT('',#16832);
#5107=VERTEX_POINT('',#16834);
#5108=VERTEX_POINT('',#16836);
#5109=VERTEX_POINT('',#16838);
#5110=VERTEX_POINT('',#16840);
#5111=VERTEX_POINT('',#16842);
#5112=VERTEX_POINT('',#16844);
#5113=VERTEX_POINT('',#16846);
#5114=VERTEX_POINT('',#16850);
#5115=VERTEX_POINT('',#16851);
#5116=VERTEX_POINT('',#16856);
#5117=VERTEX_POINT('',#16860);
#5118=VERTEX_POINT('',#16861);
#5119=VERTEX_POINT('',#16866);
#5120=VERTEX_POINT('',#16870);
#5121=VERTEX_POINT('',#16882);
#5122=VERTEX_POINT('',#16884);
#5123=VERTEX_POINT('',#16888);
#5124=VERTEX_POINT('',#16889);
#5125=VERTEX_POINT('',#16891);
#5126=VERTEX_POINT('',#16893);
#5127=VERTEX_POINT('',#16897);
#5128=VERTEX_POINT('',#16899);
#5129=VERTEX_POINT('',#16903);
#5130=VERTEX_POINT('',#16905);
#5131=VERTEX_POINT('',#16912);
#5132=VERTEX_POINT('',#16914);
#5133=VERTEX_POINT('',#16918);
#5134=VERTEX_POINT('',#16920);
#5135=VERTEX_POINT('',#16924);
#5136=VERTEX_POINT('',#16926);
#5137=VERTEX_POINT('',#16930);
#5138=VERTEX_POINT('',#16932);
#5139=VERTEX_POINT('',#16936);
#5140=VERTEX_POINT('',#16938);
#5141=VERTEX_POINT('',#16942);
#5142=VERTEX_POINT('',#16944);
#5143=VERTEX_POINT('',#16948);
#5144=VERTEX_POINT('',#16950);
#5145=VERTEX_POINT('',#16954);
#5146=VERTEX_POINT('',#16956);
#5147=VERTEX_POINT('',#16960);
#5148=VERTEX_POINT('',#16962);
#5149=VERTEX_POINT('',#16966);
#5150=VERTEX_POINT('',#16968);
#5151=VERTEX_POINT('',#16972);
#5152=VERTEX_POINT('',#16974);
#5153=VERTEX_POINT('',#16978);
#5154=VERTEX_POINT('',#16980);
#5155=VERTEX_POINT('',#16984);
#5156=VERTEX_POINT('',#16986);
#5157=VERTEX_POINT('',#16999);
#5158=VERTEX_POINT('',#17001);
#5159=VERTEX_POINT('',#17008);
#5160=VERTEX_POINT('',#17010);
#5161=VERTEX_POINT('',#17023);
#5162=VERTEX_POINT('',#17025);
#5163=VERTEX_POINT('',#17032);
#5164=VERTEX_POINT('',#17034);
#5165=VERTEX_POINT('',#17038);
#5166=VERTEX_POINT('',#17042);
#5167=VERTEX_POINT('',#17043);
#5168=VERTEX_POINT('',#17048);
#5169=VERTEX_POINT('',#17050);
#5170=VERTEX_POINT('',#17054);
#5171=VERTEX_POINT('',#17058);
#5172=VERTEX_POINT('',#17059);
#5173=VERTEX_POINT('',#17064);
#5174=VERTEX_POINT('',#17068);
#5175=VERTEX_POINT('',#17070);
#5176=VERTEX_POINT('',#17072);
#5177=VERTEX_POINT('',#17074);
#5178=VERTEX_POINT('',#17076);
#5179=VERTEX_POINT('',#17079);
#5180=VERTEX_POINT('',#17081);
#5181=VERTEX_POINT('',#17084);
#5182=VERTEX_POINT('',#17088);
#5183=VERTEX_POINT('',#17091);
#5184=VERTEX_POINT('',#17093);
#5185=VERTEX_POINT('',#17096);
#5186=VERTEX_POINT('',#17098);
#5187=VERTEX_POINT('',#17100);
#5188=VERTEX_POINT('',#17102);
#5189=VERTEX_POINT('',#17104);
#5190=VERTEX_POINT('',#17112);
#5191=VERTEX_POINT('',#17115);
#5192=VERTEX_POINT('',#17117);
#5193=VERTEX_POINT('',#17119);
#5194=VERTEX_POINT('',#17127);
#5195=VERTEX_POINT('',#17128);
#5196=VERTEX_POINT('',#17130);
#5197=VERTEX_POINT('',#17132);
#5198=VERTEX_POINT('',#17136);
#5199=VERTEX_POINT('',#17137);
#5200=VERTEX_POINT('',#17139);
#5201=VERTEX_POINT('',#17141);
#5202=VERTEX_POINT('',#17145);
#5203=VERTEX_POINT('',#17146);
#5204=VERTEX_POINT('',#17148);
#5205=VERTEX_POINT('',#17150);
#5206=VERTEX_POINT('',#17157);
#5207=VERTEX_POINT('',#17159);
#5208=VERTEX_POINT('',#17163);
#5209=VERTEX_POINT('',#17165);
#5210=VERTEX_POINT('',#17195);
#5211=VERTEX_POINT('',#17197);
#5212=VERTEX_POINT('',#17201);
#5213=VERTEX_POINT('',#17203);
#5214=VERTEX_POINT('',#17205);
#5215=VERTEX_POINT('',#17207);
#5216=VERTEX_POINT('',#17209);
#5217=VERTEX_POINT('',#17211);
#5218=VERTEX_POINT('',#17213);
#5219=VERTEX_POINT('',#17215);
#5220=VERTEX_POINT('',#17217);
#5221=VERTEX_POINT('',#17219);
#5222=VERTEX_POINT('',#17221);
#5223=VERTEX_POINT('',#17223);
#5224=VERTEX_POINT('',#17225);
#5225=VERTEX_POINT('',#17227);
#5226=VERTEX_POINT('',#17229);
#5227=VERTEX_POINT('',#17231);
#5228=VERTEX_POINT('',#17233);
#5229=VERTEX_POINT('',#17235);
#5230=VERTEX_POINT('',#17237);
#5231=VERTEX_POINT('',#17239);
#5232=VERTEX_POINT('',#17242);
#5233=VERTEX_POINT('',#17244);
#5234=VERTEX_POINT('',#17246);
#5235=VERTEX_POINT('',#17300);
#5236=VERTEX_POINT('',#17301);
#5237=VERTEX_POINT('',#17303);
#5238=VERTEX_POINT('',#17305);
#5239=VERTEX_POINT('',#17309);
#5240=VERTEX_POINT('',#17311);
#5241=VERTEX_POINT('',#17315);
#5242=VERTEX_POINT('',#17317);
#5243=VERTEX_POINT('',#17321);
#5244=VERTEX_POINT('',#17323);
#5245=VERTEX_POINT('',#17327);
#5246=VERTEX_POINT('',#17329);
#5247=VERTEX_POINT('',#17333);
#5248=VERTEX_POINT('',#17335);
#5249=VERTEX_POINT('',#17339);
#5250=VERTEX_POINT('',#17341);
#5251=VERTEX_POINT('',#17345);
#5252=VERTEX_POINT('',#17347);
#5253=VERTEX_POINT('',#17351);
#5254=VERTEX_POINT('',#17353);
#5255=VERTEX_POINT('',#17357);
#5256=VERTEX_POINT('',#17359);
#5257=VERTEX_POINT('',#17363);
#5258=VERTEX_POINT('',#17365);
#5259=VERTEX_POINT('',#17369);
#5260=VERTEX_POINT('',#17371);
#5261=VERTEX_POINT('',#17375);
#5262=VERTEX_POINT('',#17377);
#5263=VERTEX_POINT('',#17386);
#5264=VERTEX_POINT('',#17387);
#5265=VERTEX_POINT('',#17389);
#5266=VERTEX_POINT('',#17393);
#5267=VERTEX_POINT('',#17394);
#5268=VERTEX_POINT('',#17396);
#5269=VERTEX_POINT('',#17400);
#5270=VERTEX_POINT('',#17401);
#5271=VERTEX_POINT('',#17403);
#5272=VERTEX_POINT('',#17407);
#5273=VERTEX_POINT('',#17408);
#5274=VERTEX_POINT('',#17410);
#5275=VERTEX_POINT('',#17417);
#5276=VERTEX_POINT('',#17418);
#5277=VERTEX_POINT('',#17420);
#5278=VERTEX_POINT('',#17427);
#5279=VERTEX_POINT('',#17428);
#5280=VERTEX_POINT('',#17430);
#5281=VERTEX_POINT('',#17437);
#5282=VERTEX_POINT('',#17438);
#5283=VERTEX_POINT('',#17440);
#5284=VERTEX_POINT('',#17450);
#5285=VERTEX_POINT('',#17451);
#5286=VERTEX_POINT('',#17453);
#5287=EDGE_CURVE('',#4333,#4334,#1905,.T.);
#5288=EDGE_CURVE('',#4335,#4334,#1906,.T.);
#5289=EDGE_CURVE('',#4336,#4335,#1907,.T.);
#5290=EDGE_CURVE('',#4337,#4336,#1908,.T.);
#5291=EDGE_CURVE('',#4338,#4337,#1909,.T.);
#5292=EDGE_CURVE('',#4338,#4339,#1910,.T.);
#5293=EDGE_CURVE('',#4340,#4339,#1911,.T.);
#5294=EDGE_CURVE('',#4341,#4340,#1912,.T.);
#5295=EDGE_CURVE('',#4342,#4341,#1913,.T.);
#5296=EDGE_CURVE('',#4343,#4342,#1914,.T.);
#5297=EDGE_CURVE('',#4344,#4343,#1915,.T.);
#5298=EDGE_CURVE('',#4333,#4344,#1916,.T.);
#5299=EDGE_CURVE('',#4345,#4346,#1917,.T.);
#5300=EDGE_CURVE('',#4347,#4346,#1918,.T.);
#5301=EDGE_CURVE('',#4348,#4347,#1919,.T.);
#5302=EDGE_CURVE('',#4348,#4349,#1920,.T.);
#5303=EDGE_CURVE('',#4350,#4349,#1921,.T.);
#5304=EDGE_CURVE('',#4351,#4350,#1922,.T.);
#5305=EDGE_CURVE('',#4352,#4351,#1923,.T.);
#5306=EDGE_CURVE('',#4334,#4352,#1924,.T.);
#5307=EDGE_CURVE('',#4333,#4353,#1925,.T.);
#5308=EDGE_CURVE('',#4354,#4353,#1926,.T.);
#5309=EDGE_CURVE('',#4354,#4355,#1927,.T.);
#5310=EDGE_CURVE('',#4355,#4356,#1928,.T.);
#5311=EDGE_CURVE('',#4356,#4357,#1929,.T.);
#5312=EDGE_CURVE('',#4358,#4357,#1930,.T.);
#5313=EDGE_CURVE('',#4358,#4359,#1931,.T.);
#5314=EDGE_CURVE('',#4359,#4360,#1932,.T.);
#5315=EDGE_CURVE('',#4360,#4361,#1933,.T.);
#5316=EDGE_CURVE('',#4362,#4361,#1934,.T.);
#5317=EDGE_CURVE('',#4362,#4363,#1935,.T.);
#5318=EDGE_CURVE('',#4363,#4364,#1936,.T.);
#5319=EDGE_CURVE('',#4364,#4365,#1937,.T.);
#5320=EDGE_CURVE('',#4366,#4365,#1938,.T.);
#5321=EDGE_CURVE('',#4366,#4367,#1939,.T.);
#5322=EDGE_CURVE('',#4367,#4368,#1940,.T.);
#5323=EDGE_CURVE('',#4368,#4345,#1941,.T.);
#5324=EDGE_CURVE('',#4369,#4352,#1942,.T.);
#5325=EDGE_CURVE('',#4335,#4369,#1943,.T.);
#5326=EDGE_CURVE('',#4370,#4369,#1944,.T.);
#5327=EDGE_CURVE('',#4336,#4370,#1945,.T.);
#5328=EDGE_CURVE('',#4371,#4370,#1946,.T.);
#5329=EDGE_CURVE('',#4337,#4371,#1947,.T.);
#5330=EDGE_CURVE('',#4372,#4371,#1948,.T.);
#5331=EDGE_CURVE('',#4338,#4372,#1949,.T.);
#5332=EDGE_CURVE('',#4372,#4373,#1950,.T.);
#5333=EDGE_CURVE('',#4350,#4373,#1951,.T.);
#5334=EDGE_CURVE('',#4349,#4374,#1952,.T.);
#5335=EDGE_CURVE('',#4374,#4375,#1953,.T.);
#5336=EDGE_CURVE('',#4375,#4376,#1954,.T.);
#5337=EDGE_CURVE('',#4376,#4377,#1955,.T.);
#5338=EDGE_CURVE('',#4339,#4377,#1956,.T.);
#5339=EDGE_CURVE('',#4378,#4379,#1957,.T.);
#5340=EDGE_CURVE('',#4380,#4378,#1958,.T.);
#5341=EDGE_CURVE('',#4381,#4380,#1959,.T.);
#5342=EDGE_CURVE('',#4382,#4381,#1960,.T.);
#5343=EDGE_CURVE('',#4383,#4382,#1961,.T.);
#5344=EDGE_CURVE('',#4384,#4383,#1962,.T.);
#5345=EDGE_CURVE('',#4385,#4384,#1963,.T.);
#5346=EDGE_CURVE('',#4386,#4385,#1964,.T.);
#5347=EDGE_CURVE('',#4387,#4386,#1965,.T.);
#5348=EDGE_CURVE('',#4388,#4387,#1966,.T.);
#5349=EDGE_CURVE('',#4389,#4388,#1967,.T.);
#5350=EDGE_CURVE('',#4379,#4389,#1968,.T.);
#5351=EDGE_CURVE('',#4390,#4391,#1969,.T.);
#5352=EDGE_CURVE('',#4392,#4390,#1970,.T.);
#5353=EDGE_CURVE('',#4340,#4392,#1971,.T.);
#5354=EDGE_CURVE('',#4393,#4377,#1972,.T.);
#5355=EDGE_CURVE('',#4394,#4393,#1973,.T.);
#5356=EDGE_CURVE('',#4394,#4391,#1974,.T.);
#5357=EDGE_CURVE('',#4341,#4395,#1975,.T.);
#5358=EDGE_CURVE('',#4395,#4392,#1976,.T.);
#5359=EDGE_CURVE('',#4342,#4396,#1977,.T.);
#5360=EDGE_CURVE('',#4396,#4395,#1978,.T.);
#5361=EDGE_CURVE('',#4343,#4397,#1979,.T.);
#5362=EDGE_CURVE('',#4397,#4396,#1980,.T.);
#5363=EDGE_CURVE('',#4344,#4398,#1981,.T.);
#5364=EDGE_CURVE('',#4398,#4397,#1982,.T.);
#5365=EDGE_CURVE('',#4390,#4398,#1983,.T.);
#5366=EDGE_CURVE('',#4391,#4399,#1984,.T.);
#5367=EDGE_CURVE('',#4399,#4400,#1985,.T.);
#5368=EDGE_CURVE('',#4345,#4400,#1986,.T.);
#5369=EDGE_CURVE('',#4368,#4401,#1987,.T.);
#5370=EDGE_CURVE('',#4402,#4401,#1988,.T.);
#5371=EDGE_CURVE('',#4365,#4402,#1989,.T.);
#5372=EDGE_CURVE('',#4364,#4403,#1990,.T.);
#5373=EDGE_CURVE('',#4404,#4403,#1991,.T.);
#5374=EDGE_CURVE('',#4361,#4404,#1992,.T.);
#5375=EDGE_CURVE('',#4360,#4405,#1993,.T.);
#5376=EDGE_CURVE('',#4406,#4405,#1994,.T.);
#5377=EDGE_CURVE('',#4357,#4406,#1995,.T.);
#5378=EDGE_CURVE('',#4356,#4407,#1996,.T.);
#5379=EDGE_CURVE('',#4408,#4407,#1997,.T.);
#5380=EDGE_CURVE('',#4353,#4408,#1998,.T.);
#5381=EDGE_CURVE('',#4400,#4409,#1999,.T.);
#5382=EDGE_CURVE('',#4409,#4410,#2000,.T.);
#5383=EDGE_CURVE('',#4410,#4411,#2001,.T.);
#5384=EDGE_CURVE('',#4411,#4393,#2002,.T.);
#5385=EDGE_CURVE('',#4376,#4412,#2003,.T.);
#5386=EDGE_CURVE('',#4412,#4413,#2004,.T.);
#5387=EDGE_CURVE('',#4413,#4414,#2005,.T.);
#5388=EDGE_CURVE('',#4414,#4346,#2006,.T.);
#5389=EDGE_CURVE('',#4415,#4347,#2007,.T.);
#5390=EDGE_CURVE('',#4415,#4414,#2008,.T.);
#5391=EDGE_CURVE('',#4348,#4416,#2009,.T.);
#5392=EDGE_CURVE('',#4347,#4417,#2010,.T.);
#5393=EDGE_CURVE('',#4416,#4417,#2011,.T.);
#5394=EDGE_CURVE('',#4416,#4418,#2012,.T.);
#5395=EDGE_CURVE('',#4418,#4349,#2013,.T.);
#5396=EDGE_CURVE('',#4419,#4420,#2014,.T.);
#5397=EDGE_CURVE('',#4351,#4419,#2015,.T.);
#5398=EDGE_CURVE('',#4420,#4350,#2016,.T.);
#5399=EDGE_CURVE('',#4352,#4421,#2017,.T.);
#5400=EDGE_CURVE('',#4421,#4419,#2018,.T.);
#5401=EDGE_CURVE('',#4422,#4354,#2019,.T.);
#5402=EDGE_CURVE('',#4408,#4423,#2020,.T.);
#5403=EDGE_CURVE('',#4423,#4424,#2021,.T.);
#5404=EDGE_CURVE('',#4424,#4422,#2022,.T.);
#5405=EDGE_CURVE('',#4422,#4425,#2023,.T.);
#5406=EDGE_CURVE('',#4425,#4355,#2024,.T.);
#5407=EDGE_CURVE('',#4426,#4425,#2025,.T.);
#5408=EDGE_CURVE('',#4427,#4426,#2026,.T.);
#5409=EDGE_CURVE('',#4407,#4427,#2027,.T.);
#5410=EDGE_CURVE('',#4428,#4358,#2028,.T.);
#5411=EDGE_CURVE('',#4406,#4429,#2029,.T.);
#5412=EDGE_CURVE('',#4429,#4430,#2030,.T.);
#5413=EDGE_CURVE('',#4430,#4428,#2031,.T.);
#5414=EDGE_CURVE('',#4428,#4431,#2032,.T.);
#5415=EDGE_CURVE('',#4431,#4359,#2033,.T.);
#5416=EDGE_CURVE('',#4432,#4431,#2034,.T.);
#5417=EDGE_CURVE('',#4433,#4432,#2035,.T.);
#5418=EDGE_CURVE('',#4405,#4433,#2036,.T.);
#5419=EDGE_CURVE('',#4434,#4362,#2037,.T.);
#5420=EDGE_CURVE('',#4404,#4435,#2038,.T.);
#5421=EDGE_CURVE('',#4435,#4436,#2039,.T.);
#5422=EDGE_CURVE('',#4436,#4434,#2040,.T.);
#5423=EDGE_CURVE('',#4434,#4437,#2041,.T.);
#5424=EDGE_CURVE('',#4437,#4363,#2042,.T.);
#5425=EDGE_CURVE('',#4438,#4437,#2043,.T.);
#5426=EDGE_CURVE('',#4439,#4438,#2044,.T.);
#5427=EDGE_CURVE('',#4403,#4439,#2045,.T.);
#5428=EDGE_CURVE('',#4440,#4366,#2046,.T.);
#5429=EDGE_CURVE('',#4402,#4441,#2047,.T.);
#5430=EDGE_CURVE('',#4441,#4442,#2048,.T.);
#5431=EDGE_CURVE('',#4442,#4440,#2049,.T.);
#5432=EDGE_CURVE('',#4440,#4443,#2050,.T.);
#5433=EDGE_CURVE('',#4443,#4367,#2051,.T.);
#5434=EDGE_CURVE('',#4444,#4443,#2052,.T.);
#5435=EDGE_CURVE('',#4445,#4444,#2053,.T.);
#5436=EDGE_CURVE('',#4401,#4445,#2054,.T.);
#5437=EDGE_CURVE('',#4446,#4372,#2055,.T.);
#5438=EDGE_CURVE('',#4421,#4446,#2056,.T.);
#5439=EDGE_CURVE('',#4446,#4420,#2057,.T.);
#5440=EDGE_CURVE('',#4418,#4447,#2058,.T.);
#5441=EDGE_CURVE('',#4447,#4375,#2059,.T.);
#5442=EDGE_CURVE('',#4375,#4448,#2060,.T.);
#5443=EDGE_CURVE('',#4448,#4412,#2061,.T.);
#5444=EDGE_CURVE('',#4379,#4449,#2062,.T.);
#5445=EDGE_CURVE('',#4450,#4449,#2063,.T.);
#5446=EDGE_CURVE('',#4450,#4387,#2064,.T.);
#5447=EDGE_CURVE('',#4386,#4451,#2065,.T.);
#5448=EDGE_CURVE('',#4452,#4451,#2066,.T.);
#5449=EDGE_CURVE('',#4378,#4452,#2067,.T.);
#5450=EDGE_CURVE('',#4389,#4453,#2068,.T.);
#5451=EDGE_CURVE('',#4449,#4453,#2069,.T.);
#5452=EDGE_CURVE('',#4388,#4454,#2070,.T.);
#5453=EDGE_CURVE('',#4453,#4454,#2071,.T.);
#5454=EDGE_CURVE('',#4454,#4450,#2072,.T.);
#5455=EDGE_CURVE('',#4385,#4455,#2073,.T.);
#5456=EDGE_CURVE('',#4451,#4455,#2074,.T.);
#5457=EDGE_CURVE('',#4384,#4456,#2075,.T.);
#5458=EDGE_CURVE('',#4457,#4456,#2076,.T.);
#5459=EDGE_CURVE('',#4457,#4381,#2077,.T.);
#5460=EDGE_CURVE('',#4380,#4458,#2078,.T.);
#5461=EDGE_CURVE('',#4455,#4458,#2079,.T.);
#5462=EDGE_CURVE('',#4383,#4459,#2080,.T.);
#5463=EDGE_CURVE('',#4456,#4459,#2081,.T.);
#5464=EDGE_CURVE('',#4382,#4460,#2082,.T.);
#5465=EDGE_CURVE('',#4459,#4460,#2083,.T.);
#5466=EDGE_CURVE('',#4460,#4457,#2084,.T.);
#5467=EDGE_CURVE('',#4458,#4452,#2085,.T.);
#5468=EDGE_CURVE('',#4461,#4394,#2086,.T.);
#5469=EDGE_CURVE('',#4462,#4461,#2087,.T.);
#5470=EDGE_CURVE('',#4463,#4462,#2088,.T.);
#5471=EDGE_CURVE('',#4399,#4463,#2089,.T.);
#5472=EDGE_CURVE('',#4461,#4411,#2090,.T.);
#5473=EDGE_CURVE('',#4463,#4409,#2091,.T.);
#5474=EDGE_CURVE('',#4441,#4445,#2092,.T.);
#5475=EDGE_CURVE('',#4435,#4439,#2093,.T.);
#5476=EDGE_CURVE('',#4429,#4433,#2094,.T.);
#5477=EDGE_CURVE('',#4423,#4427,#2095,.T.);
#5478=EDGE_CURVE('',#4464,#4415,#2096,.T.);
#5479=EDGE_CURVE('',#4464,#4413,#2097,.T.);
#5480=EDGE_CURVE('',#4448,#4464,#2098,.T.);
#5481=EDGE_CURVE('',#4462,#4410,#2099,.T.);
#5482=EDGE_CURVE('',#4417,#4447,#2100,.T.);
#5483=EDGE_CURVE('',#4424,#4426,#2101,.T.);
#5484=EDGE_CURVE('',#4430,#4432,#2102,.T.);
#5485=EDGE_CURVE('',#4436,#4438,#2103,.T.);
#5486=EDGE_CURVE('',#4442,#4444,#2104,.T.);
#5487=EDGE_CURVE('',#4465,#4466,#2105,.T.);
#5488=EDGE_CURVE('',#4467,#4465,#2106,.T.);
#5489=EDGE_CURVE('',#4467,#4468,#2107,.T.);
#5490=EDGE_CURVE('',#4468,#4466,#2108,.T.);
#5491=EDGE_CURVE('',#4469,#4470,#2109,.T.);
#5492=EDGE_CURVE('',#4469,#4471,#2110,.T.);
#5493=EDGE_CURVE('',#4471,#4472,#2111,.T.);
#5494=EDGE_CURVE('',#4470,#4472,#2112,.T.);
#5495=EDGE_CURVE('',#4473,#4474,#2113,.T.);
#5496=EDGE_CURVE('',#4473,#4475,#2114,.T.);
#5497=EDGE_CURVE('',#4475,#4476,#2115,.T.);
#5498=EDGE_CURVE('',#4474,#4476,#2116,.T.);
#5499=EDGE_CURVE('',#4477,#4478,#2117,.T.);
#5500=EDGE_CURVE('',#4477,#4479,#2118,.T.);
#5501=EDGE_CURVE('',#4479,#4480,#2119,.T.);
#5502=EDGE_CURVE('',#4478,#4480,#2120,.T.);
#5503=EDGE_CURVE('',#4466,#4481,#2121,.T.);
#5504=EDGE_CURVE('',#4482,#4481,#2122,.T.);
#5505=EDGE_CURVE('',#4465,#4482,#2123,.T.);
#5506=EDGE_CURVE('',#4481,#4483,#2124,.T.);
#5507=EDGE_CURVE('',#4483,#4468,#2125,.T.);
#5508=EDGE_CURVE('',#4484,#4483,#2126,.T.);
#5509=EDGE_CURVE('',#4484,#4467,#2127,.T.);
#5510=EDGE_CURVE('',#4482,#4484,#2128,.T.);
#5511=EDGE_CURVE('',#4485,#4486,#2129,.T.);
#5512=EDGE_CURVE('',#4486,#4469,#2130,.T.);
#5513=EDGE_CURVE('',#4470,#4485,#2131,.T.);
#5514=EDGE_CURVE('',#4472,#4487,#2132,.T.);
#5515=EDGE_CURVE('',#4485,#4487,#2133,.T.);
#5516=EDGE_CURVE('',#4487,#4488,#2134,.T.);
#5517=EDGE_CURVE('',#4488,#4471,#2135,.T.);
#5518=EDGE_CURVE('',#4486,#4488,#2136,.T.);
#5519=EDGE_CURVE('',#4489,#4490,#2137,.T.);
#5520=EDGE_CURVE('',#4490,#4473,#2138,.T.);
#5521=EDGE_CURVE('',#4474,#4489,#2139,.T.);
#5522=EDGE_CURVE('',#4476,#4491,#2140,.T.);
#5523=EDGE_CURVE('',#4489,#4491,#2141,.T.);
#5524=EDGE_CURVE('',#4491,#4492,#2142,.T.);
#5525=EDGE_CURVE('',#4492,#4475,#2143,.T.);
#5526=EDGE_CURVE('',#4490,#4492,#2144,.T.);
#5527=EDGE_CURVE('',#4493,#4494,#2145,.T.);
#5528=EDGE_CURVE('',#4494,#4477,#2146,.T.);
#5529=EDGE_CURVE('',#4478,#4493,#2147,.T.);
#5530=EDGE_CURVE('',#4480,#4495,#2148,.T.);
#5531=EDGE_CURVE('',#4493,#4495,#2149,.T.);
#5532=EDGE_CURVE('',#4495,#4496,#2150,.T.);
#5533=EDGE_CURVE('',#4496,#4479,#2151,.T.);
#5534=EDGE_CURVE('',#4494,#4496,#2152,.T.);
#5535=EDGE_CURVE('',#4497,#4498,#2153,.T.);
#5536=EDGE_CURVE('',#4498,#4499,#163,.T.);
#5537=EDGE_CURVE('',#4499,#4500,#2154,.T.);
#5538=EDGE_CURVE('',#4501,#4500,#164,.T.);
#5539=EDGE_CURVE('',#4502,#4501,#2155,.T.);
#5540=EDGE_CURVE('',#4502,#4503,#165,.T.);
#5541=EDGE_CURVE('',#4504,#4503,#2156,.T.);
#5542=EDGE_CURVE('',#4497,#4504,#166,.T.);
#5543=EDGE_CURVE('',#4505,#4506,#2157,.T.);
#5544=EDGE_CURVE('',#4498,#4506,#2158,.T.);
#5545=EDGE_CURVE('',#4497,#4505,#2159,.T.);
#5546=EDGE_CURVE('',#4504,#4507,#2160,.T.);
#5547=EDGE_CURVE('',#4505,#4507,#167,.T.);
#5548=EDGE_CURVE('',#4506,#4508,#168,.T.);
#5549=EDGE_CURVE('',#4499,#4508,#2161,.T.);
#5550=EDGE_CURVE('',#4503,#4509,#2162,.T.);
#5551=EDGE_CURVE('',#4507,#4509,#2163,.T.);
#5552=EDGE_CURVE('',#4508,#4510,#2164,.T.);
#5553=EDGE_CURVE('',#4500,#4510,#2165,.T.);
#5554=EDGE_CURVE('',#4502,#4511,#2166,.T.);
#5555=EDGE_CURVE('',#4511,#4509,#169,.T.);
#5556=EDGE_CURVE('',#4512,#4510,#170,.T.);
#5557=EDGE_CURVE('',#4501,#4512,#2167,.T.);
#5558=EDGE_CURVE('',#4511,#4512,#2168,.T.);
#5559=EDGE_CURVE('',#4513,#4514,#171,.T.);
#5560=EDGE_CURVE('',#4513,#4515,#2169,.T.);
#5561=EDGE_CURVE('',#4515,#4516,#172,.T.);
#5562=EDGE_CURVE('',#4516,#4517,#2170,.T.);
#5563=EDGE_CURVE('',#4518,#4517,#173,.T.);
#5564=EDGE_CURVE('',#4519,#4518,#2171,.T.);
#5565=EDGE_CURVE('',#4519,#4520,#174,.T.);
#5566=EDGE_CURVE('',#4514,#4520,#2172,.T.);
#5567=EDGE_CURVE('',#4514,#4521,#2173,.T.);
#5568=EDGE_CURVE('',#4522,#4521,#175,.T.);
#5569=EDGE_CURVE('',#4513,#4522,#2174,.T.);
#5570=EDGE_CURVE('',#4520,#4523,#2175,.T.);
#5571=EDGE_CURVE('',#4521,#4523,#2176,.T.);
#5572=EDGE_CURVE('',#4519,#4524,#2177,.T.);
#5573=EDGE_CURVE('',#4524,#4523,#176,.T.);
#5574=EDGE_CURVE('',#4524,#4525,#2178,.T.);
#5575=EDGE_CURVE('',#4518,#4525,#2179,.T.);
#5576=EDGE_CURVE('',#4517,#4526,#2180,.T.);
#5577=EDGE_CURVE('',#4525,#4526,#177,.T.);
#5578=EDGE_CURVE('',#4516,#4527,#2181,.T.);
#5579=EDGE_CURVE('',#4527,#4526,#2182,.T.);
#5580=EDGE_CURVE('',#4515,#4528,#2183,.T.);
#5581=EDGE_CURVE('',#4528,#4527,#178,.T.);
#5582=EDGE_CURVE('',#4522,#4528,#2184,.T.);
#5583=EDGE_CURVE('',#4529,#4530,#2185,.T.);
#5584=EDGE_CURVE('',#4530,#4531,#179,.T.);
#5585=EDGE_CURVE('',#4531,#4532,#2186,.T.);
#5586=EDGE_CURVE('',#4533,#4532,#180,.T.);
#5587=EDGE_CURVE('',#4534,#4533,#2187,.T.);
#5588=EDGE_CURVE('',#4534,#4535,#181,.T.);
#5589=EDGE_CURVE('',#4536,#4535,#2188,.T.);
#5590=EDGE_CURVE('',#4529,#4536,#182,.T.);
#5591=EDGE_CURVE('',#4537,#4538,#2189,.T.);
#5592=EDGE_CURVE('',#4530,#4538,#2190,.T.);
#5593=EDGE_CURVE('',#4529,#4537,#2191,.T.);
#5594=EDGE_CURVE('',#4536,#4539,#2192,.T.);
#5595=EDGE_CURVE('',#4537,#4539,#183,.T.);
#5596=EDGE_CURVE('',#4538,#4540,#184,.T.);
#5597=EDGE_CURVE('',#4531,#4540,#2193,.T.);
#5598=EDGE_CURVE('',#4535,#4541,#2194,.T.);
#5599=EDGE_CURVE('',#4539,#4541,#2195,.T.);
#5600=EDGE_CURVE('',#4540,#4542,#2196,.T.);
#5601=EDGE_CURVE('',#4532,#4542,#2197,.T.);
#5602=EDGE_CURVE('',#4534,#4543,#2198,.T.);
#5603=EDGE_CURVE('',#4543,#4541,#185,.T.);
#5604=EDGE_CURVE('',#4544,#4542,#186,.T.);
#5605=EDGE_CURVE('',#4533,#4544,#2199,.T.);
#5606=EDGE_CURVE('',#4543,#4544,#2200,.T.);
#5607=EDGE_CURVE('',#4545,#4546,#2201,.T.);
#5608=EDGE_CURVE('',#4545,#4547,#2202,.T.);
#5609=EDGE_CURVE('',#4547,#4548,#2203,.T.);
#5610=EDGE_CURVE('',#4546,#4548,#2204,.T.);
#5611=EDGE_CURVE('',#4546,#4549,#2205,.T.);
#5612=EDGE_CURVE('',#4549,#4550,#2206,.T.);
#5613=EDGE_CURVE('',#4550,#4551,#2207,.T.);
#5614=EDGE_CURVE('',#4551,#4552,#2208,.T.);
#5615=EDGE_CURVE('',#4552,#4553,#2209,.T.);
#5616=EDGE_CURVE('',#4553,#4554,#2210,.T.);
#5617=EDGE_CURVE('',#4554,#4545,#2211,.T.);
#5618=EDGE_CURVE('',#4548,#4555,#2212,.T.);
#5619=EDGE_CURVE('',#4549,#4555,#2213,.T.);
#5620=EDGE_CURVE('',#4547,#4556,#2214,.T.);
#5621=EDGE_CURVE('',#4556,#4557,#2215,.T.);
#5622=EDGE_CURVE('',#4548,#4557,#2216,.T.);
#5623=EDGE_CURVE('',#4554,#4558,#2217,.T.);
#5624=EDGE_CURVE('',#4558,#4547,#2218,.T.);
#5625=EDGE_CURVE('',#4553,#4559,#2219,.T.);
#5626=EDGE_CURVE('',#4559,#4560,#2220,.T.);
#5627=EDGE_CURVE('',#4560,#4561,#2221,.T.);
#5628=EDGE_CURVE('',#4561,#4562,#2222,.T.);
#5629=EDGE_CURVE('',#4562,#4563,#2223,.T.);
#5630=EDGE_CURVE('',#4563,#4564,#2224,.T.);
#5631=EDGE_CURVE('',#4564,#4565,#2225,.T.);
#5632=EDGE_CURVE('',#4565,#4558,#2226,.T.);
#5633=EDGE_CURVE('',#4555,#4566,#2227,.T.);
#5634=EDGE_CURVE('',#4566,#4567,#2228,.T.);
#5635=EDGE_CURVE('',#4567,#4568,#2229,.T.);
#5636=EDGE_CURVE('',#4568,#4569,#2230,.T.);
#5637=EDGE_CURVE('',#4569,#4570,#2231,.T.);
#5638=EDGE_CURVE('',#4570,#4571,#2232,.T.);
#5639=EDGE_CURVE('',#4571,#4572,#2233,.T.);
#5640=EDGE_CURVE('',#4550,#4572,#2234,.T.);
#5641=EDGE_CURVE('',#4552,#4573,#2235,.T.);
#5642=EDGE_CURVE('',#4573,#4559,#2236,.T.);
#5643=EDGE_CURVE('',#4572,#4574,#2237,.T.);
#5644=EDGE_CURVE('',#4551,#4574,#2238,.T.);
#5645=EDGE_CURVE('',#4574,#4573,#2239,.T.);
#5646=EDGE_CURVE('',#4557,#4575,#2240,.T.);
#5647=EDGE_CURVE('',#4555,#4575,#2241,.T.);
#5648=EDGE_CURVE('',#4576,#4556,#2242,.T.);
#5649=EDGE_CURVE('',#4577,#4576,#2243,.T.);
#5650=EDGE_CURVE('',#4577,#4578,#2244,.T.);
#5651=EDGE_CURVE('',#4578,#4579,#2245,.T.);
#5652=EDGE_CURVE('',#4579,#4580,#2246,.T.);
#5653=EDGE_CURVE('',#4580,#4581,#2247,.T.);
#5654=EDGE_CURVE('',#4581,#4582,#2248,.T.);
#5655=EDGE_CURVE('',#4582,#4583,#2249,.T.);
#5656=EDGE_CURVE('',#4584,#4583,#2250,.T.);
#5657=EDGE_CURVE('',#4575,#4584,#2251,.T.);
#5658=EDGE_CURVE('',#4558,#4576,#2252,.T.);
#5659=EDGE_CURVE('',#4559,#4585,#2253,.T.);
#5660=EDGE_CURVE('',#4585,#4586,#2254,.T.);
#5661=EDGE_CURVE('',#4560,#4586,#2255,.T.);
#5662=EDGE_CURVE('',#4560,#4587,#2256,.T.);
#5663=EDGE_CURVE('',#4587,#4588,#2257,.T.);
#5664=EDGE_CURVE('',#4561,#4588,#2258,.T.);
#5665=EDGE_CURVE('',#4561,#4589,#2259,.T.);
#5666=EDGE_CURVE('',#4589,#4590,#2260,.T.);
#5667=EDGE_CURVE('',#4562,#4590,#2261,.T.);
#5668=EDGE_CURVE('',#4562,#4591,#2262,.T.);
#5669=EDGE_CURVE('',#4591,#4592,#2263,.T.);
#5670=EDGE_CURVE('',#4563,#4592,#2264,.T.);
#5671=EDGE_CURVE('',#4563,#4593,#2265,.T.);
#5672=EDGE_CURVE('',#4593,#4594,#2266,.T.);
#5673=EDGE_CURVE('',#4564,#4594,#2267,.T.);
#5674=EDGE_CURVE('',#4564,#4595,#2268,.T.);
#5675=EDGE_CURVE('',#4595,#4596,#2269,.T.);
#5676=EDGE_CURVE('',#4565,#4596,#2270,.T.);
#5677=EDGE_CURVE('',#4565,#4577,#2271,.T.);
#5678=EDGE_CURVE('',#4566,#4584,#2272,.T.);
#5679=EDGE_CURVE('',#4566,#4597,#2273,.T.);
#5680=EDGE_CURVE('',#4597,#4598,#2274,.T.);
#5681=EDGE_CURVE('',#4567,#4598,#2275,.T.);
#5682=EDGE_CURVE('',#4567,#4599,#2276,.T.);
#5683=EDGE_CURVE('',#4599,#4600,#2277,.T.);
#5684=EDGE_CURVE('',#4568,#4600,#2278,.T.);
#5685=EDGE_CURVE('',#4568,#4601,#2279,.T.);
#5686=EDGE_CURVE('',#4601,#4602,#2280,.T.);
#5687=EDGE_CURVE('',#4569,#4602,#2281,.T.);
#5688=EDGE_CURVE('',#4569,#4603,#2282,.T.);
#5689=EDGE_CURVE('',#4603,#4604,#2283,.T.);
#5690=EDGE_CURVE('',#4570,#4604,#2284,.T.);
#5691=EDGE_CURVE('',#4570,#4605,#2285,.T.);
#5692=EDGE_CURVE('',#4605,#4606,#2286,.T.);
#5693=EDGE_CURVE('',#4571,#4606,#2287,.T.);
#5694=EDGE_CURVE('',#4571,#4607,#2288,.T.);
#5695=EDGE_CURVE('',#4607,#4608,#2289,.T.);
#5696=EDGE_CURVE('',#4572,#4608,#2290,.T.);
#5697=EDGE_CURVE('',#4573,#4609,#2291,.T.);
#5698=EDGE_CURVE('',#4609,#4585,#2292,.T.);
#5699=EDGE_CURVE('',#4608,#4610,#2293,.T.);
#5700=EDGE_CURVE('',#4574,#4610,#2294,.T.);
#5701=EDGE_CURVE('',#4610,#4609,#2295,.T.);
#5702=EDGE_CURVE('',#4611,#4594,#2296,.T.);
#5703=EDGE_CURVE('',#4594,#4612,#2297,.T.);
#5704=EDGE_CURVE('',#4612,#4578,#2298,.T.);
#5705=EDGE_CURVE('',#4613,#4577,#2299,.T.);
#5706=EDGE_CURVE('',#4611,#4613,#2300,.T.);
#5707=EDGE_CURVE('',#4614,#4615,#2301,.T.);
#5708=EDGE_CURVE('',#4614,#4616,#2302,.T.);
#5709=EDGE_CURVE('',#4616,#4617,#2303,.T.);
#5710=EDGE_CURVE('',#4579,#4617,#2304,.T.);
#5711=EDGE_CURVE('',#4618,#4612,#2305,.T.);
#5712=EDGE_CURVE('',#4619,#4618,#2306,.T.);
#5713=EDGE_CURVE('',#4620,#4619,#2307,.T.);
#5714=EDGE_CURVE('',#4615,#4620,#2308,.T.);
#5715=EDGE_CURVE('',#4617,#4621,#2309,.T.);
#5716=EDGE_CURVE('',#4580,#4621,#2310,.T.);
#5717=EDGE_CURVE('',#4621,#4622,#2311,.T.);
#5718=EDGE_CURVE('',#4581,#4622,#2312,.T.);
#5719=EDGE_CURVE('',#4622,#4623,#2313,.T.);
#5720=EDGE_CURVE('',#4582,#4623,#2314,.T.);
#5721=EDGE_CURVE('',#4623,#4624,#2315,.T.);
#5722=EDGE_CURVE('',#4625,#4624,#2316,.T.);
#5723=EDGE_CURVE('',#4626,#4625,#2317,.T.);
#5724=EDGE_CURVE('',#4627,#4626,#2318,.T.);
#5725=EDGE_CURVE('',#4628,#4627,#2319,.T.);
#5726=EDGE_CURVE('',#4629,#4628,#2320,.T.);
#5727=EDGE_CURVE('',#4630,#4629,#2321,.T.);
#5728=EDGE_CURVE('',#4583,#4630,#2322,.T.);
#5729=EDGE_CURVE('',#4631,#4584,#2323,.T.);
#5730=EDGE_CURVE('',#4599,#4630,#2324,.T.);
#5731=EDGE_CURVE('',#4632,#4599,#2325,.T.);
#5732=EDGE_CURVE('',#4631,#4632,#2326,.T.);
#5733=EDGE_CURVE('',#4607,#4626,#2327,.T.);
#5734=EDGE_CURVE('',#4625,#4633,#2328,.T.);
#5735=EDGE_CURVE('',#4633,#4634,#2329,.T.);
#5736=EDGE_CURVE('',#4634,#4614,#2330,.T.);
#5737=EDGE_CURVE('',#4586,#4615,#2331,.T.);
#5738=EDGE_CURVE('',#4635,#4586,#2332,.T.);
#5739=EDGE_CURVE('',#4636,#4635,#187,.T.);
#5740=EDGE_CURVE('',#4637,#4636,#2333,.T.);
#5741=EDGE_CURVE('',#4638,#4637,#188,.T.);
#5742=EDGE_CURVE('',#4639,#4638,#2334,.T.);
#5743=EDGE_CURVE('',#4640,#4639,#2335,.T.);
#5744=EDGE_CURVE('',#4641,#4640,#2336,.T.);
#5745=EDGE_CURVE('',#4642,#4641,#189,.T.);
#5746=EDGE_CURVE('',#4643,#4642,#2337,.T.);
#5747=EDGE_CURVE('',#4587,#4643,#190,.T.);
#5748=EDGE_CURVE('',#4643,#4644,#2338,.T.);
#5749=EDGE_CURVE('',#4588,#4644,#191,.T.);
#5750=EDGE_CURVE('',#4644,#4645,#2339,.T.);
#5751=EDGE_CURVE('',#4645,#4646,#192,.T.);
#5752=EDGE_CURVE('',#4646,#4647,#2340,.T.);
#5753=EDGE_CURVE('',#4647,#4648,#2341,.T.);
#5754=EDGE_CURVE('',#4648,#4649,#2342,.T.);
#5755=EDGE_CURVE('',#4649,#4650,#193,.T.);
#5756=EDGE_CURVE('',#4650,#4651,#2343,.T.);
#5757=EDGE_CURVE('',#4651,#4652,#194,.T.);
#5758=EDGE_CURVE('',#4652,#4589,#2344,.T.);
#5759=EDGE_CURVE('',#4589,#4620,#2345,.T.);
#5760=EDGE_CURVE('',#4590,#4619,#2346,.T.);
#5761=EDGE_CURVE('',#4653,#4590,#2347,.T.);
#5762=EDGE_CURVE('',#4654,#4653,#195,.T.);
#5763=EDGE_CURVE('',#4655,#4654,#2348,.T.);
#5764=EDGE_CURVE('',#4656,#4655,#196,.T.);
#5765=EDGE_CURVE('',#4657,#4656,#2349,.T.);
#5766=EDGE_CURVE('',#4658,#4657,#2350,.T.);
#5767=EDGE_CURVE('',#4659,#4658,#2351,.T.);
#5768=EDGE_CURVE('',#4660,#4659,#197,.T.);
#5769=EDGE_CURVE('',#4661,#4660,#2352,.T.);
#5770=EDGE_CURVE('',#4591,#4661,#198,.T.);
#5771=EDGE_CURVE('',#4661,#4662,#2353,.T.);
#5772=EDGE_CURVE('',#4592,#4662,#199,.T.);
#5773=EDGE_CURVE('',#4662,#4663,#2354,.T.);
#5774=EDGE_CURVE('',#4663,#4664,#200,.T.);
#5775=EDGE_CURVE('',#4664,#4665,#2355,.T.);
#5776=EDGE_CURVE('',#4665,#4666,#2356,.T.);
#5777=EDGE_CURVE('',#4666,#4667,#2357,.T.);
#5778=EDGE_CURVE('',#4667,#4668,#201,.T.);
#5779=EDGE_CURVE('',#4668,#4669,#2358,.T.);
#5780=EDGE_CURVE('',#4669,#4670,#202,.T.);
#5781=EDGE_CURVE('',#4670,#4593,#2359,.T.);
#5782=EDGE_CURVE('',#4593,#4618,#2360,.T.);
#5783=EDGE_CURVE('',#4671,#4611,#203,.T.);
#5784=EDGE_CURVE('',#4672,#4671,#2361,.T.);
#5785=EDGE_CURVE('',#4673,#4672,#204,.T.);
#5786=EDGE_CURVE('',#4674,#4673,#2362,.T.);
#5787=EDGE_CURVE('',#4675,#4674,#2363,.T.);
#5788=EDGE_CURVE('',#4676,#4675,#2364,.T.);
#5789=EDGE_CURVE('',#4677,#4676,#205,.T.);
#5790=EDGE_CURVE('',#4678,#4677,#2365,.T.);
#5791=EDGE_CURVE('',#4595,#4678,#206,.T.);
#5792=EDGE_CURVE('',#4678,#4679,#2366,.T.);
#5793=EDGE_CURVE('',#4596,#4679,#207,.T.);
#5794=EDGE_CURVE('',#4679,#4680,#2367,.T.);
#5795=EDGE_CURVE('',#4680,#4681,#208,.T.);
#5796=EDGE_CURVE('',#4681,#4682,#2368,.T.);
#5797=EDGE_CURVE('',#4682,#4683,#2369,.T.);
#5798=EDGE_CURVE('',#4683,#4684,#2370,.T.);
#5799=EDGE_CURVE('',#4684,#4685,#209,.T.);
#5800=EDGE_CURVE('',#4685,#4686,#2371,.T.);
#5801=EDGE_CURVE('',#4686,#4613,#210,.T.);
#5802=EDGE_CURVE('',#4687,#4631,#211,.T.);
#5803=EDGE_CURVE('',#4688,#4687,#2372,.T.);
#5804=EDGE_CURVE('',#4689,#4688,#212,.T.);
#5805=EDGE_CURVE('',#4690,#4689,#2373,.T.);
#5806=EDGE_CURVE('',#4691,#4690,#2374,.T.);
#5807=EDGE_CURVE('',#4692,#4691,#2375,.T.);
#5808=EDGE_CURVE('',#4693,#4692,#213,.T.);
#5809=EDGE_CURVE('',#4694,#4693,#2376,.T.);
#5810=EDGE_CURVE('',#4597,#4694,#214,.T.);
#5811=EDGE_CURVE('',#4694,#4695,#2377,.T.);
#5812=EDGE_CURVE('',#4598,#4695,#215,.T.);
#5813=EDGE_CURVE('',#4695,#4696,#2378,.T.);
#5814=EDGE_CURVE('',#4696,#4697,#216,.T.);
#5815=EDGE_CURVE('',#4697,#4698,#2379,.T.);
#5816=EDGE_CURVE('',#4698,#4699,#2380,.T.);
#5817=EDGE_CURVE('',#4699,#4700,#2381,.T.);
#5818=EDGE_CURVE('',#4700,#4701,#217,.T.);
#5819=EDGE_CURVE('',#4701,#4702,#2382,.T.);
#5820=EDGE_CURVE('',#4702,#4632,#218,.T.);
#5821=EDGE_CURVE('',#4600,#4629,#2383,.T.);
#5822=EDGE_CURVE('',#4703,#4600,#2384,.T.);
#5823=EDGE_CURVE('',#4704,#4703,#219,.T.);
#5824=EDGE_CURVE('',#4705,#4704,#2385,.T.);
#5825=EDGE_CURVE('',#4706,#4705,#220,.T.);
#5826=EDGE_CURVE('',#4707,#4706,#2386,.T.);
#5827=EDGE_CURVE('',#4708,#4707,#2387,.T.);
#5828=EDGE_CURVE('',#4709,#4708,#2388,.T.);
#5829=EDGE_CURVE('',#4710,#4709,#221,.T.);
#5830=EDGE_CURVE('',#4711,#4710,#2389,.T.);
#5831=EDGE_CURVE('',#4601,#4711,#222,.T.);
#5832=EDGE_CURVE('',#4711,#4712,#2390,.T.);
#5833=EDGE_CURVE('',#4602,#4712,#223,.T.);
#5834=EDGE_CURVE('',#4712,#4713,#2391,.T.);
#5835=EDGE_CURVE('',#4713,#4714,#224,.T.);
#5836=EDGE_CURVE('',#4714,#4715,#2392,.T.);
#5837=EDGE_CURVE('',#4715,#4716,#2393,.T.);
#5838=EDGE_CURVE('',#4716,#4717,#2394,.T.);
#5839=EDGE_CURVE('',#4717,#4718,#225,.T.);
#5840=EDGE_CURVE('',#4718,#4719,#2395,.T.);
#5841=EDGE_CURVE('',#4719,#4720,#226,.T.);
#5842=EDGE_CURVE('',#4720,#4603,#2396,.T.);
#5843=EDGE_CURVE('',#4603,#4628,#2397,.T.);
#5844=EDGE_CURVE('',#4604,#4627,#2398,.T.);
#5845=EDGE_CURVE('',#4721,#4604,#2399,.T.);
#5846=EDGE_CURVE('',#4722,#4721,#227,.T.);
#5847=EDGE_CURVE('',#4723,#4722,#2400,.T.);
#5848=EDGE_CURVE('',#4724,#4723,#228,.T.);
#5849=EDGE_CURVE('',#4725,#4724,#2401,.T.);
#5850=EDGE_CURVE('',#4726,#4725,#2402,.T.);
#5851=EDGE_CURVE('',#4727,#4726,#2403,.T.);
#5852=EDGE_CURVE('',#4728,#4727,#229,.T.);
#5853=EDGE_CURVE('',#4729,#4728,#2404,.T.);
#5854=EDGE_CURVE('',#4605,#4729,#230,.T.);
#5855=EDGE_CURVE('',#4729,#4730,#2405,.T.);
#5856=EDGE_CURVE('',#4606,#4730,#231,.T.);
#5857=EDGE_CURVE('',#4730,#4731,#2406,.T.);
#5858=EDGE_CURVE('',#4731,#4732,#232,.T.);
#5859=EDGE_CURVE('',#4732,#4733,#2407,.T.);
#5860=EDGE_CURVE('',#4733,#4734,#2408,.T.);
#5861=EDGE_CURVE('',#4734,#4735,#2409,.T.);
#5862=EDGE_CURVE('',#4735,#4736,#233,.T.);
#5863=EDGE_CURVE('',#4736,#4737,#2410,.T.);
#5864=EDGE_CURVE('',#4737,#4738,#234,.T.);
#5865=EDGE_CURVE('',#4738,#4607,#2411,.T.);
#5866=EDGE_CURVE('',#4671,#4686,#2412,.T.);
#5867=EDGE_CURVE('',#4635,#4652,#2413,.T.);
#5868=EDGE_CURVE('',#4653,#4670,#2414,.T.);
#5869=EDGE_CURVE('',#4739,#4616,#2415,.T.);
#5870=EDGE_CURVE('',#4740,#4739,#2416,.T.);
#5871=EDGE_CURVE('',#4624,#4740,#2417,.T.);
#5872=EDGE_CURVE('',#4741,#4741,#235,.T.);
#5873=EDGE_CURVE('',#4634,#4739,#2418,.T.);
#5874=EDGE_CURVE('',#4703,#4720,#2419,.T.);
#5875=EDGE_CURVE('',#4721,#4738,#2420,.T.);
#5876=EDGE_CURVE('',#4633,#4740,#2421,.T.);
#5877=EDGE_CURVE('',#4687,#4702,#2422,.T.);
#5878=EDGE_CURVE('',#4636,#4651,#2423,.T.);
#5879=EDGE_CURVE('',#4637,#4650,#2424,.T.);
#5880=EDGE_CURVE('',#4638,#4649,#2425,.T.);
#5881=EDGE_CURVE('',#4639,#4648,#2426,.T.);
#5882=EDGE_CURVE('',#4640,#4647,#2427,.T.);
#5883=EDGE_CURVE('',#4641,#4646,#2428,.T.);
#5884=EDGE_CURVE('',#4642,#4645,#2429,.T.);
#5885=EDGE_CURVE('',#4654,#4669,#2430,.T.);
#5886=EDGE_CURVE('',#4655,#4668,#2431,.T.);
#5887=EDGE_CURVE('',#4656,#4667,#2432,.T.);
#5888=EDGE_CURVE('',#4657,#4666,#2433,.T.);
#5889=EDGE_CURVE('',#4658,#4665,#2434,.T.);
#5890=EDGE_CURVE('',#4659,#4664,#2435,.T.);
#5891=EDGE_CURVE('',#4660,#4663,#2436,.T.);
#5892=EDGE_CURVE('',#4672,#4685,#2437,.T.);
#5893=EDGE_CURVE('',#4673,#4684,#2438,.T.);
#5894=EDGE_CURVE('',#4674,#4683,#2439,.T.);
#5895=EDGE_CURVE('',#4675,#4682,#2440,.T.);
#5896=EDGE_CURVE('',#4676,#4681,#2441,.T.);
#5897=EDGE_CURVE('',#4677,#4680,#2442,.T.);
#5898=EDGE_CURVE('',#4688,#4701,#2443,.T.);
#5899=EDGE_CURVE('',#4689,#4700,#2444,.T.);
#5900=EDGE_CURVE('',#4690,#4699,#2445,.T.);
#5901=EDGE_CURVE('',#4691,#4698,#2446,.T.);
#5902=EDGE_CURVE('',#4692,#4697,#2447,.T.);
#5903=EDGE_CURVE('',#4693,#4696,#2448,.T.);
#5904=EDGE_CURVE('',#4704,#4719,#2449,.T.);
#5905=EDGE_CURVE('',#4705,#4718,#2450,.T.);
#5906=EDGE_CURVE('',#4706,#4717,#2451,.T.);
#5907=EDGE_CURVE('',#4707,#4716,#2452,.T.);
#5908=EDGE_CURVE('',#4708,#4715,#2453,.T.);
#5909=EDGE_CURVE('',#4709,#4714,#2454,.T.);
#5910=EDGE_CURVE('',#4710,#4713,#2455,.T.);
#5911=EDGE_CURVE('',#4722,#4737,#2456,.T.);
#5912=EDGE_CURVE('',#4723,#4736,#2457,.T.);
#5913=EDGE_CURVE('',#4724,#4735,#2458,.T.);
#5914=EDGE_CURVE('',#4725,#4734,#2459,.T.);
#5915=EDGE_CURVE('',#4726,#4733,#2460,.T.);
#5916=EDGE_CURVE('',#4727,#4732,#2461,.T.);
#5917=EDGE_CURVE('',#4728,#4731,#2462,.T.);
#5918=EDGE_CURVE('',#4742,#4743,#2463,.T.);
#5919=EDGE_CURVE('',#4743,#4744,#2464,.T.);
#5920=EDGE_CURVE('',#4744,#4745,#2465,.T.);
#5921=EDGE_CURVE('',#4745,#4746,#2466,.T.);
#5922=EDGE_CURVE('',#4747,#4746,#2467,.T.);
#5923=EDGE_CURVE('',#4742,#4747,#2468,.T.);
#5924=EDGE_CURVE('',#4748,#4742,#2469,.T.);
#5925=EDGE_CURVE('',#4749,#4748,#2470,.T.);
#5926=EDGE_CURVE('',#4750,#4749,#2471,.T.);
#5927=EDGE_CURVE('',#4751,#4750,#2472,.T.);
#5928=EDGE_CURVE('',#4743,#4751,#2473,.T.);
#5929=EDGE_CURVE('',#4743,#4752,#24,.T.);
#5930=EDGE_CURVE('',#4752,#4753,#2474,.T.);
#5931=EDGE_CURVE('',#4744,#4753,#25,.T.);
#5932=EDGE_CURVE('',#4754,#4747,#2475,.T.);
#5933=EDGE_CURVE('',#4748,#4754,#2476,.T.);
#5934=EDGE_CURVE('',#4755,#4756,#2477,.T.);
#5935=EDGE_CURVE('',#4756,#4745,#2478,.T.);
#5936=EDGE_CURVE('',#4757,#4753,#2479,.T.);
#5937=EDGE_CURVE('',#4757,#4755,#26,.T.);
#5938=EDGE_CURVE('',#4758,#4759,#2480,.T.);
#5939=EDGE_CURVE('',#4759,#4760,#2481,.T.);
#5940=EDGE_CURVE('',#4760,#4754,#2482,.T.);
#5941=EDGE_CURVE('',#4746,#4756,#2483,.T.);
#5942=EDGE_CURVE('',#4755,#4758,#2484,.T.);
#5943=EDGE_CURVE('',#4761,#4751,#27,.T.);
#5944=EDGE_CURVE('',#4752,#4761,#2485,.T.);
#5945=EDGE_CURVE('',#4750,#4759,#2486,.T.);
#5946=EDGE_CURVE('',#4751,#4758,#2487,.T.);
#5947=EDGE_CURVE('',#4762,#4749,#2488,.T.);
#5948=EDGE_CURVE('',#4763,#4748,#2489,.T.);
#5949=EDGE_CURVE('',#4763,#4764,#28,.T.);
#5950=EDGE_CURVE('',#4765,#4764,#2490,.T.);
#5951=EDGE_CURVE('',#4766,#4765,#2491,.T.);
#5952=EDGE_CURVE('',#4766,#4767,#29,.T.);
#5953=EDGE_CURVE('',#4768,#4767,#2492,.T.);
#5954=EDGE_CURVE('',#4768,#4769,#30,.T.);
#5955=EDGE_CURVE('',#4769,#4770,#2493,.T.);
#5956=EDGE_CURVE('',#4770,#4771,#2494,.T.);
#5957=EDGE_CURVE('',#4771,#4762,#31,.T.);
#5958=EDGE_CURVE('',#4749,#4760,#2495,.T.);
#5959=EDGE_CURVE('',#4761,#4772,#2496,.T.);
#5960=EDGE_CURVE('',#4757,#4772,#2497,.T.);
#5961=EDGE_CURVE('',#4773,#4773,#236,.T.);
#5962=EDGE_CURVE('',#4774,#4754,#2498,.T.);
#5963=EDGE_CURVE('',#4763,#4774,#2499,.T.);
#5964=EDGE_CURVE('',#4772,#4758,#32,.T.);
#5965=EDGE_CURVE('',#4775,#4760,#2500,.T.);
#5966=EDGE_CURVE('',#4776,#4775,#33,.T.);
#5967=EDGE_CURVE('',#4777,#4776,#2501,.T.);
#5968=EDGE_CURVE('',#4778,#4777,#2502,.T.);
#5969=EDGE_CURVE('',#4779,#4778,#34,.T.);
#5970=EDGE_CURVE('',#4779,#4780,#2503,.T.);
#5971=EDGE_CURVE('',#4781,#4780,#35,.T.);
#5972=EDGE_CURVE('',#4781,#4782,#2504,.T.);
#5973=EDGE_CURVE('',#4782,#4783,#2505,.T.);
#5974=EDGE_CURVE('',#4774,#4783,#36,.T.);
#5975=EDGE_CURVE('',#4762,#4775,#2506,.T.);
#5976=EDGE_CURVE('',#4771,#4776,#2507,.T.);
#5977=EDGE_CURVE('',#4770,#4777,#2508,.T.);
#5978=EDGE_CURVE('',#4769,#4778,#2509,.T.);
#5979=EDGE_CURVE('',#4768,#4779,#2510,.T.);
#5980=EDGE_CURVE('',#4767,#4780,#2511,.T.);
#5981=EDGE_CURVE('',#4784,#4784,#237,.T.);
#5982=EDGE_CURVE('',#4766,#4781,#2512,.T.);
#5983=EDGE_CURVE('',#4765,#4782,#2513,.T.);
#5984=EDGE_CURVE('',#4764,#4783,#2514,.T.);
#5985=EDGE_CURVE('',#4785,#4785,#238,.T.);
#5986=EDGE_CURVE('',#4785,#4773,#2515,.T.);
#5987=EDGE_CURVE('',#4784,#4786,#2516,.T.);
#5988=EDGE_CURVE('',#4786,#4786,#239,.T.);
#5989=EDGE_CURVE('',#4787,#4788,#2517,.T.);
#5990=EDGE_CURVE('',#4787,#4789,#2518,.T.);
#5991=EDGE_CURVE('',#4789,#4790,#2519,.T.);
#5992=EDGE_CURVE('',#4788,#4790,#2520,.T.);
#5993=EDGE_CURVE('',#4789,#4791,#2521,.T.);
#5994=EDGE_CURVE('',#4791,#4792,#2522,.T.);
#5995=EDGE_CURVE('',#4790,#4792,#2523,.T.);
#5996=EDGE_CURVE('',#4791,#4793,#2524,.T.);
#5997=EDGE_CURVE('',#4793,#4794,#2525,.T.);
#5998=EDGE_CURVE('',#4792,#4794,#2526,.T.);
#5999=EDGE_CURVE('',#4793,#4787,#2527,.T.);
#6000=EDGE_CURVE('',#4794,#4788,#2528,.T.);
#6001=EDGE_CURVE('',#4795,#4796,#2529,.T.);
#6002=EDGE_CURVE('',#4796,#4797,#2530,.T.);
#6003=EDGE_CURVE('',#4798,#4797,#2531,.T.);
#6004=EDGE_CURVE('',#4795,#4798,#2532,.T.);
#6005=EDGE_CURVE('',#4797,#4799,#2533,.T.);
#6006=EDGE_CURVE('',#4800,#4799,#2534,.T.);
#6007=EDGE_CURVE('',#4798,#4800,#2535,.T.);
#6008=EDGE_CURVE('',#4799,#4801,#2536,.T.);
#6009=EDGE_CURVE('',#4802,#4801,#2537,.T.);
#6010=EDGE_CURVE('',#4800,#4802,#2538,.T.);
#6011=EDGE_CURVE('',#4801,#4803,#2539,.T.);
#6012=EDGE_CURVE('',#4804,#4803,#2540,.T.);
#6013=EDGE_CURVE('',#4802,#4804,#2541,.T.);
#6014=EDGE_CURVE('',#4795,#4804,#2542,.T.);
#6015=EDGE_CURVE('',#4796,#4803,#2543,.T.);
#6016=EDGE_CURVE('',#4805,#4806,#2544,.T.);
#6017=EDGE_CURVE('',#4806,#4807,#2545,.T.);
#6018=EDGE_CURVE('',#4808,#4807,#2546,.T.);
#6019=EDGE_CURVE('',#4805,#4808,#2547,.T.);
#6020=EDGE_CURVE('',#4807,#4809,#2548,.T.);
#6021=EDGE_CURVE('',#4810,#4809,#2549,.T.);
#6022=EDGE_CURVE('',#4808,#4810,#2550,.T.);
#6023=EDGE_CURVE('',#4809,#4811,#2551,.T.);
#6024=EDGE_CURVE('',#4812,#4811,#2552,.T.);
#6025=EDGE_CURVE('',#4810,#4812,#2553,.T.);
#6026=EDGE_CURVE('',#4811,#4806,#2554,.T.);
#6027=EDGE_CURVE('',#4812,#4805,#2555,.T.);
#6028=EDGE_CURVE('',#4813,#4814,#2556,.T.);
#6029=EDGE_CURVE('',#4813,#4815,#2557,.T.);
#6030=EDGE_CURVE('',#4815,#4816,#2558,.T.);
#6031=EDGE_CURVE('',#4814,#4816,#2559,.T.);
#6032=EDGE_CURVE('',#4815,#4817,#2560,.T.);
#6033=EDGE_CURVE('',#4817,#4818,#2561,.T.);
#6034=EDGE_CURVE('',#4816,#4818,#2562,.T.);
#6035=EDGE_CURVE('',#4817,#4819,#2563,.T.);
#6036=EDGE_CURVE('',#4819,#4820,#2564,.T.);
#6037=EDGE_CURVE('',#4818,#4820,#2565,.T.);
#6038=EDGE_CURVE('',#4819,#4813,#2566,.T.);
#6039=EDGE_CURVE('',#4820,#4814,#2567,.T.);
#6040=EDGE_CURVE('',#4821,#4822,#2568,.T.);
#6041=EDGE_CURVE('',#4822,#4823,#2569,.T.);
#6042=EDGE_CURVE('',#4824,#4823,#2570,.T.);
#6043=EDGE_CURVE('',#4821,#4824,#2571,.T.);
#6044=EDGE_CURVE('',#4825,#4826,#2572,.T.);
#6045=EDGE_CURVE('',#4826,#4822,#2573,.T.);
#6046=EDGE_CURVE('',#4825,#4821,#2574,.T.);
#6047=EDGE_CURVE('',#4823,#4827,#240,.T.);
#6048=EDGE_CURVE('',#4828,#4827,#2575,.T.);
#6049=EDGE_CURVE('',#4824,#4828,#241,.T.);
#6050=EDGE_CURVE('',#4828,#4829,#2576,.T.);
#6051=EDGE_CURVE('',#4829,#4830,#2577,.T.);
#6052=EDGE_CURVE('',#4830,#4831,#2578,.T.);
#6053=EDGE_CURVE('',#4831,#4832,#2579,.T.);
#6054=EDGE_CURVE('',#4832,#4833,#2580,.T.);
#6055=EDGE_CURVE('',#4833,#4834,#2581,.T.);
#6056=EDGE_CURVE('',#4834,#4835,#2582,.T.);
#6057=EDGE_CURVE('',#4835,#4836,#2583,.T.);
#6058=EDGE_CURVE('',#4836,#4837,#2584,.T.);
#6059=EDGE_CURVE('',#4837,#4838,#2585,.T.);
#6060=EDGE_CURVE('',#4838,#4839,#2586,.T.);
#6061=EDGE_CURVE('',#4839,#4840,#2587,.T.);
#6062=EDGE_CURVE('',#4840,#4841,#2588,.T.);
#6063=EDGE_CURVE('',#4841,#4842,#242,.T.);
#6064=EDGE_CURVE('',#4842,#4843,#2589,.T.);
#6065=EDGE_CURVE('',#4843,#4844,#2590,.T.);
#6066=EDGE_CURVE('',#4844,#4825,#2591,.T.);
#6067=EDGE_CURVE('',#4845,#4846,#243,.T.);
#6068=EDGE_CURVE('',#4846,#4847,#244,.T.);
#6069=EDGE_CURVE('',#4847,#4848,#2592,.T.);
#6070=EDGE_CURVE('',#4848,#4849,#2593,.T.);
#6071=EDGE_CURVE('',#4849,#4850,#245,.T.);
#6072=EDGE_CURVE('',#4850,#4851,#246,.T.);
#6073=EDGE_CURVE('',#4851,#4852,#247,.T.);
#6074=EDGE_CURVE('',#4852,#4853,#2594,.T.);
#6075=EDGE_CURVE('',#4853,#4854,#2595,.T.);
#6076=EDGE_CURVE('',#4854,#4855,#248,.T.);
#6077=EDGE_CURVE('',#4855,#4856,#249,.T.);
#6078=EDGE_CURVE('',#4856,#4857,#250,.T.);
#6079=EDGE_CURVE('',#4857,#4858,#2596,.T.);
#6080=EDGE_CURVE('',#4858,#4859,#2597,.T.);
#6081=EDGE_CURVE('',#4859,#4860,#251,.T.);
#6082=EDGE_CURVE('',#4860,#4861,#252,.T.);
#6083=EDGE_CURVE('',#4861,#4862,#253,.T.);
#6084=EDGE_CURVE('',#4862,#4863,#2598,.T.);
#6085=EDGE_CURVE('',#4863,#4864,#2599,.T.);
#6086=EDGE_CURVE('',#4864,#4845,#254,.T.);
#6087=EDGE_CURVE('',#4865,#4865,#255,.T.);
#6088=EDGE_CURVE('',#4866,#4866,#256,.T.);
#6089=EDGE_CURVE('',#4867,#4826,#2600,.T.);
#6090=EDGE_CURVE('',#4868,#4867,#2601,.T.);
#6091=EDGE_CURVE('',#4869,#4868,#2602,.T.);
#6092=EDGE_CURVE('',#4870,#4869,#257,.T.);
#6093=EDGE_CURVE('',#4871,#4870,#2603,.T.);
#6094=EDGE_CURVE('',#4872,#4871,#2604,.T.);
#6095=EDGE_CURVE('',#4873,#4872,#2605,.T.);
#6096=EDGE_CURVE('',#4874,#4873,#2606,.T.);
#6097=EDGE_CURVE('',#4875,#4874,#2607,.T.);
#6098=EDGE_CURVE('',#4876,#4875,#2608,.T.);
#6099=EDGE_CURVE('',#4877,#4876,#2609,.T.);
#6100=EDGE_CURVE('',#4878,#4877,#2610,.T.);
#6101=EDGE_CURVE('',#4879,#4878,#2611,.T.);
#6102=EDGE_CURVE('',#4880,#4879,#2612,.T.);
#6103=EDGE_CURVE('',#4881,#4880,#2613,.T.);
#6104=EDGE_CURVE('',#4882,#4881,#2614,.T.);
#6105=EDGE_CURVE('',#4827,#4882,#2615,.T.);
#6106=EDGE_CURVE('',#4883,#4884,#258,.T.);
#6107=EDGE_CURVE('',#4885,#4883,#259,.T.);
#6108=EDGE_CURVE('',#4886,#4885,#2616,.T.);
#6109=EDGE_CURVE('',#4887,#4886,#2617,.T.);
#6110=EDGE_CURVE('',#4888,#4887,#260,.T.);
#6111=EDGE_CURVE('',#4889,#4888,#261,.T.);
#6112=EDGE_CURVE('',#4890,#4889,#262,.T.);
#6113=EDGE_CURVE('',#4891,#4890,#2618,.T.);
#6114=EDGE_CURVE('',#4892,#4891,#2619,.T.);
#6115=EDGE_CURVE('',#4893,#4892,#263,.T.);
#6116=EDGE_CURVE('',#4894,#4893,#264,.T.);
#6117=EDGE_CURVE('',#4895,#4894,#265,.T.);
#6118=EDGE_CURVE('',#4896,#4895,#2620,.T.);
#6119=EDGE_CURVE('',#4897,#4896,#2621,.T.);
#6120=EDGE_CURVE('',#4898,#4897,#266,.T.);
#6121=EDGE_CURVE('',#4899,#4898,#267,.T.);
#6122=EDGE_CURVE('',#4900,#4899,#268,.T.);
#6123=EDGE_CURVE('',#4901,#4900,#2622,.T.);
#6124=EDGE_CURVE('',#4902,#4901,#2623,.T.);
#6125=EDGE_CURVE('',#4884,#4902,#269,.T.);
#6126=EDGE_CURVE('',#4903,#4903,#270,.T.);
#6127=EDGE_CURVE('',#4904,#4904,#271,.T.);
#6128=EDGE_CURVE('',#4844,#4867,#2624,.T.);
#6129=EDGE_CURVE('',#4829,#4882,#2625,.T.);
#6130=EDGE_CURVE('',#4843,#4868,#2626,.T.);
#6131=EDGE_CURVE('',#4830,#4881,#2627,.T.);
#6132=EDGE_CURVE('',#4842,#4869,#2628,.T.);
#6133=EDGE_CURVE('',#4831,#4880,#2629,.T.);
#6134=EDGE_CURVE('',#4841,#4870,#2630,.T.);
#6135=EDGE_CURVE('',#4832,#4879,#2631,.T.);
#6136=EDGE_CURVE('',#4840,#4871,#2632,.T.);
#6137=EDGE_CURVE('',#4833,#4878,#2633,.T.);
#6138=EDGE_CURVE('',#4839,#4872,#2634,.T.);
#6139=EDGE_CURVE('',#4834,#4877,#2635,.T.);
#6140=EDGE_CURVE('',#4838,#4873,#2636,.T.);
#6141=EDGE_CURVE('',#4835,#4876,#2637,.T.);
#6142=EDGE_CURVE('',#4837,#4874,#2638,.T.);
#6143=EDGE_CURVE('',#4836,#4875,#2639,.T.);
#6144=EDGE_CURVE('',#4845,#4883,#2640,.T.);
#6145=EDGE_CURVE('',#4846,#4884,#2641,.T.);
#6146=EDGE_CURVE('',#4864,#4885,#2642,.T.);
#6147=EDGE_CURVE('',#4847,#4902,#2643,.T.);
#6148=EDGE_CURVE('',#4863,#4886,#2644,.T.);
#6149=EDGE_CURVE('',#4848,#4901,#2645,.T.);
#6150=EDGE_CURVE('',#4862,#4887,#2646,.T.);
#6151=EDGE_CURVE('',#4849,#4900,#2647,.T.);
#6152=EDGE_CURVE('',#4861,#4888,#2648,.T.);
#6153=EDGE_CURVE('',#4850,#4899,#2649,.T.);
#6154=EDGE_CURVE('',#4860,#4889,#2650,.T.);
#6155=EDGE_CURVE('',#4851,#4898,#2651,.T.);
#6156=EDGE_CURVE('',#4859,#4890,#2652,.T.);
#6157=EDGE_CURVE('',#4852,#4897,#2653,.T.);
#6158=EDGE_CURVE('',#4858,#4891,#2654,.T.);
#6159=EDGE_CURVE('',#4853,#4896,#2655,.T.);
#6160=EDGE_CURVE('',#4857,#4892,#2656,.T.);
#6161=EDGE_CURVE('',#4854,#4895,#2657,.T.);
#6162=EDGE_CURVE('',#4856,#4893,#2658,.T.);
#6163=EDGE_CURVE('',#4855,#4894,#2659,.T.);
#6164=EDGE_CURVE('',#4903,#4865,#2660,.T.);
#6165=EDGE_CURVE('',#4904,#4866,#2661,.T.);
#6166=EDGE_CURVE('',#4905,#4906,#2662,.T.);
#6167=EDGE_CURVE('',#4905,#4907,#2663,.T.);
#6168=EDGE_CURVE('',#4907,#4908,#2664,.T.);
#6169=EDGE_CURVE('',#4908,#4906,#2665,.T.);
#6170=EDGE_CURVE('',#4909,#4910,#2666,.T.);
#6171=EDGE_CURVE('',#4911,#4909,#2667,.T.);
#6172=EDGE_CURVE('',#4912,#4911,#2668,.T.);
#6173=EDGE_CURVE('',#4910,#4912,#2669,.T.);
#6174=EDGE_CURVE('',#4913,#4908,#2670,.T.);
#6175=EDGE_CURVE('',#4914,#4913,#2671,.T.);
#6176=EDGE_CURVE('',#4915,#4914,#2672,.T.);
#6177=EDGE_CURVE('',#4916,#4915,#2673,.T.);
#6178=EDGE_CURVE('',#4916,#4907,#2674,.T.);
#6179=EDGE_CURVE('',#4907,#4917,#2675,.T.);
#6180=EDGE_CURVE('',#4918,#4917,#272,.T.);
#6181=EDGE_CURVE('',#4919,#4918,#2676,.T.);
#6182=EDGE_CURVE('',#4919,#4920,#2677,.T.);
#6183=EDGE_CURVE('',#4920,#4921,#2678,.T.);
#6184=EDGE_CURVE('',#4922,#4921,#273,.T.);
#6185=EDGE_CURVE('',#4908,#4922,#2679,.T.);
#6186=EDGE_CURVE('',#4923,#4909,#2680,.T.);
#6187=EDGE_CURVE('',#4924,#4910,#2681,.T.);
#6188=EDGE_CURVE('',#4923,#4924,#2682,.T.);
#6189=EDGE_CURVE('',#4925,#4926,#2683,.T.);
#6190=EDGE_CURVE('',#4926,#4911,#2684,.T.);
#6191=EDGE_CURVE('',#4923,#4927,#2685,.T.);
#6192=EDGE_CURVE('',#4927,#4928,#2686,.T.);
#6193=EDGE_CURVE('',#4929,#4928,#2687,.T.);
#6194=EDGE_CURVE('',#4925,#4929,#2688,.T.);
#6195=EDGE_CURVE('',#4930,#4924,#2689,.T.);
#6196=EDGE_CURVE('',#4931,#4912,#2690,.T.);
#6197=EDGE_CURVE('',#4931,#4932,#2691,.T.);
#6198=EDGE_CURVE('',#4932,#4933,#2692,.T.);
#6199=EDGE_CURVE('',#4934,#4933,#2693,.T.);
#6200=EDGE_CURVE('',#4930,#4934,#2694,.T.);
#6201=EDGE_CURVE('',#4931,#4926,#2695,.T.);
#6202=EDGE_CURVE('',#4922,#4935,#2696,.T.);
#6203=EDGE_CURVE('',#4935,#4913,#2697,.T.);
#6204=EDGE_CURVE('',#4916,#4913,#2698,.T.);
#6205=EDGE_CURVE('',#4936,#4916,#2699,.T.);
#6206=EDGE_CURVE('',#4917,#4936,#2700,.T.);
#6207=EDGE_CURVE('',#4921,#4937,#2701,.T.);
#6208=EDGE_CURVE('',#4935,#4937,#274,.T.);
#6209=EDGE_CURVE('',#4937,#4938,#2702,.T.);
#6210=EDGE_CURVE('',#4939,#4920,#2703,.T.);
#6211=EDGE_CURVE('',#4940,#4939,#2704,.T.);
#6212=EDGE_CURVE('',#4938,#4940,#2705,.T.);
#6213=EDGE_CURVE('',#4941,#4939,#2706,.T.);
#6214=EDGE_CURVE('',#4941,#4919,#2707,.T.);
#6215=EDGE_CURVE('',#4942,#4918,#2708,.T.);
#6216=EDGE_CURVE('',#4942,#4943,#2709,.T.);
#6217=EDGE_CURVE('',#4943,#4944,#2710,.T.);
#6218=EDGE_CURVE('',#4941,#4944,#2711,.T.);
#6219=EDGE_CURVE('',#4942,#4936,#275,.T.);
#6220=EDGE_CURVE('',#4927,#4930,#2712,.T.);
#6221=EDGE_CURVE('',#4932,#4925,#2713,.T.);
#6222=EDGE_CURVE('',#4928,#4934,#2714,.T.);
#6223=EDGE_CURVE('',#4933,#4929,#2715,.T.);
#6224=EDGE_CURVE('',#4945,#4946,#2716,.T.);
#6225=EDGE_CURVE('',#4947,#4945,#2717,.T.);
#6226=EDGE_CURVE('',#4948,#4947,#2718,.T.);
#6227=EDGE_CURVE('',#4946,#4948,#2719,.T.);
#6228=EDGE_CURVE('',#4943,#4938,#2720,.T.);
#6229=EDGE_CURVE('',#4944,#4940,#2721,.T.);
#6230=EDGE_CURVE('',#4945,#4949,#2722,.T.);
#6231=EDGE_CURVE('',#4946,#4950,#2723,.T.);
#6232=EDGE_CURVE('',#4949,#4950,#2724,.T.);
#6233=EDGE_CURVE('',#4948,#4951,#2725,.T.);
#6234=EDGE_CURVE('',#4950,#4951,#2726,.T.);
#6235=EDGE_CURVE('',#4947,#4952,#2727,.T.);
#6236=EDGE_CURVE('',#4951,#4952,#2728,.T.);
#6237=EDGE_CURVE('',#4952,#4949,#2729,.T.);
#6238=EDGE_CURVE('',#4949,#4953,#2730,.T.);
#6239=EDGE_CURVE('',#4950,#4954,#2731,.T.);
#6240=EDGE_CURVE('',#4953,#4954,#2732,.T.);
#6241=EDGE_CURVE('',#4951,#4955,#2733,.T.);
#6242=EDGE_CURVE('',#4956,#4955,#2734,.T.);
#6243=EDGE_CURVE('',#4956,#4957,#2735,.T.);
#6244=EDGE_CURVE('',#4957,#4958,#2736,.T.);
#6245=EDGE_CURVE('',#4959,#4958,#2737,.T.);
#6246=EDGE_CURVE('',#4954,#4959,#2738,.T.);
#6247=EDGE_CURVE('',#4952,#4960,#2739,.T.);
#6248=EDGE_CURVE('',#4955,#4960,#2740,.T.);
#6249=EDGE_CURVE('',#4961,#4953,#2741,.T.);
#6250=EDGE_CURVE('',#4962,#4961,#2742,.T.);
#6251=EDGE_CURVE('',#4963,#4962,#2743,.T.);
#6252=EDGE_CURVE('',#4963,#4964,#2744,.T.);
#6253=EDGE_CURVE('',#4960,#4964,#2745,.T.);
#6254=EDGE_CURVE('',#4959,#4961,#2746,.T.);
#6255=EDGE_CURVE('',#4956,#4964,#2747,.T.);
#6256=EDGE_CURVE('',#4963,#4965,#2748,.T.);
#6257=EDGE_CURVE('',#4965,#4966,#2749,.T.);
#6258=EDGE_CURVE('',#4966,#4967,#2750,.T.);
#6259=EDGE_CURVE('',#4967,#4968,#2751,.T.);
#6260=EDGE_CURVE('',#4968,#4957,#2752,.T.);
#6261=EDGE_CURVE('',#4968,#4969,#2753,.T.);
#6262=EDGE_CURVE('',#4969,#4958,#2754,.T.);
#6263=EDGE_CURVE('',#4970,#4969,#2755,.T.);
#6264=EDGE_CURVE('',#4971,#4970,#2756,.T.);
#6265=EDGE_CURVE('',#4972,#4971,#2757,.T.);
#6266=EDGE_CURVE('',#4962,#4972,#2758,.T.);
#6267=EDGE_CURVE('',#4965,#4972,#2759,.T.);
#6268=EDGE_CURVE('',#4967,#4970,#2760,.T.);
#6269=EDGE_CURVE('',#4966,#4971,#2761,.T.);
#6270=EDGE_CURVE('',#4973,#4974,#19,.T.);
#6271=EDGE_CURVE('',#4974,#4975,#2762,.T.);
#6272=EDGE_CURVE('',#4975,#4976,#276,.T.);
#6273=EDGE_CURVE('',#4976,#4973,#2763,.T.);
#6274=EDGE_CURVE('',#4974,#4977,#2764,.T.);
#6275=EDGE_CURVE('',#4978,#4977,#2765,.T.);
#6276=EDGE_CURVE('',#4979,#4978,#2766,.T.);
#6277=EDGE_CURVE('',#4980,#4979,#2767,.T.);
#6278=EDGE_CURVE('',#4981,#4980,#2768,.T.);
#6279=EDGE_CURVE('',#4982,#4981,#2769,.T.);
#6280=EDGE_CURVE('',#4983,#4982,#2770,.T.);
#6281=EDGE_CURVE('',#4984,#4983,#2771,.T.);
#6282=EDGE_CURVE('',#4985,#4984,#2772,.T.);
#6283=EDGE_CURVE('',#4986,#4985,#2773,.T.);
#6284=EDGE_CURVE('',#4987,#4986,#2774,.T.);
#6285=EDGE_CURVE('',#4988,#4987,#277,.T.);
#6286=EDGE_CURVE('',#4989,#4988,#2775,.T.);
#6287=EDGE_CURVE('',#4990,#4989,#2776,.T.);
#6288=EDGE_CURVE('',#4991,#4990,#2777,.T.);
#6289=EDGE_CURVE('',#4992,#4991,#2778,.T.);
#6290=EDGE_CURVE('',#4993,#4992,#2779,.T.);
#6291=EDGE_CURVE('',#4994,#4993,#278,.T.);
#6292=EDGE_CURVE('',#4995,#4994,#2780,.T.);
#6293=EDGE_CURVE('',#4996,#4995,#2781,.T.);
#6294=EDGE_CURVE('',#4997,#4996,#2782,.T.);
#6295=EDGE_CURVE('',#4998,#4997,#2783,.T.);
#6296=EDGE_CURVE('',#4999,#4998,#2784,.T.);
#6297=EDGE_CURVE('',#5000,#4999,#2785,.T.);
#6298=EDGE_CURVE('',#5001,#5000,#2786,.T.);
#6299=EDGE_CURVE('',#5002,#5001,#2787,.T.);
#6300=EDGE_CURVE('',#5003,#5002,#2788,.T.);
#6301=EDGE_CURVE('',#5004,#5003,#2789,.T.);
#6302=EDGE_CURVE('',#5005,#5004,#2790,.T.);
#6303=EDGE_CURVE('',#5006,#5005,#2791,.T.);
#6304=EDGE_CURVE('',#5007,#5006,#2792,.T.);
#6305=EDGE_CURVE('',#5007,#5008,#279,.T.);
#6306=EDGE_CURVE('',#5009,#5008,#2793,.T.);
#6307=EDGE_CURVE('',#5009,#5010,#280,.T.);
#6308=EDGE_CURVE('',#5011,#5010,#2794,.T.);
#6309=EDGE_CURVE('',#5012,#5011,#2795,.T.);
#6310=EDGE_CURVE('',#5013,#5012,#2796,.T.);
#6311=EDGE_CURVE('',#5013,#5014,#2797,.T.);
#6312=EDGE_CURVE('',#5015,#5014,#2798,.T.);
#6313=EDGE_CURVE('',#5016,#5015,#2799,.T.);
#6314=EDGE_CURVE('',#5017,#5016,#2800,.T.);
#6315=EDGE_CURVE('',#5017,#5018,#2801,.T.);
#6316=EDGE_CURVE('',#5019,#5018,#2802,.T.);
#6317=EDGE_CURVE('',#5020,#5019,#2803,.T.);
#6318=EDGE_CURVE('',#5021,#5020,#2804,.T.);
#6319=EDGE_CURVE('',#5021,#5022,#281,.T.);
#6320=EDGE_CURVE('',#5023,#5022,#2805,.T.);
#6321=EDGE_CURVE('',#5023,#5024,#282,.T.);
#6322=EDGE_CURVE('',#4975,#5024,#2806,.T.);
#6323=EDGE_CURVE('',#5025,#5025,#283,.T.);
#6324=EDGE_CURVE('',#5026,#5026,#284,.T.);
#6325=EDGE_CURVE('',#4977,#5027,#20,.T.);
#6326=EDGE_CURVE('',#5027,#5028,#2807,.T.);
#6327=EDGE_CURVE('',#5028,#4978,#285,.T.);
#6328=EDGE_CURVE('',#5027,#5029,#286,.T.);
#6329=EDGE_CURVE('',#5029,#5030,#2808,.T.);
#6330=EDGE_CURVE('',#5030,#5031,#287,.T.);
#6331=EDGE_CURVE('',#5032,#5031,#2809,.T.);
#6332=EDGE_CURVE('',#5032,#5033,#2810,.T.);
#6333=EDGE_CURVE('',#5034,#5033,#2811,.T.);
#6334=EDGE_CURVE('',#5034,#5028,#2812,.T.);
#6335=EDGE_CURVE('',#5005,#5035,#21,.T.);
#6336=EDGE_CURVE('',#5035,#5036,#2813,.T.);
#6337=EDGE_CURVE('',#5036,#5006,#288,.T.);
#6338=EDGE_CURVE('',#4976,#5037,#2814,.T.);
#6339=EDGE_CURVE('',#5038,#5037,#2815,.T.);
#6340=EDGE_CURVE('',#5039,#5038,#2816,.T.);
#6341=EDGE_CURVE('',#5040,#5039,#2817,.T.);
#6342=EDGE_CURVE('',#5040,#5041,#2818,.T.);
#6343=EDGE_CURVE('',#5042,#5041,#2819,.T.);
#6344=EDGE_CURVE('',#5043,#5042,#2820,.T.);
#6345=EDGE_CURVE('',#5044,#5043,#2821,.T.);
#6346=EDGE_CURVE('',#5044,#5045,#2822,.T.);
#6347=EDGE_CURVE('',#5045,#5046,#2823,.T.);
#6348=EDGE_CURVE('',#5046,#5047,#2824,.T.);
#6349=EDGE_CURVE('',#5048,#5047,#2825,.T.);
#6350=EDGE_CURVE('',#5048,#5049,#2826,.T.);
#6351=EDGE_CURVE('',#5050,#5049,#2827,.T.);
#6352=EDGE_CURVE('',#5050,#5051,#2828,.T.);
#6353=EDGE_CURVE('',#5052,#5051,#2829,.T.);
#6354=EDGE_CURVE('',#5052,#5053,#2830,.T.);
#6355=EDGE_CURVE('',#5054,#5053,#2831,.T.);
#6356=EDGE_CURVE('',#5054,#5036,#2832,.T.);
#6357=EDGE_CURVE('',#5035,#5055,#289,.T.);
#6358=EDGE_CURVE('',#5055,#5056,#2833,.T.);
#6359=EDGE_CURVE('',#5056,#4973,#290,.T.);
#6360=EDGE_CURVE('',#5031,#5004,#22,.T.);
#6361=EDGE_CURVE('',#5003,#5032,#291,.T.);
#6362=EDGE_CURVE('',#5057,#5034,#292,.T.);
#6363=EDGE_CURVE('',#5033,#5058,#293,.T.);
#6364=EDGE_CURVE('',#5058,#5057,#2834,.T.);
#6365=EDGE_CURVE('',#5014,#5059,#294,.T.);
#6366=EDGE_CURVE('',#5059,#5060,#2835,.T.);
#6367=EDGE_CURVE('',#5060,#5015,#295,.T.);
#6368=EDGE_CURVE('',#5059,#5061,#2836,.T.);
#6369=EDGE_CURVE('',#5062,#5061,#2837,.T.);
#6370=EDGE_CURVE('',#5062,#5060,#2838,.T.);
#6371=EDGE_CURVE('',#5063,#5017,#296,.T.);
#6372=EDGE_CURVE('',#5016,#5064,#297,.T.);
#6373=EDGE_CURVE('',#5064,#5063,#2839,.T.);
#6374=EDGE_CURVE('',#5065,#5066,#298,.T.);
#6375=EDGE_CURVE('',#5066,#5067,#2840,.T.);
#6376=EDGE_CURVE('',#5067,#5068,#299,.T.);
#6377=EDGE_CURVE('',#5068,#5065,#2841,.T.);
#6378=EDGE_CURVE('',#5069,#5066,#2842,.T.);
#6379=EDGE_CURVE('',#5070,#5069,#2843,.T.);
#6380=EDGE_CURVE('',#5070,#5067,#2844,.T.);
#6381=EDGE_CURVE('',#5069,#5062,#300,.T.);
#6382=EDGE_CURVE('',#5061,#5070,#301,.T.);
#6383=EDGE_CURVE('',#5018,#5071,#302,.T.);
#6384=EDGE_CURVE('',#5071,#5072,#2845,.T.);
#6385=EDGE_CURVE('',#5072,#5019,#303,.T.);
#6386=EDGE_CURVE('',#5071,#5073,#2846,.T.);
#6387=EDGE_CURVE('',#5074,#5073,#2847,.T.);
#6388=EDGE_CURVE('',#5074,#5072,#2848,.T.);
#6389=EDGE_CURVE('',#5073,#5075,#304,.T.);
#6390=EDGE_CURVE('',#5075,#5076,#2849,.T.);
#6391=EDGE_CURVE('',#5076,#5074,#305,.T.);
#6392=EDGE_CURVE('',#5075,#5077,#2850,.T.);
#6393=EDGE_CURVE('',#5078,#5077,#2851,.T.);
#6394=EDGE_CURVE('',#5078,#5076,#2852,.T.);
#6395=EDGE_CURVE('',#5068,#5063,#2853,.T.);
#6396=EDGE_CURVE('',#5079,#5013,#306,.T.);
#6397=EDGE_CURVE('',#5080,#5079,#2854,.T.);
#6398=EDGE_CURVE('',#5077,#5080,#307,.T.);
#6399=EDGE_CURVE('',#5080,#5081,#2855,.T.);
#6400=EDGE_CURVE('',#5081,#5078,#308,.T.);
#6401=EDGE_CURVE('',#5012,#5082,#309,.T.);
#6402=EDGE_CURVE('',#5082,#5079,#2856,.T.);
#6403=EDGE_CURVE('',#5083,#5084,#310,.T.);
#6404=EDGE_CURVE('',#5084,#5085,#2857,.T.);
#6405=EDGE_CURVE('',#5085,#5086,#311,.T.);
#6406=EDGE_CURVE('',#5086,#5083,#2858,.T.);
#6407=EDGE_CURVE('',#5087,#5084,#2859,.T.);
#6408=EDGE_CURVE('',#5087,#5088,#2860,.T.);
#6409=EDGE_CURVE('',#5088,#5085,#2861,.T.);
#6410=EDGE_CURVE('',#5083,#5089,#2862,.T.);
#6411=EDGE_CURVE('',#5090,#5089,#312,.T.);
#6412=EDGE_CURVE('',#5090,#5091,#2863,.T.);
#6413=EDGE_CURVE('',#5092,#5091,#313,.T.);
#6414=EDGE_CURVE('',#5092,#5093,#2864,.T.);
#6415=EDGE_CURVE('',#5094,#5093,#314,.T.);
#6416=EDGE_CURVE('',#5094,#5095,#2865,.T.);
#6417=EDGE_CURVE('',#5095,#5096,#2866,.T.);
#6418=EDGE_CURVE('',#5097,#5096,#2867,.T.);
#6419=EDGE_CURVE('',#5098,#5097,#2868,.T.);
#6420=EDGE_CURVE('',#5099,#5098,#2869,.T.);
#6421=EDGE_CURVE('',#5099,#5100,#2870,.T.);
#6422=EDGE_CURVE('',#5101,#5100,#2871,.T.);
#6423=EDGE_CURVE('',#5102,#5101,#2872,.T.);
#6424=EDGE_CURVE('',#5103,#5102,#2873,.T.);
#6425=EDGE_CURVE('',#5103,#5104,#2874,.T.);
#6426=EDGE_CURVE('',#5105,#5104,#2875,.T.);
#6427=EDGE_CURVE('',#5105,#5106,#2876,.T.);
#6428=EDGE_CURVE('',#5107,#5106,#2877,.T.);
#6429=EDGE_CURVE('',#5107,#5108,#2878,.T.);
#6430=EDGE_CURVE('',#5109,#5108,#2879,.T.);
#6431=EDGE_CURVE('',#5109,#5110,#2880,.T.);
#6432=EDGE_CURVE('',#5111,#5110,#2881,.T.);
#6433=EDGE_CURVE('',#5111,#5112,#2882,.T.);
#6434=EDGE_CURVE('',#5113,#5112,#2883,.T.);
#6435=EDGE_CURVE('',#5113,#5087,#2884,.T.);
#6436=EDGE_CURVE('',#5114,#5115,#315,.T.);
#6437=EDGE_CURVE('',#5115,#5094,#2885,.T.);
#6438=EDGE_CURVE('',#5093,#5114,#2886,.T.);
#6439=EDGE_CURVE('',#5115,#5116,#2887,.T.);
#6440=EDGE_CURVE('',#5116,#5095,#2888,.T.);
#6441=EDGE_CURVE('',#5117,#5118,#316,.T.);
#6442=EDGE_CURVE('',#5118,#5090,#2889,.T.);
#6443=EDGE_CURVE('',#5089,#5117,#2890,.T.);
#6444=EDGE_CURVE('',#5119,#5118,#2891,.T.);
#6445=EDGE_CURVE('',#5091,#5119,#2892,.T.);
#6446=EDGE_CURVE('',#5119,#5120,#317,.T.);
#6447=EDGE_CURVE('',#5120,#5092,#2893,.T.);
#6448=EDGE_CURVE('',#5114,#5120,#2894,.T.);
#6449=EDGE_CURVE('',#5117,#5086,#2895,.T.);
#6450=EDGE_CURVE('',#5082,#5081,#2896,.T.);
#6451=EDGE_CURVE('',#5065,#5064,#2897,.T.);
#6452=EDGE_CURVE('',#5121,#5105,#318,.T.);
#6453=EDGE_CURVE('',#5104,#5122,#319,.T.);
#6454=EDGE_CURVE('',#5122,#5121,#2898,.T.);
#6455=EDGE_CURVE('',#5123,#5124,#320,.T.);
#6456=EDGE_CURVE('',#5124,#5125,#2899,.T.);
#6457=EDGE_CURVE('',#5125,#5126,#321,.T.);
#6458=EDGE_CURVE('',#5126,#5123,#2900,.T.);
#6459=EDGE_CURVE('',#5124,#5127,#2901,.T.);
#6460=EDGE_CURVE('',#5128,#5127,#2902,.T.);
#6461=EDGE_CURVE('',#5128,#5125,#2903,.T.);
#6462=EDGE_CURVE('',#5127,#5129,#322,.T.);
#6463=EDGE_CURVE('',#5129,#5130,#2904,.T.);
#6464=EDGE_CURVE('',#5130,#5128,#323,.T.);
#6465=EDGE_CURVE('',#5122,#5130,#2905,.T.);
#6466=EDGE_CURVE('',#5129,#5121,#2906,.T.);
#6467=EDGE_CURVE('',#5049,#5131,#324,.T.);
#6468=EDGE_CURVE('',#5131,#5132,#2907,.T.);
#6469=EDGE_CURVE('',#5132,#5050,#325,.T.);
#6470=EDGE_CURVE('',#5131,#5133,#2908,.T.);
#6471=EDGE_CURVE('',#5134,#5133,#2909,.T.);
#6472=EDGE_CURVE('',#5134,#5132,#2910,.T.);
#6473=EDGE_CURVE('',#5135,#5048,#326,.T.);
#6474=EDGE_CURVE('',#5047,#5136,#327,.T.);
#6475=EDGE_CURVE('',#5136,#5135,#2911,.T.);
#6476=EDGE_CURVE('',#5137,#5052,#328,.T.);
#6477=EDGE_CURVE('',#5051,#5138,#329,.T.);
#6478=EDGE_CURVE('',#5138,#5137,#2912,.T.);
#6479=EDGE_CURVE('',#5053,#5139,#330,.T.);
#6480=EDGE_CURVE('',#5139,#5140,#2913,.T.);
#6481=EDGE_CURVE('',#5140,#5054,#331,.T.);
#6482=EDGE_CURVE('',#5139,#5141,#2914,.T.);
#6483=EDGE_CURVE('',#5142,#5141,#2915,.T.);
#6484=EDGE_CURVE('',#5142,#5140,#2916,.T.);
#6485=EDGE_CURVE('',#5043,#5143,#332,.T.);
#6486=EDGE_CURVE('',#5143,#5144,#2917,.T.);
#6487=EDGE_CURVE('',#5144,#5044,#333,.T.);
#6488=EDGE_CURVE('',#5143,#5145,#2918,.T.);
#6489=EDGE_CURVE('',#5146,#5145,#2919,.T.);
#6490=EDGE_CURVE('',#5146,#5144,#2920,.T.);
#6491=EDGE_CURVE('',#5147,#5042,#334,.T.);
#6492=EDGE_CURVE('',#5041,#5148,#335,.T.);
#6493=EDGE_CURVE('',#5148,#5147,#2921,.T.);
#6494=EDGE_CURVE('',#5039,#5149,#336,.T.);
#6495=EDGE_CURVE('',#5149,#5150,#2922,.T.);
#6496=EDGE_CURVE('',#5150,#5040,#337,.T.);
#6497=EDGE_CURVE('',#5149,#5151,#2923,.T.);
#6498=EDGE_CURVE('',#5152,#5151,#2924,.T.);
#6499=EDGE_CURVE('',#5152,#5150,#2925,.T.);
#6500=EDGE_CURVE('',#5153,#5038,#338,.T.);
#6501=EDGE_CURVE('',#5037,#5154,#339,.T.);
#6502=EDGE_CURVE('',#5154,#5153,#2926,.T.);
#6503=EDGE_CURVE('',#5102,#5155,#340,.T.);
#6504=EDGE_CURVE('',#5155,#5156,#2927,.T.);
#6505=EDGE_CURVE('',#5156,#5103,#341,.T.);
#6506=EDGE_CURVE('',#5136,#5156,#2928,.T.);
#6507=EDGE_CURVE('',#5155,#5135,#2929,.T.);
#6508=EDGE_CURVE('',#5133,#5101,#342,.T.);
#6509=EDGE_CURVE('',#5100,#5134,#343,.T.);
#6510=EDGE_CURVE('',#5145,#5107,#344,.T.);
#6511=EDGE_CURVE('',#5106,#5146,#345,.T.);
#6512=EDGE_CURVE('',#5108,#5157,#346,.T.);
#6513=EDGE_CURVE('',#5157,#5158,#2930,.T.);
#6514=EDGE_CURVE('',#5158,#5109,#347,.T.);
#6515=EDGE_CURVE('',#5148,#5158,#2931,.T.);
#6516=EDGE_CURVE('',#5157,#5147,#2932,.T.);
#6517=EDGE_CURVE('',#5098,#5159,#348,.T.);
#6518=EDGE_CURVE('',#5159,#5160,#2933,.T.);
#6519=EDGE_CURVE('',#5160,#5099,#349,.T.);
#6520=EDGE_CURVE('',#5138,#5160,#2934,.T.);
#6521=EDGE_CURVE('',#5159,#5137,#2935,.T.);
#6522=EDGE_CURVE('',#5141,#5097,#350,.T.);
#6523=EDGE_CURVE('',#5096,#5142,#351,.T.);
#6524=EDGE_CURVE('',#5151,#5111,#352,.T.);
#6525=EDGE_CURVE('',#5110,#5152,#353,.T.);
#6526=EDGE_CURVE('',#5112,#5161,#354,.T.);
#6527=EDGE_CURVE('',#5161,#5162,#2936,.T.);
#6528=EDGE_CURVE('',#5162,#5113,#355,.T.);
#6529=EDGE_CURVE('',#5154,#5162,#2937,.T.);
#6530=EDGE_CURVE('',#5161,#5153,#2938,.T.);
#6531=EDGE_CURVE('',#5163,#5009,#2939,.T.);
#6532=EDGE_CURVE('',#5164,#5163,#356,.T.);
#6533=EDGE_CURVE('',#5010,#5164,#2940,.T.);
#6534=EDGE_CURVE('',#5026,#5165,#2941,.T.);
#6535=EDGE_CURVE('',#5165,#5165,#357,.T.);
#6536=EDGE_CURVE('',#5166,#5167,#358,.T.);
#6537=EDGE_CURVE('',#5022,#5166,#2942,.T.);
#6538=EDGE_CURVE('',#5167,#5021,#2943,.T.);
#6539=EDGE_CURVE('',#5168,#5007,#2944,.T.);
#6540=EDGE_CURVE('',#5169,#5168,#359,.T.);
#6541=EDGE_CURVE('',#5008,#5169,#2945,.T.);
#6542=EDGE_CURVE('',#5025,#5170,#2946,.T.);
#6543=EDGE_CURVE('',#5170,#5170,#360,.T.);
#6544=EDGE_CURVE('',#5171,#5172,#361,.T.);
#6545=EDGE_CURVE('',#5024,#5171,#2947,.T.);
#6546=EDGE_CURVE('',#5172,#5023,#2948,.T.);
#6547=EDGE_CURVE('',#5173,#5164,#2949,.T.);
#6548=EDGE_CURVE('',#5011,#5173,#2950,.T.);
#6549=EDGE_CURVE('',#5174,#5116,#2951,.T.);
#6550=EDGE_CURVE('',#5175,#5174,#2952,.T.);
#6551=EDGE_CURVE('',#5176,#5175,#2953,.T.);
#6552=EDGE_CURVE('',#5177,#5176,#2954,.T.);
#6553=EDGE_CURVE('',#5178,#5177,#2955,.T.);
#6554=EDGE_CURVE('',#5126,#5178,#2956,.T.);
#6555=EDGE_CURVE('',#5179,#5046,#2957,.T.);
#6556=EDGE_CURVE('',#5180,#5179,#2958,.T.);
#6557=EDGE_CURVE('',#5058,#5180,#2959,.T.);
#6558=EDGE_CURVE('',#5002,#5181,#2960,.T.);
#6559=EDGE_CURVE('',#5168,#5181,#2961,.T.);
#6560=EDGE_CURVE('',#5182,#5171,#2962,.T.);
#6561=EDGE_CURVE('',#4979,#5182,#2963,.T.);
#6562=EDGE_CURVE('',#5183,#5057,#2964,.T.);
#6563=EDGE_CURVE('',#5184,#5183,#2965,.T.);
#6564=EDGE_CURVE('',#5045,#5184,#2966,.T.);
#6565=EDGE_CURVE('',#5185,#5123,#2967,.T.);
#6566=EDGE_CURVE('',#5186,#5185,#2968,.T.);
#6567=EDGE_CURVE('',#5187,#5186,#2969,.T.);
#6568=EDGE_CURVE('',#5188,#5187,#2970,.T.);
#6569=EDGE_CURVE('',#5189,#5188,#2971,.T.);
#6570=EDGE_CURVE('',#5088,#5189,#2972,.T.);
#6571=EDGE_CURVE('',#5172,#5166,#2973,.T.);
#6572=EDGE_CURVE('',#5163,#5169,#2974,.T.);
#6573=EDGE_CURVE('',#5181,#5182,#2975,.T.);
#6574=EDGE_CURVE('',#5167,#5190,#2976,.T.);
#6575=EDGE_CURVE('',#5190,#5173,#2977,.T.);
#6576=EDGE_CURVE('',#5191,#5191,#362,.T.);
#6577=EDGE_CURVE('',#5192,#5192,#363,.T.);
#6578=EDGE_CURVE('',#5193,#5193,#364,.T.);
#6579=EDGE_CURVE('',#5056,#5029,#2978,.T.);
#6580=EDGE_CURVE('',#5055,#5030,#2979,.T.);
#6581=EDGE_CURVE('',#5194,#5195,#2980,.T.);
#6582=EDGE_CURVE('',#5194,#5196,#2981,.T.);
#6583=EDGE_CURVE('',#5197,#5196,#2982,.T.);
#6584=EDGE_CURVE('',#5195,#5197,#2983,.T.);
#6585=EDGE_CURVE('',#5198,#5199,#2984,.T.);
#6586=EDGE_CURVE('',#5200,#5198,#2985,.T.);
#6587=EDGE_CURVE('',#5200,#5201,#2986,.F.);
#6588=EDGE_CURVE('',#5201,#5199,#2987,.T.);
#6589=EDGE_CURVE('',#5202,#5203,#2988,.T.);
#6590=EDGE_CURVE('',#5204,#5202,#2989,.T.);
#6591=EDGE_CURVE('',#5205,#5204,#2990,.T.);
#6592=EDGE_CURVE('',#5205,#5203,#2991,.T.);
#6593=EDGE_CURVE('',#5197,#5200,#2992,.T.);
#6594=EDGE_CURVE('',#5196,#5201,#2993,.T.);
#6595=EDGE_CURVE('',#5203,#5206,#2994,.T.);
#6596=EDGE_CURVE('',#5207,#5205,#2995,.T.);
#6597=EDGE_CURVE('',#5207,#5206,#2996,.T.);
#6598=EDGE_CURVE('',#5206,#5208,#2997,.T.);
#6599=EDGE_CURVE('',#5209,#5207,#2998,.T.);
#6600=EDGE_CURVE('',#5209,#5208,#2999,.T.);
#6601=EDGE_CURVE('',#5208,#5202,#3000,.T.);
#6602=EDGE_CURVE('',#5204,#5209,#3001,.T.);
#6603=EDGE_CURVE('',#5199,#5194,#3002,.T.);
#6604=EDGE_CURVE('',#5195,#5180,#3003,.T.);
#6605=EDGE_CURVE('',#5183,#5198,#3004,.T.);
#6606=EDGE_CURVE('',#5184,#5179,#3005,.T.);
#6607=EDGE_CURVE('',#5185,#5178,#3006,.T.);
#6608=EDGE_CURVE('',#5186,#5177,#3007,.T.);
#6609=EDGE_CURVE('',#5187,#5176,#3008,.T.);
#6610=EDGE_CURVE('',#5188,#5175,#3009,.T.);
#6611=EDGE_CURVE('',#5189,#5174,#3010,.T.);
#6612=EDGE_CURVE('',#5000,#5210,#3011,.T.);
#6613=EDGE_CURVE('',#5210,#5211,#3012,.T.);
#6614=EDGE_CURVE('',#5211,#5001,#3013,.T.);
#6615=EDGE_CURVE('',#5210,#5212,#3014,.T.);
#6616=EDGE_CURVE('',#5212,#5213,#3015,.T.);
#6617=EDGE_CURVE('',#5213,#5214,#3016,.T.);
#6618=EDGE_CURVE('',#5214,#5215,#3017,.T.);
#6619=EDGE_CURVE('',#5215,#5216,#3018,.T.);
#6620=EDGE_CURVE('',#5216,#5217,#3019,.T.);
#6621=EDGE_CURVE('',#5217,#5218,#365,.T.);
#6622=EDGE_CURVE('',#5218,#5219,#3020,.T.);
#6623=EDGE_CURVE('',#5219,#5220,#3021,.T.);
#6624=EDGE_CURVE('',#5220,#5221,#3022,.T.);
#6625=EDGE_CURVE('',#5221,#5222,#3023,.T.);
#6626=EDGE_CURVE('',#5222,#5223,#3024,.T.);
#6627=EDGE_CURVE('',#5223,#5224,#366,.T.);
#6628=EDGE_CURVE('',#5224,#5225,#3025,.T.);
#6629=EDGE_CURVE('',#5225,#5226,#3026,.T.);
#6630=EDGE_CURVE('',#5226,#5227,#3027,.T.);
#6631=EDGE_CURVE('',#5227,#5228,#3028,.T.);
#6632=EDGE_CURVE('',#5228,#5229,#3029,.T.);
#6633=EDGE_CURVE('',#5229,#5230,#3030,.T.);
#6634=EDGE_CURVE('',#5231,#5230,#3031,.T.);
#6635=EDGE_CURVE('',#5211,#5231,#3032,.T.);
#6636=EDGE_CURVE('',#5232,#5232,#367,.T.);
#6637=EDGE_CURVE('',#5233,#5233,#368,.T.);
#6638=EDGE_CURVE('',#5234,#5234,#369,.T.);
#6639=EDGE_CURVE('',#5230,#4981,#3033,.T.);
#6640=EDGE_CURVE('',#4980,#5231,#3034,.T.);
#6641=EDGE_CURVE('',#5191,#5232,#3035,.T.);
#6642=EDGE_CURVE('',#5192,#5233,#3036,.T.);
#6643=EDGE_CURVE('',#5193,#5234,#3037,.T.);
#6644=EDGE_CURVE('',#5020,#5190,#3038,.T.);
#6645=EDGE_CURVE('',#4999,#5212,#3039,.T.);
#6646=EDGE_CURVE('',#4998,#5213,#3040,.T.);
#6647=EDGE_CURVE('',#4997,#5214,#3041,.T.);
#6648=EDGE_CURVE('',#4996,#5215,#3042,.T.);
#6649=EDGE_CURVE('',#4995,#5216,#3043,.T.);
#6650=EDGE_CURVE('',#5217,#4994,#3044,.T.);
#6651=EDGE_CURVE('',#4993,#5218,#3045,.T.);
#6652=EDGE_CURVE('',#4992,#5219,#3046,.T.);
#6653=EDGE_CURVE('',#4991,#5220,#3047,.T.);
#6654=EDGE_CURVE('',#4990,#5221,#3048,.T.);
#6655=EDGE_CURVE('',#4989,#5222,#3049,.T.);
#6656=EDGE_CURVE('',#4988,#5223,#3050,.T.);
#6657=EDGE_CURVE('',#4987,#5224,#3051,.T.);
#6658=EDGE_CURVE('',#4986,#5225,#3052,.T.);
#6659=EDGE_CURVE('',#4985,#5226,#3053,.T.);
#6660=EDGE_CURVE('',#4984,#5227,#3054,.T.);
#6661=EDGE_CURVE('',#4983,#5228,#3055,.T.);
#6662=EDGE_CURVE('',#4982,#5229,#3056,.T.);
#6663=EDGE_CURVE('',#5235,#5236,#3057,.T.);
#6664=EDGE_CURVE('',#5237,#5236,#3058,.T.);
#6665=EDGE_CURVE('',#5238,#5237,#3059,.T.);
#6666=EDGE_CURVE('',#5238,#5235,#3060,.T.);
#6667=EDGE_CURVE('',#5236,#5239,#3061,.T.);
#6668=EDGE_CURVE('',#5240,#5239,#3062,.T.);
#6669=EDGE_CURVE('',#5237,#5240,#3063,.T.);
#6670=EDGE_CURVE('',#5239,#5241,#3064,.T.);
#6671=EDGE_CURVE('',#5242,#5241,#3065,.T.);
#6672=EDGE_CURVE('',#5240,#5242,#3066,.T.);
#6673=EDGE_CURVE('',#5241,#5243,#3067,.T.);
#6674=EDGE_CURVE('',#5244,#5243,#3068,.T.);
#6675=EDGE_CURVE('',#5242,#5244,#3069,.T.);
#6676=EDGE_CURVE('',#5243,#5245,#3070,.T.);
#6677=EDGE_CURVE('',#5246,#5245,#3071,.T.);
#6678=EDGE_CURVE('',#5246,#5244,#3072,.T.);
#6679=EDGE_CURVE('',#5245,#5247,#3073,.T.);
#6680=EDGE_CURVE('',#5248,#5247,#3074,.T.);
#6681=EDGE_CURVE('',#5248,#5246,#3075,.T.);
#6682=EDGE_CURVE('',#5247,#5249,#3076,.T.);
#6683=EDGE_CURVE('',#5250,#5249,#3077,.T.);
#6684=EDGE_CURVE('',#5250,#5248,#3078,.T.);
#6685=EDGE_CURVE('',#5249,#5251,#3079,.T.);
#6686=EDGE_CURVE('',#5252,#5251,#3080,.T.);
#6687=EDGE_CURVE('',#5250,#5252,#3081,.T.);
#6688=EDGE_CURVE('',#5251,#5253,#3082,.T.);
#6689=EDGE_CURVE('',#5254,#5253,#3083,.T.);
#6690=EDGE_CURVE('',#5252,#5254,#3084,.T.);
#6691=EDGE_CURVE('',#5253,#5255,#3085,.T.);
#6692=EDGE_CURVE('',#5256,#5255,#3086,.T.);
#6693=EDGE_CURVE('',#5254,#5256,#3087,.T.);
#6694=EDGE_CURVE('',#5255,#5257,#3088,.T.);
#6695=EDGE_CURVE('',#5258,#5257,#3089,.T.);
#6696=EDGE_CURVE('',#5256,#5258,#3090,.T.);
#6697=EDGE_CURVE('',#5257,#5259,#370,.T.);
#6698=EDGE_CURVE('',#5260,#5259,#3091,.T.);
#6699=EDGE_CURVE('',#5258,#5260,#371,.T.);
#6700=EDGE_CURVE('',#5259,#5261,#3092,.T.);
#6701=EDGE_CURVE('',#5262,#5261,#3093,.T.);
#6702=EDGE_CURVE('',#5260,#5262,#3094,.T.);
#6703=EDGE_CURVE('',#5261,#5235,#372,.T.);
#6704=EDGE_CURVE('',#5262,#5238,#373,.T.);
#6705=EDGE_CURVE('',#5263,#5264,#374,.F.);
#6706=EDGE_CURVE('',#5265,#5263,#375,.F.);
#6707=EDGE_CURVE('',#5264,#5265,#376,.F.);
#6708=EDGE_CURVE('',#5266,#5267,#377,.F.);
#6709=EDGE_CURVE('',#5268,#5266,#378,.F.);
#6710=EDGE_CURVE('',#5267,#5268,#379,.F.);
#6711=EDGE_CURVE('',#5269,#5270,#380,.F.);
#6712=EDGE_CURVE('',#5271,#5269,#381,.F.);
#6713=EDGE_CURVE('',#5270,#5271,#382,.F.);
#6714=EDGE_CURVE('',#5272,#5273,#383,.F.);
#6715=EDGE_CURVE('',#5274,#5272,#384,.F.);
#6716=EDGE_CURVE('',#5273,#5274,#385,.F.);
#6717=EDGE_CURVE('',#5272,#5264,#3095,.T.);
#6718=EDGE_CURVE('',#5265,#5274,#3096,.T.);
#6719=EDGE_CURVE('',#5275,#5276,#386,.F.);
#6720=EDGE_CURVE('',#5277,#5275,#387,.F.);
#6721=EDGE_CURVE('',#5276,#5277,#388,.F.);
#6722=EDGE_CURVE('',#5269,#5277,#3097,.T.);
#6723=EDGE_CURVE('',#5275,#5271,#3098,.T.);
#6724=EDGE_CURVE('',#5278,#5279,#389,.F.);
#6725=EDGE_CURVE('',#5280,#5278,#390,.F.);
#6726=EDGE_CURVE('',#5279,#5280,#391,.F.);
#6727=EDGE_CURVE('',#5278,#5267,#3099,.T.);
#6728=EDGE_CURVE('',#5268,#5280,#3100,.T.);
#6729=EDGE_CURVE('',#5281,#5282,#392,.F.);
#6730=EDGE_CURVE('',#5283,#5281,#393,.F.);
#6731=EDGE_CURVE('',#5282,#5283,#394,.F.);
#6732=EDGE_CURVE('',#5281,#5269,#3101,.T.);
#6733=EDGE_CURVE('',#5270,#5283,#3102,.T.);
#6734=EDGE_CURVE('',#5273,#5282,#3103,.T.);
#6735=EDGE_CURVE('',#5283,#5272,#3104,.T.);
#6736=EDGE_CURVE('',#5284,#5285,#395,.F.);
#6737=EDGE_CURVE('',#5286,#5284,#396,.F.);
#6738=EDGE_CURVE('',#5285,#5286,#397,.F.);
#6739=EDGE_CURVE('',#5284,#5276,#3105,.T.);
#6740=EDGE_CURVE('',#5277,#5286,#3106,.T.);
#6741=EDGE_CURVE('',#5282,#5285,#3107,.T.);
#6742=EDGE_CURVE('',#5286,#5281,#3108,.T.);
#6743=EDGE_CURVE('',#5285,#5279,#3109,.T.);
#6744=EDGE_CURVE('',#5280,#5284,#3110,.T.);
#6745=EDGE_CURVE('',#5279,#5273,#3111,.T.);
#6746=EDGE_CURVE('',#5274,#5278,#3112,.T.);
#6747=EDGE_CURVE('',#5276,#5268,#3113,.T.);
#6748=EDGE_CURVE('',#5266,#5275,#3114,.T.);
#6749=EDGE_CURVE('',#5264,#5270,#3115,.T.);
#6750=EDGE_CURVE('',#5271,#5263,#3116,.T.);
#6751=EDGE_CURVE('',#5267,#5265,#3117,.T.);
#6752=EDGE_CURVE('',#5263,#5266,#3118,.T.);
#6753=ORIENTED_EDGE('',*,*,#5287,.T.);
#6754=ORIENTED_EDGE('',*,*,#5288,.F.);
#6755=ORIENTED_EDGE('',*,*,#5289,.F.);
#6756=ORIENTED_EDGE('',*,*,#5290,.F.);
#6757=ORIENTED_EDGE('',*,*,#5291,.F.);
#6758=ORIENTED_EDGE('',*,*,#5292,.T.);
#6759=ORIENTED_EDGE('',*,*,#5293,.F.);
#6760=ORIENTED_EDGE('',*,*,#5294,.F.);
#6761=ORIENTED_EDGE('',*,*,#5295,.F.);
#6762=ORIENTED_EDGE('',*,*,#5296,.F.);
#6763=ORIENTED_EDGE('',*,*,#5297,.F.);
#6764=ORIENTED_EDGE('',*,*,#5298,.F.);
#6765=ORIENTED_EDGE('',*,*,#5299,.T.);
#6766=ORIENTED_EDGE('',*,*,#5300,.F.);
#6767=ORIENTED_EDGE('',*,*,#5301,.F.);
#6768=ORIENTED_EDGE('',*,*,#5302,.T.);
#6769=ORIENTED_EDGE('',*,*,#5303,.F.);
#6770=ORIENTED_EDGE('',*,*,#5304,.F.);
#6771=ORIENTED_EDGE('',*,*,#5305,.F.);
#6772=ORIENTED_EDGE('',*,*,#5306,.F.);
#6773=ORIENTED_EDGE('',*,*,#5287,.F.);
#6774=ORIENTED_EDGE('',*,*,#5307,.T.);
#6775=ORIENTED_EDGE('',*,*,#5308,.F.);
#6776=ORIENTED_EDGE('',*,*,#5309,.T.);
#6777=ORIENTED_EDGE('',*,*,#5310,.T.);
#6778=ORIENTED_EDGE('',*,*,#5311,.T.);
#6779=ORIENTED_EDGE('',*,*,#5312,.F.);
#6780=ORIENTED_EDGE('',*,*,#5313,.T.);
#6781=ORIENTED_EDGE('',*,*,#5314,.T.);
#6782=ORIENTED_EDGE('',*,*,#5315,.T.);
#6783=ORIENTED_EDGE('',*,*,#5316,.F.);
#6784=ORIENTED_EDGE('',*,*,#5317,.T.);
#6785=ORIENTED_EDGE('',*,*,#5318,.T.);
#6786=ORIENTED_EDGE('',*,*,#5319,.T.);
#6787=ORIENTED_EDGE('',*,*,#5320,.F.);
#6788=ORIENTED_EDGE('',*,*,#5321,.T.);
#6789=ORIENTED_EDGE('',*,*,#5322,.T.);
#6790=ORIENTED_EDGE('',*,*,#5323,.T.);
#6791=ORIENTED_EDGE('',*,*,#5288,.T.);
#6792=ORIENTED_EDGE('',*,*,#5306,.T.);
#6793=ORIENTED_EDGE('',*,*,#5324,.F.);
#6794=ORIENTED_EDGE('',*,*,#5325,.F.);
#6795=ORIENTED_EDGE('',*,*,#5289,.T.);
#6796=ORIENTED_EDGE('',*,*,#5325,.T.);
#6797=ORIENTED_EDGE('',*,*,#5326,.F.);
#6798=ORIENTED_EDGE('',*,*,#5327,.F.);
#6799=ORIENTED_EDGE('',*,*,#5290,.T.);
#6800=ORIENTED_EDGE('',*,*,#5327,.T.);
#6801=ORIENTED_EDGE('',*,*,#5328,.F.);
#6802=ORIENTED_EDGE('',*,*,#5329,.F.);
#6803=ORIENTED_EDGE('',*,*,#5291,.T.);
#6804=ORIENTED_EDGE('',*,*,#5329,.T.);
#6805=ORIENTED_EDGE('',*,*,#5330,.F.);
#6806=ORIENTED_EDGE('',*,*,#5331,.F.);
#6807=ORIENTED_EDGE('',*,*,#5292,.F.);
#6808=ORIENTED_EDGE('',*,*,#5331,.T.);
#6809=ORIENTED_EDGE('',*,*,#5332,.T.);
#6810=ORIENTED_EDGE('',*,*,#5333,.F.);
#6811=ORIENTED_EDGE('',*,*,#5303,.T.);
#6812=ORIENTED_EDGE('',*,*,#5334,.T.);
#6813=ORIENTED_EDGE('',*,*,#5335,.T.);
#6814=ORIENTED_EDGE('',*,*,#5336,.T.);
#6815=ORIENTED_EDGE('',*,*,#5337,.T.);
#6816=ORIENTED_EDGE('',*,*,#5338,.F.);
#6817=ORIENTED_EDGE('',*,*,#5339,.F.);
#6818=ORIENTED_EDGE('',*,*,#5340,.F.);
#6819=ORIENTED_EDGE('',*,*,#5341,.F.);
#6820=ORIENTED_EDGE('',*,*,#5342,.F.);
#6821=ORIENTED_EDGE('',*,*,#5343,.F.);
#6822=ORIENTED_EDGE('',*,*,#5344,.F.);
#6823=ORIENTED_EDGE('',*,*,#5345,.F.);
#6824=ORIENTED_EDGE('',*,*,#5346,.F.);
#6825=ORIENTED_EDGE('',*,*,#5347,.F.);
#6826=ORIENTED_EDGE('',*,*,#5348,.F.);
#6827=ORIENTED_EDGE('',*,*,#5349,.F.);
#6828=ORIENTED_EDGE('',*,*,#5350,.F.);
#6829=ORIENTED_EDGE('',*,*,#5351,.F.);
#6830=ORIENTED_EDGE('',*,*,#5352,.F.);
#6831=ORIENTED_EDGE('',*,*,#5353,.F.);
#6832=ORIENTED_EDGE('',*,*,#5293,.T.);
#6833=ORIENTED_EDGE('',*,*,#5338,.T.);
#6834=ORIENTED_EDGE('',*,*,#5354,.F.);
#6835=ORIENTED_EDGE('',*,*,#5355,.F.);
#6836=ORIENTED_EDGE('',*,*,#5356,.T.);
#6837=ORIENTED_EDGE('',*,*,#5357,.F.);
#6838=ORIENTED_EDGE('',*,*,#5294,.T.);
#6839=ORIENTED_EDGE('',*,*,#5353,.T.);
#6840=ORIENTED_EDGE('',*,*,#5358,.F.);
#6841=ORIENTED_EDGE('',*,*,#5359,.F.);
#6842=ORIENTED_EDGE('',*,*,#5295,.T.);
#6843=ORIENTED_EDGE('',*,*,#5357,.T.);
#6844=ORIENTED_EDGE('',*,*,#5360,.F.);
#6845=ORIENTED_EDGE('',*,*,#5361,.F.);
#6846=ORIENTED_EDGE('',*,*,#5296,.T.);
#6847=ORIENTED_EDGE('',*,*,#5359,.T.);
#6848=ORIENTED_EDGE('',*,*,#5362,.F.);
#6849=ORIENTED_EDGE('',*,*,#5363,.F.);
#6850=ORIENTED_EDGE('',*,*,#5297,.T.);
#6851=ORIENTED_EDGE('',*,*,#5361,.T.);
#6852=ORIENTED_EDGE('',*,*,#5364,.F.);
#6853=ORIENTED_EDGE('',*,*,#5298,.T.);
#6854=ORIENTED_EDGE('',*,*,#5363,.T.);
#6855=ORIENTED_EDGE('',*,*,#5365,.F.);
#6856=ORIENTED_EDGE('',*,*,#5351,.T.);
#6857=ORIENTED_EDGE('',*,*,#5366,.T.);
#6858=ORIENTED_EDGE('',*,*,#5367,.T.);
#6859=ORIENTED_EDGE('',*,*,#5368,.F.);
#6860=ORIENTED_EDGE('',*,*,#5323,.F.);
#6861=ORIENTED_EDGE('',*,*,#5369,.T.);
#6862=ORIENTED_EDGE('',*,*,#5370,.F.);
#6863=ORIENTED_EDGE('',*,*,#5371,.F.);
#6864=ORIENTED_EDGE('',*,*,#5319,.F.);
#6865=ORIENTED_EDGE('',*,*,#5372,.T.);
#6866=ORIENTED_EDGE('',*,*,#5373,.F.);
#6867=ORIENTED_EDGE('',*,*,#5374,.F.);
#6868=ORIENTED_EDGE('',*,*,#5315,.F.);
#6869=ORIENTED_EDGE('',*,*,#5375,.T.);
#6870=ORIENTED_EDGE('',*,*,#5376,.F.);
#6871=ORIENTED_EDGE('',*,*,#5377,.F.);
#6872=ORIENTED_EDGE('',*,*,#5311,.F.);
#6873=ORIENTED_EDGE('',*,*,#5378,.T.);
#6874=ORIENTED_EDGE('',*,*,#5379,.F.);
#6875=ORIENTED_EDGE('',*,*,#5380,.F.);
#6876=ORIENTED_EDGE('',*,*,#5307,.F.);
#6877=ORIENTED_EDGE('',*,*,#5299,.F.);
#6878=ORIENTED_EDGE('',*,*,#5368,.T.);
#6879=ORIENTED_EDGE('',*,*,#5381,.T.);
#6880=ORIENTED_EDGE('',*,*,#5382,.T.);
#6881=ORIENTED_EDGE('',*,*,#5383,.T.);
#6882=ORIENTED_EDGE('',*,*,#5384,.T.);
#6883=ORIENTED_EDGE('',*,*,#5354,.T.);
#6884=ORIENTED_EDGE('',*,*,#5337,.F.);
#6885=ORIENTED_EDGE('',*,*,#5385,.T.);
#6886=ORIENTED_EDGE('',*,*,#5386,.T.);
#6887=ORIENTED_EDGE('',*,*,#5387,.T.);
#6888=ORIENTED_EDGE('',*,*,#5388,.T.);
#6889=ORIENTED_EDGE('',*,*,#5389,.T.);
#6890=ORIENTED_EDGE('',*,*,#5300,.T.);
#6891=ORIENTED_EDGE('',*,*,#5388,.F.);
#6892=ORIENTED_EDGE('',*,*,#5390,.F.);
#6893=ORIENTED_EDGE('',*,*,#5391,.F.);
#6894=ORIENTED_EDGE('',*,*,#5301,.T.);
#6895=ORIENTED_EDGE('',*,*,#5392,.T.);
#6896=ORIENTED_EDGE('',*,*,#5393,.F.);
#6897=ORIENTED_EDGE('',*,*,#5394,.T.);
#6898=ORIENTED_EDGE('',*,*,#5395,.T.);
#6899=ORIENTED_EDGE('',*,*,#5302,.F.);
#6900=ORIENTED_EDGE('',*,*,#5391,.T.);
#6901=ORIENTED_EDGE('',*,*,#5396,.F.);
#6902=ORIENTED_EDGE('',*,*,#5397,.F.);
#6903=ORIENTED_EDGE('',*,*,#5304,.T.);
#6904=ORIENTED_EDGE('',*,*,#5398,.F.);
#6905=ORIENTED_EDGE('',*,*,#5399,.F.);
#6906=ORIENTED_EDGE('',*,*,#5305,.T.);
#6907=ORIENTED_EDGE('',*,*,#5397,.T.);
#6908=ORIENTED_EDGE('',*,*,#5400,.F.);
#6909=ORIENTED_EDGE('',*,*,#5401,.T.);
#6910=ORIENTED_EDGE('',*,*,#5308,.T.);
#6911=ORIENTED_EDGE('',*,*,#5380,.T.);
#6912=ORIENTED_EDGE('',*,*,#5402,.T.);
#6913=ORIENTED_EDGE('',*,*,#5403,.T.);
#6914=ORIENTED_EDGE('',*,*,#5404,.T.);
#6915=ORIENTED_EDGE('',*,*,#5405,.T.);
#6916=ORIENTED_EDGE('',*,*,#5406,.T.);
#6917=ORIENTED_EDGE('',*,*,#5309,.F.);
#6918=ORIENTED_EDGE('',*,*,#5401,.F.);
#6919=ORIENTED_EDGE('',*,*,#5406,.F.);
#6920=ORIENTED_EDGE('',*,*,#5407,.F.);
#6921=ORIENTED_EDGE('',*,*,#5408,.F.);
#6922=ORIENTED_EDGE('',*,*,#5409,.F.);
#6923=ORIENTED_EDGE('',*,*,#5378,.F.);
#6924=ORIENTED_EDGE('',*,*,#5310,.F.);
#6925=ORIENTED_EDGE('',*,*,#5410,.T.);
#6926=ORIENTED_EDGE('',*,*,#5312,.T.);
#6927=ORIENTED_EDGE('',*,*,#5377,.T.);
#6928=ORIENTED_EDGE('',*,*,#5411,.T.);
#6929=ORIENTED_EDGE('',*,*,#5412,.T.);
#6930=ORIENTED_EDGE('',*,*,#5413,.T.);
#6931=ORIENTED_EDGE('',*,*,#5414,.T.);
#6932=ORIENTED_EDGE('',*,*,#5415,.T.);
#6933=ORIENTED_EDGE('',*,*,#5313,.F.);
#6934=ORIENTED_EDGE('',*,*,#5410,.F.);
#6935=ORIENTED_EDGE('',*,*,#5415,.F.);
#6936=ORIENTED_EDGE('',*,*,#5416,.F.);
#6937=ORIENTED_EDGE('',*,*,#5417,.F.);
#6938=ORIENTED_EDGE('',*,*,#5418,.F.);
#6939=ORIENTED_EDGE('',*,*,#5375,.F.);
#6940=ORIENTED_EDGE('',*,*,#5314,.F.);
#6941=ORIENTED_EDGE('',*,*,#5419,.T.);
#6942=ORIENTED_EDGE('',*,*,#5316,.T.);
#6943=ORIENTED_EDGE('',*,*,#5374,.T.);
#6944=ORIENTED_EDGE('',*,*,#5420,.T.);
#6945=ORIENTED_EDGE('',*,*,#5421,.T.);
#6946=ORIENTED_EDGE('',*,*,#5422,.T.);
#6947=ORIENTED_EDGE('',*,*,#5423,.T.);
#6948=ORIENTED_EDGE('',*,*,#5424,.T.);
#6949=ORIENTED_EDGE('',*,*,#5317,.F.);
#6950=ORIENTED_EDGE('',*,*,#5419,.F.);
#6951=ORIENTED_EDGE('',*,*,#5424,.F.);
#6952=ORIENTED_EDGE('',*,*,#5425,.F.);
#6953=ORIENTED_EDGE('',*,*,#5426,.F.);
#6954=ORIENTED_EDGE('',*,*,#5427,.F.);
#6955=ORIENTED_EDGE('',*,*,#5372,.F.);
#6956=ORIENTED_EDGE('',*,*,#5318,.F.);
#6957=ORIENTED_EDGE('',*,*,#5428,.T.);
#6958=ORIENTED_EDGE('',*,*,#5320,.T.);
#6959=ORIENTED_EDGE('',*,*,#5371,.T.);
#6960=ORIENTED_EDGE('',*,*,#5429,.T.);
#6961=ORIENTED_EDGE('',*,*,#5430,.T.);
#6962=ORIENTED_EDGE('',*,*,#5431,.T.);
#6963=ORIENTED_EDGE('',*,*,#5432,.T.);
#6964=ORIENTED_EDGE('',*,*,#5433,.T.);
#6965=ORIENTED_EDGE('',*,*,#5321,.F.);
#6966=ORIENTED_EDGE('',*,*,#5428,.F.);
#6967=ORIENTED_EDGE('',*,*,#5433,.F.);
#6968=ORIENTED_EDGE('',*,*,#5434,.F.);
#6969=ORIENTED_EDGE('',*,*,#5435,.F.);
#6970=ORIENTED_EDGE('',*,*,#5436,.F.);
#6971=ORIENTED_EDGE('',*,*,#5369,.F.);
#6972=ORIENTED_EDGE('',*,*,#5322,.F.);
#6973=ORIENTED_EDGE('',*,*,#5437,.T.);
#6974=ORIENTED_EDGE('',*,*,#5330,.T.);
#6975=ORIENTED_EDGE('',*,*,#5328,.T.);
#6976=ORIENTED_EDGE('',*,*,#5326,.T.);
#6977=ORIENTED_EDGE('',*,*,#5324,.T.);
#6978=ORIENTED_EDGE('',*,*,#5399,.T.);
#6979=ORIENTED_EDGE('',*,*,#5438,.T.);
#6980=ORIENTED_EDGE('',*,*,#5439,.T.);
#6981=ORIENTED_EDGE('',*,*,#5398,.T.);
#6982=ORIENTED_EDGE('',*,*,#5333,.T.);
#6983=ORIENTED_EDGE('',*,*,#5332,.F.);
#6984=ORIENTED_EDGE('',*,*,#5437,.F.);
#6985=ORIENTED_EDGE('',*,*,#5440,.T.);
#6986=ORIENTED_EDGE('',*,*,#5441,.T.);
#6987=ORIENTED_EDGE('',*,*,#5335,.F.);
#6988=ORIENTED_EDGE('',*,*,#5334,.F.);
#6989=ORIENTED_EDGE('',*,*,#5395,.F.);
#6990=ORIENTED_EDGE('',*,*,#5442,.T.);
#6991=ORIENTED_EDGE('',*,*,#5443,.T.);
#6992=ORIENTED_EDGE('',*,*,#5385,.F.);
#6993=ORIENTED_EDGE('',*,*,#5336,.F.);
#6994=ORIENTED_EDGE('',*,*,#5339,.T.);
#6995=ORIENTED_EDGE('',*,*,#5444,.T.);
#6996=ORIENTED_EDGE('',*,*,#5445,.F.);
#6997=ORIENTED_EDGE('',*,*,#5446,.T.);
#6998=ORIENTED_EDGE('',*,*,#5347,.T.);
#6999=ORIENTED_EDGE('',*,*,#5447,.T.);
#7000=ORIENTED_EDGE('',*,*,#5448,.F.);
#7001=ORIENTED_EDGE('',*,*,#5449,.F.);
#7002=ORIENTED_EDGE('',*,*,#5350,.T.);
#7003=ORIENTED_EDGE('',*,*,#5450,.T.);
#7004=ORIENTED_EDGE('',*,*,#5451,.F.);
#7005=ORIENTED_EDGE('',*,*,#5444,.F.);
#7006=ORIENTED_EDGE('',*,*,#5450,.F.);
#7007=ORIENTED_EDGE('',*,*,#5349,.T.);
#7008=ORIENTED_EDGE('',*,*,#5452,.T.);
#7009=ORIENTED_EDGE('',*,*,#5453,.F.);
#7010=ORIENTED_EDGE('',*,*,#5348,.T.);
#7011=ORIENTED_EDGE('',*,*,#5446,.F.);
#7012=ORIENTED_EDGE('',*,*,#5454,.F.);
#7013=ORIENTED_EDGE('',*,*,#5452,.F.);
#7014=ORIENTED_EDGE('',*,*,#5447,.F.);
#7015=ORIENTED_EDGE('',*,*,#5346,.T.);
#7016=ORIENTED_EDGE('',*,*,#5455,.T.);
#7017=ORIENTED_EDGE('',*,*,#5456,.F.);
#7018=ORIENTED_EDGE('',*,*,#5345,.T.);
#7019=ORIENTED_EDGE('',*,*,#5457,.T.);
#7020=ORIENTED_EDGE('',*,*,#5458,.F.);
#7021=ORIENTED_EDGE('',*,*,#5459,.T.);
#7022=ORIENTED_EDGE('',*,*,#5341,.T.);
#7023=ORIENTED_EDGE('',*,*,#5460,.T.);
#7024=ORIENTED_EDGE('',*,*,#5461,.F.);
#7025=ORIENTED_EDGE('',*,*,#5455,.F.);
#7026=ORIENTED_EDGE('',*,*,#5344,.T.);
#7027=ORIENTED_EDGE('',*,*,#5462,.T.);
#7028=ORIENTED_EDGE('',*,*,#5463,.F.);
#7029=ORIENTED_EDGE('',*,*,#5457,.F.);
#7030=ORIENTED_EDGE('',*,*,#5462,.F.);
#7031=ORIENTED_EDGE('',*,*,#5343,.T.);
#7032=ORIENTED_EDGE('',*,*,#5464,.T.);
#7033=ORIENTED_EDGE('',*,*,#5465,.F.);
#7034=ORIENTED_EDGE('',*,*,#5342,.T.);
#7035=ORIENTED_EDGE('',*,*,#5459,.F.);
#7036=ORIENTED_EDGE('',*,*,#5466,.F.);
#7037=ORIENTED_EDGE('',*,*,#5464,.F.);
#7038=ORIENTED_EDGE('',*,*,#5460,.F.);
#7039=ORIENTED_EDGE('',*,*,#5340,.T.);
#7040=ORIENTED_EDGE('',*,*,#5449,.T.);
#7041=ORIENTED_EDGE('',*,*,#5467,.F.);
#7042=ORIENTED_EDGE('',*,*,#5366,.F.);
#7043=ORIENTED_EDGE('',*,*,#5356,.F.);
#7044=ORIENTED_EDGE('',*,*,#5468,.F.);
#7045=ORIENTED_EDGE('',*,*,#5469,.F.);
#7046=ORIENTED_EDGE('',*,*,#5470,.F.);
#7047=ORIENTED_EDGE('',*,*,#5471,.F.);
#7048=ORIENTED_EDGE('',*,*,#5472,.F.);
#7049=ORIENTED_EDGE('',*,*,#5468,.T.);
#7050=ORIENTED_EDGE('',*,*,#5355,.T.);
#7051=ORIENTED_EDGE('',*,*,#5384,.F.);
#7052=ORIENTED_EDGE('',*,*,#5365,.T.);
#7053=ORIENTED_EDGE('',*,*,#5364,.T.);
#7054=ORIENTED_EDGE('',*,*,#5362,.T.);
#7055=ORIENTED_EDGE('',*,*,#5360,.T.);
#7056=ORIENTED_EDGE('',*,*,#5358,.T.);
#7057=ORIENTED_EDGE('',*,*,#5352,.T.);
#7058=ORIENTED_EDGE('',*,*,#5367,.F.);
#7059=ORIENTED_EDGE('',*,*,#5471,.T.);
#7060=ORIENTED_EDGE('',*,*,#5473,.T.);
#7061=ORIENTED_EDGE('',*,*,#5381,.F.);
#7062=ORIENTED_EDGE('',*,*,#5370,.T.);
#7063=ORIENTED_EDGE('',*,*,#5436,.T.);
#7064=ORIENTED_EDGE('',*,*,#5474,.F.);
#7065=ORIENTED_EDGE('',*,*,#5429,.F.);
#7066=ORIENTED_EDGE('',*,*,#5373,.T.);
#7067=ORIENTED_EDGE('',*,*,#5427,.T.);
#7068=ORIENTED_EDGE('',*,*,#5475,.F.);
#7069=ORIENTED_EDGE('',*,*,#5420,.F.);
#7070=ORIENTED_EDGE('',*,*,#5376,.T.);
#7071=ORIENTED_EDGE('',*,*,#5418,.T.);
#7072=ORIENTED_EDGE('',*,*,#5476,.F.);
#7073=ORIENTED_EDGE('',*,*,#5411,.F.);
#7074=ORIENTED_EDGE('',*,*,#5379,.T.);
#7075=ORIENTED_EDGE('',*,*,#5409,.T.);
#7076=ORIENTED_EDGE('',*,*,#5477,.F.);
#7077=ORIENTED_EDGE('',*,*,#5402,.F.);
#7078=ORIENTED_EDGE('',*,*,#5478,.T.);
#7079=ORIENTED_EDGE('',*,*,#5390,.T.);
#7080=ORIENTED_EDGE('',*,*,#5387,.F.);
#7081=ORIENTED_EDGE('',*,*,#5479,.F.);
#7082=ORIENTED_EDGE('',*,*,#5480,.T.);
#7083=ORIENTED_EDGE('',*,*,#5479,.T.);
#7084=ORIENTED_EDGE('',*,*,#5386,.F.);
#7085=ORIENTED_EDGE('',*,*,#5443,.F.);
#7086=ORIENTED_EDGE('',*,*,#5481,.F.);
#7087=ORIENTED_EDGE('',*,*,#5469,.T.);
#7088=ORIENTED_EDGE('',*,*,#5472,.T.);
#7089=ORIENTED_EDGE('',*,*,#5383,.F.);
#7090=ORIENTED_EDGE('',*,*,#5473,.F.);
#7091=ORIENTED_EDGE('',*,*,#5470,.T.);
#7092=ORIENTED_EDGE('',*,*,#5481,.T.);
#7093=ORIENTED_EDGE('',*,*,#5382,.F.);
#7094=ORIENTED_EDGE('',*,*,#5441,.F.);
#7095=ORIENTED_EDGE('',*,*,#5482,.F.);
#7096=ORIENTED_EDGE('',*,*,#5392,.F.);
#7097=ORIENTED_EDGE('',*,*,#5389,.F.);
#7098=ORIENTED_EDGE('',*,*,#5478,.F.);
#7099=ORIENTED_EDGE('',*,*,#5480,.F.);
#7100=ORIENTED_EDGE('',*,*,#5442,.F.);
#7101=ORIENTED_EDGE('',*,*,#5393,.T.);
#7102=ORIENTED_EDGE('',*,*,#5482,.T.);
#7103=ORIENTED_EDGE('',*,*,#5440,.F.);
#7104=ORIENTED_EDGE('',*,*,#5394,.F.);
#7105=ORIENTED_EDGE('',*,*,#5400,.T.);
#7106=ORIENTED_EDGE('',*,*,#5396,.T.);
#7107=ORIENTED_EDGE('',*,*,#5439,.F.);
#7108=ORIENTED_EDGE('',*,*,#5438,.F.);
#7109=ORIENTED_EDGE('',*,*,#5477,.T.);
#7110=ORIENTED_EDGE('',*,*,#5408,.T.);
#7111=ORIENTED_EDGE('',*,*,#5483,.F.);
#7112=ORIENTED_EDGE('',*,*,#5403,.F.);
#7113=ORIENTED_EDGE('',*,*,#5483,.T.);
#7114=ORIENTED_EDGE('',*,*,#5407,.T.);
#7115=ORIENTED_EDGE('',*,*,#5405,.F.);
#7116=ORIENTED_EDGE('',*,*,#5404,.F.);
#7117=ORIENTED_EDGE('',*,*,#5476,.T.);
#7118=ORIENTED_EDGE('',*,*,#5417,.T.);
#7119=ORIENTED_EDGE('',*,*,#5484,.F.);
#7120=ORIENTED_EDGE('',*,*,#5412,.F.);
#7121=ORIENTED_EDGE('',*,*,#5484,.T.);
#7122=ORIENTED_EDGE('',*,*,#5416,.T.);
#7123=ORIENTED_EDGE('',*,*,#5414,.F.);
#7124=ORIENTED_EDGE('',*,*,#5413,.F.);
#7125=ORIENTED_EDGE('',*,*,#5475,.T.);
#7126=ORIENTED_EDGE('',*,*,#5426,.T.);
#7127=ORIENTED_EDGE('',*,*,#5485,.F.);
#7128=ORIENTED_EDGE('',*,*,#5421,.F.);
#7129=ORIENTED_EDGE('',*,*,#5485,.T.);
#7130=ORIENTED_EDGE('',*,*,#5425,.T.);
#7131=ORIENTED_EDGE('',*,*,#5423,.F.);
#7132=ORIENTED_EDGE('',*,*,#5422,.F.);
#7133=ORIENTED_EDGE('',*,*,#5474,.T.);
#7134=ORIENTED_EDGE('',*,*,#5435,.T.);
#7135=ORIENTED_EDGE('',*,*,#5486,.F.);
#7136=ORIENTED_EDGE('',*,*,#5430,.F.);
#7137=ORIENTED_EDGE('',*,*,#5486,.T.);
#7138=ORIENTED_EDGE('',*,*,#5434,.T.);
#7139=ORIENTED_EDGE('',*,*,#5432,.F.);
#7140=ORIENTED_EDGE('',*,*,#5431,.F.);
#7141=ORIENTED_EDGE('',*,*,#5451,.T.);
#7142=ORIENTED_EDGE('',*,*,#5453,.T.);
#7143=ORIENTED_EDGE('',*,*,#5454,.T.);
#7144=ORIENTED_EDGE('',*,*,#5445,.T.);
#7145=ORIENTED_EDGE('',*,*,#5448,.T.);
#7146=ORIENTED_EDGE('',*,*,#5456,.T.);
#7147=ORIENTED_EDGE('',*,*,#5461,.T.);
#7148=ORIENTED_EDGE('',*,*,#5467,.T.);
#7149=ORIENTED_EDGE('',*,*,#5487,.F.);
#7150=ORIENTED_EDGE('',*,*,#5488,.F.);
#7151=ORIENTED_EDGE('',*,*,#5489,.T.);
#7152=ORIENTED_EDGE('',*,*,#5490,.T.);
#7153=ORIENTED_EDGE('',*,*,#5491,.F.);
#7154=ORIENTED_EDGE('',*,*,#5492,.T.);
#7155=ORIENTED_EDGE('',*,*,#5493,.T.);
#7156=ORIENTED_EDGE('',*,*,#5494,.F.);
#7157=ORIENTED_EDGE('',*,*,#5495,.F.);
#7158=ORIENTED_EDGE('',*,*,#5496,.T.);
#7159=ORIENTED_EDGE('',*,*,#5497,.T.);
#7160=ORIENTED_EDGE('',*,*,#5498,.F.);
#7161=ORIENTED_EDGE('',*,*,#5499,.F.);
#7162=ORIENTED_EDGE('',*,*,#5500,.T.);
#7163=ORIENTED_EDGE('',*,*,#5501,.T.);
#7164=ORIENTED_EDGE('',*,*,#5502,.F.);
#7165=ORIENTED_EDGE('',*,*,#5466,.T.);
#7166=ORIENTED_EDGE('',*,*,#5458,.T.);
#7167=ORIENTED_EDGE('',*,*,#5463,.T.);
#7168=ORIENTED_EDGE('',*,*,#5465,.T.);
#7169=ORIENTED_EDGE('',*,*,#5487,.T.);
#7170=ORIENTED_EDGE('',*,*,#5503,.T.);
#7171=ORIENTED_EDGE('',*,*,#5504,.F.);
#7172=ORIENTED_EDGE('',*,*,#5505,.F.);
#7173=ORIENTED_EDGE('',*,*,#5506,.F.);
#7174=ORIENTED_EDGE('',*,*,#5503,.F.);
#7175=ORIENTED_EDGE('',*,*,#5490,.F.);
#7176=ORIENTED_EDGE('',*,*,#5507,.F.);
#7177=ORIENTED_EDGE('',*,*,#5508,.T.);
#7178=ORIENTED_EDGE('',*,*,#5507,.T.);
#7179=ORIENTED_EDGE('',*,*,#5489,.F.);
#7180=ORIENTED_EDGE('',*,*,#5509,.F.);
#7181=ORIENTED_EDGE('',*,*,#5510,.T.);
#7182=ORIENTED_EDGE('',*,*,#5509,.T.);
#7183=ORIENTED_EDGE('',*,*,#5488,.T.);
#7184=ORIENTED_EDGE('',*,*,#5505,.T.);
#7185=ORIENTED_EDGE('',*,*,#5511,.T.);
#7186=ORIENTED_EDGE('',*,*,#5512,.T.);
#7187=ORIENTED_EDGE('',*,*,#5491,.T.);
#7188=ORIENTED_EDGE('',*,*,#5513,.T.);
#7189=ORIENTED_EDGE('',*,*,#5494,.T.);
#7190=ORIENTED_EDGE('',*,*,#5514,.T.);
#7191=ORIENTED_EDGE('',*,*,#5515,.F.);
#7192=ORIENTED_EDGE('',*,*,#5513,.F.);
#7193=ORIENTED_EDGE('',*,*,#5516,.F.);
#7194=ORIENTED_EDGE('',*,*,#5514,.F.);
#7195=ORIENTED_EDGE('',*,*,#5493,.F.);
#7196=ORIENTED_EDGE('',*,*,#5517,.F.);
#7197=ORIENTED_EDGE('',*,*,#5518,.T.);
#7198=ORIENTED_EDGE('',*,*,#5517,.T.);
#7199=ORIENTED_EDGE('',*,*,#5492,.F.);
#7200=ORIENTED_EDGE('',*,*,#5512,.F.);
#7201=ORIENTED_EDGE('',*,*,#5519,.T.);
#7202=ORIENTED_EDGE('',*,*,#5520,.T.);
#7203=ORIENTED_EDGE('',*,*,#5495,.T.);
#7204=ORIENTED_EDGE('',*,*,#5521,.T.);
#7205=ORIENTED_EDGE('',*,*,#5498,.T.);
#7206=ORIENTED_EDGE('',*,*,#5522,.T.);
#7207=ORIENTED_EDGE('',*,*,#5523,.F.);
#7208=ORIENTED_EDGE('',*,*,#5521,.F.);
#7209=ORIENTED_EDGE('',*,*,#5524,.F.);
#7210=ORIENTED_EDGE('',*,*,#5522,.F.);
#7211=ORIENTED_EDGE('',*,*,#5497,.F.);
#7212=ORIENTED_EDGE('',*,*,#5525,.F.);
#7213=ORIENTED_EDGE('',*,*,#5526,.T.);
#7214=ORIENTED_EDGE('',*,*,#5525,.T.);
#7215=ORIENTED_EDGE('',*,*,#5496,.F.);
#7216=ORIENTED_EDGE('',*,*,#5520,.F.);
#7217=ORIENTED_EDGE('',*,*,#5527,.T.);
#7218=ORIENTED_EDGE('',*,*,#5528,.T.);
#7219=ORIENTED_EDGE('',*,*,#5499,.T.);
#7220=ORIENTED_EDGE('',*,*,#5529,.T.);
#7221=ORIENTED_EDGE('',*,*,#5502,.T.);
#7222=ORIENTED_EDGE('',*,*,#5530,.T.);
#7223=ORIENTED_EDGE('',*,*,#5531,.F.);
#7224=ORIENTED_EDGE('',*,*,#5529,.F.);
#7225=ORIENTED_EDGE('',*,*,#5532,.F.);
#7226=ORIENTED_EDGE('',*,*,#5530,.F.);
#7227=ORIENTED_EDGE('',*,*,#5501,.F.);
#7228=ORIENTED_EDGE('',*,*,#5533,.F.);
#7229=ORIENTED_EDGE('',*,*,#5534,.T.);
#7230=ORIENTED_EDGE('',*,*,#5533,.T.);
#7231=ORIENTED_EDGE('',*,*,#5500,.F.);
#7232=ORIENTED_EDGE('',*,*,#5528,.F.);
#7233=ORIENTED_EDGE('',*,*,#5504,.T.);
#7234=ORIENTED_EDGE('',*,*,#5506,.T.);
#7235=ORIENTED_EDGE('',*,*,#5508,.F.);
#7236=ORIENTED_EDGE('',*,*,#5510,.F.);
#7237=ORIENTED_EDGE('',*,*,#5515,.T.);
#7238=ORIENTED_EDGE('',*,*,#5516,.T.);
#7239=ORIENTED_EDGE('',*,*,#5518,.F.);
#7240=ORIENTED_EDGE('',*,*,#5511,.F.);
#7241=ORIENTED_EDGE('',*,*,#5523,.T.);
#7242=ORIENTED_EDGE('',*,*,#5524,.T.);
#7243=ORIENTED_EDGE('',*,*,#5526,.F.);
#7244=ORIENTED_EDGE('',*,*,#5519,.F.);
#7245=ORIENTED_EDGE('',*,*,#5531,.T.);
#7246=ORIENTED_EDGE('',*,*,#5532,.T.);
#7247=ORIENTED_EDGE('',*,*,#5534,.F.);
#7248=ORIENTED_EDGE('',*,*,#5527,.F.);
#7249=ORIENTED_EDGE('',*,*,#5535,.T.);
#7250=ORIENTED_EDGE('',*,*,#5536,.T.);
#7251=ORIENTED_EDGE('',*,*,#5537,.T.);
#7252=ORIENTED_EDGE('',*,*,#5538,.F.);
#7253=ORIENTED_EDGE('',*,*,#5539,.F.);
#7254=ORIENTED_EDGE('',*,*,#5540,.T.);
#7255=ORIENTED_EDGE('',*,*,#5541,.F.);
#7256=ORIENTED_EDGE('',*,*,#5542,.F.);
#7257=ORIENTED_EDGE('',*,*,#5543,.T.);
#7258=ORIENTED_EDGE('',*,*,#5544,.F.);
#7259=ORIENTED_EDGE('',*,*,#5535,.F.);
#7260=ORIENTED_EDGE('',*,*,#5545,.T.);
#7261=ORIENTED_EDGE('',*,*,#5542,.T.);
#7262=ORIENTED_EDGE('',*,*,#5546,.T.);
#7263=ORIENTED_EDGE('',*,*,#5547,.F.);
#7264=ORIENTED_EDGE('',*,*,#5545,.F.);
#7265=ORIENTED_EDGE('',*,*,#5544,.T.);
#7266=ORIENTED_EDGE('',*,*,#5548,.T.);
#7267=ORIENTED_EDGE('',*,*,#5549,.F.);
#7268=ORIENTED_EDGE('',*,*,#5536,.F.);
#7269=ORIENTED_EDGE('',*,*,#5541,.T.);
#7270=ORIENTED_EDGE('',*,*,#5550,.T.);
#7271=ORIENTED_EDGE('',*,*,#5551,.F.);
#7272=ORIENTED_EDGE('',*,*,#5546,.F.);
#7273=ORIENTED_EDGE('',*,*,#5537,.F.);
#7274=ORIENTED_EDGE('',*,*,#5549,.T.);
#7275=ORIENTED_EDGE('',*,*,#5552,.T.);
#7276=ORIENTED_EDGE('',*,*,#5553,.F.);
#7277=ORIENTED_EDGE('',*,*,#5554,.T.);
#7278=ORIENTED_EDGE('',*,*,#5555,.T.);
#7279=ORIENTED_EDGE('',*,*,#5550,.F.);
#7280=ORIENTED_EDGE('',*,*,#5540,.F.);
#7281=ORIENTED_EDGE('',*,*,#5538,.T.);
#7282=ORIENTED_EDGE('',*,*,#5553,.T.);
#7283=ORIENTED_EDGE('',*,*,#5556,.F.);
#7284=ORIENTED_EDGE('',*,*,#5557,.F.);
#7285=ORIENTED_EDGE('',*,*,#5558,.F.);
#7286=ORIENTED_EDGE('',*,*,#5554,.F.);
#7287=ORIENTED_EDGE('',*,*,#5539,.T.);
#7288=ORIENTED_EDGE('',*,*,#5557,.T.);
#7289=ORIENTED_EDGE('',*,*,#5543,.F.);
#7290=ORIENTED_EDGE('',*,*,#5547,.T.);
#7291=ORIENTED_EDGE('',*,*,#5551,.T.);
#7292=ORIENTED_EDGE('',*,*,#5555,.F.);
#7293=ORIENTED_EDGE('',*,*,#5558,.T.);
#7294=ORIENTED_EDGE('',*,*,#5556,.T.);
#7295=ORIENTED_EDGE('',*,*,#5552,.F.);
#7296=ORIENTED_EDGE('',*,*,#5548,.F.);
#7297=ORIENTED_EDGE('',*,*,#5559,.F.);
#7298=ORIENTED_EDGE('',*,*,#5560,.T.);
#7299=ORIENTED_EDGE('',*,*,#5561,.T.);
#7300=ORIENTED_EDGE('',*,*,#5562,.T.);
#7301=ORIENTED_EDGE('',*,*,#5563,.F.);
#7302=ORIENTED_EDGE('',*,*,#5564,.F.);
#7303=ORIENTED_EDGE('',*,*,#5565,.T.);
#7304=ORIENTED_EDGE('',*,*,#5566,.F.);
#7305=ORIENTED_EDGE('',*,*,#5559,.T.);
#7306=ORIENTED_EDGE('',*,*,#5567,.T.);
#7307=ORIENTED_EDGE('',*,*,#5568,.F.);
#7308=ORIENTED_EDGE('',*,*,#5569,.F.);
#7309=ORIENTED_EDGE('',*,*,#5566,.T.);
#7310=ORIENTED_EDGE('',*,*,#5570,.T.);
#7311=ORIENTED_EDGE('',*,*,#5571,.F.);
#7312=ORIENTED_EDGE('',*,*,#5567,.F.);
#7313=ORIENTED_EDGE('',*,*,#5572,.T.);
#7314=ORIENTED_EDGE('',*,*,#5573,.T.);
#7315=ORIENTED_EDGE('',*,*,#5570,.F.);
#7316=ORIENTED_EDGE('',*,*,#5565,.F.);
#7317=ORIENTED_EDGE('',*,*,#5574,.F.);
#7318=ORIENTED_EDGE('',*,*,#5572,.F.);
#7319=ORIENTED_EDGE('',*,*,#5564,.T.);
#7320=ORIENTED_EDGE('',*,*,#5575,.T.);
#7321=ORIENTED_EDGE('',*,*,#5563,.T.);
#7322=ORIENTED_EDGE('',*,*,#5576,.T.);
#7323=ORIENTED_EDGE('',*,*,#5577,.F.);
#7324=ORIENTED_EDGE('',*,*,#5575,.F.);
#7325=ORIENTED_EDGE('',*,*,#5562,.F.);
#7326=ORIENTED_EDGE('',*,*,#5578,.T.);
#7327=ORIENTED_EDGE('',*,*,#5579,.T.);
#7328=ORIENTED_EDGE('',*,*,#5576,.F.);
#7329=ORIENTED_EDGE('',*,*,#5580,.T.);
#7330=ORIENTED_EDGE('',*,*,#5581,.T.);
#7331=ORIENTED_EDGE('',*,*,#5578,.F.);
#7332=ORIENTED_EDGE('',*,*,#5561,.F.);
#7333=ORIENTED_EDGE('',*,*,#5582,.T.);
#7334=ORIENTED_EDGE('',*,*,#5580,.F.);
#7335=ORIENTED_EDGE('',*,*,#5560,.F.);
#7336=ORIENTED_EDGE('',*,*,#5569,.T.);
#7337=ORIENTED_EDGE('',*,*,#5583,.T.);
#7338=ORIENTED_EDGE('',*,*,#5584,.T.);
#7339=ORIENTED_EDGE('',*,*,#5585,.T.);
#7340=ORIENTED_EDGE('',*,*,#5586,.F.);
#7341=ORIENTED_EDGE('',*,*,#5587,.F.);
#7342=ORIENTED_EDGE('',*,*,#5588,.T.);
#7343=ORIENTED_EDGE('',*,*,#5589,.F.);
#7344=ORIENTED_EDGE('',*,*,#5590,.F.);
#7345=ORIENTED_EDGE('',*,*,#5568,.T.);
#7346=ORIENTED_EDGE('',*,*,#5571,.T.);
#7347=ORIENTED_EDGE('',*,*,#5573,.F.);
#7348=ORIENTED_EDGE('',*,*,#5574,.T.);
#7349=ORIENTED_EDGE('',*,*,#5577,.T.);
#7350=ORIENTED_EDGE('',*,*,#5579,.F.);
#7351=ORIENTED_EDGE('',*,*,#5581,.F.);
#7352=ORIENTED_EDGE('',*,*,#5582,.F.);
#7353=ORIENTED_EDGE('',*,*,#5591,.T.);
#7354=ORIENTED_EDGE('',*,*,#5592,.F.);
#7355=ORIENTED_EDGE('',*,*,#5583,.F.);
#7356=ORIENTED_EDGE('',*,*,#5593,.T.);
#7357=ORIENTED_EDGE('',*,*,#5590,.T.);
#7358=ORIENTED_EDGE('',*,*,#5594,.T.);
#7359=ORIENTED_EDGE('',*,*,#5595,.F.);
#7360=ORIENTED_EDGE('',*,*,#5593,.F.);
#7361=ORIENTED_EDGE('',*,*,#5592,.T.);
#7362=ORIENTED_EDGE('',*,*,#5596,.T.);
#7363=ORIENTED_EDGE('',*,*,#5597,.F.);
#7364=ORIENTED_EDGE('',*,*,#5584,.F.);
#7365=ORIENTED_EDGE('',*,*,#5589,.T.);
#7366=ORIENTED_EDGE('',*,*,#5598,.T.);
#7367=ORIENTED_EDGE('',*,*,#5599,.F.);
#7368=ORIENTED_EDGE('',*,*,#5594,.F.);
#7369=ORIENTED_EDGE('',*,*,#5585,.F.);
#7370=ORIENTED_EDGE('',*,*,#5597,.T.);
#7371=ORIENTED_EDGE('',*,*,#5600,.T.);
#7372=ORIENTED_EDGE('',*,*,#5601,.F.);
#7373=ORIENTED_EDGE('',*,*,#5602,.T.);
#7374=ORIENTED_EDGE('',*,*,#5603,.T.);
#7375=ORIENTED_EDGE('',*,*,#5598,.F.);
#7376=ORIENTED_EDGE('',*,*,#5588,.F.);
#7377=ORIENTED_EDGE('',*,*,#5586,.T.);
#7378=ORIENTED_EDGE('',*,*,#5601,.T.);
#7379=ORIENTED_EDGE('',*,*,#5604,.F.);
#7380=ORIENTED_EDGE('',*,*,#5605,.F.);
#7381=ORIENTED_EDGE('',*,*,#5606,.F.);
#7382=ORIENTED_EDGE('',*,*,#5602,.F.);
#7383=ORIENTED_EDGE('',*,*,#5587,.T.);
#7384=ORIENTED_EDGE('',*,*,#5605,.T.);
#7385=ORIENTED_EDGE('',*,*,#5591,.F.);
#7386=ORIENTED_EDGE('',*,*,#5595,.T.);
#7387=ORIENTED_EDGE('',*,*,#5599,.T.);
#7388=ORIENTED_EDGE('',*,*,#5603,.F.);
#7389=ORIENTED_EDGE('',*,*,#5606,.T.);
#7390=ORIENTED_EDGE('',*,*,#5604,.T.);
#7391=ORIENTED_EDGE('',*,*,#5600,.F.);
#7392=ORIENTED_EDGE('',*,*,#5596,.F.);
#7393=ORIENTED_EDGE('',*,*,#5607,.F.);
#7394=ORIENTED_EDGE('',*,*,#5608,.T.);
#7395=ORIENTED_EDGE('',*,*,#5609,.T.);
#7396=ORIENTED_EDGE('',*,*,#5610,.F.);
#7397=ORIENTED_EDGE('',*,*,#5607,.T.);
#7398=ORIENTED_EDGE('',*,*,#5611,.T.);
#7399=ORIENTED_EDGE('',*,*,#5612,.T.);
#7400=ORIENTED_EDGE('',*,*,#5613,.T.);
#7401=ORIENTED_EDGE('',*,*,#5614,.T.);
#7402=ORIENTED_EDGE('',*,*,#5615,.T.);
#7403=ORIENTED_EDGE('',*,*,#5616,.T.);
#7404=ORIENTED_EDGE('',*,*,#5617,.T.);
#7405=ORIENTED_EDGE('',*,*,#5611,.F.);
#7406=ORIENTED_EDGE('',*,*,#5610,.T.);
#7407=ORIENTED_EDGE('',*,*,#5618,.T.);
#7408=ORIENTED_EDGE('',*,*,#5619,.F.);
#7409=ORIENTED_EDGE('',*,*,#5609,.F.);
#7410=ORIENTED_EDGE('',*,*,#5620,.T.);
#7411=ORIENTED_EDGE('',*,*,#5621,.T.);
#7412=ORIENTED_EDGE('',*,*,#5622,.F.);
#7413=ORIENTED_EDGE('',*,*,#5617,.F.);
#7414=ORIENTED_EDGE('',*,*,#5623,.T.);
#7415=ORIENTED_EDGE('',*,*,#5624,.T.);
#7416=ORIENTED_EDGE('',*,*,#5608,.F.);
#7417=ORIENTED_EDGE('',*,*,#5616,.F.);
#7418=ORIENTED_EDGE('',*,*,#5625,.T.);
#7419=ORIENTED_EDGE('',*,*,#5626,.T.);
#7420=ORIENTED_EDGE('',*,*,#5627,.T.);
#7421=ORIENTED_EDGE('',*,*,#5628,.T.);
#7422=ORIENTED_EDGE('',*,*,#5629,.T.);
#7423=ORIENTED_EDGE('',*,*,#5630,.T.);
#7424=ORIENTED_EDGE('',*,*,#5631,.T.);
#7425=ORIENTED_EDGE('',*,*,#5632,.T.);
#7426=ORIENTED_EDGE('',*,*,#5623,.F.);
#7427=ORIENTED_EDGE('',*,*,#5612,.F.);
#7428=ORIENTED_EDGE('',*,*,#5619,.T.);
#7429=ORIENTED_EDGE('',*,*,#5633,.T.);
#7430=ORIENTED_EDGE('',*,*,#5634,.T.);
#7431=ORIENTED_EDGE('',*,*,#5635,.T.);
#7432=ORIENTED_EDGE('',*,*,#5636,.T.);
#7433=ORIENTED_EDGE('',*,*,#5637,.T.);
#7434=ORIENTED_EDGE('',*,*,#5638,.T.);
#7435=ORIENTED_EDGE('',*,*,#5639,.T.);
#7436=ORIENTED_EDGE('',*,*,#5640,.F.);
#7437=ORIENTED_EDGE('',*,*,#5615,.F.);
#7438=ORIENTED_EDGE('',*,*,#5641,.T.);
#7439=ORIENTED_EDGE('',*,*,#5642,.T.);
#7440=ORIENTED_EDGE('',*,*,#5625,.F.);
#7441=ORIENTED_EDGE('',*,*,#5613,.F.);
#7442=ORIENTED_EDGE('',*,*,#5640,.T.);
#7443=ORIENTED_EDGE('',*,*,#5643,.T.);
#7444=ORIENTED_EDGE('',*,*,#5644,.F.);
#7445=ORIENTED_EDGE('',*,*,#5614,.F.);
#7446=ORIENTED_EDGE('',*,*,#5644,.T.);
#7447=ORIENTED_EDGE('',*,*,#5645,.T.);
#7448=ORIENTED_EDGE('',*,*,#5641,.F.);
#7449=ORIENTED_EDGE('',*,*,#5618,.F.);
#7450=ORIENTED_EDGE('',*,*,#5622,.T.);
#7451=ORIENTED_EDGE('',*,*,#5646,.T.);
#7452=ORIENTED_EDGE('',*,*,#5647,.F.);
#7453=ORIENTED_EDGE('',*,*,#5648,.F.);
#7454=ORIENTED_EDGE('',*,*,#5649,.F.);
#7455=ORIENTED_EDGE('',*,*,#5650,.T.);
#7456=ORIENTED_EDGE('',*,*,#5651,.T.);
#7457=ORIENTED_EDGE('',*,*,#5652,.T.);
#7458=ORIENTED_EDGE('',*,*,#5653,.T.);
#7459=ORIENTED_EDGE('',*,*,#5654,.T.);
#7460=ORIENTED_EDGE('',*,*,#5655,.T.);
#7461=ORIENTED_EDGE('',*,*,#5656,.F.);
#7462=ORIENTED_EDGE('',*,*,#5657,.F.);
#7463=ORIENTED_EDGE('',*,*,#5646,.F.);
#7464=ORIENTED_EDGE('',*,*,#5621,.F.);
#7465=ORIENTED_EDGE('',*,*,#5624,.F.);
#7466=ORIENTED_EDGE('',*,*,#5658,.T.);
#7467=ORIENTED_EDGE('',*,*,#5648,.T.);
#7468=ORIENTED_EDGE('',*,*,#5620,.F.);
#7469=ORIENTED_EDGE('',*,*,#5659,.T.);
#7470=ORIENTED_EDGE('',*,*,#5660,.T.);
#7471=ORIENTED_EDGE('',*,*,#5661,.F.);
#7472=ORIENTED_EDGE('',*,*,#5626,.F.);
#7473=ORIENTED_EDGE('',*,*,#5662,.T.);
#7474=ORIENTED_EDGE('',*,*,#5663,.T.);
#7475=ORIENTED_EDGE('',*,*,#5664,.F.);
#7476=ORIENTED_EDGE('',*,*,#5627,.F.);
#7477=ORIENTED_EDGE('',*,*,#5665,.T.);
#7478=ORIENTED_EDGE('',*,*,#5666,.T.);
#7479=ORIENTED_EDGE('',*,*,#5667,.F.);
#7480=ORIENTED_EDGE('',*,*,#5628,.F.);
#7481=ORIENTED_EDGE('',*,*,#5668,.T.);
#7482=ORIENTED_EDGE('',*,*,#5669,.T.);
#7483=ORIENTED_EDGE('',*,*,#5670,.F.);
#7484=ORIENTED_EDGE('',*,*,#5629,.F.);
#7485=ORIENTED_EDGE('',*,*,#5671,.T.);
#7486=ORIENTED_EDGE('',*,*,#5672,.T.);
#7487=ORIENTED_EDGE('',*,*,#5673,.F.);
#7488=ORIENTED_EDGE('',*,*,#5630,.F.);
#7489=ORIENTED_EDGE('',*,*,#5674,.T.);
#7490=ORIENTED_EDGE('',*,*,#5675,.T.);
#7491=ORIENTED_EDGE('',*,*,#5676,.F.);
#7492=ORIENTED_EDGE('',*,*,#5631,.F.);
#7493=ORIENTED_EDGE('',*,*,#5677,.T.);
#7494=ORIENTED_EDGE('',*,*,#5649,.T.);
#7495=ORIENTED_EDGE('',*,*,#5658,.F.);
#7496=ORIENTED_EDGE('',*,*,#5632,.F.);
#7497=ORIENTED_EDGE('',*,*,#5647,.T.);
#7498=ORIENTED_EDGE('',*,*,#5657,.T.);
#7499=ORIENTED_EDGE('',*,*,#5678,.F.);
#7500=ORIENTED_EDGE('',*,*,#5633,.F.);
#7501=ORIENTED_EDGE('',*,*,#5679,.T.);
#7502=ORIENTED_EDGE('',*,*,#5680,.T.);
#7503=ORIENTED_EDGE('',*,*,#5681,.F.);
#7504=ORIENTED_EDGE('',*,*,#5634,.F.);
#7505=ORIENTED_EDGE('',*,*,#5682,.T.);
#7506=ORIENTED_EDGE('',*,*,#5683,.T.);
#7507=ORIENTED_EDGE('',*,*,#5684,.F.);
#7508=ORIENTED_EDGE('',*,*,#5635,.F.);
#7509=ORIENTED_EDGE('',*,*,#5685,.T.);
#7510=ORIENTED_EDGE('',*,*,#5686,.T.);
#7511=ORIENTED_EDGE('',*,*,#5687,.F.);
#7512=ORIENTED_EDGE('',*,*,#5636,.F.);
#7513=ORIENTED_EDGE('',*,*,#5688,.T.);
#7514=ORIENTED_EDGE('',*,*,#5689,.T.);
#7515=ORIENTED_EDGE('',*,*,#5690,.F.);
#7516=ORIENTED_EDGE('',*,*,#5637,.F.);
#7517=ORIENTED_EDGE('',*,*,#5691,.T.);
#7518=ORIENTED_EDGE('',*,*,#5692,.T.);
#7519=ORIENTED_EDGE('',*,*,#5693,.F.);
#7520=ORIENTED_EDGE('',*,*,#5638,.F.);
#7521=ORIENTED_EDGE('',*,*,#5694,.T.);
#7522=ORIENTED_EDGE('',*,*,#5695,.T.);
#7523=ORIENTED_EDGE('',*,*,#5696,.F.);
#7524=ORIENTED_EDGE('',*,*,#5639,.F.);
#7525=ORIENTED_EDGE('',*,*,#5642,.F.);
#7526=ORIENTED_EDGE('',*,*,#5697,.T.);
#7527=ORIENTED_EDGE('',*,*,#5698,.T.);
#7528=ORIENTED_EDGE('',*,*,#5659,.F.);
#7529=ORIENTED_EDGE('',*,*,#5643,.F.);
#7530=ORIENTED_EDGE('',*,*,#5696,.T.);
#7531=ORIENTED_EDGE('',*,*,#5699,.T.);
#7532=ORIENTED_EDGE('',*,*,#5700,.F.);
#7533=ORIENTED_EDGE('',*,*,#5645,.F.);
#7534=ORIENTED_EDGE('',*,*,#5700,.T.);
#7535=ORIENTED_EDGE('',*,*,#5701,.T.);
#7536=ORIENTED_EDGE('',*,*,#5697,.F.);
#7537=ORIENTED_EDGE('',*,*,#5702,.T.);
#7538=ORIENTED_EDGE('',*,*,#5703,.T.);
#7539=ORIENTED_EDGE('',*,*,#5704,.T.);
#7540=ORIENTED_EDGE('',*,*,#5650,.F.);
#7541=ORIENTED_EDGE('',*,*,#5705,.F.);
#7542=ORIENTED_EDGE('',*,*,#5706,.F.);
#7543=ORIENTED_EDGE('',*,*,#5707,.F.);
#7544=ORIENTED_EDGE('',*,*,#5708,.T.);
#7545=ORIENTED_EDGE('',*,*,#5709,.T.);
#7546=ORIENTED_EDGE('',*,*,#5710,.F.);
#7547=ORIENTED_EDGE('',*,*,#5651,.F.);
#7548=ORIENTED_EDGE('',*,*,#5704,.F.);
#7549=ORIENTED_EDGE('',*,*,#5711,.F.);
#7550=ORIENTED_EDGE('',*,*,#5712,.F.);
#7551=ORIENTED_EDGE('',*,*,#5713,.F.);
#7552=ORIENTED_EDGE('',*,*,#5714,.F.);
#7553=ORIENTED_EDGE('',*,*,#5652,.F.);
#7554=ORIENTED_EDGE('',*,*,#5710,.T.);
#7555=ORIENTED_EDGE('',*,*,#5715,.T.);
#7556=ORIENTED_EDGE('',*,*,#5716,.F.);
#7557=ORIENTED_EDGE('',*,*,#5653,.F.);
#7558=ORIENTED_EDGE('',*,*,#5716,.T.);
#7559=ORIENTED_EDGE('',*,*,#5717,.T.);
#7560=ORIENTED_EDGE('',*,*,#5718,.F.);
#7561=ORIENTED_EDGE('',*,*,#5654,.F.);
#7562=ORIENTED_EDGE('',*,*,#5718,.T.);
#7563=ORIENTED_EDGE('',*,*,#5719,.T.);
#7564=ORIENTED_EDGE('',*,*,#5720,.F.);
#7565=ORIENTED_EDGE('',*,*,#5655,.F.);
#7566=ORIENTED_EDGE('',*,*,#5720,.T.);
#7567=ORIENTED_EDGE('',*,*,#5721,.T.);
#7568=ORIENTED_EDGE('',*,*,#5722,.F.);
#7569=ORIENTED_EDGE('',*,*,#5723,.F.);
#7570=ORIENTED_EDGE('',*,*,#5724,.F.);
#7571=ORIENTED_EDGE('',*,*,#5725,.F.);
#7572=ORIENTED_EDGE('',*,*,#5726,.F.);
#7573=ORIENTED_EDGE('',*,*,#5727,.F.);
#7574=ORIENTED_EDGE('',*,*,#5728,.F.);
#7575=ORIENTED_EDGE('',*,*,#5729,.T.);
#7576=ORIENTED_EDGE('',*,*,#5656,.T.);
#7577=ORIENTED_EDGE('',*,*,#5728,.T.);
#7578=ORIENTED_EDGE('',*,*,#5730,.F.);
#7579=ORIENTED_EDGE('',*,*,#5731,.F.);
#7580=ORIENTED_EDGE('',*,*,#5732,.F.);
#7581=ORIENTED_EDGE('',*,*,#5660,.F.);
#7582=ORIENTED_EDGE('',*,*,#5698,.F.);
#7583=ORIENTED_EDGE('',*,*,#5701,.F.);
#7584=ORIENTED_EDGE('',*,*,#5699,.F.);
#7585=ORIENTED_EDGE('',*,*,#5695,.F.);
#7586=ORIENTED_EDGE('',*,*,#5733,.T.);
#7587=ORIENTED_EDGE('',*,*,#5723,.T.);
#7588=ORIENTED_EDGE('',*,*,#5734,.T.);
#7589=ORIENTED_EDGE('',*,*,#5735,.T.);
#7590=ORIENTED_EDGE('',*,*,#5736,.T.);
#7591=ORIENTED_EDGE('',*,*,#5707,.T.);
#7592=ORIENTED_EDGE('',*,*,#5737,.F.);
#7593=ORIENTED_EDGE('',*,*,#5661,.T.);
#7594=ORIENTED_EDGE('',*,*,#5738,.F.);
#7595=ORIENTED_EDGE('',*,*,#5739,.F.);
#7596=ORIENTED_EDGE('',*,*,#5740,.F.);
#7597=ORIENTED_EDGE('',*,*,#5741,.F.);
#7598=ORIENTED_EDGE('',*,*,#5742,.F.);
#7599=ORIENTED_EDGE('',*,*,#5743,.F.);
#7600=ORIENTED_EDGE('',*,*,#5744,.F.);
#7601=ORIENTED_EDGE('',*,*,#5745,.F.);
#7602=ORIENTED_EDGE('',*,*,#5746,.F.);
#7603=ORIENTED_EDGE('',*,*,#5747,.F.);
#7604=ORIENTED_EDGE('',*,*,#5662,.F.);
#7605=ORIENTED_EDGE('',*,*,#5663,.F.);
#7606=ORIENTED_EDGE('',*,*,#5747,.T.);
#7607=ORIENTED_EDGE('',*,*,#5748,.T.);
#7608=ORIENTED_EDGE('',*,*,#5749,.F.);
#7609=ORIENTED_EDGE('',*,*,#5665,.F.);
#7610=ORIENTED_EDGE('',*,*,#5664,.T.);
#7611=ORIENTED_EDGE('',*,*,#5749,.T.);
#7612=ORIENTED_EDGE('',*,*,#5750,.T.);
#7613=ORIENTED_EDGE('',*,*,#5751,.T.);
#7614=ORIENTED_EDGE('',*,*,#5752,.T.);
#7615=ORIENTED_EDGE('',*,*,#5753,.T.);
#7616=ORIENTED_EDGE('',*,*,#5754,.T.);
#7617=ORIENTED_EDGE('',*,*,#5755,.T.);
#7618=ORIENTED_EDGE('',*,*,#5756,.T.);
#7619=ORIENTED_EDGE('',*,*,#5757,.T.);
#7620=ORIENTED_EDGE('',*,*,#5758,.T.);
#7621=ORIENTED_EDGE('',*,*,#5666,.F.);
#7622=ORIENTED_EDGE('',*,*,#5759,.T.);
#7623=ORIENTED_EDGE('',*,*,#5713,.T.);
#7624=ORIENTED_EDGE('',*,*,#5760,.F.);
#7625=ORIENTED_EDGE('',*,*,#5667,.T.);
#7626=ORIENTED_EDGE('',*,*,#5761,.F.);
#7627=ORIENTED_EDGE('',*,*,#5762,.F.);
#7628=ORIENTED_EDGE('',*,*,#5763,.F.);
#7629=ORIENTED_EDGE('',*,*,#5764,.F.);
#7630=ORIENTED_EDGE('',*,*,#5765,.F.);
#7631=ORIENTED_EDGE('',*,*,#5766,.F.);
#7632=ORIENTED_EDGE('',*,*,#5767,.F.);
#7633=ORIENTED_EDGE('',*,*,#5768,.F.);
#7634=ORIENTED_EDGE('',*,*,#5769,.F.);
#7635=ORIENTED_EDGE('',*,*,#5770,.F.);
#7636=ORIENTED_EDGE('',*,*,#5668,.F.);
#7637=ORIENTED_EDGE('',*,*,#5669,.F.);
#7638=ORIENTED_EDGE('',*,*,#5770,.T.);
#7639=ORIENTED_EDGE('',*,*,#5771,.T.);
#7640=ORIENTED_EDGE('',*,*,#5772,.F.);
#7641=ORIENTED_EDGE('',*,*,#5671,.F.);
#7642=ORIENTED_EDGE('',*,*,#5670,.T.);
#7643=ORIENTED_EDGE('',*,*,#5772,.T.);
#7644=ORIENTED_EDGE('',*,*,#5773,.T.);
#7645=ORIENTED_EDGE('',*,*,#5774,.T.);
#7646=ORIENTED_EDGE('',*,*,#5775,.T.);
#7647=ORIENTED_EDGE('',*,*,#5776,.T.);
#7648=ORIENTED_EDGE('',*,*,#5777,.T.);
#7649=ORIENTED_EDGE('',*,*,#5778,.T.);
#7650=ORIENTED_EDGE('',*,*,#5779,.T.);
#7651=ORIENTED_EDGE('',*,*,#5780,.T.);
#7652=ORIENTED_EDGE('',*,*,#5781,.T.);
#7653=ORIENTED_EDGE('',*,*,#5672,.F.);
#7654=ORIENTED_EDGE('',*,*,#5782,.T.);
#7655=ORIENTED_EDGE('',*,*,#5711,.T.);
#7656=ORIENTED_EDGE('',*,*,#5703,.F.);
#7657=ORIENTED_EDGE('',*,*,#5673,.T.);
#7658=ORIENTED_EDGE('',*,*,#5702,.F.);
#7659=ORIENTED_EDGE('',*,*,#5783,.F.);
#7660=ORIENTED_EDGE('',*,*,#5784,.F.);
#7661=ORIENTED_EDGE('',*,*,#5785,.F.);
#7662=ORIENTED_EDGE('',*,*,#5786,.F.);
#7663=ORIENTED_EDGE('',*,*,#5787,.F.);
#7664=ORIENTED_EDGE('',*,*,#5788,.F.);
#7665=ORIENTED_EDGE('',*,*,#5789,.F.);
#7666=ORIENTED_EDGE('',*,*,#5790,.F.);
#7667=ORIENTED_EDGE('',*,*,#5791,.F.);
#7668=ORIENTED_EDGE('',*,*,#5674,.F.);
#7669=ORIENTED_EDGE('',*,*,#5675,.F.);
#7670=ORIENTED_EDGE('',*,*,#5791,.T.);
#7671=ORIENTED_EDGE('',*,*,#5792,.T.);
#7672=ORIENTED_EDGE('',*,*,#5793,.F.);
#7673=ORIENTED_EDGE('',*,*,#5677,.F.);
#7674=ORIENTED_EDGE('',*,*,#5676,.T.);
#7675=ORIENTED_EDGE('',*,*,#5793,.T.);
#7676=ORIENTED_EDGE('',*,*,#5794,.T.);
#7677=ORIENTED_EDGE('',*,*,#5795,.T.);
#7678=ORIENTED_EDGE('',*,*,#5796,.T.);
#7679=ORIENTED_EDGE('',*,*,#5797,.T.);
#7680=ORIENTED_EDGE('',*,*,#5798,.T.);
#7681=ORIENTED_EDGE('',*,*,#5799,.T.);
#7682=ORIENTED_EDGE('',*,*,#5800,.T.);
#7683=ORIENTED_EDGE('',*,*,#5801,.T.);
#7684=ORIENTED_EDGE('',*,*,#5705,.T.);
#7685=ORIENTED_EDGE('',*,*,#5678,.T.);
#7686=ORIENTED_EDGE('',*,*,#5729,.F.);
#7687=ORIENTED_EDGE('',*,*,#5802,.F.);
#7688=ORIENTED_EDGE('',*,*,#5803,.F.);
#7689=ORIENTED_EDGE('',*,*,#5804,.F.);
#7690=ORIENTED_EDGE('',*,*,#5805,.F.);
#7691=ORIENTED_EDGE('',*,*,#5806,.F.);
#7692=ORIENTED_EDGE('',*,*,#5807,.F.);
#7693=ORIENTED_EDGE('',*,*,#5808,.F.);
#7694=ORIENTED_EDGE('',*,*,#5809,.F.);
#7695=ORIENTED_EDGE('',*,*,#5810,.F.);
#7696=ORIENTED_EDGE('',*,*,#5679,.F.);
#7697=ORIENTED_EDGE('',*,*,#5680,.F.);
#7698=ORIENTED_EDGE('',*,*,#5810,.T.);
#7699=ORIENTED_EDGE('',*,*,#5811,.T.);
#7700=ORIENTED_EDGE('',*,*,#5812,.F.);
#7701=ORIENTED_EDGE('',*,*,#5682,.F.);
#7702=ORIENTED_EDGE('',*,*,#5681,.T.);
#7703=ORIENTED_EDGE('',*,*,#5812,.T.);
#7704=ORIENTED_EDGE('',*,*,#5813,.T.);
#7705=ORIENTED_EDGE('',*,*,#5814,.T.);
#7706=ORIENTED_EDGE('',*,*,#5815,.T.);
#7707=ORIENTED_EDGE('',*,*,#5816,.T.);
#7708=ORIENTED_EDGE('',*,*,#5817,.T.);
#7709=ORIENTED_EDGE('',*,*,#5818,.T.);
#7710=ORIENTED_EDGE('',*,*,#5819,.T.);
#7711=ORIENTED_EDGE('',*,*,#5820,.T.);
#7712=ORIENTED_EDGE('',*,*,#5731,.T.);
#7713=ORIENTED_EDGE('',*,*,#5730,.T.);
#7714=ORIENTED_EDGE('',*,*,#5727,.T.);
#7715=ORIENTED_EDGE('',*,*,#5821,.F.);
#7716=ORIENTED_EDGE('',*,*,#5683,.F.);
#7717=ORIENTED_EDGE('',*,*,#5684,.T.);
#7718=ORIENTED_EDGE('',*,*,#5822,.F.);
#7719=ORIENTED_EDGE('',*,*,#5823,.F.);
#7720=ORIENTED_EDGE('',*,*,#5824,.F.);
#7721=ORIENTED_EDGE('',*,*,#5825,.F.);
#7722=ORIENTED_EDGE('',*,*,#5826,.F.);
#7723=ORIENTED_EDGE('',*,*,#5827,.F.);
#7724=ORIENTED_EDGE('',*,*,#5828,.F.);
#7725=ORIENTED_EDGE('',*,*,#5829,.F.);
#7726=ORIENTED_EDGE('',*,*,#5830,.F.);
#7727=ORIENTED_EDGE('',*,*,#5831,.F.);
#7728=ORIENTED_EDGE('',*,*,#5685,.F.);
#7729=ORIENTED_EDGE('',*,*,#5686,.F.);
#7730=ORIENTED_EDGE('',*,*,#5831,.T.);
#7731=ORIENTED_EDGE('',*,*,#5832,.T.);
#7732=ORIENTED_EDGE('',*,*,#5833,.F.);
#7733=ORIENTED_EDGE('',*,*,#5688,.F.);
#7734=ORIENTED_EDGE('',*,*,#5687,.T.);
#7735=ORIENTED_EDGE('',*,*,#5833,.T.);
#7736=ORIENTED_EDGE('',*,*,#5834,.T.);
#7737=ORIENTED_EDGE('',*,*,#5835,.T.);
#7738=ORIENTED_EDGE('',*,*,#5836,.T.);
#7739=ORIENTED_EDGE('',*,*,#5837,.T.);
#7740=ORIENTED_EDGE('',*,*,#5838,.T.);
#7741=ORIENTED_EDGE('',*,*,#5839,.T.);
#7742=ORIENTED_EDGE('',*,*,#5840,.T.);
#7743=ORIENTED_EDGE('',*,*,#5841,.T.);
#7744=ORIENTED_EDGE('',*,*,#5842,.T.);
#7745=ORIENTED_EDGE('',*,*,#5843,.T.);
#7746=ORIENTED_EDGE('',*,*,#5725,.T.);
#7747=ORIENTED_EDGE('',*,*,#5844,.F.);
#7748=ORIENTED_EDGE('',*,*,#5689,.F.);
#7749=ORIENTED_EDGE('',*,*,#5690,.T.);
#7750=ORIENTED_EDGE('',*,*,#5845,.F.);
#7751=ORIENTED_EDGE('',*,*,#5846,.F.);
#7752=ORIENTED_EDGE('',*,*,#5847,.F.);
#7753=ORIENTED_EDGE('',*,*,#5848,.F.);
#7754=ORIENTED_EDGE('',*,*,#5849,.F.);
#7755=ORIENTED_EDGE('',*,*,#5850,.F.);
#7756=ORIENTED_EDGE('',*,*,#5851,.F.);
#7757=ORIENTED_EDGE('',*,*,#5852,.F.);
#7758=ORIENTED_EDGE('',*,*,#5853,.F.);
#7759=ORIENTED_EDGE('',*,*,#5854,.F.);
#7760=ORIENTED_EDGE('',*,*,#5691,.F.);
#7761=ORIENTED_EDGE('',*,*,#5692,.F.);
#7762=ORIENTED_EDGE('',*,*,#5854,.T.);
#7763=ORIENTED_EDGE('',*,*,#5855,.T.);
#7764=ORIENTED_EDGE('',*,*,#5856,.F.);
#7765=ORIENTED_EDGE('',*,*,#5694,.F.);
#7766=ORIENTED_EDGE('',*,*,#5693,.T.);
#7767=ORIENTED_EDGE('',*,*,#5856,.T.);
#7768=ORIENTED_EDGE('',*,*,#5857,.T.);
#7769=ORIENTED_EDGE('',*,*,#5858,.T.);
#7770=ORIENTED_EDGE('',*,*,#5859,.T.);
#7771=ORIENTED_EDGE('',*,*,#5860,.T.);
#7772=ORIENTED_EDGE('',*,*,#5861,.T.);
#7773=ORIENTED_EDGE('',*,*,#5862,.T.);
#7774=ORIENTED_EDGE('',*,*,#5863,.T.);
#7775=ORIENTED_EDGE('',*,*,#5864,.T.);
#7776=ORIENTED_EDGE('',*,*,#5865,.T.);
#7777=ORIENTED_EDGE('',*,*,#5783,.T.);
#7778=ORIENTED_EDGE('',*,*,#5706,.T.);
#7779=ORIENTED_EDGE('',*,*,#5801,.F.);
#7780=ORIENTED_EDGE('',*,*,#5866,.F.);
#7781=ORIENTED_EDGE('',*,*,#5738,.T.);
#7782=ORIENTED_EDGE('',*,*,#5737,.T.);
#7783=ORIENTED_EDGE('',*,*,#5714,.T.);
#7784=ORIENTED_EDGE('',*,*,#5759,.F.);
#7785=ORIENTED_EDGE('',*,*,#5758,.F.);
#7786=ORIENTED_EDGE('',*,*,#5867,.F.);
#7787=ORIENTED_EDGE('',*,*,#5761,.T.);
#7788=ORIENTED_EDGE('',*,*,#5760,.T.);
#7789=ORIENTED_EDGE('',*,*,#5712,.T.);
#7790=ORIENTED_EDGE('',*,*,#5782,.F.);
#7791=ORIENTED_EDGE('',*,*,#5781,.F.);
#7792=ORIENTED_EDGE('',*,*,#5868,.F.);
#7793=ORIENTED_EDGE('',*,*,#5717,.F.);
#7794=ORIENTED_EDGE('',*,*,#5715,.F.);
#7795=ORIENTED_EDGE('',*,*,#5709,.F.);
#7796=ORIENTED_EDGE('',*,*,#5869,.F.);
#7797=ORIENTED_EDGE('',*,*,#5870,.F.);
#7798=ORIENTED_EDGE('',*,*,#5871,.F.);
#7799=ORIENTED_EDGE('',*,*,#5721,.F.);
#7800=ORIENTED_EDGE('',*,*,#5719,.F.);
#7801=ORIENTED_EDGE('',*,*,#5872,.T.);
#7802=ORIENTED_EDGE('',*,*,#5736,.F.);
#7803=ORIENTED_EDGE('',*,*,#5873,.T.);
#7804=ORIENTED_EDGE('',*,*,#5869,.T.);
#7805=ORIENTED_EDGE('',*,*,#5708,.F.);
#7806=ORIENTED_EDGE('',*,*,#5822,.T.);
#7807=ORIENTED_EDGE('',*,*,#5821,.T.);
#7808=ORIENTED_EDGE('',*,*,#5726,.T.);
#7809=ORIENTED_EDGE('',*,*,#5843,.F.);
#7810=ORIENTED_EDGE('',*,*,#5842,.F.);
#7811=ORIENTED_EDGE('',*,*,#5874,.F.);
#7812=ORIENTED_EDGE('',*,*,#5845,.T.);
#7813=ORIENTED_EDGE('',*,*,#5844,.T.);
#7814=ORIENTED_EDGE('',*,*,#5724,.T.);
#7815=ORIENTED_EDGE('',*,*,#5733,.F.);
#7816=ORIENTED_EDGE('',*,*,#5865,.F.);
#7817=ORIENTED_EDGE('',*,*,#5875,.F.);
#7818=ORIENTED_EDGE('',*,*,#5734,.F.);
#7819=ORIENTED_EDGE('',*,*,#5722,.T.);
#7820=ORIENTED_EDGE('',*,*,#5871,.T.);
#7821=ORIENTED_EDGE('',*,*,#5876,.F.);
#7822=ORIENTED_EDGE('',*,*,#5802,.T.);
#7823=ORIENTED_EDGE('',*,*,#5732,.T.);
#7824=ORIENTED_EDGE('',*,*,#5820,.F.);
#7825=ORIENTED_EDGE('',*,*,#5877,.F.);
#7826=ORIENTED_EDGE('',*,*,#5735,.F.);
#7827=ORIENTED_EDGE('',*,*,#5876,.T.);
#7828=ORIENTED_EDGE('',*,*,#5870,.T.);
#7829=ORIENTED_EDGE('',*,*,#5873,.F.);
#7830=ORIENTED_EDGE('',*,*,#5739,.T.);
#7831=ORIENTED_EDGE('',*,*,#5867,.T.);
#7832=ORIENTED_EDGE('',*,*,#5757,.F.);
#7833=ORIENTED_EDGE('',*,*,#5878,.F.);
#7834=ORIENTED_EDGE('',*,*,#5879,.F.);
#7835=ORIENTED_EDGE('',*,*,#5740,.T.);
#7836=ORIENTED_EDGE('',*,*,#5878,.T.);
#7837=ORIENTED_EDGE('',*,*,#5756,.F.);
#7838=ORIENTED_EDGE('',*,*,#5880,.F.);
#7839=ORIENTED_EDGE('',*,*,#5741,.T.);
#7840=ORIENTED_EDGE('',*,*,#5879,.T.);
#7841=ORIENTED_EDGE('',*,*,#5755,.F.);
#7842=ORIENTED_EDGE('',*,*,#5881,.F.);
#7843=ORIENTED_EDGE('',*,*,#5742,.T.);
#7844=ORIENTED_EDGE('',*,*,#5880,.T.);
#7845=ORIENTED_EDGE('',*,*,#5754,.F.);
#7846=ORIENTED_EDGE('',*,*,#5882,.F.);
#7847=ORIENTED_EDGE('',*,*,#5743,.T.);
#7848=ORIENTED_EDGE('',*,*,#5881,.T.);
#7849=ORIENTED_EDGE('',*,*,#5753,.F.);
#7850=ORIENTED_EDGE('',*,*,#5883,.F.);
#7851=ORIENTED_EDGE('',*,*,#5744,.T.);
#7852=ORIENTED_EDGE('',*,*,#5882,.T.);
#7853=ORIENTED_EDGE('',*,*,#5752,.F.);
#7854=ORIENTED_EDGE('',*,*,#5745,.T.);
#7855=ORIENTED_EDGE('',*,*,#5883,.T.);
#7856=ORIENTED_EDGE('',*,*,#5751,.F.);
#7857=ORIENTED_EDGE('',*,*,#5884,.F.);
#7858=ORIENTED_EDGE('',*,*,#5748,.F.);
#7859=ORIENTED_EDGE('',*,*,#5746,.T.);
#7860=ORIENTED_EDGE('',*,*,#5884,.T.);
#7861=ORIENTED_EDGE('',*,*,#5750,.F.);
#7862=ORIENTED_EDGE('',*,*,#5762,.T.);
#7863=ORIENTED_EDGE('',*,*,#5868,.T.);
#7864=ORIENTED_EDGE('',*,*,#5780,.F.);
#7865=ORIENTED_EDGE('',*,*,#5885,.F.);
#7866=ORIENTED_EDGE('',*,*,#5886,.F.);
#7867=ORIENTED_EDGE('',*,*,#5763,.T.);
#7868=ORIENTED_EDGE('',*,*,#5885,.T.);
#7869=ORIENTED_EDGE('',*,*,#5779,.F.);
#7870=ORIENTED_EDGE('',*,*,#5887,.F.);
#7871=ORIENTED_EDGE('',*,*,#5764,.T.);
#7872=ORIENTED_EDGE('',*,*,#5886,.T.);
#7873=ORIENTED_EDGE('',*,*,#5778,.F.);
#7874=ORIENTED_EDGE('',*,*,#5888,.F.);
#7875=ORIENTED_EDGE('',*,*,#5765,.T.);
#7876=ORIENTED_EDGE('',*,*,#5887,.T.);
#7877=ORIENTED_EDGE('',*,*,#5777,.F.);
#7878=ORIENTED_EDGE('',*,*,#5889,.F.);
#7879=ORIENTED_EDGE('',*,*,#5766,.T.);
#7880=ORIENTED_EDGE('',*,*,#5888,.T.);
#7881=ORIENTED_EDGE('',*,*,#5776,.F.);
#7882=ORIENTED_EDGE('',*,*,#5890,.F.);
#7883=ORIENTED_EDGE('',*,*,#5767,.T.);
#7884=ORIENTED_EDGE('',*,*,#5889,.T.);
#7885=ORIENTED_EDGE('',*,*,#5775,.F.);
#7886=ORIENTED_EDGE('',*,*,#5768,.T.);
#7887=ORIENTED_EDGE('',*,*,#5890,.T.);
#7888=ORIENTED_EDGE('',*,*,#5774,.F.);
#7889=ORIENTED_EDGE('',*,*,#5891,.F.);
#7890=ORIENTED_EDGE('',*,*,#5771,.F.);
#7891=ORIENTED_EDGE('',*,*,#5769,.T.);
#7892=ORIENTED_EDGE('',*,*,#5891,.T.);
#7893=ORIENTED_EDGE('',*,*,#5773,.F.);
#7894=ORIENTED_EDGE('',*,*,#5892,.F.);
#7895=ORIENTED_EDGE('',*,*,#5784,.T.);
#7896=ORIENTED_EDGE('',*,*,#5866,.T.);
#7897=ORIENTED_EDGE('',*,*,#5800,.F.);
#7898=ORIENTED_EDGE('',*,*,#5893,.F.);
#7899=ORIENTED_EDGE('',*,*,#5785,.T.);
#7900=ORIENTED_EDGE('',*,*,#5892,.T.);
#7901=ORIENTED_EDGE('',*,*,#5799,.F.);
#7902=ORIENTED_EDGE('',*,*,#5894,.F.);
#7903=ORIENTED_EDGE('',*,*,#5786,.T.);
#7904=ORIENTED_EDGE('',*,*,#5893,.T.);
#7905=ORIENTED_EDGE('',*,*,#5798,.F.);
#7906=ORIENTED_EDGE('',*,*,#5895,.F.);
#7907=ORIENTED_EDGE('',*,*,#5787,.T.);
#7908=ORIENTED_EDGE('',*,*,#5894,.T.);
#7909=ORIENTED_EDGE('',*,*,#5797,.F.);
#7910=ORIENTED_EDGE('',*,*,#5896,.F.);
#7911=ORIENTED_EDGE('',*,*,#5788,.T.);
#7912=ORIENTED_EDGE('',*,*,#5895,.T.);
#7913=ORIENTED_EDGE('',*,*,#5796,.F.);
#7914=ORIENTED_EDGE('',*,*,#5789,.T.);
#7915=ORIENTED_EDGE('',*,*,#5896,.T.);
#7916=ORIENTED_EDGE('',*,*,#5795,.F.);
#7917=ORIENTED_EDGE('',*,*,#5897,.F.);
#7918=ORIENTED_EDGE('',*,*,#5792,.F.);
#7919=ORIENTED_EDGE('',*,*,#5790,.T.);
#7920=ORIENTED_EDGE('',*,*,#5897,.T.);
#7921=ORIENTED_EDGE('',*,*,#5794,.F.);
#7922=ORIENTED_EDGE('',*,*,#5898,.F.);
#7923=ORIENTED_EDGE('',*,*,#5803,.T.);
#7924=ORIENTED_EDGE('',*,*,#5877,.T.);
#7925=ORIENTED_EDGE('',*,*,#5819,.F.);
#7926=ORIENTED_EDGE('',*,*,#5899,.F.);
#7927=ORIENTED_EDGE('',*,*,#5804,.T.);
#7928=ORIENTED_EDGE('',*,*,#5898,.T.);
#7929=ORIENTED_EDGE('',*,*,#5818,.F.);
#7930=ORIENTED_EDGE('',*,*,#5900,.F.);
#7931=ORIENTED_EDGE('',*,*,#5805,.T.);
#7932=ORIENTED_EDGE('',*,*,#5899,.T.);
#7933=ORIENTED_EDGE('',*,*,#5817,.F.);
#7934=ORIENTED_EDGE('',*,*,#5901,.F.);
#7935=ORIENTED_EDGE('',*,*,#5806,.T.);
#7936=ORIENTED_EDGE('',*,*,#5900,.T.);
#7937=ORIENTED_EDGE('',*,*,#5816,.F.);
#7938=ORIENTED_EDGE('',*,*,#5902,.F.);
#7939=ORIENTED_EDGE('',*,*,#5807,.T.);
#7940=ORIENTED_EDGE('',*,*,#5901,.T.);
#7941=ORIENTED_EDGE('',*,*,#5815,.F.);
#7942=ORIENTED_EDGE('',*,*,#5808,.T.);
#7943=ORIENTED_EDGE('',*,*,#5902,.T.);
#7944=ORIENTED_EDGE('',*,*,#5814,.F.);
#7945=ORIENTED_EDGE('',*,*,#5903,.F.);
#7946=ORIENTED_EDGE('',*,*,#5811,.F.);
#7947=ORIENTED_EDGE('',*,*,#5809,.T.);
#7948=ORIENTED_EDGE('',*,*,#5903,.T.);
#7949=ORIENTED_EDGE('',*,*,#5813,.F.);
#7950=ORIENTED_EDGE('',*,*,#5823,.T.);
#7951=ORIENTED_EDGE('',*,*,#5874,.T.);
#7952=ORIENTED_EDGE('',*,*,#5841,.F.);
#7953=ORIENTED_EDGE('',*,*,#5904,.F.);
#7954=ORIENTED_EDGE('',*,*,#5905,.F.);
#7955=ORIENTED_EDGE('',*,*,#5824,.T.);
#7956=ORIENTED_EDGE('',*,*,#5904,.T.);
#7957=ORIENTED_EDGE('',*,*,#5840,.F.);
#7958=ORIENTED_EDGE('',*,*,#5906,.F.);
#7959=ORIENTED_EDGE('',*,*,#5825,.T.);
#7960=ORIENTED_EDGE('',*,*,#5905,.T.);
#7961=ORIENTED_EDGE('',*,*,#5839,.F.);
#7962=ORIENTED_EDGE('',*,*,#5907,.F.);
#7963=ORIENTED_EDGE('',*,*,#5826,.T.);
#7964=ORIENTED_EDGE('',*,*,#5906,.T.);
#7965=ORIENTED_EDGE('',*,*,#5838,.F.);
#7966=ORIENTED_EDGE('',*,*,#5908,.F.);
#7967=ORIENTED_EDGE('',*,*,#5827,.T.);
#7968=ORIENTED_EDGE('',*,*,#5907,.T.);
#7969=ORIENTED_EDGE('',*,*,#5837,.F.);
#7970=ORIENTED_EDGE('',*,*,#5909,.F.);
#7971=ORIENTED_EDGE('',*,*,#5828,.T.);
#7972=ORIENTED_EDGE('',*,*,#5908,.T.);
#7973=ORIENTED_EDGE('',*,*,#5836,.F.);
#7974=ORIENTED_EDGE('',*,*,#5829,.T.);
#7975=ORIENTED_EDGE('',*,*,#5909,.T.);
#7976=ORIENTED_EDGE('',*,*,#5835,.F.);
#7977=ORIENTED_EDGE('',*,*,#5910,.F.);
#7978=ORIENTED_EDGE('',*,*,#5832,.F.);
#7979=ORIENTED_EDGE('',*,*,#5830,.T.);
#7980=ORIENTED_EDGE('',*,*,#5910,.T.);
#7981=ORIENTED_EDGE('',*,*,#5834,.F.);
#7982=ORIENTED_EDGE('',*,*,#5846,.T.);
#7983=ORIENTED_EDGE('',*,*,#5875,.T.);
#7984=ORIENTED_EDGE('',*,*,#5864,.F.);
#7985=ORIENTED_EDGE('',*,*,#5911,.F.);
#7986=ORIENTED_EDGE('',*,*,#5912,.F.);
#7987=ORIENTED_EDGE('',*,*,#5847,.T.);
#7988=ORIENTED_EDGE('',*,*,#5911,.T.);
#7989=ORIENTED_EDGE('',*,*,#5863,.F.);
#7990=ORIENTED_EDGE('',*,*,#5913,.F.);
#7991=ORIENTED_EDGE('',*,*,#5848,.T.);
#7992=ORIENTED_EDGE('',*,*,#5912,.T.);
#7993=ORIENTED_EDGE('',*,*,#5862,.F.);
#7994=ORIENTED_EDGE('',*,*,#5914,.F.);
#7995=ORIENTED_EDGE('',*,*,#5849,.T.);
#7996=ORIENTED_EDGE('',*,*,#5913,.T.);
#7997=ORIENTED_EDGE('',*,*,#5861,.F.);
#7998=ORIENTED_EDGE('',*,*,#5915,.F.);
#7999=ORIENTED_EDGE('',*,*,#5850,.T.);
#8000=ORIENTED_EDGE('',*,*,#5914,.T.);
#8001=ORIENTED_EDGE('',*,*,#5860,.F.);
#8002=ORIENTED_EDGE('',*,*,#5916,.F.);
#8003=ORIENTED_EDGE('',*,*,#5851,.T.);
#8004=ORIENTED_EDGE('',*,*,#5915,.T.);
#8005=ORIENTED_EDGE('',*,*,#5859,.F.);
#8006=ORIENTED_EDGE('',*,*,#5852,.T.);
#8007=ORIENTED_EDGE('',*,*,#5916,.T.);
#8008=ORIENTED_EDGE('',*,*,#5858,.F.);
#8009=ORIENTED_EDGE('',*,*,#5917,.F.);
#8010=ORIENTED_EDGE('',*,*,#5855,.F.);
#8011=ORIENTED_EDGE('',*,*,#5853,.T.);
#8012=ORIENTED_EDGE('',*,*,#5917,.T.);
#8013=ORIENTED_EDGE('',*,*,#5857,.F.);
#8014=ORIENTED_EDGE('',*,*,#5872,.F.);
#8015=ORIENTED_EDGE('',*,*,#5918,.T.);
#8016=ORIENTED_EDGE('',*,*,#5919,.T.);
#8017=ORIENTED_EDGE('',*,*,#5920,.T.);
#8018=ORIENTED_EDGE('',*,*,#5921,.T.);
#8019=ORIENTED_EDGE('',*,*,#5922,.F.);
#8020=ORIENTED_EDGE('',*,*,#5923,.F.);
#8021=ORIENTED_EDGE('',*,*,#5918,.F.);
#8022=ORIENTED_EDGE('',*,*,#5924,.F.);
#8023=ORIENTED_EDGE('',*,*,#5925,.F.);
#8024=ORIENTED_EDGE('',*,*,#5926,.F.);
#8025=ORIENTED_EDGE('',*,*,#5927,.F.);
#8026=ORIENTED_EDGE('',*,*,#5928,.F.);
#8027=ORIENTED_EDGE('',*,*,#5929,.T.);
#8028=ORIENTED_EDGE('',*,*,#5930,.T.);
#8029=ORIENTED_EDGE('',*,*,#5931,.F.);
#8030=ORIENTED_EDGE('',*,*,#5919,.F.);
#8031=ORIENTED_EDGE('',*,*,#5924,.T.);
#8032=ORIENTED_EDGE('',*,*,#5923,.T.);
#8033=ORIENTED_EDGE('',*,*,#5932,.F.);
#8034=ORIENTED_EDGE('',*,*,#5933,.F.);
#8035=ORIENTED_EDGE('',*,*,#5934,.T.);
#8036=ORIENTED_EDGE('',*,*,#5935,.T.);
#8037=ORIENTED_EDGE('',*,*,#5920,.F.);
#8038=ORIENTED_EDGE('',*,*,#5931,.T.);
#8039=ORIENTED_EDGE('',*,*,#5936,.F.);
#8040=ORIENTED_EDGE('',*,*,#5937,.T.);
#8041=ORIENTED_EDGE('',*,*,#5938,.T.);
#8042=ORIENTED_EDGE('',*,*,#5939,.T.);
#8043=ORIENTED_EDGE('',*,*,#5940,.T.);
#8044=ORIENTED_EDGE('',*,*,#5932,.T.);
#8045=ORIENTED_EDGE('',*,*,#5922,.T.);
#8046=ORIENTED_EDGE('',*,*,#5941,.T.);
#8047=ORIENTED_EDGE('',*,*,#5934,.F.);
#8048=ORIENTED_EDGE('',*,*,#5942,.T.);
#8049=ORIENTED_EDGE('',*,*,#5941,.F.);
#8050=ORIENTED_EDGE('',*,*,#5921,.F.);
#8051=ORIENTED_EDGE('',*,*,#5935,.F.);
#8052=ORIENTED_EDGE('',*,*,#5928,.T.);
#8053=ORIENTED_EDGE('',*,*,#5943,.F.);
#8054=ORIENTED_EDGE('',*,*,#5944,.F.);
#8055=ORIENTED_EDGE('',*,*,#5929,.F.);
#8056=ORIENTED_EDGE('',*,*,#5927,.T.);
#8057=ORIENTED_EDGE('',*,*,#5945,.T.);
#8058=ORIENTED_EDGE('',*,*,#5938,.F.);
#8059=ORIENTED_EDGE('',*,*,#5946,.F.);
#8060=ORIENTED_EDGE('',*,*,#5947,.T.);
#8061=ORIENTED_EDGE('',*,*,#5925,.T.);
#8062=ORIENTED_EDGE('',*,*,#5948,.F.);
#8063=ORIENTED_EDGE('',*,*,#5949,.T.);
#8064=ORIENTED_EDGE('',*,*,#5950,.F.);
#8065=ORIENTED_EDGE('',*,*,#5951,.F.);
#8066=ORIENTED_EDGE('',*,*,#5952,.T.);
#8067=ORIENTED_EDGE('',*,*,#5953,.F.);
#8068=ORIENTED_EDGE('',*,*,#5954,.T.);
#8069=ORIENTED_EDGE('',*,*,#5955,.T.);
#8070=ORIENTED_EDGE('',*,*,#5956,.T.);
#8071=ORIENTED_EDGE('',*,*,#5957,.T.);
#8072=ORIENTED_EDGE('',*,*,#5926,.T.);
#8073=ORIENTED_EDGE('',*,*,#5958,.T.);
#8074=ORIENTED_EDGE('',*,*,#5939,.F.);
#8075=ORIENTED_EDGE('',*,*,#5945,.F.);
#8076=ORIENTED_EDGE('',*,*,#5936,.T.);
#8077=ORIENTED_EDGE('',*,*,#5930,.F.);
#8078=ORIENTED_EDGE('',*,*,#5944,.T.);
#8079=ORIENTED_EDGE('',*,*,#5959,.T.);
#8080=ORIENTED_EDGE('',*,*,#5960,.F.);
#8081=ORIENTED_EDGE('',*,*,#5961,.T.);
#8082=ORIENTED_EDGE('',*,*,#5948,.T.);
#8083=ORIENTED_EDGE('',*,*,#5933,.T.);
#8084=ORIENTED_EDGE('',*,*,#5962,.F.);
#8085=ORIENTED_EDGE('',*,*,#5963,.F.);
#8086=ORIENTED_EDGE('',*,*,#5960,.T.);
#8087=ORIENTED_EDGE('',*,*,#5964,.T.);
#8088=ORIENTED_EDGE('',*,*,#5942,.F.);
#8089=ORIENTED_EDGE('',*,*,#5937,.F.);
#8090=ORIENTED_EDGE('',*,*,#5965,.F.);
#8091=ORIENTED_EDGE('',*,*,#5966,.F.);
#8092=ORIENTED_EDGE('',*,*,#5967,.F.);
#8093=ORIENTED_EDGE('',*,*,#5968,.F.);
#8094=ORIENTED_EDGE('',*,*,#5969,.F.);
#8095=ORIENTED_EDGE('',*,*,#5970,.T.);
#8096=ORIENTED_EDGE('',*,*,#5971,.F.);
#8097=ORIENTED_EDGE('',*,*,#5972,.T.);
#8098=ORIENTED_EDGE('',*,*,#5973,.T.);
#8099=ORIENTED_EDGE('',*,*,#5974,.F.);
#8100=ORIENTED_EDGE('',*,*,#5962,.T.);
#8101=ORIENTED_EDGE('',*,*,#5940,.F.);
#8102=ORIENTED_EDGE('',*,*,#5943,.T.);
#8103=ORIENTED_EDGE('',*,*,#5946,.T.);
#8104=ORIENTED_EDGE('',*,*,#5964,.F.);
#8105=ORIENTED_EDGE('',*,*,#5959,.F.);
#8106=ORIENTED_EDGE('',*,*,#5947,.F.);
#8107=ORIENTED_EDGE('',*,*,#5975,.T.);
#8108=ORIENTED_EDGE('',*,*,#5965,.T.);
#8109=ORIENTED_EDGE('',*,*,#5958,.F.);
#8110=ORIENTED_EDGE('',*,*,#5957,.F.);
#8111=ORIENTED_EDGE('',*,*,#5976,.T.);
#8112=ORIENTED_EDGE('',*,*,#5966,.T.);
#8113=ORIENTED_EDGE('',*,*,#5975,.F.);
#8114=ORIENTED_EDGE('',*,*,#5956,.F.);
#8115=ORIENTED_EDGE('',*,*,#5977,.T.);
#8116=ORIENTED_EDGE('',*,*,#5967,.T.);
#8117=ORIENTED_EDGE('',*,*,#5976,.F.);
#8118=ORIENTED_EDGE('',*,*,#5955,.F.);
#8119=ORIENTED_EDGE('',*,*,#5978,.T.);
#8120=ORIENTED_EDGE('',*,*,#5968,.T.);
#8121=ORIENTED_EDGE('',*,*,#5977,.F.);
#8122=ORIENTED_EDGE('',*,*,#5954,.F.);
#8123=ORIENTED_EDGE('',*,*,#5979,.T.);
#8124=ORIENTED_EDGE('',*,*,#5969,.T.);
#8125=ORIENTED_EDGE('',*,*,#5978,.F.);
#8126=ORIENTED_EDGE('',*,*,#5953,.T.);
#8127=ORIENTED_EDGE('',*,*,#5980,.T.);
#8128=ORIENTED_EDGE('',*,*,#5970,.F.);
#8129=ORIENTED_EDGE('',*,*,#5979,.F.);
#8130=ORIENTED_EDGE('',*,*,#5981,.F.);
#8131=ORIENTED_EDGE('',*,*,#5982,.T.);
#8132=ORIENTED_EDGE('',*,*,#5971,.T.);
#8133=ORIENTED_EDGE('',*,*,#5980,.F.);
#8134=ORIENTED_EDGE('',*,*,#5952,.F.);
#8135=ORIENTED_EDGE('',*,*,#5951,.T.);
#8136=ORIENTED_EDGE('',*,*,#5983,.T.);
#8137=ORIENTED_EDGE('',*,*,#5972,.F.);
#8138=ORIENTED_EDGE('',*,*,#5982,.F.);
#8139=ORIENTED_EDGE('',*,*,#5950,.T.);
#8140=ORIENTED_EDGE('',*,*,#5984,.T.);
#8141=ORIENTED_EDGE('',*,*,#5973,.F.);
#8142=ORIENTED_EDGE('',*,*,#5983,.F.);
#8143=ORIENTED_EDGE('',*,*,#5963,.T.);
#8144=ORIENTED_EDGE('',*,*,#5974,.T.);
#8145=ORIENTED_EDGE('',*,*,#5984,.F.);
#8146=ORIENTED_EDGE('',*,*,#5949,.F.);
#8147=ORIENTED_EDGE('',*,*,#5985,.T.);
#8148=ORIENTED_EDGE('',*,*,#5986,.T.);
#8149=ORIENTED_EDGE('',*,*,#5961,.F.);
#8150=ORIENTED_EDGE('',*,*,#5986,.F.);
#8151=ORIENTED_EDGE('',*,*,#5981,.T.);
#8152=ORIENTED_EDGE('',*,*,#5987,.T.);
#8153=ORIENTED_EDGE('',*,*,#5988,.F.);
#8154=ORIENTED_EDGE('',*,*,#5987,.F.);
#8155=ORIENTED_EDGE('',*,*,#5985,.F.);
#8156=ORIENTED_EDGE('',*,*,#5988,.T.);
#8157=ORIENTED_EDGE('',*,*,#5989,.F.);
#8158=ORIENTED_EDGE('',*,*,#5990,.T.);
#8159=ORIENTED_EDGE('',*,*,#5991,.T.);
#8160=ORIENTED_EDGE('',*,*,#5992,.F.);
#8161=ORIENTED_EDGE('',*,*,#5991,.F.);
#8162=ORIENTED_EDGE('',*,*,#5993,.T.);
#8163=ORIENTED_EDGE('',*,*,#5994,.T.);
#8164=ORIENTED_EDGE('',*,*,#5995,.F.);
#8165=ORIENTED_EDGE('',*,*,#5994,.F.);
#8166=ORIENTED_EDGE('',*,*,#5996,.T.);
#8167=ORIENTED_EDGE('',*,*,#5997,.T.);
#8168=ORIENTED_EDGE('',*,*,#5998,.F.);
#8169=ORIENTED_EDGE('',*,*,#5997,.F.);
#8170=ORIENTED_EDGE('',*,*,#5999,.T.);
#8171=ORIENTED_EDGE('',*,*,#5989,.T.);
#8172=ORIENTED_EDGE('',*,*,#6000,.F.);
#8173=ORIENTED_EDGE('',*,*,#5990,.F.);
#8174=ORIENTED_EDGE('',*,*,#5999,.F.);
#8175=ORIENTED_EDGE('',*,*,#5996,.F.);
#8176=ORIENTED_EDGE('',*,*,#5993,.F.);
#8177=ORIENTED_EDGE('',*,*,#5992,.T.);
#8178=ORIENTED_EDGE('',*,*,#5995,.T.);
#8179=ORIENTED_EDGE('',*,*,#5998,.T.);
#8180=ORIENTED_EDGE('',*,*,#6000,.T.);
#8181=ORIENTED_EDGE('',*,*,#6001,.T.);
#8182=ORIENTED_EDGE('',*,*,#6002,.T.);
#8183=ORIENTED_EDGE('',*,*,#6003,.F.);
#8184=ORIENTED_EDGE('',*,*,#6004,.F.);
#8185=ORIENTED_EDGE('',*,*,#6003,.T.);
#8186=ORIENTED_EDGE('',*,*,#6005,.T.);
#8187=ORIENTED_EDGE('',*,*,#6006,.F.);
#8188=ORIENTED_EDGE('',*,*,#6007,.F.);
#8189=ORIENTED_EDGE('',*,*,#6006,.T.);
#8190=ORIENTED_EDGE('',*,*,#6008,.T.);
#8191=ORIENTED_EDGE('',*,*,#6009,.F.);
#8192=ORIENTED_EDGE('',*,*,#6010,.F.);
#8193=ORIENTED_EDGE('',*,*,#6009,.T.);
#8194=ORIENTED_EDGE('',*,*,#6011,.T.);
#8195=ORIENTED_EDGE('',*,*,#6012,.F.);
#8196=ORIENTED_EDGE('',*,*,#6013,.F.);
#8197=ORIENTED_EDGE('',*,*,#6001,.F.);
#8198=ORIENTED_EDGE('',*,*,#6014,.T.);
#8199=ORIENTED_EDGE('',*,*,#6012,.T.);
#8200=ORIENTED_EDGE('',*,*,#6015,.F.);
#8201=ORIENTED_EDGE('',*,*,#6004,.T.);
#8202=ORIENTED_EDGE('',*,*,#6007,.T.);
#8203=ORIENTED_EDGE('',*,*,#6010,.T.);
#8204=ORIENTED_EDGE('',*,*,#6013,.T.);
#8205=ORIENTED_EDGE('',*,*,#6014,.F.);
#8206=ORIENTED_EDGE('',*,*,#6002,.F.);
#8207=ORIENTED_EDGE('',*,*,#6015,.T.);
#8208=ORIENTED_EDGE('',*,*,#6011,.F.);
#8209=ORIENTED_EDGE('',*,*,#6008,.F.);
#8210=ORIENTED_EDGE('',*,*,#6005,.F.);
#8211=ORIENTED_EDGE('',*,*,#6016,.T.);
#8212=ORIENTED_EDGE('',*,*,#6017,.T.);
#8213=ORIENTED_EDGE('',*,*,#6018,.F.);
#8214=ORIENTED_EDGE('',*,*,#6019,.F.);
#8215=ORIENTED_EDGE('',*,*,#6018,.T.);
#8216=ORIENTED_EDGE('',*,*,#6020,.T.);
#8217=ORIENTED_EDGE('',*,*,#6021,.F.);
#8218=ORIENTED_EDGE('',*,*,#6022,.F.);
#8219=ORIENTED_EDGE('',*,*,#6021,.T.);
#8220=ORIENTED_EDGE('',*,*,#6023,.T.);
#8221=ORIENTED_EDGE('',*,*,#6024,.F.);
#8222=ORIENTED_EDGE('',*,*,#6025,.F.);
#8223=ORIENTED_EDGE('',*,*,#6024,.T.);
#8224=ORIENTED_EDGE('',*,*,#6026,.T.);
#8225=ORIENTED_EDGE('',*,*,#6016,.F.);
#8226=ORIENTED_EDGE('',*,*,#6027,.F.);
#8227=ORIENTED_EDGE('',*,*,#6019,.T.);
#8228=ORIENTED_EDGE('',*,*,#6022,.T.);
#8229=ORIENTED_EDGE('',*,*,#6025,.T.);
#8230=ORIENTED_EDGE('',*,*,#6027,.T.);
#8231=ORIENTED_EDGE('',*,*,#6017,.F.);
#8232=ORIENTED_EDGE('',*,*,#6026,.F.);
#8233=ORIENTED_EDGE('',*,*,#6023,.F.);
#8234=ORIENTED_EDGE('',*,*,#6020,.F.);
#8235=ORIENTED_EDGE('',*,*,#6028,.F.);
#8236=ORIENTED_EDGE('',*,*,#6029,.T.);
#8237=ORIENTED_EDGE('',*,*,#6030,.T.);
#8238=ORIENTED_EDGE('',*,*,#6031,.F.);
#8239=ORIENTED_EDGE('',*,*,#6030,.F.);
#8240=ORIENTED_EDGE('',*,*,#6032,.T.);
#8241=ORIENTED_EDGE('',*,*,#6033,.T.);
#8242=ORIENTED_EDGE('',*,*,#6034,.F.);
#8243=ORIENTED_EDGE('',*,*,#6033,.F.);
#8244=ORIENTED_EDGE('',*,*,#6035,.T.);
#8245=ORIENTED_EDGE('',*,*,#6036,.T.);
#8246=ORIENTED_EDGE('',*,*,#6037,.F.);
#8247=ORIENTED_EDGE('',*,*,#6036,.F.);
#8248=ORIENTED_EDGE('',*,*,#6038,.T.);
#8249=ORIENTED_EDGE('',*,*,#6028,.T.);
#8250=ORIENTED_EDGE('',*,*,#6039,.F.);
#8251=ORIENTED_EDGE('',*,*,#6029,.F.);
#8252=ORIENTED_EDGE('',*,*,#6038,.F.);
#8253=ORIENTED_EDGE('',*,*,#6035,.F.);
#8254=ORIENTED_EDGE('',*,*,#6032,.F.);
#8255=ORIENTED_EDGE('',*,*,#6031,.T.);
#8256=ORIENTED_EDGE('',*,*,#6034,.T.);
#8257=ORIENTED_EDGE('',*,*,#6037,.T.);
#8258=ORIENTED_EDGE('',*,*,#6039,.T.);
#8259=ORIENTED_EDGE('',*,*,#6040,.T.);
#8260=ORIENTED_EDGE('',*,*,#6041,.T.);
#8261=ORIENTED_EDGE('',*,*,#6042,.F.);
#8262=ORIENTED_EDGE('',*,*,#6043,.F.);
#8263=ORIENTED_EDGE('',*,*,#6044,.T.);
#8264=ORIENTED_EDGE('',*,*,#6045,.T.);
#8265=ORIENTED_EDGE('',*,*,#6040,.F.);
#8266=ORIENTED_EDGE('',*,*,#6046,.F.);
#8267=ORIENTED_EDGE('',*,*,#6042,.T.);
#8268=ORIENTED_EDGE('',*,*,#6047,.T.);
#8269=ORIENTED_EDGE('',*,*,#6048,.F.);
#8270=ORIENTED_EDGE('',*,*,#6049,.F.);
#8271=ORIENTED_EDGE('',*,*,#6043,.T.);
#8272=ORIENTED_EDGE('',*,*,#6049,.T.);
#8273=ORIENTED_EDGE('',*,*,#6050,.T.);
#8274=ORIENTED_EDGE('',*,*,#6051,.T.);
#8275=ORIENTED_EDGE('',*,*,#6052,.T.);
#8276=ORIENTED_EDGE('',*,*,#6053,.T.);
#8277=ORIENTED_EDGE('',*,*,#6054,.T.);
#8278=ORIENTED_EDGE('',*,*,#6055,.T.);
#8279=ORIENTED_EDGE('',*,*,#6056,.T.);
#8280=ORIENTED_EDGE('',*,*,#6057,.T.);
#8281=ORIENTED_EDGE('',*,*,#6058,.T.);
#8282=ORIENTED_EDGE('',*,*,#6059,.T.);
#8283=ORIENTED_EDGE('',*,*,#6060,.T.);
#8284=ORIENTED_EDGE('',*,*,#6061,.T.);
#8285=ORIENTED_EDGE('',*,*,#6062,.T.);
#8286=ORIENTED_EDGE('',*,*,#6063,.T.);
#8287=ORIENTED_EDGE('',*,*,#6064,.T.);
#8288=ORIENTED_EDGE('',*,*,#6065,.T.);
#8289=ORIENTED_EDGE('',*,*,#6066,.T.);
#8290=ORIENTED_EDGE('',*,*,#6046,.T.);
#8291=ORIENTED_EDGE('',*,*,#6067,.T.);
#8292=ORIENTED_EDGE('',*,*,#6068,.T.);
#8293=ORIENTED_EDGE('',*,*,#6069,.T.);
#8294=ORIENTED_EDGE('',*,*,#6070,.T.);
#8295=ORIENTED_EDGE('',*,*,#6071,.T.);
#8296=ORIENTED_EDGE('',*,*,#6072,.T.);
#8297=ORIENTED_EDGE('',*,*,#6073,.T.);
#8298=ORIENTED_EDGE('',*,*,#6074,.T.);
#8299=ORIENTED_EDGE('',*,*,#6075,.T.);
#8300=ORIENTED_EDGE('',*,*,#6076,.T.);
#8301=ORIENTED_EDGE('',*,*,#6077,.T.);
#8302=ORIENTED_EDGE('',*,*,#6078,.T.);
#8303=ORIENTED_EDGE('',*,*,#6079,.T.);
#8304=ORIENTED_EDGE('',*,*,#6080,.T.);
#8305=ORIENTED_EDGE('',*,*,#6081,.T.);
#8306=ORIENTED_EDGE('',*,*,#6082,.T.);
#8307=ORIENTED_EDGE('',*,*,#6083,.T.);
#8308=ORIENTED_EDGE('',*,*,#6084,.T.);
#8309=ORIENTED_EDGE('',*,*,#6085,.T.);
#8310=ORIENTED_EDGE('',*,*,#6086,.T.);
#8311=ORIENTED_EDGE('',*,*,#6087,.F.);
#8312=ORIENTED_EDGE('',*,*,#6088,.F.);
#8313=ORIENTED_EDGE('',*,*,#6041,.F.);
#8314=ORIENTED_EDGE('',*,*,#6045,.F.);
#8315=ORIENTED_EDGE('',*,*,#6089,.F.);
#8316=ORIENTED_EDGE('',*,*,#6090,.F.);
#8317=ORIENTED_EDGE('',*,*,#6091,.F.);
#8318=ORIENTED_EDGE('',*,*,#6092,.F.);
#8319=ORIENTED_EDGE('',*,*,#6093,.F.);
#8320=ORIENTED_EDGE('',*,*,#6094,.F.);
#8321=ORIENTED_EDGE('',*,*,#6095,.F.);
#8322=ORIENTED_EDGE('',*,*,#6096,.F.);
#8323=ORIENTED_EDGE('',*,*,#6097,.F.);
#8324=ORIENTED_EDGE('',*,*,#6098,.F.);
#8325=ORIENTED_EDGE('',*,*,#6099,.F.);
#8326=ORIENTED_EDGE('',*,*,#6100,.F.);
#8327=ORIENTED_EDGE('',*,*,#6101,.F.);
#8328=ORIENTED_EDGE('',*,*,#6102,.F.);
#8329=ORIENTED_EDGE('',*,*,#6103,.F.);
#8330=ORIENTED_EDGE('',*,*,#6104,.F.);
#8331=ORIENTED_EDGE('',*,*,#6105,.F.);
#8332=ORIENTED_EDGE('',*,*,#6047,.F.);
#8333=ORIENTED_EDGE('',*,*,#6106,.F.);
#8334=ORIENTED_EDGE('',*,*,#6107,.F.);
#8335=ORIENTED_EDGE('',*,*,#6108,.F.);
#8336=ORIENTED_EDGE('',*,*,#6109,.F.);
#8337=ORIENTED_EDGE('',*,*,#6110,.F.);
#8338=ORIENTED_EDGE('',*,*,#6111,.F.);
#8339=ORIENTED_EDGE('',*,*,#6112,.F.);
#8340=ORIENTED_EDGE('',*,*,#6113,.F.);
#8341=ORIENTED_EDGE('',*,*,#6114,.F.);
#8342=ORIENTED_EDGE('',*,*,#6115,.F.);
#8343=ORIENTED_EDGE('',*,*,#6116,.F.);
#8344=ORIENTED_EDGE('',*,*,#6117,.F.);
#8345=ORIENTED_EDGE('',*,*,#6118,.F.);
#8346=ORIENTED_EDGE('',*,*,#6119,.F.);
#8347=ORIENTED_EDGE('',*,*,#6120,.F.);
#8348=ORIENTED_EDGE('',*,*,#6121,.F.);
#8349=ORIENTED_EDGE('',*,*,#6122,.F.);
#8350=ORIENTED_EDGE('',*,*,#6123,.F.);
#8351=ORIENTED_EDGE('',*,*,#6124,.F.);
#8352=ORIENTED_EDGE('',*,*,#6125,.F.);
#8353=ORIENTED_EDGE('',*,*,#6126,.T.);
#8354=ORIENTED_EDGE('',*,*,#6127,.T.);
#8355=ORIENTED_EDGE('',*,*,#6128,.T.);
#8356=ORIENTED_EDGE('',*,*,#6089,.T.);
#8357=ORIENTED_EDGE('',*,*,#6044,.F.);
#8358=ORIENTED_EDGE('',*,*,#6066,.F.);
#8359=ORIENTED_EDGE('',*,*,#6048,.T.);
#8360=ORIENTED_EDGE('',*,*,#6105,.T.);
#8361=ORIENTED_EDGE('',*,*,#6129,.F.);
#8362=ORIENTED_EDGE('',*,*,#6050,.F.);
#8363=ORIENTED_EDGE('',*,*,#6130,.T.);
#8364=ORIENTED_EDGE('',*,*,#6090,.T.);
#8365=ORIENTED_EDGE('',*,*,#6128,.F.);
#8366=ORIENTED_EDGE('',*,*,#6065,.F.);
#8367=ORIENTED_EDGE('',*,*,#6129,.T.);
#8368=ORIENTED_EDGE('',*,*,#6104,.T.);
#8369=ORIENTED_EDGE('',*,*,#6131,.F.);
#8370=ORIENTED_EDGE('',*,*,#6051,.F.);
#8371=ORIENTED_EDGE('',*,*,#6132,.T.);
#8372=ORIENTED_EDGE('',*,*,#6091,.T.);
#8373=ORIENTED_EDGE('',*,*,#6130,.F.);
#8374=ORIENTED_EDGE('',*,*,#6064,.F.);
#8375=ORIENTED_EDGE('',*,*,#6131,.T.);
#8376=ORIENTED_EDGE('',*,*,#6103,.T.);
#8377=ORIENTED_EDGE('',*,*,#6133,.F.);
#8378=ORIENTED_EDGE('',*,*,#6052,.F.);
#8379=ORIENTED_EDGE('',*,*,#6134,.T.);
#8380=ORIENTED_EDGE('',*,*,#6092,.T.);
#8381=ORIENTED_EDGE('',*,*,#6132,.F.);
#8382=ORIENTED_EDGE('',*,*,#6063,.F.);
#8383=ORIENTED_EDGE('',*,*,#6133,.T.);
#8384=ORIENTED_EDGE('',*,*,#6102,.T.);
#8385=ORIENTED_EDGE('',*,*,#6135,.F.);
#8386=ORIENTED_EDGE('',*,*,#6053,.F.);
#8387=ORIENTED_EDGE('',*,*,#6136,.T.);
#8388=ORIENTED_EDGE('',*,*,#6093,.T.);
#8389=ORIENTED_EDGE('',*,*,#6134,.F.);
#8390=ORIENTED_EDGE('',*,*,#6062,.F.);
#8391=ORIENTED_EDGE('',*,*,#6135,.T.);
#8392=ORIENTED_EDGE('',*,*,#6101,.T.);
#8393=ORIENTED_EDGE('',*,*,#6137,.F.);
#8394=ORIENTED_EDGE('',*,*,#6054,.F.);
#8395=ORIENTED_EDGE('',*,*,#6138,.T.);
#8396=ORIENTED_EDGE('',*,*,#6094,.T.);
#8397=ORIENTED_EDGE('',*,*,#6136,.F.);
#8398=ORIENTED_EDGE('',*,*,#6061,.F.);
#8399=ORIENTED_EDGE('',*,*,#6137,.T.);
#8400=ORIENTED_EDGE('',*,*,#6100,.T.);
#8401=ORIENTED_EDGE('',*,*,#6139,.F.);
#8402=ORIENTED_EDGE('',*,*,#6055,.F.);
#8403=ORIENTED_EDGE('',*,*,#6140,.T.);
#8404=ORIENTED_EDGE('',*,*,#6095,.T.);
#8405=ORIENTED_EDGE('',*,*,#6138,.F.);
#8406=ORIENTED_EDGE('',*,*,#6060,.F.);
#8407=ORIENTED_EDGE('',*,*,#6139,.T.);
#8408=ORIENTED_EDGE('',*,*,#6099,.T.);
#8409=ORIENTED_EDGE('',*,*,#6141,.F.);
#8410=ORIENTED_EDGE('',*,*,#6056,.F.);
#8411=ORIENTED_EDGE('',*,*,#6142,.T.);
#8412=ORIENTED_EDGE('',*,*,#6096,.T.);
#8413=ORIENTED_EDGE('',*,*,#6140,.F.);
#8414=ORIENTED_EDGE('',*,*,#6059,.F.);
#8415=ORIENTED_EDGE('',*,*,#6141,.T.);
#8416=ORIENTED_EDGE('',*,*,#6098,.T.);
#8417=ORIENTED_EDGE('',*,*,#6143,.F.);
#8418=ORIENTED_EDGE('',*,*,#6057,.F.);
#8419=ORIENTED_EDGE('',*,*,#6143,.T.);
#8420=ORIENTED_EDGE('',*,*,#6097,.T.);
#8421=ORIENTED_EDGE('',*,*,#6142,.F.);
#8422=ORIENTED_EDGE('',*,*,#6058,.F.);
#8423=ORIENTED_EDGE('',*,*,#6144,.T.);
#8424=ORIENTED_EDGE('',*,*,#6106,.T.);
#8425=ORIENTED_EDGE('',*,*,#6145,.F.);
#8426=ORIENTED_EDGE('',*,*,#6067,.F.);
#8427=ORIENTED_EDGE('',*,*,#6146,.T.);
#8428=ORIENTED_EDGE('',*,*,#6107,.T.);
#8429=ORIENTED_EDGE('',*,*,#6144,.F.);
#8430=ORIENTED_EDGE('',*,*,#6086,.F.);
#8431=ORIENTED_EDGE('',*,*,#6145,.T.);
#8432=ORIENTED_EDGE('',*,*,#6125,.T.);
#8433=ORIENTED_EDGE('',*,*,#6147,.F.);
#8434=ORIENTED_EDGE('',*,*,#6068,.F.);
#8435=ORIENTED_EDGE('',*,*,#6148,.T.);
#8436=ORIENTED_EDGE('',*,*,#6108,.T.);
#8437=ORIENTED_EDGE('',*,*,#6146,.F.);
#8438=ORIENTED_EDGE('',*,*,#6085,.F.);
#8439=ORIENTED_EDGE('',*,*,#6147,.T.);
#8440=ORIENTED_EDGE('',*,*,#6124,.T.);
#8441=ORIENTED_EDGE('',*,*,#6149,.F.);
#8442=ORIENTED_EDGE('',*,*,#6069,.F.);
#8443=ORIENTED_EDGE('',*,*,#6150,.T.);
#8444=ORIENTED_EDGE('',*,*,#6109,.T.);
#8445=ORIENTED_EDGE('',*,*,#6148,.F.);
#8446=ORIENTED_EDGE('',*,*,#6084,.F.);
#8447=ORIENTED_EDGE('',*,*,#6149,.T.);
#8448=ORIENTED_EDGE('',*,*,#6123,.T.);
#8449=ORIENTED_EDGE('',*,*,#6151,.F.);
#8450=ORIENTED_EDGE('',*,*,#6070,.F.);
#8451=ORIENTED_EDGE('',*,*,#6152,.T.);
#8452=ORIENTED_EDGE('',*,*,#6110,.T.);
#8453=ORIENTED_EDGE('',*,*,#6150,.F.);
#8454=ORIENTED_EDGE('',*,*,#6083,.F.);
#8455=ORIENTED_EDGE('',*,*,#6151,.T.);
#8456=ORIENTED_EDGE('',*,*,#6122,.T.);
#8457=ORIENTED_EDGE('',*,*,#6153,.F.);
#8458=ORIENTED_EDGE('',*,*,#6071,.F.);
#8459=ORIENTED_EDGE('',*,*,#6154,.T.);
#8460=ORIENTED_EDGE('',*,*,#6111,.T.);
#8461=ORIENTED_EDGE('',*,*,#6152,.F.);
#8462=ORIENTED_EDGE('',*,*,#6082,.F.);
#8463=ORIENTED_EDGE('',*,*,#6153,.T.);
#8464=ORIENTED_EDGE('',*,*,#6121,.T.);
#8465=ORIENTED_EDGE('',*,*,#6155,.F.);
#8466=ORIENTED_EDGE('',*,*,#6072,.F.);
#8467=ORIENTED_EDGE('',*,*,#6156,.T.);
#8468=ORIENTED_EDGE('',*,*,#6112,.T.);
#8469=ORIENTED_EDGE('',*,*,#6154,.F.);
#8470=ORIENTED_EDGE('',*,*,#6081,.F.);
#8471=ORIENTED_EDGE('',*,*,#6155,.T.);
#8472=ORIENTED_EDGE('',*,*,#6120,.T.);
#8473=ORIENTED_EDGE('',*,*,#6157,.F.);
#8474=ORIENTED_EDGE('',*,*,#6073,.F.);
#8475=ORIENTED_EDGE('',*,*,#6158,.T.);
#8476=ORIENTED_EDGE('',*,*,#6113,.T.);
#8477=ORIENTED_EDGE('',*,*,#6156,.F.);
#8478=ORIENTED_EDGE('',*,*,#6080,.F.);
#8479=ORIENTED_EDGE('',*,*,#6157,.T.);
#8480=ORIENTED_EDGE('',*,*,#6119,.T.);
#8481=ORIENTED_EDGE('',*,*,#6159,.F.);
#8482=ORIENTED_EDGE('',*,*,#6074,.F.);
#8483=ORIENTED_EDGE('',*,*,#6160,.T.);
#8484=ORIENTED_EDGE('',*,*,#6114,.T.);
#8485=ORIENTED_EDGE('',*,*,#6158,.F.);
#8486=ORIENTED_EDGE('',*,*,#6079,.F.);
#8487=ORIENTED_EDGE('',*,*,#6159,.T.);
#8488=ORIENTED_EDGE('',*,*,#6118,.T.);
#8489=ORIENTED_EDGE('',*,*,#6161,.F.);
#8490=ORIENTED_EDGE('',*,*,#6075,.F.);
#8491=ORIENTED_EDGE('',*,*,#6162,.T.);
#8492=ORIENTED_EDGE('',*,*,#6115,.T.);
#8493=ORIENTED_EDGE('',*,*,#6160,.F.);
#8494=ORIENTED_EDGE('',*,*,#6078,.F.);
#8495=ORIENTED_EDGE('',*,*,#6161,.T.);
#8496=ORIENTED_EDGE('',*,*,#6117,.T.);
#8497=ORIENTED_EDGE('',*,*,#6163,.F.);
#8498=ORIENTED_EDGE('',*,*,#6076,.F.);
#8499=ORIENTED_EDGE('',*,*,#6163,.T.);
#8500=ORIENTED_EDGE('',*,*,#6116,.T.);
#8501=ORIENTED_EDGE('',*,*,#6162,.F.);
#8502=ORIENTED_EDGE('',*,*,#6077,.F.);
#8503=ORIENTED_EDGE('',*,*,#6126,.F.);
#8504=ORIENTED_EDGE('',*,*,#6164,.T.);
#8505=ORIENTED_EDGE('',*,*,#6087,.T.);
#8506=ORIENTED_EDGE('',*,*,#6164,.F.);
#8507=ORIENTED_EDGE('',*,*,#6127,.F.);
#8508=ORIENTED_EDGE('',*,*,#6165,.T.);
#8509=ORIENTED_EDGE('',*,*,#6088,.T.);
#8510=ORIENTED_EDGE('',*,*,#6165,.F.);
#8511=ORIENTED_EDGE('',*,*,#6166,.F.);
#8512=ORIENTED_EDGE('',*,*,#6167,.T.);
#8513=ORIENTED_EDGE('',*,*,#6168,.T.);
#8514=ORIENTED_EDGE('',*,*,#6169,.T.);
#8515=ORIENTED_EDGE('',*,*,#6170,.F.);
#8516=ORIENTED_EDGE('',*,*,#6171,.F.);
#8517=ORIENTED_EDGE('',*,*,#6172,.F.);
#8518=ORIENTED_EDGE('',*,*,#6173,.F.);
#8519=ORIENTED_EDGE('',*,*,#6166,.T.);
#8520=ORIENTED_EDGE('',*,*,#6169,.F.);
#8521=ORIENTED_EDGE('',*,*,#6174,.F.);
#8522=ORIENTED_EDGE('',*,*,#6175,.F.);
#8523=ORIENTED_EDGE('',*,*,#6176,.F.);
#8524=ORIENTED_EDGE('',*,*,#6177,.F.);
#8525=ORIENTED_EDGE('',*,*,#6178,.T.);
#8526=ORIENTED_EDGE('',*,*,#6167,.F.);
#8527=ORIENTED_EDGE('',*,*,#6168,.F.);
#8528=ORIENTED_EDGE('',*,*,#6179,.T.);
#8529=ORIENTED_EDGE('',*,*,#6180,.F.);
#8530=ORIENTED_EDGE('',*,*,#6181,.F.);
#8531=ORIENTED_EDGE('',*,*,#6182,.T.);
#8532=ORIENTED_EDGE('',*,*,#6183,.T.);
#8533=ORIENTED_EDGE('',*,*,#6184,.F.);
#8534=ORIENTED_EDGE('',*,*,#6185,.F.);
#8535=ORIENTED_EDGE('',*,*,#6186,.T.);
#8536=ORIENTED_EDGE('',*,*,#6170,.T.);
#8537=ORIENTED_EDGE('',*,*,#6187,.F.);
#8538=ORIENTED_EDGE('',*,*,#6188,.F.);
#8539=ORIENTED_EDGE('',*,*,#6189,.T.);
#8540=ORIENTED_EDGE('',*,*,#6190,.T.);
#8541=ORIENTED_EDGE('',*,*,#6171,.T.);
#8542=ORIENTED_EDGE('',*,*,#6186,.F.);
#8543=ORIENTED_EDGE('',*,*,#6191,.T.);
#8544=ORIENTED_EDGE('',*,*,#6192,.T.);
#8545=ORIENTED_EDGE('',*,*,#6193,.F.);
#8546=ORIENTED_EDGE('',*,*,#6194,.F.);
#8547=ORIENTED_EDGE('',*,*,#6195,.T.);
#8548=ORIENTED_EDGE('',*,*,#6187,.T.);
#8549=ORIENTED_EDGE('',*,*,#6173,.T.);
#8550=ORIENTED_EDGE('',*,*,#6196,.F.);
#8551=ORIENTED_EDGE('',*,*,#6197,.T.);
#8552=ORIENTED_EDGE('',*,*,#6198,.T.);
#8553=ORIENTED_EDGE('',*,*,#6199,.F.);
#8554=ORIENTED_EDGE('',*,*,#6200,.F.);
#8555=ORIENTED_EDGE('',*,*,#6196,.T.);
#8556=ORIENTED_EDGE('',*,*,#6172,.T.);
#8557=ORIENTED_EDGE('',*,*,#6190,.F.);
#8558=ORIENTED_EDGE('',*,*,#6201,.F.);
#8559=ORIENTED_EDGE('',*,*,#6185,.T.);
#8560=ORIENTED_EDGE('',*,*,#6202,.T.);
#8561=ORIENTED_EDGE('',*,*,#6203,.T.);
#8562=ORIENTED_EDGE('',*,*,#6174,.T.);
#8563=ORIENTED_EDGE('',*,*,#6204,.F.);
#8564=ORIENTED_EDGE('',*,*,#6177,.T.);
#8565=ORIENTED_EDGE('',*,*,#6176,.T.);
#8566=ORIENTED_EDGE('',*,*,#6175,.T.);
#8567=ORIENTED_EDGE('',*,*,#6179,.F.);
#8568=ORIENTED_EDGE('',*,*,#6178,.F.);
#8569=ORIENTED_EDGE('',*,*,#6205,.F.);
#8570=ORIENTED_EDGE('',*,*,#6206,.F.);
#8571=ORIENTED_EDGE('',*,*,#6184,.T.);
#8572=ORIENTED_EDGE('',*,*,#6207,.T.);
#8573=ORIENTED_EDGE('',*,*,#6208,.F.);
#8574=ORIENTED_EDGE('',*,*,#6202,.F.);
#8575=ORIENTED_EDGE('',*,*,#6209,.F.);
#8576=ORIENTED_EDGE('',*,*,#6207,.F.);
#8577=ORIENTED_EDGE('',*,*,#6183,.F.);
#8578=ORIENTED_EDGE('',*,*,#6210,.F.);
#8579=ORIENTED_EDGE('',*,*,#6211,.F.);
#8580=ORIENTED_EDGE('',*,*,#6212,.F.);
#8581=ORIENTED_EDGE('',*,*,#6213,.T.);
#8582=ORIENTED_EDGE('',*,*,#6210,.T.);
#8583=ORIENTED_EDGE('',*,*,#6182,.F.);
#8584=ORIENTED_EDGE('',*,*,#6214,.F.);
#8585=ORIENTED_EDGE('',*,*,#6215,.F.);
#8586=ORIENTED_EDGE('',*,*,#6216,.T.);
#8587=ORIENTED_EDGE('',*,*,#6217,.T.);
#8588=ORIENTED_EDGE('',*,*,#6218,.F.);
#8589=ORIENTED_EDGE('',*,*,#6214,.T.);
#8590=ORIENTED_EDGE('',*,*,#6181,.T.);
#8591=ORIENTED_EDGE('',*,*,#6215,.T.);
#8592=ORIENTED_EDGE('',*,*,#6180,.T.);
#8593=ORIENTED_EDGE('',*,*,#6206,.T.);
#8594=ORIENTED_EDGE('',*,*,#6219,.F.);
#8595=ORIENTED_EDGE('',*,*,#6191,.F.);
#8596=ORIENTED_EDGE('',*,*,#6188,.T.);
#8597=ORIENTED_EDGE('',*,*,#6195,.F.);
#8598=ORIENTED_EDGE('',*,*,#6220,.F.);
#8599=ORIENTED_EDGE('',*,*,#6189,.F.);
#8600=ORIENTED_EDGE('',*,*,#6221,.F.);
#8601=ORIENTED_EDGE('',*,*,#6197,.F.);
#8602=ORIENTED_EDGE('',*,*,#6201,.T.);
#8603=ORIENTED_EDGE('',*,*,#6192,.F.);
#8604=ORIENTED_EDGE('',*,*,#6220,.T.);
#8605=ORIENTED_EDGE('',*,*,#6200,.T.);
#8606=ORIENTED_EDGE('',*,*,#6222,.F.);
#8607=ORIENTED_EDGE('',*,*,#6222,.T.);
#8608=ORIENTED_EDGE('',*,*,#6199,.T.);
#8609=ORIENTED_EDGE('',*,*,#6223,.T.);
#8610=ORIENTED_EDGE('',*,*,#6193,.T.);
#8611=ORIENTED_EDGE('',*,*,#6224,.F.);
#8612=ORIENTED_EDGE('',*,*,#6225,.F.);
#8613=ORIENTED_EDGE('',*,*,#6226,.F.);
#8614=ORIENTED_EDGE('',*,*,#6227,.F.);
#8615=ORIENTED_EDGE('',*,*,#6198,.F.);
#8616=ORIENTED_EDGE('',*,*,#6221,.T.);
#8617=ORIENTED_EDGE('',*,*,#6194,.T.);
#8618=ORIENTED_EDGE('',*,*,#6223,.F.);
#8619=ORIENTED_EDGE('',*,*,#6204,.T.);
#8620=ORIENTED_EDGE('',*,*,#6203,.F.);
#8621=ORIENTED_EDGE('',*,*,#6208,.T.);
#8622=ORIENTED_EDGE('',*,*,#6209,.T.);
#8623=ORIENTED_EDGE('',*,*,#6228,.F.);
#8624=ORIENTED_EDGE('',*,*,#6216,.F.);
#8625=ORIENTED_EDGE('',*,*,#6219,.T.);
#8626=ORIENTED_EDGE('',*,*,#6205,.T.);
#8627=ORIENTED_EDGE('',*,*,#6228,.T.);
#8628=ORIENTED_EDGE('',*,*,#6212,.T.);
#8629=ORIENTED_EDGE('',*,*,#6229,.F.);
#8630=ORIENTED_EDGE('',*,*,#6217,.F.);
#8631=ORIENTED_EDGE('',*,*,#6229,.T.);
#8632=ORIENTED_EDGE('',*,*,#6211,.T.);
#8633=ORIENTED_EDGE('',*,*,#6213,.F.);
#8634=ORIENTED_EDGE('',*,*,#6218,.T.);
#8635=ORIENTED_EDGE('',*,*,#6230,.F.);
#8636=ORIENTED_EDGE('',*,*,#6224,.T.);
#8637=ORIENTED_EDGE('',*,*,#6231,.T.);
#8638=ORIENTED_EDGE('',*,*,#6232,.F.);
#8639=ORIENTED_EDGE('',*,*,#6231,.F.);
#8640=ORIENTED_EDGE('',*,*,#6227,.T.);
#8641=ORIENTED_EDGE('',*,*,#6233,.T.);
#8642=ORIENTED_EDGE('',*,*,#6234,.F.);
#8643=ORIENTED_EDGE('',*,*,#6233,.F.);
#8644=ORIENTED_EDGE('',*,*,#6226,.T.);
#8645=ORIENTED_EDGE('',*,*,#6235,.T.);
#8646=ORIENTED_EDGE('',*,*,#6236,.F.);
#8647=ORIENTED_EDGE('',*,*,#6235,.F.);
#8648=ORIENTED_EDGE('',*,*,#6225,.T.);
#8649=ORIENTED_EDGE('',*,*,#6230,.T.);
#8650=ORIENTED_EDGE('',*,*,#6237,.F.);
#8651=ORIENTED_EDGE('',*,*,#6238,.F.);
#8652=ORIENTED_EDGE('',*,*,#6232,.T.);
#8653=ORIENTED_EDGE('',*,*,#6239,.T.);
#8654=ORIENTED_EDGE('',*,*,#6240,.F.);
#8655=ORIENTED_EDGE('',*,*,#6234,.T.);
#8656=ORIENTED_EDGE('',*,*,#6241,.T.);
#8657=ORIENTED_EDGE('',*,*,#6242,.F.);
#8658=ORIENTED_EDGE('',*,*,#6243,.T.);
#8659=ORIENTED_EDGE('',*,*,#6244,.T.);
#8660=ORIENTED_EDGE('',*,*,#6245,.F.);
#8661=ORIENTED_EDGE('',*,*,#6246,.F.);
#8662=ORIENTED_EDGE('',*,*,#6239,.F.);
#8663=ORIENTED_EDGE('',*,*,#6241,.F.);
#8664=ORIENTED_EDGE('',*,*,#6236,.T.);
#8665=ORIENTED_EDGE('',*,*,#6247,.T.);
#8666=ORIENTED_EDGE('',*,*,#6248,.F.);
#8667=ORIENTED_EDGE('',*,*,#6237,.T.);
#8668=ORIENTED_EDGE('',*,*,#6238,.T.);
#8669=ORIENTED_EDGE('',*,*,#6249,.F.);
#8670=ORIENTED_EDGE('',*,*,#6250,.F.);
#8671=ORIENTED_EDGE('',*,*,#6251,.F.);
#8672=ORIENTED_EDGE('',*,*,#6252,.T.);
#8673=ORIENTED_EDGE('',*,*,#6253,.F.);
#8674=ORIENTED_EDGE('',*,*,#6247,.F.);
#8675=ORIENTED_EDGE('',*,*,#6249,.T.);
#8676=ORIENTED_EDGE('',*,*,#6240,.T.);
#8677=ORIENTED_EDGE('',*,*,#6246,.T.);
#8678=ORIENTED_EDGE('',*,*,#6254,.T.);
#8679=ORIENTED_EDGE('',*,*,#6253,.T.);
#8680=ORIENTED_EDGE('',*,*,#6255,.F.);
#8681=ORIENTED_EDGE('',*,*,#6242,.T.);
#8682=ORIENTED_EDGE('',*,*,#6248,.T.);
#8683=ORIENTED_EDGE('',*,*,#6252,.F.);
#8684=ORIENTED_EDGE('',*,*,#6256,.T.);
#8685=ORIENTED_EDGE('',*,*,#6257,.T.);
#8686=ORIENTED_EDGE('',*,*,#6258,.T.);
#8687=ORIENTED_EDGE('',*,*,#6259,.T.);
#8688=ORIENTED_EDGE('',*,*,#6260,.T.);
#8689=ORIENTED_EDGE('',*,*,#6243,.F.);
#8690=ORIENTED_EDGE('',*,*,#6255,.T.);
#8691=ORIENTED_EDGE('',*,*,#6261,.T.);
#8692=ORIENTED_EDGE('',*,*,#6262,.T.);
#8693=ORIENTED_EDGE('',*,*,#6244,.F.);
#8694=ORIENTED_EDGE('',*,*,#6260,.F.);
#8695=ORIENTED_EDGE('',*,*,#6250,.T.);
#8696=ORIENTED_EDGE('',*,*,#6254,.F.);
#8697=ORIENTED_EDGE('',*,*,#6245,.T.);
#8698=ORIENTED_EDGE('',*,*,#6262,.F.);
#8699=ORIENTED_EDGE('',*,*,#6263,.F.);
#8700=ORIENTED_EDGE('',*,*,#6264,.F.);
#8701=ORIENTED_EDGE('',*,*,#6265,.F.);
#8702=ORIENTED_EDGE('',*,*,#6266,.F.);
#8703=ORIENTED_EDGE('',*,*,#6251,.T.);
#8704=ORIENTED_EDGE('',*,*,#6266,.T.);
#8705=ORIENTED_EDGE('',*,*,#6267,.F.);
#8706=ORIENTED_EDGE('',*,*,#6256,.F.);
#8707=ORIENTED_EDGE('',*,*,#6268,.T.);
#8708=ORIENTED_EDGE('',*,*,#6263,.T.);
#8709=ORIENTED_EDGE('',*,*,#6261,.F.);
#8710=ORIENTED_EDGE('',*,*,#6259,.F.);
#8711=ORIENTED_EDGE('',*,*,#6269,.T.);
#8712=ORIENTED_EDGE('',*,*,#6264,.T.);
#8713=ORIENTED_EDGE('',*,*,#6268,.F.);
#8714=ORIENTED_EDGE('',*,*,#6258,.F.);
#8715=ORIENTED_EDGE('',*,*,#6267,.T.);
#8716=ORIENTED_EDGE('',*,*,#6265,.T.);
#8717=ORIENTED_EDGE('',*,*,#6269,.F.);
#8718=ORIENTED_EDGE('',*,*,#6257,.F.);
#8719=ORIENTED_EDGE('',*,*,#6270,.T.);
#8720=ORIENTED_EDGE('',*,*,#6271,.T.);
#8721=ORIENTED_EDGE('',*,*,#6272,.T.);
#8722=ORIENTED_EDGE('',*,*,#6273,.T.);
#8723=ORIENTED_EDGE('',*,*,#6271,.F.);
#8724=ORIENTED_EDGE('',*,*,#6274,.T.);
#8725=ORIENTED_EDGE('',*,*,#6275,.F.);
#8726=ORIENTED_EDGE('',*,*,#6276,.F.);
#8727=ORIENTED_EDGE('',*,*,#6277,.F.);
#8728=ORIENTED_EDGE('',*,*,#6278,.F.);
#8729=ORIENTED_EDGE('',*,*,#6279,.F.);
#8730=ORIENTED_EDGE('',*,*,#6280,.F.);
#8731=ORIENTED_EDGE('',*,*,#6281,.F.);
#8732=ORIENTED_EDGE('',*,*,#6282,.F.);
#8733=ORIENTED_EDGE('',*,*,#6283,.F.);
#8734=ORIENTED_EDGE('',*,*,#6284,.F.);
#8735=ORIENTED_EDGE('',*,*,#6285,.F.);
#8736=ORIENTED_EDGE('',*,*,#6286,.F.);
#8737=ORIENTED_EDGE('',*,*,#6287,.F.);
#8738=ORIENTED_EDGE('',*,*,#6288,.F.);
#8739=ORIENTED_EDGE('',*,*,#6289,.F.);
#8740=ORIENTED_EDGE('',*,*,#6290,.F.);
#8741=ORIENTED_EDGE('',*,*,#6291,.F.);
#8742=ORIENTED_EDGE('',*,*,#6292,.F.);
#8743=ORIENTED_EDGE('',*,*,#6293,.F.);
#8744=ORIENTED_EDGE('',*,*,#6294,.F.);
#8745=ORIENTED_EDGE('',*,*,#6295,.F.);
#8746=ORIENTED_EDGE('',*,*,#6296,.F.);
#8747=ORIENTED_EDGE('',*,*,#6297,.F.);
#8748=ORIENTED_EDGE('',*,*,#6298,.F.);
#8749=ORIENTED_EDGE('',*,*,#6299,.F.);
#8750=ORIENTED_EDGE('',*,*,#6300,.F.);
#8751=ORIENTED_EDGE('',*,*,#6301,.F.);
#8752=ORIENTED_EDGE('',*,*,#6302,.F.);
#8753=ORIENTED_EDGE('',*,*,#6303,.F.);
#8754=ORIENTED_EDGE('',*,*,#6304,.F.);
#8755=ORIENTED_EDGE('',*,*,#6305,.T.);
#8756=ORIENTED_EDGE('',*,*,#6306,.F.);
#8757=ORIENTED_EDGE('',*,*,#6307,.T.);
#8758=ORIENTED_EDGE('',*,*,#6308,.F.);
#8759=ORIENTED_EDGE('',*,*,#6309,.F.);
#8760=ORIENTED_EDGE('',*,*,#6310,.F.);
#8761=ORIENTED_EDGE('',*,*,#6311,.T.);
#8762=ORIENTED_EDGE('',*,*,#6312,.F.);
#8763=ORIENTED_EDGE('',*,*,#6313,.F.);
#8764=ORIENTED_EDGE('',*,*,#6314,.F.);
#8765=ORIENTED_EDGE('',*,*,#6315,.T.);
#8766=ORIENTED_EDGE('',*,*,#6316,.F.);
#8767=ORIENTED_EDGE('',*,*,#6317,.F.);
#8768=ORIENTED_EDGE('',*,*,#6318,.F.);
#8769=ORIENTED_EDGE('',*,*,#6319,.T.);
#8770=ORIENTED_EDGE('',*,*,#6320,.F.);
#8771=ORIENTED_EDGE('',*,*,#6321,.T.);
#8772=ORIENTED_EDGE('',*,*,#6322,.F.);
#8773=ORIENTED_EDGE('',*,*,#6323,.T.);
#8774=ORIENTED_EDGE('',*,*,#6324,.T.);
#8775=ORIENTED_EDGE('',*,*,#6325,.T.);
#8776=ORIENTED_EDGE('',*,*,#6326,.T.);
#8777=ORIENTED_EDGE('',*,*,#6327,.T.);
#8778=ORIENTED_EDGE('',*,*,#6275,.T.);
#8779=ORIENTED_EDGE('',*,*,#6326,.F.);
#8780=ORIENTED_EDGE('',*,*,#6328,.T.);
#8781=ORIENTED_EDGE('',*,*,#6329,.T.);
#8782=ORIENTED_EDGE('',*,*,#6330,.T.);
#8783=ORIENTED_EDGE('',*,*,#6331,.F.);
#8784=ORIENTED_EDGE('',*,*,#6332,.T.);
#8785=ORIENTED_EDGE('',*,*,#6333,.F.);
#8786=ORIENTED_EDGE('',*,*,#6334,.T.);
#8787=ORIENTED_EDGE('',*,*,#6335,.T.);
#8788=ORIENTED_EDGE('',*,*,#6336,.T.);
#8789=ORIENTED_EDGE('',*,*,#6337,.T.);
#8790=ORIENTED_EDGE('',*,*,#6303,.T.);
#8791=ORIENTED_EDGE('',*,*,#6273,.F.);
#8792=ORIENTED_EDGE('',*,*,#6338,.T.);
#8793=ORIENTED_EDGE('',*,*,#6339,.F.);
#8794=ORIENTED_EDGE('',*,*,#6340,.F.);
#8795=ORIENTED_EDGE('',*,*,#6341,.F.);
#8796=ORIENTED_EDGE('',*,*,#6342,.T.);
#8797=ORIENTED_EDGE('',*,*,#6343,.F.);
#8798=ORIENTED_EDGE('',*,*,#6344,.F.);
#8799=ORIENTED_EDGE('',*,*,#6345,.F.);
#8800=ORIENTED_EDGE('',*,*,#6346,.T.);
#8801=ORIENTED_EDGE('',*,*,#6347,.T.);
#8802=ORIENTED_EDGE('',*,*,#6348,.T.);
#8803=ORIENTED_EDGE('',*,*,#6349,.F.);
#8804=ORIENTED_EDGE('',*,*,#6350,.T.);
#8805=ORIENTED_EDGE('',*,*,#6351,.F.);
#8806=ORIENTED_EDGE('',*,*,#6352,.T.);
#8807=ORIENTED_EDGE('',*,*,#6353,.F.);
#8808=ORIENTED_EDGE('',*,*,#6354,.T.);
#8809=ORIENTED_EDGE('',*,*,#6355,.F.);
#8810=ORIENTED_EDGE('',*,*,#6356,.T.);
#8811=ORIENTED_EDGE('',*,*,#6336,.F.);
#8812=ORIENTED_EDGE('',*,*,#6357,.T.);
#8813=ORIENTED_EDGE('',*,*,#6358,.T.);
#8814=ORIENTED_EDGE('',*,*,#6359,.T.);
#8815=ORIENTED_EDGE('',*,*,#6360,.T.);
#8816=ORIENTED_EDGE('',*,*,#6301,.T.);
#8817=ORIENTED_EDGE('',*,*,#6361,.T.);
#8818=ORIENTED_EDGE('',*,*,#6331,.T.);
#8819=ORIENTED_EDGE('',*,*,#6362,.T.);
#8820=ORIENTED_EDGE('',*,*,#6333,.T.);
#8821=ORIENTED_EDGE('',*,*,#6363,.T.);
#8822=ORIENTED_EDGE('',*,*,#6364,.T.);
#8823=ORIENTED_EDGE('',*,*,#6365,.T.);
#8824=ORIENTED_EDGE('',*,*,#6366,.T.);
#8825=ORIENTED_EDGE('',*,*,#6367,.T.);
#8826=ORIENTED_EDGE('',*,*,#6312,.T.);
#8827=ORIENTED_EDGE('',*,*,#6366,.F.);
#8828=ORIENTED_EDGE('',*,*,#6368,.T.);
#8829=ORIENTED_EDGE('',*,*,#6369,.F.);
#8830=ORIENTED_EDGE('',*,*,#6370,.T.);
#8831=ORIENTED_EDGE('',*,*,#6371,.T.);
#8832=ORIENTED_EDGE('',*,*,#6314,.T.);
#8833=ORIENTED_EDGE('',*,*,#6372,.T.);
#8834=ORIENTED_EDGE('',*,*,#6373,.T.);
#8835=ORIENTED_EDGE('',*,*,#6374,.T.);
#8836=ORIENTED_EDGE('',*,*,#6375,.T.);
#8837=ORIENTED_EDGE('',*,*,#6376,.T.);
#8838=ORIENTED_EDGE('',*,*,#6377,.T.);
#8839=ORIENTED_EDGE('',*,*,#6375,.F.);
#8840=ORIENTED_EDGE('',*,*,#6378,.F.);
#8841=ORIENTED_EDGE('',*,*,#6379,.F.);
#8842=ORIENTED_EDGE('',*,*,#6380,.T.);
#8843=ORIENTED_EDGE('',*,*,#6381,.T.);
#8844=ORIENTED_EDGE('',*,*,#6369,.T.);
#8845=ORIENTED_EDGE('',*,*,#6382,.T.);
#8846=ORIENTED_EDGE('',*,*,#6379,.T.);
#8847=ORIENTED_EDGE('',*,*,#6383,.T.);
#8848=ORIENTED_EDGE('',*,*,#6384,.T.);
#8849=ORIENTED_EDGE('',*,*,#6385,.T.);
#8850=ORIENTED_EDGE('',*,*,#6316,.T.);
#8851=ORIENTED_EDGE('',*,*,#6384,.F.);
#8852=ORIENTED_EDGE('',*,*,#6386,.T.);
#8853=ORIENTED_EDGE('',*,*,#6387,.F.);
#8854=ORIENTED_EDGE('',*,*,#6388,.T.);
#8855=ORIENTED_EDGE('',*,*,#6389,.T.);
#8856=ORIENTED_EDGE('',*,*,#6390,.T.);
#8857=ORIENTED_EDGE('',*,*,#6391,.T.);
#8858=ORIENTED_EDGE('',*,*,#6387,.T.);
#8859=ORIENTED_EDGE('',*,*,#6390,.F.);
#8860=ORIENTED_EDGE('',*,*,#6392,.T.);
#8861=ORIENTED_EDGE('',*,*,#6393,.F.);
#8862=ORIENTED_EDGE('',*,*,#6394,.T.);
#8863=ORIENTED_EDGE('',*,*,#6389,.F.);
#8864=ORIENTED_EDGE('',*,*,#6386,.F.);
#8865=ORIENTED_EDGE('',*,*,#6383,.F.);
#8866=ORIENTED_EDGE('',*,*,#6315,.F.);
#8867=ORIENTED_EDGE('',*,*,#6371,.F.);
#8868=ORIENTED_EDGE('',*,*,#6395,.F.);
#8869=ORIENTED_EDGE('',*,*,#6376,.F.);
#8870=ORIENTED_EDGE('',*,*,#6380,.F.);
#8871=ORIENTED_EDGE('',*,*,#6382,.F.);
#8872=ORIENTED_EDGE('',*,*,#6368,.F.);
#8873=ORIENTED_EDGE('',*,*,#6365,.F.);
#8874=ORIENTED_EDGE('',*,*,#6311,.F.);
#8875=ORIENTED_EDGE('',*,*,#6396,.F.);
#8876=ORIENTED_EDGE('',*,*,#6397,.F.);
#8877=ORIENTED_EDGE('',*,*,#6398,.F.);
#8878=ORIENTED_EDGE('',*,*,#6392,.F.);
#8879=ORIENTED_EDGE('',*,*,#6398,.T.);
#8880=ORIENTED_EDGE('',*,*,#6399,.T.);
#8881=ORIENTED_EDGE('',*,*,#6400,.T.);
#8882=ORIENTED_EDGE('',*,*,#6393,.T.);
#8883=ORIENTED_EDGE('',*,*,#6396,.T.);
#8884=ORIENTED_EDGE('',*,*,#6310,.T.);
#8885=ORIENTED_EDGE('',*,*,#6401,.T.);
#8886=ORIENTED_EDGE('',*,*,#6402,.T.);
#8887=ORIENTED_EDGE('',*,*,#6403,.T.);
#8888=ORIENTED_EDGE('',*,*,#6404,.T.);
#8889=ORIENTED_EDGE('',*,*,#6405,.T.);
#8890=ORIENTED_EDGE('',*,*,#6406,.T.);
#8891=ORIENTED_EDGE('',*,*,#6404,.F.);
#8892=ORIENTED_EDGE('',*,*,#6407,.F.);
#8893=ORIENTED_EDGE('',*,*,#6408,.T.);
#8894=ORIENTED_EDGE('',*,*,#6409,.T.);
#8895=ORIENTED_EDGE('',*,*,#6403,.F.);
#8896=ORIENTED_EDGE('',*,*,#6410,.T.);
#8897=ORIENTED_EDGE('',*,*,#6411,.F.);
#8898=ORIENTED_EDGE('',*,*,#6412,.T.);
#8899=ORIENTED_EDGE('',*,*,#6413,.F.);
#8900=ORIENTED_EDGE('',*,*,#6414,.T.);
#8901=ORIENTED_EDGE('',*,*,#6415,.F.);
#8902=ORIENTED_EDGE('',*,*,#6416,.T.);
#8903=ORIENTED_EDGE('',*,*,#6417,.T.);
#8904=ORIENTED_EDGE('',*,*,#6418,.F.);
#8905=ORIENTED_EDGE('',*,*,#6419,.F.);
#8906=ORIENTED_EDGE('',*,*,#6420,.F.);
#8907=ORIENTED_EDGE('',*,*,#6421,.T.);
#8908=ORIENTED_EDGE('',*,*,#6422,.F.);
#8909=ORIENTED_EDGE('',*,*,#6423,.F.);
#8910=ORIENTED_EDGE('',*,*,#6424,.F.);
#8911=ORIENTED_EDGE('',*,*,#6425,.T.);
#8912=ORIENTED_EDGE('',*,*,#6426,.F.);
#8913=ORIENTED_EDGE('',*,*,#6427,.T.);
#8914=ORIENTED_EDGE('',*,*,#6428,.F.);
#8915=ORIENTED_EDGE('',*,*,#6429,.T.);
#8916=ORIENTED_EDGE('',*,*,#6430,.F.);
#8917=ORIENTED_EDGE('',*,*,#6431,.T.);
#8918=ORIENTED_EDGE('',*,*,#6432,.F.);
#8919=ORIENTED_EDGE('',*,*,#6433,.T.);
#8920=ORIENTED_EDGE('',*,*,#6434,.F.);
#8921=ORIENTED_EDGE('',*,*,#6435,.T.);
#8922=ORIENTED_EDGE('',*,*,#6407,.T.);
#8923=ORIENTED_EDGE('',*,*,#6436,.T.);
#8924=ORIENTED_EDGE('',*,*,#6437,.T.);
#8925=ORIENTED_EDGE('',*,*,#6415,.T.);
#8926=ORIENTED_EDGE('',*,*,#6438,.T.);
#8927=ORIENTED_EDGE('',*,*,#6437,.F.);
#8928=ORIENTED_EDGE('',*,*,#6439,.T.);
#8929=ORIENTED_EDGE('',*,*,#6440,.T.);
#8930=ORIENTED_EDGE('',*,*,#6416,.F.);
#8931=ORIENTED_EDGE('',*,*,#6441,.T.);
#8932=ORIENTED_EDGE('',*,*,#6442,.T.);
#8933=ORIENTED_EDGE('',*,*,#6411,.T.);
#8934=ORIENTED_EDGE('',*,*,#6443,.T.);
#8935=ORIENTED_EDGE('',*,*,#6442,.F.);
#8936=ORIENTED_EDGE('',*,*,#6444,.F.);
#8937=ORIENTED_EDGE('',*,*,#6445,.F.);
#8938=ORIENTED_EDGE('',*,*,#6412,.F.);
#8939=ORIENTED_EDGE('',*,*,#6446,.T.);
#8940=ORIENTED_EDGE('',*,*,#6447,.T.);
#8941=ORIENTED_EDGE('',*,*,#6413,.T.);
#8942=ORIENTED_EDGE('',*,*,#6445,.T.);
#8943=ORIENTED_EDGE('',*,*,#6438,.F.);
#8944=ORIENTED_EDGE('',*,*,#6414,.F.);
#8945=ORIENTED_EDGE('',*,*,#6447,.F.);
#8946=ORIENTED_EDGE('',*,*,#6448,.F.);
#8947=ORIENTED_EDGE('',*,*,#6406,.F.);
#8948=ORIENTED_EDGE('',*,*,#6449,.F.);
#8949=ORIENTED_EDGE('',*,*,#6443,.F.);
#8950=ORIENTED_EDGE('',*,*,#6410,.F.);
#8951=ORIENTED_EDGE('',*,*,#6399,.F.);
#8952=ORIENTED_EDGE('',*,*,#6397,.T.);
#8953=ORIENTED_EDGE('',*,*,#6402,.F.);
#8954=ORIENTED_EDGE('',*,*,#6450,.T.);
#8955=ORIENTED_EDGE('',*,*,#6373,.F.);
#8956=ORIENTED_EDGE('',*,*,#6451,.F.);
#8957=ORIENTED_EDGE('',*,*,#6377,.F.);
#8958=ORIENTED_EDGE('',*,*,#6395,.T.);
#8959=ORIENTED_EDGE('',*,*,#6452,.T.);
#8960=ORIENTED_EDGE('',*,*,#6426,.T.);
#8961=ORIENTED_EDGE('',*,*,#6453,.T.);
#8962=ORIENTED_EDGE('',*,*,#6454,.T.);
#8963=ORIENTED_EDGE('',*,*,#6455,.T.);
#8964=ORIENTED_EDGE('',*,*,#6456,.T.);
#8965=ORIENTED_EDGE('',*,*,#6457,.T.);
#8966=ORIENTED_EDGE('',*,*,#6458,.T.);
#8967=ORIENTED_EDGE('',*,*,#6456,.F.);
#8968=ORIENTED_EDGE('',*,*,#6459,.T.);
#8969=ORIENTED_EDGE('',*,*,#6460,.F.);
#8970=ORIENTED_EDGE('',*,*,#6461,.T.);
#8971=ORIENTED_EDGE('',*,*,#6462,.T.);
#8972=ORIENTED_EDGE('',*,*,#6463,.T.);
#8973=ORIENTED_EDGE('',*,*,#6464,.T.);
#8974=ORIENTED_EDGE('',*,*,#6460,.T.);
#8975=ORIENTED_EDGE('',*,*,#6454,.F.);
#8976=ORIENTED_EDGE('',*,*,#6465,.T.);
#8977=ORIENTED_EDGE('',*,*,#6463,.F.);
#8978=ORIENTED_EDGE('',*,*,#6466,.T.);
#8979=ORIENTED_EDGE('',*,*,#6467,.T.);
#8980=ORIENTED_EDGE('',*,*,#6468,.T.);
#8981=ORIENTED_EDGE('',*,*,#6469,.T.);
#8982=ORIENTED_EDGE('',*,*,#6351,.T.);
#8983=ORIENTED_EDGE('',*,*,#6468,.F.);
#8984=ORIENTED_EDGE('',*,*,#6470,.T.);
#8985=ORIENTED_EDGE('',*,*,#6471,.F.);
#8986=ORIENTED_EDGE('',*,*,#6472,.T.);
#8987=ORIENTED_EDGE('',*,*,#6473,.T.);
#8988=ORIENTED_EDGE('',*,*,#6349,.T.);
#8989=ORIENTED_EDGE('',*,*,#6474,.T.);
#8990=ORIENTED_EDGE('',*,*,#6475,.T.);
#8991=ORIENTED_EDGE('',*,*,#6476,.T.);
#8992=ORIENTED_EDGE('',*,*,#6353,.T.);
#8993=ORIENTED_EDGE('',*,*,#6477,.T.);
#8994=ORIENTED_EDGE('',*,*,#6478,.T.);
#8995=ORIENTED_EDGE('',*,*,#6479,.T.);
#8996=ORIENTED_EDGE('',*,*,#6480,.T.);
#8997=ORIENTED_EDGE('',*,*,#6481,.T.);
#8998=ORIENTED_EDGE('',*,*,#6355,.T.);
#8999=ORIENTED_EDGE('',*,*,#6480,.F.);
#9000=ORIENTED_EDGE('',*,*,#6482,.T.);
#9001=ORIENTED_EDGE('',*,*,#6483,.F.);
#9002=ORIENTED_EDGE('',*,*,#6484,.T.);
#9003=ORIENTED_EDGE('',*,*,#6485,.T.);
#9004=ORIENTED_EDGE('',*,*,#6486,.T.);
#9005=ORIENTED_EDGE('',*,*,#6487,.T.);
#9006=ORIENTED_EDGE('',*,*,#6345,.T.);
#9007=ORIENTED_EDGE('',*,*,#6486,.F.);
#9008=ORIENTED_EDGE('',*,*,#6488,.T.);
#9009=ORIENTED_EDGE('',*,*,#6489,.F.);
#9010=ORIENTED_EDGE('',*,*,#6490,.T.);
#9011=ORIENTED_EDGE('',*,*,#6491,.T.);
#9012=ORIENTED_EDGE('',*,*,#6343,.T.);
#9013=ORIENTED_EDGE('',*,*,#6492,.T.);
#9014=ORIENTED_EDGE('',*,*,#6493,.T.);
#9015=ORIENTED_EDGE('',*,*,#6494,.T.);
#9016=ORIENTED_EDGE('',*,*,#6495,.T.);
#9017=ORIENTED_EDGE('',*,*,#6496,.T.);
#9018=ORIENTED_EDGE('',*,*,#6341,.T.);
#9019=ORIENTED_EDGE('',*,*,#6495,.F.);
#9020=ORIENTED_EDGE('',*,*,#6497,.T.);
#9021=ORIENTED_EDGE('',*,*,#6498,.F.);
#9022=ORIENTED_EDGE('',*,*,#6499,.T.);
#9023=ORIENTED_EDGE('',*,*,#6500,.T.);
#9024=ORIENTED_EDGE('',*,*,#6339,.T.);
#9025=ORIENTED_EDGE('',*,*,#6501,.T.);
#9026=ORIENTED_EDGE('',*,*,#6502,.T.);
#9027=ORIENTED_EDGE('',*,*,#6503,.T.);
#9028=ORIENTED_EDGE('',*,*,#6504,.T.);
#9029=ORIENTED_EDGE('',*,*,#6505,.T.);
#9030=ORIENTED_EDGE('',*,*,#6424,.T.);
#9031=ORIENTED_EDGE('',*,*,#6475,.F.);
#9032=ORIENTED_EDGE('',*,*,#6506,.T.);
#9033=ORIENTED_EDGE('',*,*,#6504,.F.);
#9034=ORIENTED_EDGE('',*,*,#6507,.T.);
#9035=ORIENTED_EDGE('',*,*,#6508,.T.);
#9036=ORIENTED_EDGE('',*,*,#6422,.T.);
#9037=ORIENTED_EDGE('',*,*,#6509,.T.);
#9038=ORIENTED_EDGE('',*,*,#6471,.T.);
#9039=ORIENTED_EDGE('',*,*,#6510,.T.);
#9040=ORIENTED_EDGE('',*,*,#6428,.T.);
#9041=ORIENTED_EDGE('',*,*,#6511,.T.);
#9042=ORIENTED_EDGE('',*,*,#6489,.T.);
#9043=ORIENTED_EDGE('',*,*,#6512,.T.);
#9044=ORIENTED_EDGE('',*,*,#6513,.T.);
#9045=ORIENTED_EDGE('',*,*,#6514,.T.);
#9046=ORIENTED_EDGE('',*,*,#6430,.T.);
#9047=ORIENTED_EDGE('',*,*,#6493,.F.);
#9048=ORIENTED_EDGE('',*,*,#6515,.T.);
#9049=ORIENTED_EDGE('',*,*,#6513,.F.);
#9050=ORIENTED_EDGE('',*,*,#6516,.T.);
#9051=ORIENTED_EDGE('',*,*,#6517,.T.);
#9052=ORIENTED_EDGE('',*,*,#6518,.T.);
#9053=ORIENTED_EDGE('',*,*,#6519,.T.);
#9054=ORIENTED_EDGE('',*,*,#6420,.T.);
#9055=ORIENTED_EDGE('',*,*,#6478,.F.);
#9056=ORIENTED_EDGE('',*,*,#6520,.T.);
#9057=ORIENTED_EDGE('',*,*,#6518,.F.);
#9058=ORIENTED_EDGE('',*,*,#6521,.T.);
#9059=ORIENTED_EDGE('',*,*,#6522,.T.);
#9060=ORIENTED_EDGE('',*,*,#6418,.T.);
#9061=ORIENTED_EDGE('',*,*,#6523,.T.);
#9062=ORIENTED_EDGE('',*,*,#6483,.T.);
#9063=ORIENTED_EDGE('',*,*,#6524,.T.);
#9064=ORIENTED_EDGE('',*,*,#6432,.T.);
#9065=ORIENTED_EDGE('',*,*,#6525,.T.);
#9066=ORIENTED_EDGE('',*,*,#6498,.T.);
#9067=ORIENTED_EDGE('',*,*,#6526,.T.);
#9068=ORIENTED_EDGE('',*,*,#6527,.T.);
#9069=ORIENTED_EDGE('',*,*,#6528,.T.);
#9070=ORIENTED_EDGE('',*,*,#6434,.T.);
#9071=ORIENTED_EDGE('',*,*,#6502,.F.);
#9072=ORIENTED_EDGE('',*,*,#6529,.T.);
#9073=ORIENTED_EDGE('',*,*,#6527,.F.);
#9074=ORIENTED_EDGE('',*,*,#6530,.T.);
#9075=ORIENTED_EDGE('',*,*,#6531,.F.);
#9076=ORIENTED_EDGE('',*,*,#6532,.F.);
#9077=ORIENTED_EDGE('',*,*,#6533,.F.);
#9078=ORIENTED_EDGE('',*,*,#6307,.F.);
#9079=ORIENTED_EDGE('',*,*,#6324,.F.);
#9080=ORIENTED_EDGE('',*,*,#6534,.T.);
#9081=ORIENTED_EDGE('',*,*,#6535,.F.);
#9082=ORIENTED_EDGE('',*,*,#6534,.F.);
#9083=ORIENTED_EDGE('',*,*,#6536,.F.);
#9084=ORIENTED_EDGE('',*,*,#6537,.F.);
#9085=ORIENTED_EDGE('',*,*,#6319,.F.);
#9086=ORIENTED_EDGE('',*,*,#6538,.F.);
#9087=ORIENTED_EDGE('',*,*,#6539,.F.);
#9088=ORIENTED_EDGE('',*,*,#6540,.F.);
#9089=ORIENTED_EDGE('',*,*,#6541,.F.);
#9090=ORIENTED_EDGE('',*,*,#6305,.F.);
#9091=ORIENTED_EDGE('',*,*,#6323,.F.);
#9092=ORIENTED_EDGE('',*,*,#6542,.T.);
#9093=ORIENTED_EDGE('',*,*,#6543,.F.);
#9094=ORIENTED_EDGE('',*,*,#6542,.F.);
#9095=ORIENTED_EDGE('',*,*,#6544,.F.);
#9096=ORIENTED_EDGE('',*,*,#6545,.F.);
#9097=ORIENTED_EDGE('',*,*,#6321,.F.);
#9098=ORIENTED_EDGE('',*,*,#6546,.F.);
#9099=ORIENTED_EDGE('',*,*,#6533,.T.);
#9100=ORIENTED_EDGE('',*,*,#6547,.F.);
#9101=ORIENTED_EDGE('',*,*,#6548,.F.);
#9102=ORIENTED_EDGE('',*,*,#6308,.T.);
#9103=ORIENTED_EDGE('',*,*,#6539,.T.);
#9104=ORIENTED_EDGE('',*,*,#6304,.T.);
#9105=ORIENTED_EDGE('',*,*,#6337,.F.);
#9106=ORIENTED_EDGE('',*,*,#6356,.F.);
#9107=ORIENTED_EDGE('',*,*,#6481,.F.);
#9108=ORIENTED_EDGE('',*,*,#6484,.F.);
#9109=ORIENTED_EDGE('',*,*,#6523,.F.);
#9110=ORIENTED_EDGE('',*,*,#6417,.F.);
#9111=ORIENTED_EDGE('',*,*,#6440,.F.);
#9112=ORIENTED_EDGE('',*,*,#6549,.F.);
#9113=ORIENTED_EDGE('',*,*,#6550,.F.);
#9114=ORIENTED_EDGE('',*,*,#6551,.F.);
#9115=ORIENTED_EDGE('',*,*,#6552,.F.);
#9116=ORIENTED_EDGE('',*,*,#6553,.F.);
#9117=ORIENTED_EDGE('',*,*,#6554,.F.);
#9118=ORIENTED_EDGE('',*,*,#6457,.F.);
#9119=ORIENTED_EDGE('',*,*,#6461,.F.);
#9120=ORIENTED_EDGE('',*,*,#6464,.F.);
#9121=ORIENTED_EDGE('',*,*,#6465,.F.);
#9122=ORIENTED_EDGE('',*,*,#6453,.F.);
#9123=ORIENTED_EDGE('',*,*,#6425,.F.);
#9124=ORIENTED_EDGE('',*,*,#6505,.F.);
#9125=ORIENTED_EDGE('',*,*,#6506,.F.);
#9126=ORIENTED_EDGE('',*,*,#6474,.F.);
#9127=ORIENTED_EDGE('',*,*,#6348,.F.);
#9128=ORIENTED_EDGE('',*,*,#6555,.F.);
#9129=ORIENTED_EDGE('',*,*,#6556,.F.);
#9130=ORIENTED_EDGE('',*,*,#6557,.F.);
#9131=ORIENTED_EDGE('',*,*,#6363,.F.);
#9132=ORIENTED_EDGE('',*,*,#6332,.F.);
#9133=ORIENTED_EDGE('',*,*,#6361,.F.);
#9134=ORIENTED_EDGE('',*,*,#6300,.T.);
#9135=ORIENTED_EDGE('',*,*,#6558,.T.);
#9136=ORIENTED_EDGE('',*,*,#6559,.F.);
#9137=ORIENTED_EDGE('',*,*,#6477,.F.);
#9138=ORIENTED_EDGE('',*,*,#6352,.F.);
#9139=ORIENTED_EDGE('',*,*,#6469,.F.);
#9140=ORIENTED_EDGE('',*,*,#6472,.F.);
#9141=ORIENTED_EDGE('',*,*,#6509,.F.);
#9142=ORIENTED_EDGE('',*,*,#6421,.F.);
#9143=ORIENTED_EDGE('',*,*,#6519,.F.);
#9144=ORIENTED_EDGE('',*,*,#6520,.F.);
#9145=ORIENTED_EDGE('',*,*,#6545,.T.);
#9146=ORIENTED_EDGE('',*,*,#6560,.F.);
#9147=ORIENTED_EDGE('',*,*,#6561,.F.);
#9148=ORIENTED_EDGE('',*,*,#6276,.T.);
#9149=ORIENTED_EDGE('',*,*,#6327,.F.);
#9150=ORIENTED_EDGE('',*,*,#6334,.F.);
#9151=ORIENTED_EDGE('',*,*,#6362,.F.);
#9152=ORIENTED_EDGE('',*,*,#6562,.F.);
#9153=ORIENTED_EDGE('',*,*,#6563,.F.);
#9154=ORIENTED_EDGE('',*,*,#6564,.F.);
#9155=ORIENTED_EDGE('',*,*,#6346,.F.);
#9156=ORIENTED_EDGE('',*,*,#6487,.F.);
#9157=ORIENTED_EDGE('',*,*,#6490,.F.);
#9158=ORIENTED_EDGE('',*,*,#6511,.F.);
#9159=ORIENTED_EDGE('',*,*,#6427,.F.);
#9160=ORIENTED_EDGE('',*,*,#6452,.F.);
#9161=ORIENTED_EDGE('',*,*,#6466,.F.);
#9162=ORIENTED_EDGE('',*,*,#6462,.F.);
#9163=ORIENTED_EDGE('',*,*,#6459,.F.);
#9164=ORIENTED_EDGE('',*,*,#6455,.F.);
#9165=ORIENTED_EDGE('',*,*,#6565,.F.);
#9166=ORIENTED_EDGE('',*,*,#6566,.F.);
#9167=ORIENTED_EDGE('',*,*,#6567,.F.);
#9168=ORIENTED_EDGE('',*,*,#6568,.F.);
#9169=ORIENTED_EDGE('',*,*,#6569,.F.);
#9170=ORIENTED_EDGE('',*,*,#6570,.F.);
#9171=ORIENTED_EDGE('',*,*,#6408,.F.);
#9172=ORIENTED_EDGE('',*,*,#6435,.F.);
#9173=ORIENTED_EDGE('',*,*,#6528,.F.);
#9174=ORIENTED_EDGE('',*,*,#6529,.F.);
#9175=ORIENTED_EDGE('',*,*,#6501,.F.);
#9176=ORIENTED_EDGE('',*,*,#6338,.F.);
#9177=ORIENTED_EDGE('',*,*,#6272,.F.);
#9178=ORIENTED_EDGE('',*,*,#6322,.T.);
#9179=ORIENTED_EDGE('',*,*,#6492,.F.);
#9180=ORIENTED_EDGE('',*,*,#6342,.F.);
#9181=ORIENTED_EDGE('',*,*,#6496,.F.);
#9182=ORIENTED_EDGE('',*,*,#6499,.F.);
#9183=ORIENTED_EDGE('',*,*,#6525,.F.);
#9184=ORIENTED_EDGE('',*,*,#6431,.F.);
#9185=ORIENTED_EDGE('',*,*,#6514,.F.);
#9186=ORIENTED_EDGE('',*,*,#6515,.F.);
#9187=ORIENTED_EDGE('',*,*,#6537,.T.);
#9188=ORIENTED_EDGE('',*,*,#6571,.F.);
#9189=ORIENTED_EDGE('',*,*,#6546,.T.);
#9190=ORIENTED_EDGE('',*,*,#6320,.T.);
#9191=ORIENTED_EDGE('',*,*,#6532,.T.);
#9192=ORIENTED_EDGE('',*,*,#6572,.T.);
#9193=ORIENTED_EDGE('',*,*,#6540,.T.);
#9194=ORIENTED_EDGE('',*,*,#6559,.T.);
#9195=ORIENTED_EDGE('',*,*,#6573,.T.);
#9196=ORIENTED_EDGE('',*,*,#6560,.T.);
#9197=ORIENTED_EDGE('',*,*,#6544,.T.);
#9198=ORIENTED_EDGE('',*,*,#6571,.T.);
#9199=ORIENTED_EDGE('',*,*,#6536,.T.);
#9200=ORIENTED_EDGE('',*,*,#6574,.T.);
#9201=ORIENTED_EDGE('',*,*,#6575,.T.);
#9202=ORIENTED_EDGE('',*,*,#6547,.T.);
#9203=ORIENTED_EDGE('',*,*,#6576,.T.);
#9204=ORIENTED_EDGE('',*,*,#6577,.T.);
#9205=ORIENTED_EDGE('',*,*,#6578,.T.);
#9206=ORIENTED_EDGE('',*,*,#6543,.T.);
#9207=ORIENTED_EDGE('',*,*,#6535,.T.);
#9208=ORIENTED_EDGE('',*,*,#6329,.F.);
#9209=ORIENTED_EDGE('',*,*,#6579,.F.);
#9210=ORIENTED_EDGE('',*,*,#6358,.F.);
#9211=ORIENTED_EDGE('',*,*,#6580,.T.);
#9212=ORIENTED_EDGE('',*,*,#6330,.F.);
#9213=ORIENTED_EDGE('',*,*,#6580,.F.);
#9214=ORIENTED_EDGE('',*,*,#6357,.F.);
#9215=ORIENTED_EDGE('',*,*,#6335,.F.);
#9216=ORIENTED_EDGE('',*,*,#6302,.T.);
#9217=ORIENTED_EDGE('',*,*,#6360,.F.);
#9218=ORIENTED_EDGE('',*,*,#6274,.F.);
#9219=ORIENTED_EDGE('',*,*,#6270,.F.);
#9220=ORIENTED_EDGE('',*,*,#6359,.F.);
#9221=ORIENTED_EDGE('',*,*,#6579,.T.);
#9222=ORIENTED_EDGE('',*,*,#6328,.F.);
#9223=ORIENTED_EDGE('',*,*,#6325,.F.);
#9224=ORIENTED_EDGE('',*,*,#6581,.F.);
#9225=ORIENTED_EDGE('',*,*,#6582,.T.);
#9226=ORIENTED_EDGE('',*,*,#6583,.F.);
#9227=ORIENTED_EDGE('',*,*,#6584,.F.);
#9228=ORIENTED_EDGE('',*,*,#6585,.F.);
#9229=ORIENTED_EDGE('',*,*,#6586,.F.);
#9230=ORIENTED_EDGE('',*,*,#6587,.T.);
#9231=ORIENTED_EDGE('',*,*,#6588,.T.);
#9232=ORIENTED_EDGE('',*,*,#6589,.F.);
#9233=ORIENTED_EDGE('',*,*,#6590,.F.);
#9234=ORIENTED_EDGE('',*,*,#6591,.F.);
#9235=ORIENTED_EDGE('',*,*,#6592,.T.);
#9236=ORIENTED_EDGE('',*,*,#6593,.F.);
#9237=ORIENTED_EDGE('',*,*,#6583,.T.);
#9238=ORIENTED_EDGE('',*,*,#6594,.T.);
#9239=ORIENTED_EDGE('',*,*,#6587,.F.);
#9240=ORIENTED_EDGE('',*,*,#6595,.F.);
#9241=ORIENTED_EDGE('',*,*,#6592,.F.);
#9242=ORIENTED_EDGE('',*,*,#6596,.F.);
#9243=ORIENTED_EDGE('',*,*,#6597,.T.);
#9244=ORIENTED_EDGE('',*,*,#6598,.F.);
#9245=ORIENTED_EDGE('',*,*,#6597,.F.);
#9246=ORIENTED_EDGE('',*,*,#6599,.F.);
#9247=ORIENTED_EDGE('',*,*,#6600,.T.);
#9248=ORIENTED_EDGE('',*,*,#6601,.F.);
#9249=ORIENTED_EDGE('',*,*,#6600,.F.);
#9250=ORIENTED_EDGE('',*,*,#6602,.F.);
#9251=ORIENTED_EDGE('',*,*,#6590,.T.);
#9252=ORIENTED_EDGE('',*,*,#6603,.F.);
#9253=ORIENTED_EDGE('',*,*,#6588,.F.);
#9254=ORIENTED_EDGE('',*,*,#6594,.F.);
#9255=ORIENTED_EDGE('',*,*,#6582,.F.);
#9256=ORIENTED_EDGE('',*,*,#6364,.F.);
#9257=ORIENTED_EDGE('',*,*,#6557,.T.);
#9258=ORIENTED_EDGE('',*,*,#6604,.F.);
#9259=ORIENTED_EDGE('',*,*,#6584,.T.);
#9260=ORIENTED_EDGE('',*,*,#6593,.T.);
#9261=ORIENTED_EDGE('',*,*,#6586,.T.);
#9262=ORIENTED_EDGE('',*,*,#6605,.F.);
#9263=ORIENTED_EDGE('',*,*,#6562,.T.);
#9264=ORIENTED_EDGE('',*,*,#6340,.T.);
#9265=ORIENTED_EDGE('',*,*,#6500,.F.);
#9266=ORIENTED_EDGE('',*,*,#6530,.F.);
#9267=ORIENTED_EDGE('',*,*,#6526,.F.);
#9268=ORIENTED_EDGE('',*,*,#6433,.F.);
#9269=ORIENTED_EDGE('',*,*,#6524,.F.);
#9270=ORIENTED_EDGE('',*,*,#6497,.F.);
#9271=ORIENTED_EDGE('',*,*,#6494,.F.);
#9272=ORIENTED_EDGE('',*,*,#6429,.F.);
#9273=ORIENTED_EDGE('',*,*,#6510,.F.);
#9274=ORIENTED_EDGE('',*,*,#6488,.F.);
#9275=ORIENTED_EDGE('',*,*,#6485,.F.);
#9276=ORIENTED_EDGE('',*,*,#6344,.T.);
#9277=ORIENTED_EDGE('',*,*,#6491,.F.);
#9278=ORIENTED_EDGE('',*,*,#6516,.F.);
#9279=ORIENTED_EDGE('',*,*,#6512,.F.);
#9280=ORIENTED_EDGE('',*,*,#6419,.T.);
#9281=ORIENTED_EDGE('',*,*,#6522,.F.);
#9282=ORIENTED_EDGE('',*,*,#6482,.F.);
#9283=ORIENTED_EDGE('',*,*,#6479,.F.);
#9284=ORIENTED_EDGE('',*,*,#6354,.F.);
#9285=ORIENTED_EDGE('',*,*,#6476,.F.);
#9286=ORIENTED_EDGE('',*,*,#6521,.F.);
#9287=ORIENTED_EDGE('',*,*,#6517,.F.);
#9288=ORIENTED_EDGE('',*,*,#6350,.F.);
#9289=ORIENTED_EDGE('',*,*,#6473,.F.);
#9290=ORIENTED_EDGE('',*,*,#6507,.F.);
#9291=ORIENTED_EDGE('',*,*,#6503,.F.);
#9292=ORIENTED_EDGE('',*,*,#6423,.T.);
#9293=ORIENTED_EDGE('',*,*,#6508,.F.);
#9294=ORIENTED_EDGE('',*,*,#6470,.F.);
#9295=ORIENTED_EDGE('',*,*,#6467,.F.);
#9296=ORIENTED_EDGE('',*,*,#6581,.T.);
#9297=ORIENTED_EDGE('',*,*,#6604,.T.);
#9298=ORIENTED_EDGE('',*,*,#6556,.T.);
#9299=ORIENTED_EDGE('',*,*,#6606,.F.);
#9300=ORIENTED_EDGE('',*,*,#6563,.T.);
#9301=ORIENTED_EDGE('',*,*,#6605,.T.);
#9302=ORIENTED_EDGE('',*,*,#6585,.T.);
#9303=ORIENTED_EDGE('',*,*,#6603,.T.);
#9304=ORIENTED_EDGE('',*,*,#6555,.T.);
#9305=ORIENTED_EDGE('',*,*,#6347,.F.);
#9306=ORIENTED_EDGE('',*,*,#6564,.T.);
#9307=ORIENTED_EDGE('',*,*,#6606,.T.);
#9308=ORIENTED_EDGE('',*,*,#6458,.F.);
#9309=ORIENTED_EDGE('',*,*,#6554,.T.);
#9310=ORIENTED_EDGE('',*,*,#6607,.F.);
#9311=ORIENTED_EDGE('',*,*,#6565,.T.);
#9312=ORIENTED_EDGE('',*,*,#6598,.T.);
#9313=ORIENTED_EDGE('',*,*,#6601,.T.);
#9314=ORIENTED_EDGE('',*,*,#6589,.T.);
#9315=ORIENTED_EDGE('',*,*,#6595,.T.);
#9316=ORIENTED_EDGE('',*,*,#6553,.T.);
#9317=ORIENTED_EDGE('',*,*,#6608,.F.);
#9318=ORIENTED_EDGE('',*,*,#6566,.T.);
#9319=ORIENTED_EDGE('',*,*,#6607,.T.);
#9320=ORIENTED_EDGE('',*,*,#6552,.T.);
#9321=ORIENTED_EDGE('',*,*,#6609,.F.);
#9322=ORIENTED_EDGE('',*,*,#6567,.T.);
#9323=ORIENTED_EDGE('',*,*,#6608,.T.);
#9324=ORIENTED_EDGE('',*,*,#6599,.T.);
#9325=ORIENTED_EDGE('',*,*,#6596,.T.);
#9326=ORIENTED_EDGE('',*,*,#6591,.T.);
#9327=ORIENTED_EDGE('',*,*,#6602,.T.);
#9328=ORIENTED_EDGE('',*,*,#6551,.T.);
#9329=ORIENTED_EDGE('',*,*,#6610,.F.);
#9330=ORIENTED_EDGE('',*,*,#6568,.T.);
#9331=ORIENTED_EDGE('',*,*,#6609,.T.);
#9332=ORIENTED_EDGE('',*,*,#6550,.T.);
#9333=ORIENTED_EDGE('',*,*,#6611,.F.);
#9334=ORIENTED_EDGE('',*,*,#6569,.T.);
#9335=ORIENTED_EDGE('',*,*,#6610,.T.);
#9336=ORIENTED_EDGE('',*,*,#6405,.F.);
#9337=ORIENTED_EDGE('',*,*,#6409,.F.);
#9338=ORIENTED_EDGE('',*,*,#6570,.T.);
#9339=ORIENTED_EDGE('',*,*,#6611,.T.);
#9340=ORIENTED_EDGE('',*,*,#6549,.T.);
#9341=ORIENTED_EDGE('',*,*,#6439,.F.);
#9342=ORIENTED_EDGE('',*,*,#6436,.F.);
#9343=ORIENTED_EDGE('',*,*,#6448,.T.);
#9344=ORIENTED_EDGE('',*,*,#6446,.F.);
#9345=ORIENTED_EDGE('',*,*,#6444,.T.);
#9346=ORIENTED_EDGE('',*,*,#6441,.F.);
#9347=ORIENTED_EDGE('',*,*,#6449,.T.);
#9348=ORIENTED_EDGE('',*,*,#6612,.T.);
#9349=ORIENTED_EDGE('',*,*,#6613,.T.);
#9350=ORIENTED_EDGE('',*,*,#6614,.T.);
#9351=ORIENTED_EDGE('',*,*,#6298,.T.);
#9352=ORIENTED_EDGE('',*,*,#6613,.F.);
#9353=ORIENTED_EDGE('',*,*,#6615,.T.);
#9354=ORIENTED_EDGE('',*,*,#6616,.T.);
#9355=ORIENTED_EDGE('',*,*,#6617,.T.);
#9356=ORIENTED_EDGE('',*,*,#6618,.T.);
#9357=ORIENTED_EDGE('',*,*,#6619,.T.);
#9358=ORIENTED_EDGE('',*,*,#6620,.T.);
#9359=ORIENTED_EDGE('',*,*,#6621,.T.);
#9360=ORIENTED_EDGE('',*,*,#6622,.T.);
#9361=ORIENTED_EDGE('',*,*,#6623,.T.);
#9362=ORIENTED_EDGE('',*,*,#6624,.T.);
#9363=ORIENTED_EDGE('',*,*,#6625,.T.);
#9364=ORIENTED_EDGE('',*,*,#6626,.T.);
#9365=ORIENTED_EDGE('',*,*,#6627,.T.);
#9366=ORIENTED_EDGE('',*,*,#6628,.T.);
#9367=ORIENTED_EDGE('',*,*,#6629,.T.);
#9368=ORIENTED_EDGE('',*,*,#6630,.T.);
#9369=ORIENTED_EDGE('',*,*,#6631,.T.);
#9370=ORIENTED_EDGE('',*,*,#6632,.T.);
#9371=ORIENTED_EDGE('',*,*,#6633,.T.);
#9372=ORIENTED_EDGE('',*,*,#6634,.F.);
#9373=ORIENTED_EDGE('',*,*,#6635,.F.);
#9374=ORIENTED_EDGE('',*,*,#6636,.F.);
#9375=ORIENTED_EDGE('',*,*,#6637,.F.);
#9376=ORIENTED_EDGE('',*,*,#6638,.F.);
#9377=ORIENTED_EDGE('',*,*,#6639,.T.);
#9378=ORIENTED_EDGE('',*,*,#6278,.T.);
#9379=ORIENTED_EDGE('',*,*,#6640,.T.);
#9380=ORIENTED_EDGE('',*,*,#6634,.T.);
#9381=ORIENTED_EDGE('',*,*,#6576,.F.);
#9382=ORIENTED_EDGE('',*,*,#6641,.T.);
#9383=ORIENTED_EDGE('',*,*,#6636,.T.);
#9384=ORIENTED_EDGE('',*,*,#6641,.F.);
#9385=ORIENTED_EDGE('',*,*,#6577,.F.);
#9386=ORIENTED_EDGE('',*,*,#6642,.T.);
#9387=ORIENTED_EDGE('',*,*,#6637,.T.);
#9388=ORIENTED_EDGE('',*,*,#6642,.F.);
#9389=ORIENTED_EDGE('',*,*,#6578,.F.);
#9390=ORIENTED_EDGE('',*,*,#6643,.T.);
#9391=ORIENTED_EDGE('',*,*,#6638,.T.);
#9392=ORIENTED_EDGE('',*,*,#6643,.F.);
#9393=ORIENTED_EDGE('',*,*,#6277,.T.);
#9394=ORIENTED_EDGE('',*,*,#6561,.T.);
#9395=ORIENTED_EDGE('',*,*,#6573,.F.);
#9396=ORIENTED_EDGE('',*,*,#6558,.F.);
#9397=ORIENTED_EDGE('',*,*,#6299,.T.);
#9398=ORIENTED_EDGE('',*,*,#6614,.F.);
#9399=ORIENTED_EDGE('',*,*,#6635,.T.);
#9400=ORIENTED_EDGE('',*,*,#6640,.F.);
#9401=ORIENTED_EDGE('',*,*,#6538,.T.);
#9402=ORIENTED_EDGE('',*,*,#6318,.T.);
#9403=ORIENTED_EDGE('',*,*,#6644,.T.);
#9404=ORIENTED_EDGE('',*,*,#6574,.F.);
#9405=ORIENTED_EDGE('',*,*,#6391,.F.);
#9406=ORIENTED_EDGE('',*,*,#6394,.F.);
#9407=ORIENTED_EDGE('',*,*,#6400,.F.);
#9408=ORIENTED_EDGE('',*,*,#6450,.F.);
#9409=ORIENTED_EDGE('',*,*,#6401,.F.);
#9410=ORIENTED_EDGE('',*,*,#6309,.T.);
#9411=ORIENTED_EDGE('',*,*,#6548,.T.);
#9412=ORIENTED_EDGE('',*,*,#6575,.F.);
#9413=ORIENTED_EDGE('',*,*,#6644,.F.);
#9414=ORIENTED_EDGE('',*,*,#6317,.T.);
#9415=ORIENTED_EDGE('',*,*,#6385,.F.);
#9416=ORIENTED_EDGE('',*,*,#6388,.F.);
#9417=ORIENTED_EDGE('',*,*,#6378,.T.);
#9418=ORIENTED_EDGE('',*,*,#6374,.F.);
#9419=ORIENTED_EDGE('',*,*,#6451,.T.);
#9420=ORIENTED_EDGE('',*,*,#6372,.F.);
#9421=ORIENTED_EDGE('',*,*,#6313,.T.);
#9422=ORIENTED_EDGE('',*,*,#6367,.F.);
#9423=ORIENTED_EDGE('',*,*,#6370,.F.);
#9424=ORIENTED_EDGE('',*,*,#6381,.F.);
#9425=ORIENTED_EDGE('',*,*,#6531,.T.);
#9426=ORIENTED_EDGE('',*,*,#6306,.T.);
#9427=ORIENTED_EDGE('',*,*,#6541,.T.);
#9428=ORIENTED_EDGE('',*,*,#6572,.F.);
#9429=ORIENTED_EDGE('',*,*,#6297,.T.);
#9430=ORIENTED_EDGE('',*,*,#6645,.T.);
#9431=ORIENTED_EDGE('',*,*,#6615,.F.);
#9432=ORIENTED_EDGE('',*,*,#6612,.F.);
#9433=ORIENTED_EDGE('',*,*,#6296,.T.);
#9434=ORIENTED_EDGE('',*,*,#6646,.T.);
#9435=ORIENTED_EDGE('',*,*,#6616,.F.);
#9436=ORIENTED_EDGE('',*,*,#6645,.F.);
#9437=ORIENTED_EDGE('',*,*,#6295,.T.);
#9438=ORIENTED_EDGE('',*,*,#6647,.T.);
#9439=ORIENTED_EDGE('',*,*,#6617,.F.);
#9440=ORIENTED_EDGE('',*,*,#6646,.F.);
#9441=ORIENTED_EDGE('',*,*,#6294,.T.);
#9442=ORIENTED_EDGE('',*,*,#6648,.T.);
#9443=ORIENTED_EDGE('',*,*,#6618,.F.);
#9444=ORIENTED_EDGE('',*,*,#6647,.F.);
#9445=ORIENTED_EDGE('',*,*,#6293,.T.);
#9446=ORIENTED_EDGE('',*,*,#6649,.T.);
#9447=ORIENTED_EDGE('',*,*,#6619,.F.);
#9448=ORIENTED_EDGE('',*,*,#6648,.F.);
#9449=ORIENTED_EDGE('',*,*,#6292,.T.);
#9450=ORIENTED_EDGE('',*,*,#6650,.F.);
#9451=ORIENTED_EDGE('',*,*,#6620,.F.);
#9452=ORIENTED_EDGE('',*,*,#6649,.F.);
#9453=ORIENTED_EDGE('',*,*,#6291,.T.);
#9454=ORIENTED_EDGE('',*,*,#6651,.T.);
#9455=ORIENTED_EDGE('',*,*,#6621,.F.);
#9456=ORIENTED_EDGE('',*,*,#6650,.T.);
#9457=ORIENTED_EDGE('',*,*,#6290,.T.);
#9458=ORIENTED_EDGE('',*,*,#6652,.T.);
#9459=ORIENTED_EDGE('',*,*,#6622,.F.);
#9460=ORIENTED_EDGE('',*,*,#6651,.F.);
#9461=ORIENTED_EDGE('',*,*,#6289,.T.);
#9462=ORIENTED_EDGE('',*,*,#6653,.T.);
#9463=ORIENTED_EDGE('',*,*,#6623,.F.);
#9464=ORIENTED_EDGE('',*,*,#6652,.F.);
#9465=ORIENTED_EDGE('',*,*,#6288,.T.);
#9466=ORIENTED_EDGE('',*,*,#6654,.T.);
#9467=ORIENTED_EDGE('',*,*,#6624,.F.);
#9468=ORIENTED_EDGE('',*,*,#6653,.F.);
#9469=ORIENTED_EDGE('',*,*,#6287,.T.);
#9470=ORIENTED_EDGE('',*,*,#6655,.T.);
#9471=ORIENTED_EDGE('',*,*,#6625,.F.);
#9472=ORIENTED_EDGE('',*,*,#6654,.F.);
#9473=ORIENTED_EDGE('',*,*,#6286,.T.);
#9474=ORIENTED_EDGE('',*,*,#6656,.T.);
#9475=ORIENTED_EDGE('',*,*,#6626,.F.);
#9476=ORIENTED_EDGE('',*,*,#6655,.F.);
#9477=ORIENTED_EDGE('',*,*,#6285,.T.);
#9478=ORIENTED_EDGE('',*,*,#6657,.T.);
#9479=ORIENTED_EDGE('',*,*,#6627,.F.);
#9480=ORIENTED_EDGE('',*,*,#6656,.F.);
#9481=ORIENTED_EDGE('',*,*,#6284,.T.);
#9482=ORIENTED_EDGE('',*,*,#6658,.T.);
#9483=ORIENTED_EDGE('',*,*,#6628,.F.);
#9484=ORIENTED_EDGE('',*,*,#6657,.F.);
#9485=ORIENTED_EDGE('',*,*,#6283,.T.);
#9486=ORIENTED_EDGE('',*,*,#6659,.T.);
#9487=ORIENTED_EDGE('',*,*,#6629,.F.);
#9488=ORIENTED_EDGE('',*,*,#6658,.F.);
#9489=ORIENTED_EDGE('',*,*,#6282,.T.);
#9490=ORIENTED_EDGE('',*,*,#6660,.T.);
#9491=ORIENTED_EDGE('',*,*,#6630,.F.);
#9492=ORIENTED_EDGE('',*,*,#6659,.F.);
#9493=ORIENTED_EDGE('',*,*,#6281,.T.);
#9494=ORIENTED_EDGE('',*,*,#6661,.T.);
#9495=ORIENTED_EDGE('',*,*,#6631,.F.);
#9496=ORIENTED_EDGE('',*,*,#6660,.F.);
#9497=ORIENTED_EDGE('',*,*,#6280,.T.);
#9498=ORIENTED_EDGE('',*,*,#6662,.T.);
#9499=ORIENTED_EDGE('',*,*,#6632,.F.);
#9500=ORIENTED_EDGE('',*,*,#6661,.F.);
#9501=ORIENTED_EDGE('',*,*,#6279,.T.);
#9502=ORIENTED_EDGE('',*,*,#6639,.F.);
#9503=ORIENTED_EDGE('',*,*,#6633,.F.);
#9504=ORIENTED_EDGE('',*,*,#6662,.F.);
#9505=ORIENTED_EDGE('',*,*,#6663,.T.);
#9506=ORIENTED_EDGE('',*,*,#6664,.F.);
#9507=ORIENTED_EDGE('',*,*,#6665,.F.);
#9508=ORIENTED_EDGE('',*,*,#6666,.T.);
#9509=ORIENTED_EDGE('',*,*,#6667,.T.);
#9510=ORIENTED_EDGE('',*,*,#6668,.F.);
#9511=ORIENTED_EDGE('',*,*,#6669,.F.);
#9512=ORIENTED_EDGE('',*,*,#6664,.T.);
#9513=ORIENTED_EDGE('',*,*,#6670,.T.);
#9514=ORIENTED_EDGE('',*,*,#6671,.F.);
#9515=ORIENTED_EDGE('',*,*,#6672,.F.);
#9516=ORIENTED_EDGE('',*,*,#6668,.T.);
#9517=ORIENTED_EDGE('',*,*,#6673,.T.);
#9518=ORIENTED_EDGE('',*,*,#6674,.F.);
#9519=ORIENTED_EDGE('',*,*,#6675,.F.);
#9520=ORIENTED_EDGE('',*,*,#6671,.T.);
#9521=ORIENTED_EDGE('',*,*,#6676,.T.);
#9522=ORIENTED_EDGE('',*,*,#6677,.F.);
#9523=ORIENTED_EDGE('',*,*,#6678,.T.);
#9524=ORIENTED_EDGE('',*,*,#6674,.T.);
#9525=ORIENTED_EDGE('',*,*,#6679,.T.);
#9526=ORIENTED_EDGE('',*,*,#6680,.F.);
#9527=ORIENTED_EDGE('',*,*,#6681,.T.);
#9528=ORIENTED_EDGE('',*,*,#6677,.T.);
#9529=ORIENTED_EDGE('',*,*,#6682,.T.);
#9530=ORIENTED_EDGE('',*,*,#6683,.F.);
#9531=ORIENTED_EDGE('',*,*,#6684,.T.);
#9532=ORIENTED_EDGE('',*,*,#6680,.T.);
#9533=ORIENTED_EDGE('',*,*,#6685,.T.);
#9534=ORIENTED_EDGE('',*,*,#6686,.F.);
#9535=ORIENTED_EDGE('',*,*,#6687,.F.);
#9536=ORIENTED_EDGE('',*,*,#6683,.T.);
#9537=ORIENTED_EDGE('',*,*,#6688,.T.);
#9538=ORIENTED_EDGE('',*,*,#6689,.F.);
#9539=ORIENTED_EDGE('',*,*,#6690,.F.);
#9540=ORIENTED_EDGE('',*,*,#6686,.T.);
#9541=ORIENTED_EDGE('',*,*,#6691,.T.);
#9542=ORIENTED_EDGE('',*,*,#6692,.F.);
#9543=ORIENTED_EDGE('',*,*,#6693,.F.);
#9544=ORIENTED_EDGE('',*,*,#6689,.T.);
#9545=ORIENTED_EDGE('',*,*,#6694,.T.);
#9546=ORIENTED_EDGE('',*,*,#6695,.F.);
#9547=ORIENTED_EDGE('',*,*,#6696,.F.);
#9548=ORIENTED_EDGE('',*,*,#6692,.T.);
#9549=ORIENTED_EDGE('',*,*,#6697,.T.);
#9550=ORIENTED_EDGE('',*,*,#6698,.F.);
#9551=ORIENTED_EDGE('',*,*,#6699,.F.);
#9552=ORIENTED_EDGE('',*,*,#6695,.T.);
#9553=ORIENTED_EDGE('',*,*,#6700,.T.);
#9554=ORIENTED_EDGE('',*,*,#6701,.F.);
#9555=ORIENTED_EDGE('',*,*,#6702,.F.);
#9556=ORIENTED_EDGE('',*,*,#6698,.T.);
#9557=ORIENTED_EDGE('',*,*,#6703,.T.);
#9558=ORIENTED_EDGE('',*,*,#6666,.F.);
#9559=ORIENTED_EDGE('',*,*,#6704,.F.);
#9560=ORIENTED_EDGE('',*,*,#6701,.T.);
#9561=ORIENTED_EDGE('',*,*,#6684,.F.);
#9562=ORIENTED_EDGE('',*,*,#6687,.T.);
#9563=ORIENTED_EDGE('',*,*,#6690,.T.);
#9564=ORIENTED_EDGE('',*,*,#6693,.T.);
#9565=ORIENTED_EDGE('',*,*,#6696,.T.);
#9566=ORIENTED_EDGE('',*,*,#6699,.T.);
#9567=ORIENTED_EDGE('',*,*,#6702,.T.);
#9568=ORIENTED_EDGE('',*,*,#6704,.T.);
#9569=ORIENTED_EDGE('',*,*,#6665,.T.);
#9570=ORIENTED_EDGE('',*,*,#6669,.T.);
#9571=ORIENTED_EDGE('',*,*,#6672,.T.);
#9572=ORIENTED_EDGE('',*,*,#6675,.T.);
#9573=ORIENTED_EDGE('',*,*,#6678,.F.);
#9574=ORIENTED_EDGE('',*,*,#6681,.F.);
#9575=ORIENTED_EDGE('',*,*,#6685,.F.);
#9576=ORIENTED_EDGE('',*,*,#6682,.F.);
#9577=ORIENTED_EDGE('',*,*,#6679,.F.);
#9578=ORIENTED_EDGE('',*,*,#6676,.F.);
#9579=ORIENTED_EDGE('',*,*,#6673,.F.);
#9580=ORIENTED_EDGE('',*,*,#6670,.F.);
#9581=ORIENTED_EDGE('',*,*,#6667,.F.);
#9582=ORIENTED_EDGE('',*,*,#6663,.F.);
#9583=ORIENTED_EDGE('',*,*,#6703,.F.);
#9584=ORIENTED_EDGE('',*,*,#6700,.F.);
#9585=ORIENTED_EDGE('',*,*,#6697,.F.);
#9586=ORIENTED_EDGE('',*,*,#6694,.F.);
#9587=ORIENTED_EDGE('',*,*,#6691,.F.);
#9588=ORIENTED_EDGE('',*,*,#6688,.F.);
#9589=ORIENTED_EDGE('',*,*,#6705,.F.);
#9590=ORIENTED_EDGE('',*,*,#6706,.F.);
#9591=ORIENTED_EDGE('',*,*,#6707,.F.);
#9592=ORIENTED_EDGE('',*,*,#6708,.F.);
#9593=ORIENTED_EDGE('',*,*,#6709,.F.);
#9594=ORIENTED_EDGE('',*,*,#6710,.F.);
#9595=ORIENTED_EDGE('',*,*,#6711,.F.);
#9596=ORIENTED_EDGE('',*,*,#6712,.F.);
#9597=ORIENTED_EDGE('',*,*,#6713,.F.);
#9598=ORIENTED_EDGE('',*,*,#6714,.F.);
#9599=ORIENTED_EDGE('',*,*,#6715,.F.);
#9600=ORIENTED_EDGE('',*,*,#6716,.F.);
#9601=ORIENTED_EDGE('',*,*,#6715,.T.);
#9602=ORIENTED_EDGE('',*,*,#6717,.T.);
#9603=ORIENTED_EDGE('',*,*,#6707,.T.);
#9604=ORIENTED_EDGE('',*,*,#6718,.T.);
#9605=ORIENTED_EDGE('',*,*,#6719,.F.);
#9606=ORIENTED_EDGE('',*,*,#6720,.F.);
#9607=ORIENTED_EDGE('',*,*,#6721,.F.);
#9608=ORIENTED_EDGE('',*,*,#6712,.T.);
#9609=ORIENTED_EDGE('',*,*,#6722,.T.);
#9610=ORIENTED_EDGE('',*,*,#6720,.T.);
#9611=ORIENTED_EDGE('',*,*,#6723,.T.);
#9612=ORIENTED_EDGE('',*,*,#6724,.F.);
#9613=ORIENTED_EDGE('',*,*,#6725,.F.);
#9614=ORIENTED_EDGE('',*,*,#6726,.F.);
#9615=ORIENTED_EDGE('',*,*,#6725,.T.);
#9616=ORIENTED_EDGE('',*,*,#6727,.T.);
#9617=ORIENTED_EDGE('',*,*,#6710,.T.);
#9618=ORIENTED_EDGE('',*,*,#6728,.T.);
#9619=ORIENTED_EDGE('',*,*,#6729,.F.);
#9620=ORIENTED_EDGE('',*,*,#6730,.F.);
#9621=ORIENTED_EDGE('',*,*,#6731,.F.);
#9622=ORIENTED_EDGE('',*,*,#6730,.T.);
#9623=ORIENTED_EDGE('',*,*,#6732,.T.);
#9624=ORIENTED_EDGE('',*,*,#6711,.T.);
#9625=ORIENTED_EDGE('',*,*,#6733,.T.);
#9626=ORIENTED_EDGE('',*,*,#6714,.T.);
#9627=ORIENTED_EDGE('',*,*,#6734,.T.);
#9628=ORIENTED_EDGE('',*,*,#6731,.T.);
#9629=ORIENTED_EDGE('',*,*,#6735,.T.);
#9630=ORIENTED_EDGE('',*,*,#6736,.F.);
#9631=ORIENTED_EDGE('',*,*,#6737,.F.);
#9632=ORIENTED_EDGE('',*,*,#6738,.F.);
#9633=ORIENTED_EDGE('',*,*,#6737,.T.);
#9634=ORIENTED_EDGE('',*,*,#6739,.T.);
#9635=ORIENTED_EDGE('',*,*,#6721,.T.);
#9636=ORIENTED_EDGE('',*,*,#6740,.T.);
#9637=ORIENTED_EDGE('',*,*,#6729,.T.);
#9638=ORIENTED_EDGE('',*,*,#6741,.T.);
#9639=ORIENTED_EDGE('',*,*,#6738,.T.);
#9640=ORIENTED_EDGE('',*,*,#6742,.T.);
#9641=ORIENTED_EDGE('',*,*,#6736,.T.);
#9642=ORIENTED_EDGE('',*,*,#6743,.T.);
#9643=ORIENTED_EDGE('',*,*,#6726,.T.);
#9644=ORIENTED_EDGE('',*,*,#6744,.T.);
#9645=ORIENTED_EDGE('',*,*,#6724,.T.);
#9646=ORIENTED_EDGE('',*,*,#6745,.T.);
#9647=ORIENTED_EDGE('',*,*,#6716,.T.);
#9648=ORIENTED_EDGE('',*,*,#6746,.T.);
#9649=ORIENTED_EDGE('',*,*,#6719,.T.);
#9650=ORIENTED_EDGE('',*,*,#6747,.T.);
#9651=ORIENTED_EDGE('',*,*,#6709,.T.);
#9652=ORIENTED_EDGE('',*,*,#6748,.T.);
#9653=ORIENTED_EDGE('',*,*,#6705,.T.);
#9654=ORIENTED_EDGE('',*,*,#6749,.T.);
#9655=ORIENTED_EDGE('',*,*,#6713,.T.);
#9656=ORIENTED_EDGE('',*,*,#6750,.T.);
#9657=ORIENTED_EDGE('',*,*,#6708,.T.);
#9658=ORIENTED_EDGE('',*,*,#6751,.T.);
#9659=ORIENTED_EDGE('',*,*,#6706,.T.);
#9660=ORIENTED_EDGE('',*,*,#6752,.T.);
#9661=ORIENTED_EDGE('',*,*,#6722,.F.);
#9662=ORIENTED_EDGE('',*,*,#6732,.F.);
#9663=ORIENTED_EDGE('',*,*,#6742,.F.);
#9664=ORIENTED_EDGE('',*,*,#6740,.F.);
#9665=ORIENTED_EDGE('',*,*,#6723,.F.);
#9666=ORIENTED_EDGE('',*,*,#6748,.F.);
#9667=ORIENTED_EDGE('',*,*,#6752,.F.);
#9668=ORIENTED_EDGE('',*,*,#6750,.F.);
#9669=ORIENTED_EDGE('',*,*,#6727,.F.);
#9670=ORIENTED_EDGE('',*,*,#6746,.F.);
#9671=ORIENTED_EDGE('',*,*,#6718,.F.);
#9672=ORIENTED_EDGE('',*,*,#6751,.F.);
#9673=ORIENTED_EDGE('',*,*,#6733,.F.);
#9674=ORIENTED_EDGE('',*,*,#6749,.F.);
#9675=ORIENTED_EDGE('',*,*,#6717,.F.);
#9676=ORIENTED_EDGE('',*,*,#6735,.F.);
#9677=ORIENTED_EDGE('',*,*,#6734,.F.);
#9678=ORIENTED_EDGE('',*,*,#6745,.F.);
#9679=ORIENTED_EDGE('',*,*,#6743,.F.);
#9680=ORIENTED_EDGE('',*,*,#6741,.F.);
#9681=ORIENTED_EDGE('',*,*,#6739,.F.);
#9682=ORIENTED_EDGE('',*,*,#6744,.F.);
#9683=ORIENTED_EDGE('',*,*,#6728,.F.);
#9684=ORIENTED_EDGE('',*,*,#6747,.F.);
#9685=PLANE('',#10763);
#9686=PLANE('',#10764);
#9687=PLANE('',#10765);
#9688=PLANE('',#10766);
#9689=PLANE('',#10767);
#9690=PLANE('',#10768);
#9691=PLANE('',#10769);
#9692=PLANE('',#10770);
#9693=PLANE('',#10771);
#9694=PLANE('',#10772);
#9695=PLANE('',#10773);
#9696=PLANE('',#10774);
#9697=PLANE('',#10775);
#9698=PLANE('',#10776);
#9699=PLANE('',#10777);
#9700=PLANE('',#10778);
#9701=PLANE('',#10779);
#9702=PLANE('',#10780);
#9703=PLANE('',#10781);
#9704=PLANE('',#10782);
#9705=PLANE('',#10783);
#9706=PLANE('',#10784);
#9707=PLANE('',#10785);
#9708=PLANE('',#10786);
#9709=PLANE('',#10787);
#9710=PLANE('',#10788);
#9711=PLANE('',#10789);
#9712=PLANE('',#10790);
#9713=PLANE('',#10791);
#9714=PLANE('',#10792);
#9715=PLANE('',#10793);
#9716=PLANE('',#10794);
#9717=PLANE('',#10795);
#9718=PLANE('',#10796);
#9719=PLANE('',#10797);
#9720=PLANE('',#10798);
#9721=PLANE('',#10799);
#9722=PLANE('',#10800);
#9723=PLANE('',#10801);
#9724=PLANE('',#10802);
#9725=PLANE('',#10803);
#9726=PLANE('',#10804);
#9727=PLANE('',#10805);
#9728=PLANE('',#10806);
#9729=PLANE('',#10807);
#9730=PLANE('',#10808);
#9731=PLANE('',#10809);
#9732=PLANE('',#10810);
#9733=PLANE('',#10811);
#9734=PLANE('',#10812);
#9735=PLANE('',#10813);
#9736=PLANE('',#10814);
#9737=PLANE('',#10815);
#9738=PLANE('',#10816);
#9739=PLANE('',#10817);
#9740=PLANE('',#10818);
#9741=PLANE('',#10819);
#9742=PLANE('',#10820);
#9743=PLANE('',#10821);
#9744=PLANE('',#10822);
#9745=PLANE('',#10823);
#9746=PLANE('',#10824);
#9747=PLANE('',#10825);
#9748=PLANE('',#10826);
#9749=PLANE('',#10827);
#9750=PLANE('',#10828);
#9751=PLANE('',#10829);
#9752=PLANE('',#10830);
#9753=PLANE('',#10831);
#9754=PLANE('',#10832);
#9755=PLANE('',#10833);
#9756=PLANE('',#10834);
#9757=PLANE('',#10835);
#9758=PLANE('',#10836);
#9759=PLANE('',#10837);
#9760=PLANE('',#10838);
#9761=PLANE('',#10839);
#9762=PLANE('',#10840);
#9763=PLANE('',#10841);
#9764=PLANE('',#10842);
#9765=PLANE('',#10843);
#9766=PLANE('',#10844);
#9767=PLANE('',#10845);
#9768=PLANE('',#10846);
#9769=PLANE('',#10847);
#9770=PLANE('',#10848);
#9771=PLANE('',#10849);
#9772=PLANE('',#10850);
#9773=PLANE('',#10851);
#9774=PLANE('',#10852);
#9775=PLANE('',#10853);
#9776=PLANE('',#10857);
#9777=PLANE('',#10862);
#9778=PLANE('',#10867);
#9779=PLANE('',#10868);
#9780=PLANE('',#10873);
#9781=PLANE('',#10874);
#9782=PLANE('',#10881);
#9783=PLANE('',#10884);
#9784=PLANE('',#10887);
#9785=PLANE('',#10890);
#9786=PLANE('',#10891);
#9787=PLANE('',#10896);
#9788=PLANE('',#10901);
#9789=PLANE('',#10902);
#9790=PLANE('',#10907);
#9791=PLANE('',#10908);
#9792=PLANE('',#10912);
#9793=PLANE('',#10913);
#9794=PLANE('',#10914);
#9795=PLANE('',#10915);
#9796=PLANE('',#10916);
#9797=PLANE('',#10917);
#9798=PLANE('',#10918);
#9799=PLANE('',#10919);
#9800=PLANE('',#10920);
#9801=PLANE('',#10921);
#9802=PLANE('',#10922);
#9803=PLANE('',#10923);
#9804=PLANE('',#10924);
#9805=PLANE('',#10925);
#9806=PLANE('',#10926);
#9807=PLANE('',#10927);
#9808=PLANE('',#10928);
#9809=PLANE('',#10929);
#9810=PLANE('',#10930);
#9811=PLANE('',#10931);
#9812=PLANE('',#10932);
#9813=PLANE('',#10933);
#9814=PLANE('',#10934);
#9815=PLANE('',#10935);
#9816=PLANE('',#10936);
#9817=PLANE('',#10937);
#9818=PLANE('',#10938);
#9819=PLANE('',#10939);
#9820=PLANE('',#10940);
#9821=PLANE('',#10941);
#9822=PLANE('',#10942);
#9823=PLANE('',#10943);
#9824=PLANE('',#10944);
#9825=PLANE('',#10945);
#9826=PLANE('',#10946);
#9827=PLANE('',#10947);
#9828=PLANE('',#10948);
#9829=PLANE('',#10949);
#9830=PLANE('',#10950);
#9831=PLANE('',#10957);
#9832=PLANE('',#10961);
#9833=PLANE('',#10962);
#9834=PLANE('',#10969);
#9835=PLANE('',#10973);
#9836=PLANE('',#10974);
#9837=PLANE('',#10981);
#9838=PLANE('',#10985);
#9839=PLANE('',#10992);
#9840=PLANE('',#10996);
#9841=PLANE('',#10997);
#9842=PLANE('',#11004);
#9843=PLANE('',#11008);
#9844=PLANE('',#11009);
#9845=PLANE('',#11016);
#9846=PLANE('',#11021);
#9847=PLANE('',#11022);
#9848=PLANE('',#11023);
#9849=PLANE('',#11025);
#9850=PLANE('',#11026);
#9851=PLANE('',#11027);
#9852=PLANE('',#11028);
#9853=PLANE('',#11030);
#9854=PLANE('',#11032);
#9855=PLANE('',#11034);
#9856=PLANE('',#11035);
#9857=PLANE('',#11036);
#9858=PLANE('',#11038);
#9859=PLANE('',#11040);
#9860=PLANE('',#11042);
#9861=PLANE('',#11043);
#9862=PLANE('',#11044);
#9863=PLANE('',#11046);
#9864=PLANE('',#11047);
#9865=PLANE('',#11049);
#9866=PLANE('',#11050);
#9867=PLANE('',#11051);
#9868=PLANE('',#11053);
#9869=PLANE('',#11054);
#9870=PLANE('',#11056);
#9871=PLANE('',#11057);
#9872=PLANE('',#11058);
#9873=PLANE('',#11060);
#9874=PLANE('',#11062);
#9875=PLANE('',#11064);
#9876=PLANE('',#11065);
#9877=PLANE('',#11066);
#9878=PLANE('',#11068);
#9879=PLANE('',#11070);
#9880=PLANE('',#11072);
#9881=PLANE('',#11073);
#9882=PLANE('',#11074);
#9883=PLANE('',#11076);
#9884=PLANE('',#11077);
#9885=PLANE('',#11082);
#9886=PLANE('',#11083);
#9887=PLANE('',#11087);
#9888=PLANE('',#11088);
#9889=PLANE('',#11090);
#9890=PLANE('',#11091);
#9891=PLANE('',#11094);
#9892=PLANE('',#11095);
#9893=PLANE('',#11100);
#9894=PLANE('',#11101);
#9895=PLANE('',#11103);
#9896=PLANE('',#11106);
#9897=PLANE('',#11112);
#9898=PLANE('',#11114);
#9899=PLANE('',#11115);
#9900=PLANE('',#11117);
#9901=PLANE('',#11120);
#9902=PLANE('',#11121);
#9903=PLANE('',#11127);
#9904=PLANE('',#11128);
#9905=PLANE('',#11130);
#9906=PLANE('',#11131);
#9907=PLANE('',#11132);
#9908=PLANE('',#11133);
#9909=PLANE('',#11134);
#9910=PLANE('',#11135);
#9911=PLANE('',#11137);
#9912=PLANE('',#11138);
#9913=PLANE('',#11139);
#9914=PLANE('',#11140);
#9915=PLANE('',#11141);
#9916=PLANE('',#11142);
#9917=PLANE('',#11143);
#9918=PLANE('',#11145);
#9919=PLANE('',#11146);
#9920=PLANE('',#11147);
#9921=PLANE('',#11148);
#9922=PLANE('',#11149);
#9923=PLANE('',#11150);
#9924=PLANE('',#11152);
#9925=PLANE('',#11153);
#9926=PLANE('',#11154);
#9927=PLANE('',#11155);
#9928=PLANE('',#11156);
#9929=PLANE('',#11157);
#9930=PLANE('',#11165);
#9931=PLANE('',#11166);
#9932=PLANE('',#11170);
#9933=PLANE('',#11186);
#9934=PLANE('',#11202);
#9935=PLANE('',#11203);
#9936=PLANE('',#11204);
#9937=PLANE('',#11205);
#9938=PLANE('',#11206);
#9939=PLANE('',#11207);
#9940=PLANE('',#11209);
#9941=PLANE('',#11210);
#9942=PLANE('',#11211);
#9943=PLANE('',#11212);
#9944=PLANE('',#11213);
#9945=PLANE('',#11214);
#9946=PLANE('',#11215);
#9947=PLANE('',#11216);
#9948=PLANE('',#11217);
#9949=PLANE('',#11218);
#9950=PLANE('',#11222);
#9951=PLANE('',#11223);
#9952=PLANE('',#11224);
#9953=PLANE('',#11225);
#9954=PLANE('',#11232);
#9955=PLANE('',#11233);
#9956=PLANE('',#11234);
#9957=PLANE('',#11235);
#9958=PLANE('',#11243);
#9959=PLANE('',#11244);
#9960=PLANE('',#11245);
#9961=PLANE('',#11248);
#9962=PLANE('',#11249);
#9963=PLANE('',#11250);
#9964=PLANE('',#11251);
#9965=PLANE('',#11252);
#9966=PLANE('',#11253);
#9967=PLANE('',#11254);
#9968=PLANE('',#11257);
#9969=PLANE('',#11258);
#9970=PLANE('',#11259);
#9971=PLANE('',#11262);
#9972=PLANE('',#11263);
#9973=PLANE('',#11264);
#9974=PLANE('',#11265);
#9975=PLANE('',#11266);
#9976=PLANE('',#11267);
#9977=PLANE('',#11268);
#9978=PLANE('',#11269);
#9979=PLANE('',#11270);
#9980=PLANE('',#11271);
#9981=PLANE('',#11272);
#9982=PLANE('',#11273);
#9983=PLANE('',#11274);
#9984=PLANE('',#11275);
#9985=PLANE('',#11276);
#9986=PLANE('',#11277);
#9987=PLANE('',#11278);
#9988=PLANE('',#11279);
#9989=PLANE('',#11280);
#9990=PLANE('',#11281);
#9991=PLANE('',#11282);
#9992=PLANE('',#11283);
#9993=PLANE('',#11284);
#9994=PLANE('',#11285);
#9995=PLANE('',#11286);
#9996=PLANE('',#11290);
#9997=PLANE('',#11301);
#9998=PLANE('',#11306);
#9999=PLANE('',#11317);
#10000=PLANE('',#11324);
#10001=PLANE('',#11331);
#10002=PLANE('',#11335);
#10003=PLANE('',#11336);
#10004=PLANE('',#11346);
#10005=PLANE('',#11347);
#10006=PLANE('',#11353);
#10007=PLANE('',#11356);
#10008=PLANE('',#11359);
#10009=PLANE('',#11360);
#10010=PLANE('',#11361);
#10011=PLANE('',#11362);
#10012=PLANE('',#11369);
#10013=PLANE('',#11373);
#10014=PLANE('',#11377);
#10015=PLANE('',#11387);
#10016=PLANE('',#11391);
#10017=PLANE('',#11398);
#10018=PLANE('',#11405);
#10019=PLANE('',#11415);
#10020=PLANE('',#11419);
#10021=PLANE('',#11429);
#10022=PLANE('',#11442);
#10023=PLANE('',#11443);
#10024=PLANE('',#11444);
#10025=PLANE('',#11445);
#10026=PLANE('',#11446);
#10027=PLANE('',#11450);
#10028=PLANE('',#11453);
#10029=PLANE('',#11454);
#10030=PLANE('',#11455);
#10031=PLANE('',#11456);
#10032=PLANE('',#11457);
#10033=PLANE('',#11458);
#10034=PLANE('',#11459);
#10035=PLANE('',#11460);
#10036=PLANE('',#11461);
#10037=PLANE('',#11462);
#10038=PLANE('',#11463);
#10039=PLANE('',#11464);
#10040=PLANE('',#11465);
#10041=PLANE('',#11466);
#10042=PLANE('',#11467);
#10043=PLANE('',#11468);
#10044=PLANE('',#11469);
#10045=PLANE('',#11470);
#10046=PLANE('',#11471);
#10047=PLANE('',#11472);
#10048=PLANE('',#11473);
#10049=PLANE('',#11474);
#10050=PLANE('',#11475);
#10051=PLANE('',#11481);
#10052=PLANE('',#11485);
#10053=PLANE('',#11486);
#10054=PLANE('',#11487);
#10055=PLANE('',#11488);
#10056=PLANE('',#11489);
#10057=PLANE('',#11490);
#10058=PLANE('',#11491);
#10059=PLANE('',#11492);
#10060=PLANE('',#11493);
#10061=PLANE('',#11494);
#10062=PLANE('',#11496);
#10063=PLANE('',#11497);
#10064=PLANE('',#11498);
#10065=PLANE('',#11499);
#10066=PLANE('',#11500);
#10067=PLANE('',#11502);
#10068=PLANE('',#11503);
#10069=PLANE('',#11504);
#10070=PLANE('',#11505);
#10071=PLANE('',#11506);
#10072=PLANE('',#11507);
#10073=PLANE('',#11508);
#10074=PLANE('',#11509);
#10075=PLANE('',#11510);
#10076=PLANE('',#11511);
#10077=PLANE('',#11512);
#10078=PLANE('',#11513);
#10079=PLANE('',#11514);
#10080=PLANE('',#11515);
#10081=PLANE('',#11516);
#10082=PLANE('',#11517);
#10083=PLANE('',#11518);
#10084=PLANE('',#11522);
#10085=PLANE('',#11526);
#10086=PLANE('',#11527);
#10087=PLANE('',#11572);
#10088=PLANE('',#11573);
#10089=PLANE('',#11574);
#10090=PLANE('',#11575);
#10091=PLANE('',#11576);
#10092=PLANE('',#11577);
#10093=ADVANCED_FACE('',(#786),#9685,.F.);
#10094=ADVANCED_FACE('',(#787),#9686,.F.);
#10095=ADVANCED_FACE('',(#788),#9687,.F.);
#10096=ADVANCED_FACE('',(#789),#9688,.F.);
#10097=ADVANCED_FACE('',(#790),#9689,.F.);
#10098=ADVANCED_FACE('',(#791),#9690,.F.);
#10099=ADVANCED_FACE('',(#792,#753),#9691,.T.);
#10100=ADVANCED_FACE('',(#793),#9692,.T.);
#10101=ADVANCED_FACE('',(#794),#9693,.F.);
#10102=ADVANCED_FACE('',(#795),#9694,.F.);
#10103=ADVANCED_FACE('',(#796),#9695,.F.);
#10104=ADVANCED_FACE('',(#797),#9696,.F.);
#10105=ADVANCED_FACE('',(#798),#9697,.F.);
#10106=ADVANCED_FACE('',(#799),#9698,.T.);
#10107=ADVANCED_FACE('',(#800),#9699,.F.);
#10108=ADVANCED_FACE('',(#801),#9700,.T.);
#10109=ADVANCED_FACE('',(#802),#9701,.T.);
#10110=ADVANCED_FACE('',(#803),#9702,.F.);
#10111=ADVANCED_FACE('',(#804),#9703,.T.);
#10112=ADVANCED_FACE('',(#805),#9704,.T.);
#10113=ADVANCED_FACE('',(#806),#9705,.T.);
#10114=ADVANCED_FACE('',(#807),#9706,.F.);
#10115=ADVANCED_FACE('',(#808),#9707,.T.);
#10116=ADVANCED_FACE('',(#809),#9708,.T.);
#10117=ADVANCED_FACE('',(#810),#9709,.F.);
#10118=ADVANCED_FACE('',(#811),#9710,.T.);
#10119=ADVANCED_FACE('',(#812),#9711,.T.);
#10120=ADVANCED_FACE('',(#813),#9712,.F.);
#10121=ADVANCED_FACE('',(#814),#9713,.T.);
#10122=ADVANCED_FACE('',(#815),#9714,.T.);
#10123=ADVANCED_FACE('',(#816),#9715,.F.);
#10124=ADVANCED_FACE('',(#817),#9716,.T.);
#10125=ADVANCED_FACE('',(#818),#9717,.T.);
#10126=ADVANCED_FACE('',(#819),#9718,.T.);
#10127=ADVANCED_FACE('',(#820),#9719,.F.);
#10128=ADVANCED_FACE('',(#821),#9720,.F.);
#10129=ADVANCED_FACE('',(#822),#9721,.F.);
#10130=ADVANCED_FACE('',(#823),#9722,.F.);
#10131=ADVANCED_FACE('',(#824),#9723,.F.);
#10132=ADVANCED_FACE('',(#825),#9724,.F.);
#10133=ADVANCED_FACE('',(#826),#9725,.F.);
#10134=ADVANCED_FACE('',(#827),#9726,.F.);
#10135=ADVANCED_FACE('',(#828),#9727,.F.);
#10136=ADVANCED_FACE('',(#829),#9728,.F.);
#10137=ADVANCED_FACE('',(#830),#9729,.F.);
#10138=ADVANCED_FACE('',(#831),#9730,.F.);
#10139=ADVANCED_FACE('',(#832),#9731,.F.);
#10140=ADVANCED_FACE('',(#833),#9732,.T.);
#10141=ADVANCED_FACE('',(#834),#9733,.F.);
#10142=ADVANCED_FACE('',(#835),#9734,.T.);
#10143=ADVANCED_FACE('',(#836),#9735,.T.);
#10144=ADVANCED_FACE('',(#837),#9736,.T.);
#10145=ADVANCED_FACE('',(#838),#9737,.T.);
#10146=ADVANCED_FACE('',(#839),#9738,.F.);
#10147=ADVANCED_FACE('',(#840),#9739,.F.);
#10148=ADVANCED_FACE('',(#841),#9740,.F.);
#10149=ADVANCED_FACE('',(#842),#9741,.F.);
#10150=ADVANCED_FACE('',(#843),#9742,.F.);
#10151=ADVANCED_FACE('',(#844),#9743,.T.);
#10152=ADVANCED_FACE('',(#845),#9744,.T.);
#10153=ADVANCED_FACE('',(#846),#9745,.T.);
#10154=ADVANCED_FACE('',(#847),#9746,.T.);
#10155=ADVANCED_FACE('',(#848),#9747,.T.);
#10156=ADVANCED_FACE('',(#849),#9748,.T.);
#10157=ADVANCED_FACE('',(#850),#9749,.T.);
#10158=ADVANCED_FACE('',(#851),#9750,.T.);
#10159=ADVANCED_FACE('',(#852),#9751,.T.);
#10160=ADVANCED_FACE('',(#853),#9752,.T.);
#10161=ADVANCED_FACE('',(#854),#9753,.T.);
#10162=ADVANCED_FACE('',(#855,#754,#755,#756,#757),#9754,.T.);
#10163=ADVANCED_FACE('',(#856),#9755,.T.);
#10164=ADVANCED_FACE('',(#857),#9756,.T.);
#10165=ADVANCED_FACE('',(#858),#9757,.F.);
#10166=ADVANCED_FACE('',(#859),#9758,.T.);
#10167=ADVANCED_FACE('',(#860),#9759,.T.);
#10168=ADVANCED_FACE('',(#861),#9760,.T.);
#10169=ADVANCED_FACE('',(#862),#9761,.T.);
#10170=ADVANCED_FACE('',(#863),#9762,.F.);
#10171=ADVANCED_FACE('',(#864),#9763,.T.);
#10172=ADVANCED_FACE('',(#865),#9764,.T.);
#10173=ADVANCED_FACE('',(#866),#9765,.T.);
#10174=ADVANCED_FACE('',(#867),#9766,.F.);
#10175=ADVANCED_FACE('',(#868),#9767,.T.);
#10176=ADVANCED_FACE('',(#869),#9768,.T.);
#10177=ADVANCED_FACE('',(#870),#9769,.T.);
#10178=ADVANCED_FACE('',(#871),#9770,.F.);
#10179=ADVANCED_FACE('',(#872),#9771,.T.);
#10180=ADVANCED_FACE('',(#873),#9772,.T.);
#10181=ADVANCED_FACE('',(#874),#9773,.T.);
#10182=ADVANCED_FACE('',(#875),#9774,.T.);
#10183=ADVANCED_FACE('',(#876),#9775,.T.);
#10184=ADVANCED_FACE('',(#877),#9776,.F.);
#10185=ADVANCED_FACE('',(#878),#9777,.F.);
#10186=ADVANCED_FACE('',(#879),#37,.T.);
#10187=ADVANCED_FACE('',(#880),#38,.T.);
#10188=ADVANCED_FACE('',(#881),#9778,.F.);
#10189=ADVANCED_FACE('',(#882),#9779,.T.);
#10190=ADVANCED_FACE('',(#883),#39,.T.);
#10191=ADVANCED_FACE('',(#884),#40,.T.);
#10192=ADVANCED_FACE('',(#885),#9780,.T.);
#10193=ADVANCED_FACE('',(#886,#758),#9781,.T.);
#10194=ADVANCED_FACE('',(#887),#41,.T.);
#10195=ADVANCED_FACE('',(#888),#9782,.F.);
#10196=ADVANCED_FACE('',(#889),#42,.T.);
#10197=ADVANCED_FACE('',(#890),#9783,.T.);
#10198=ADVANCED_FACE('',(#891),#43,.T.);
#10199=ADVANCED_FACE('',(#892),#9784,.T.);
#10200=ADVANCED_FACE('',(#893),#44,.T.);
#10201=ADVANCED_FACE('',(#894),#9785,.F.);
#10202=ADVANCED_FACE('',(#895,#759),#9786,.F.);
#10203=ADVANCED_FACE('',(#896),#9787,.F.);
#10204=ADVANCED_FACE('',(#897),#45,.T.);
#10205=ADVANCED_FACE('',(#898),#46,.T.);
#10206=ADVANCED_FACE('',(#899),#9788,.F.);
#10207=ADVANCED_FACE('',(#900),#9789,.T.);
#10208=ADVANCED_FACE('',(#901),#47,.T.);
#10209=ADVANCED_FACE('',(#902),#48,.T.);
#10210=ADVANCED_FACE('',(#903),#9790,.T.);
#10211=ADVANCED_FACE('',(#904),#9791,.T.);
#10212=ADVANCED_FACE('',(#905),#9792,.F.);
#10213=ADVANCED_FACE('',(#906),#9793,.F.);
#10214=ADVANCED_FACE('',(#907),#9794,.F.);
#10215=ADVANCED_FACE('',(#908),#9795,.F.);
#10216=ADVANCED_FACE('',(#909),#9796,.F.);
#10217=ADVANCED_FACE('',(#910),#9797,.F.);
#10218=ADVANCED_FACE('',(#911),#9798,.F.);
#10219=ADVANCED_FACE('',(#912),#9799,.F.);
#10220=ADVANCED_FACE('',(#913),#9800,.F.);
#10221=ADVANCED_FACE('',(#914),#9801,.F.);
#10222=ADVANCED_FACE('',(#915),#9802,.F.);
#10223=ADVANCED_FACE('',(#916),#9803,.F.);
#10224=ADVANCED_FACE('',(#917),#9804,.F.);
#10225=ADVANCED_FACE('',(#918),#9805,.F.);
#10226=ADVANCED_FACE('',(#919),#9806,.F.);
#10227=ADVANCED_FACE('',(#920),#9807,.F.);
#10228=ADVANCED_FACE('',(#921),#9808,.F.);
#10229=ADVANCED_FACE('',(#922),#9809,.F.);
#10230=ADVANCED_FACE('',(#923),#9810,.F.);
#10231=ADVANCED_FACE('',(#924),#9811,.F.);
#10232=ADVANCED_FACE('',(#925),#9812,.F.);
#10233=ADVANCED_FACE('',(#926),#9813,.F.);
#10234=ADVANCED_FACE('',(#927),#9814,.F.);
#10235=ADVANCED_FACE('',(#928),#9815,.F.);
#10236=ADVANCED_FACE('',(#929),#9816,.F.);
#10237=ADVANCED_FACE('',(#930),#9817,.F.);
#10238=ADVANCED_FACE('',(#931),#9818,.F.);
#10239=ADVANCED_FACE('',(#932),#9819,.F.);
#10240=ADVANCED_FACE('',(#933),#9820,.F.);
#10241=ADVANCED_FACE('',(#934),#9821,.F.);
#10242=ADVANCED_FACE('',(#935),#9822,.F.);
#10243=ADVANCED_FACE('',(#936),#9823,.F.);
#10244=ADVANCED_FACE('',(#937),#9824,.F.);
#10245=ADVANCED_FACE('',(#938),#9825,.F.);
#10246=ADVANCED_FACE('',(#939),#9826,.F.);
#10247=ADVANCED_FACE('',(#940),#9827,.F.);
#10248=ADVANCED_FACE('',(#941),#9828,.F.);
#10249=ADVANCED_FACE('',(#942),#9829,.F.);
#10250=ADVANCED_FACE('',(#943),#9830,.F.);
#10251=ADVANCED_FACE('',(#944),#49,.F.);
#10252=ADVANCED_FACE('',(#945),#9831,.T.);
#10253=ADVANCED_FACE('',(#946),#9832,.F.);
#10254=ADVANCED_FACE('',(#947),#9833,.F.);
#10255=ADVANCED_FACE('',(#948),#50,.F.);
#10256=ADVANCED_FACE('',(#949),#9834,.T.);
#10257=ADVANCED_FACE('',(#950),#9835,.F.);
#10258=ADVANCED_FACE('',(#951),#9836,.F.);
#10259=ADVANCED_FACE('',(#952),#51,.F.);
#10260=ADVANCED_FACE('',(#953),#9837,.T.);
#10261=ADVANCED_FACE('',(#954),#9838,.F.);
#10262=ADVANCED_FACE('',(#955),#52,.F.);
#10263=ADVANCED_FACE('',(#956),#9839,.T.);
#10264=ADVANCED_FACE('',(#957),#9840,.F.);
#10265=ADVANCED_FACE('',(#958),#9841,.F.);
#10266=ADVANCED_FACE('',(#959),#53,.F.);
#10267=ADVANCED_FACE('',(#960),#9842,.T.);
#10268=ADVANCED_FACE('',(#961),#9843,.F.);
#10269=ADVANCED_FACE('',(#962),#9844,.F.);
#10270=ADVANCED_FACE('',(#963),#54,.F.);
#10271=ADVANCED_FACE('',(#964),#9845,.T.);
#10272=ADVANCED_FACE('',(#965),#55,.T.);
#10273=ADVANCED_FACE('',(#966),#9846,.F.);
#10274=ADVANCED_FACE('',(#967),#9847,.F.);
#10275=ADVANCED_FACE('',(#968,#760),#9848,.T.);
#10276=ADVANCED_FACE('',(#969),#9849,.F.);
#10277=ADVANCED_FACE('',(#970),#9850,.F.);
#10278=ADVANCED_FACE('',(#971),#9851,.F.);
#10279=ADVANCED_FACE('',(#972),#9852,.F.);
#10280=ADVANCED_FACE('',(#973),#56,.T.);
#10281=ADVANCED_FACE('',(#974),#9853,.F.);
#10282=ADVANCED_FACE('',(#975),#57,.T.);
#10283=ADVANCED_FACE('',(#976),#9854,.F.);
#10284=ADVANCED_FACE('',(#977),#58,.F.);
#10285=ADVANCED_FACE('',(#978),#9855,.F.);
#10286=ADVANCED_FACE('',(#979),#9856,.F.);
#10287=ADVANCED_FACE('',(#980),#9857,.F.);
#10288=ADVANCED_FACE('',(#981),#59,.T.);
#10289=ADVANCED_FACE('',(#982),#9858,.F.);
#10290=ADVANCED_FACE('',(#983),#60,.T.);
#10291=ADVANCED_FACE('',(#984),#9859,.F.);
#10292=ADVANCED_FACE('',(#985),#61,.F.);
#10293=ADVANCED_FACE('',(#986),#9860,.F.);
#10294=ADVANCED_FACE('',(#987),#9861,.F.);
#10295=ADVANCED_FACE('',(#988),#9862,.F.);
#10296=ADVANCED_FACE('',(#989),#62,.T.);
#10297=ADVANCED_FACE('',(#990),#9863,.F.);
#10298=ADVANCED_FACE('',(#991),#9864,.F.);
#10299=ADVANCED_FACE('',(#992),#63,.F.);
#10300=ADVANCED_FACE('',(#993),#9865,.F.);
#10301=ADVANCED_FACE('',(#994),#9866,.F.);
#10302=ADVANCED_FACE('',(#995),#9867,.F.);
#10303=ADVANCED_FACE('',(#996),#64,.T.);
#10304=ADVANCED_FACE('',(#997),#9868,.F.);
#10305=ADVANCED_FACE('',(#998),#9869,.F.);
#10306=ADVANCED_FACE('',(#999),#65,.F.);
#10307=ADVANCED_FACE('',(#1000),#9870,.F.);
#10308=ADVANCED_FACE('',(#1001),#9871,.F.);
#10309=ADVANCED_FACE('',(#1002),#9872,.F.);
#10310=ADVANCED_FACE('',(#1003),#66,.T.);
#10311=ADVANCED_FACE('',(#1004),#9873,.F.);
#10312=ADVANCED_FACE('',(#1005),#67,.T.);
#10313=ADVANCED_FACE('',(#1006),#9874,.F.);
#10314=ADVANCED_FACE('',(#1007),#68,.F.);
#10315=ADVANCED_FACE('',(#1008),#9875,.F.);
#10316=ADVANCED_FACE('',(#1009),#9876,.F.);
#10317=ADVANCED_FACE('',(#1010),#9877,.F.);
#10318=ADVANCED_FACE('',(#1011),#69,.T.);
#10319=ADVANCED_FACE('',(#1012),#9878,.F.);
#10320=ADVANCED_FACE('',(#1013),#70,.T.);
#10321=ADVANCED_FACE('',(#1014),#9879,.F.);
#10322=ADVANCED_FACE('',(#1015),#71,.F.);
#10323=ADVANCED_FACE('',(#1016),#9880,.F.);
#10324=ADVANCED_FACE('',(#1017),#9881,.F.);
#10325=ADVANCED_FACE('',(#1018),#9882,.F.);
#10326=ADVANCED_FACE('',(#1019),#72,.T.);
#10327=ADVANCED_FACE('',(#1020),#9883,.F.);
#10328=ADVANCED_FACE('',(#1021),#9884,.F.);
#10329=ADVANCED_FACE('',(#1022),#9885,.F.);
#10330=ADVANCED_FACE('',(#1023),#9886,.T.);
#10331=ADVANCED_FACE('',(#1024),#73,.T.);
#10332=ADVANCED_FACE('',(#1025),#9887,.F.);
#10333=ADVANCED_FACE('',(#1026),#9888,.T.);
#10334=ADVANCED_FACE('',(#1027),#9889,.T.);
#10335=ADVANCED_FACE('',(#1028),#9890,.F.);
#10336=ADVANCED_FACE('',(#1029),#74,.T.);
#10337=ADVANCED_FACE('',(#1030),#9891,.F.);
#10338=ADVANCED_FACE('',(#1031),#9892,.T.);
#10339=ADVANCED_FACE('',(#1032),#9893,.F.);
#10340=ADVANCED_FACE('',(#1033,#761),#9894,.F.);
#10341=ADVANCED_FACE('',(#1034),#9895,.T.);
#10342=ADVANCED_FACE('',(#1035),#75,.T.);
#10343=ADVANCED_FACE('',(#1036),#9896,.F.);
#10344=ADVANCED_FACE('',(#1037),#76,.T.);
#10345=ADVANCED_FACE('',(#1038),#9897,.T.);
#10346=ADVANCED_FACE('',(#1039),#77,.T.);
#10347=ADVANCED_FACE('',(#1040),#9898,.T.);
#10348=ADVANCED_FACE('',(#1041),#9899,.T.);
#10349=ADVANCED_FACE('',(#1042),#78,.T.);
#10350=ADVANCED_FACE('',(#1043,#762),#9900,.T.);
#10351=ADVANCED_FACE('',(#1044),#79,.T.);
#10352=ADVANCED_FACE('',(#1045),#9901,.T.);
#10353=ADVANCED_FACE('',(#1046),#9902,.T.);
#10354=ADVANCED_FACE('',(#1047),#80,.T.);
#10355=ADVANCED_FACE('',(#1048),#23,.F.);
#10356=ADVANCED_FACE('',(#1049),#81,.F.);
#10357=ADVANCED_FACE('',(#1050),#9903,.F.);
#10358=ADVANCED_FACE('',(#1051),#9904,.T.);
#10359=ADVANCED_FACE('',(#1052),#9905,.F.);
#10360=ADVANCED_FACE('',(#1053),#9906,.F.);
#10361=ADVANCED_FACE('',(#1054),#9907,.F.);
#10362=ADVANCED_FACE('',(#1055),#9908,.F.);
#10363=ADVANCED_FACE('',(#1056),#9909,.F.);
#10364=ADVANCED_FACE('',(#1057),#9910,.T.);
#10365=ADVANCED_FACE('',(#1058),#9911,.T.);
#10366=ADVANCED_FACE('',(#1059),#9912,.T.);
#10367=ADVANCED_FACE('',(#1060),#9913,.T.);
#10368=ADVANCED_FACE('',(#1061),#9914,.T.);
#10369=ADVANCED_FACE('',(#1062),#9915,.F.);
#10370=ADVANCED_FACE('',(#1063),#9916,.F.);
#10371=ADVANCED_FACE('',(#1064),#9917,.T.);
#10372=ADVANCED_FACE('',(#1065),#9918,.T.);
#10373=ADVANCED_FACE('',(#1066),#9919,.T.);
#10374=ADVANCED_FACE('',(#1067),#9920,.T.);
#10375=ADVANCED_FACE('',(#1068),#9921,.T.);
#10376=ADVANCED_FACE('',(#1069),#9922,.F.);
#10377=ADVANCED_FACE('',(#1070),#9923,.T.);
#10378=ADVANCED_FACE('',(#1071),#9924,.F.);
#10379=ADVANCED_FACE('',(#1072),#9925,.F.);
#10380=ADVANCED_FACE('',(#1073),#9926,.F.);
#10381=ADVANCED_FACE('',(#1074),#9927,.F.);
#10382=ADVANCED_FACE('',(#1075),#9928,.F.);
#10383=ADVANCED_FACE('',(#1076),#9929,.T.);
#10384=ADVANCED_FACE('',(#1077),#9930,.T.);
#10385=ADVANCED_FACE('',(#1078),#9931,.T.);
#10386=ADVANCED_FACE('',(#1079),#82,.F.);
#10387=ADVANCED_FACE('',(#1080,#763,#764,#765),#9932,.F.);
#10388=ADVANCED_FACE('',(#1081,#766,#767,#768),#9933,.T.);
#10389=ADVANCED_FACE('',(#1082),#9934,.T.);
#10390=ADVANCED_FACE('',(#1083),#9935,.T.);
#10391=ADVANCED_FACE('',(#1084),#9936,.T.);
#10392=ADVANCED_FACE('',(#1085),#9937,.T.);
#10393=ADVANCED_FACE('',(#1086),#9938,.T.);
#10394=ADVANCED_FACE('',(#1087),#9939,.T.);
#10395=ADVANCED_FACE('',(#1088),#83,.F.);
#10396=ADVANCED_FACE('',(#1089),#9940,.T.);
#10397=ADVANCED_FACE('',(#1090),#9941,.T.);
#10398=ADVANCED_FACE('',(#1091),#9942,.T.);
#10399=ADVANCED_FACE('',(#1092),#9943,.T.);
#10400=ADVANCED_FACE('',(#1093),#9944,.T.);
#10401=ADVANCED_FACE('',(#1094),#9945,.T.);
#10402=ADVANCED_FACE('',(#1095),#9946,.T.);
#10403=ADVANCED_FACE('',(#1096),#9947,.T.);
#10404=ADVANCED_FACE('',(#1097),#9948,.T.);
#10405=ADVANCED_FACE('',(#1098),#9949,.T.);
#10406=ADVANCED_FACE('',(#1099),#84,.F.);
#10407=ADVANCED_FACE('',(#1100),#85,.T.);
#10408=ADVANCED_FACE('',(#1101),#86,.T.);
#10409=ADVANCED_FACE('',(#1102),#9950,.T.);
#10410=ADVANCED_FACE('',(#1103),#9951,.T.);
#10411=ADVANCED_FACE('',(#1104),#9952,.T.);
#10412=ADVANCED_FACE('',(#1105),#9953,.T.);
#10413=ADVANCED_FACE('',(#1106),#87,.T.);
#10414=ADVANCED_FACE('',(#1107),#88,.T.);
#10415=ADVANCED_FACE('',(#1108),#89,.F.);
#10416=ADVANCED_FACE('',(#1109),#90,.F.);
#10417=ADVANCED_FACE('',(#1110),#91,.T.);
#10418=ADVANCED_FACE('',(#1111),#92,.T.);
#10419=ADVANCED_FACE('',(#1112),#9954,.T.);
#10420=ADVANCED_FACE('',(#1113),#9955,.T.);
#10421=ADVANCED_FACE('',(#1114),#9956,.T.);
#10422=ADVANCED_FACE('',(#1115),#9957,.T.);
#10423=ADVANCED_FACE('',(#1116),#93,.T.);
#10424=ADVANCED_FACE('',(#1117),#94,.T.);
#10425=ADVANCED_FACE('',(#1118),#95,.F.);
#10426=ADVANCED_FACE('',(#1119),#96,.F.);
#10427=ADVANCED_FACE('',(#1120),#97,.F.);
#10428=ADVANCED_FACE('',(#1121),#9958,.T.);
#10429=ADVANCED_FACE('',(#1122,#769),#9959,.F.);
#10430=ADVANCED_FACE('',(#1123),#9960,.F.);
#10431=ADVANCED_FACE('',(#1124),#9961,.T.);
#10432=ADVANCED_FACE('',(#1125),#9962,.F.);
#10433=ADVANCED_FACE('',(#1126),#9963,.F.);
#10434=ADVANCED_FACE('',(#1127),#9964,.T.);
#10435=ADVANCED_FACE('',(#1128),#9965,.F.);
#10436=ADVANCED_FACE('',(#1129),#9966,.T.);
#10437=ADVANCED_FACE('',(#1130),#9967,.T.);
#10438=ADVANCED_FACE('',(#1131),#98,.T.);
#10439=ADVANCED_FACE('',(#1132),#9968,.F.);
#10440=ADVANCED_FACE('',(#1133),#9969,.T.);
#10441=ADVANCED_FACE('',(#1134),#9970,.T.);
#10442=ADVANCED_FACE('',(#1135),#99,.F.);
#10443=ADVANCED_FACE('',(#1136),#9971,.F.);
#10444=ADVANCED_FACE('',(#1137),#9972,.F.);
#10445=ADVANCED_FACE('',(#1138),#9973,.F.);
#10446=ADVANCED_FACE('',(#1139,#770),#9974,.T.);
#10447=ADVANCED_FACE('',(#1140),#9975,.F.);
#10448=ADVANCED_FACE('',(#1141),#9976,.F.);
#10449=ADVANCED_FACE('',(#1142),#9977,.T.);
#10450=ADVANCED_FACE('',(#1143),#9978,.T.);
#10451=ADVANCED_FACE('',(#1144),#9979,.T.);
#10452=ADVANCED_FACE('',(#1145),#9980,.T.);
#10453=ADVANCED_FACE('',(#1146),#9981,.T.);
#10454=ADVANCED_FACE('',(#1147),#9982,.T.);
#10455=ADVANCED_FACE('',(#1148),#9983,.F.);
#10456=ADVANCED_FACE('',(#1149),#9984,.F.);
#10457=ADVANCED_FACE('',(#1150),#9985,.F.);
#10458=ADVANCED_FACE('',(#1151),#9986,.F.);
#10459=ADVANCED_FACE('',(#1152),#9987,.T.);
#10460=ADVANCED_FACE('',(#1153),#9988,.T.);
#10461=ADVANCED_FACE('',(#1154),#9989,.T.);
#10462=ADVANCED_FACE('',(#1155),#9990,.T.);
#10463=ADVANCED_FACE('',(#1156),#9991,.F.);
#10464=ADVANCED_FACE('',(#1157),#9992,.T.);
#10465=ADVANCED_FACE('',(#1158),#9993,.T.);
#10466=ADVANCED_FACE('',(#1159),#9994,.T.);
#10467=ADVANCED_FACE('',(#1160),#9995,.T.);
#10468=ADVANCED_FACE('',(#1161),#100,.F.);
#10469=ADVANCED_FACE('',(#1162,#771,#772),#9996,.T.);
#10470=ADVANCED_FACE('',(#1163),#101,.F.);
#10471=ADVANCED_FACE('',(#1164),#9997,.T.);
#10472=ADVANCED_FACE('',(#1165),#102,.F.);
#10473=ADVANCED_FACE('',(#1166),#9998,.T.);
#10474=ADVANCED_FACE('',(#1167),#103,.F.);
#10475=ADVANCED_FACE('',(#1168),#104,.F.);
#10476=ADVANCED_FACE('',(#1169),#105,.F.);
#10477=ADVANCED_FACE('',(#1170),#9999,.T.);
#10478=ADVANCED_FACE('',(#1171),#106,.F.);
#10479=ADVANCED_FACE('',(#1172),#107,.F.);
#10480=ADVANCED_FACE('',(#1173),#10000,.T.);
#10481=ADVANCED_FACE('',(#1174),#108,.F.);
#10482=ADVANCED_FACE('',(#1175),#109,.F.);
#10483=ADVANCED_FACE('',(#1176),#10001,.T.);
#10484=ADVANCED_FACE('',(#1177),#110,.T.);
#10485=ADVANCED_FACE('',(#1178),#10002,.T.);
#10486=ADVANCED_FACE('',(#1179),#10003,.T.);
#10487=ADVANCED_FACE('',(#1180),#111,.T.);
#10488=ADVANCED_FACE('',(#1181),#112,.F.);
#10489=ADVANCED_FACE('',(#1182),#113,.T.);
#10490=ADVANCED_FACE('',(#1183),#10004,.T.);
#10491=ADVANCED_FACE('',(#1184),#10005,.T.);
#10492=ADVANCED_FACE('',(#1185),#114,.T.);
#10493=ADVANCED_FACE('',(#1186),#10006,.T.);
#10494=ADVANCED_FACE('',(#1187),#115,.F.);
#10495=ADVANCED_FACE('',(#1188),#10007,.F.);
#10496=ADVANCED_FACE('',(#1189),#116,.F.);
#10497=ADVANCED_FACE('',(#1190),#10008,.F.);
#10498=ADVANCED_FACE('',(#1191),#10009,.F.);
#10499=ADVANCED_FACE('',(#1192),#10010,.T.);
#10500=ADVANCED_FACE('',(#1193),#10011,.T.);
#10501=ADVANCED_FACE('',(#1194),#117,.F.);
#10502=ADVANCED_FACE('',(#1195),#118,.F.);
#10503=ADVANCED_FACE('',(#1196),#10012,.T.);
#10504=ADVANCED_FACE('',(#1197),#119,.F.);
#10505=ADVANCED_FACE('',(#1198),#10013,.T.);
#10506=ADVANCED_FACE('',(#1199),#120,.F.);
#10507=ADVANCED_FACE('',(#1200),#10014,.T.);
#10508=ADVANCED_FACE('',(#1201),#121,.F.);
#10509=ADVANCED_FACE('',(#1202),#122,.F.);
#10510=ADVANCED_FACE('',(#1203),#123,.F.);
#10511=ADVANCED_FACE('',(#1204),#10015,.T.);
#10512=ADVANCED_FACE('',(#1205),#124,.F.);
#10513=ADVANCED_FACE('',(#1206),#10016,.T.);
#10514=ADVANCED_FACE('',(#1207),#125,.F.);
#10515=ADVANCED_FACE('',(#1208),#126,.F.);
#10516=ADVANCED_FACE('',(#1209),#10017,.T.);
#10517=ADVANCED_FACE('',(#1210),#127,.F.);
#10518=ADVANCED_FACE('',(#1211),#128,.F.);
#10519=ADVANCED_FACE('',(#1212),#10018,.T.);
#10520=ADVANCED_FACE('',(#1213),#129,.F.);
#10521=ADVANCED_FACE('',(#1214),#130,.F.);
#10522=ADVANCED_FACE('',(#1215),#131,.F.);
#10523=ADVANCED_FACE('',(#1216),#10019,.T.);
#10524=ADVANCED_FACE('',(#1217),#132,.F.);
#10525=ADVANCED_FACE('',(#1218),#10020,.T.);
#10526=ADVANCED_FACE('',(#1219),#133,.F.);
#10527=ADVANCED_FACE('',(#1220),#134,.F.);
#10528=ADVANCED_FACE('',(#1221),#135,.F.);
#10529=ADVANCED_FACE('',(#1222),#10021,.T.);
#10530=ADVANCED_FACE('',(#1223),#136,.F.);
#10531=ADVANCED_FACE('',(#1224),#137,.F.);
#10532=ADVANCED_FACE('',(#1225),#138,.F.);
#10533=ADVANCED_FACE('',(#1226),#139,.F.);
#10534=ADVANCED_FACE('',(#1227),#140,.F.);
#10535=ADVANCED_FACE('',(#1228),#141,.F.);
#10536=ADVANCED_FACE('',(#1229),#10022,.T.);
#10537=ADVANCED_FACE('',(#1230,#773),#10023,.T.);
#10538=ADVANCED_FACE('',(#1231,#774),#10024,.T.);
#10539=ADVANCED_FACE('',(#1232),#10025,.T.);
#10540=ADVANCED_FACE('',(#1233,#775,#776,#777,#778,#779),#10026,.T.);
#10541=ADVANCED_FACE('',(#1234),#10027,.F.);
#10542=ADVANCED_FACE('',(#1235),#142,.F.);
#10543=ADVANCED_FACE('',(#1236),#143,.F.);
#10544=ADVANCED_FACE('',(#1237),#10028,.F.);
#10545=ADVANCED_FACE('',(#1238),#10029,.F.);
#10546=ADVANCED_FACE('',(#1239),#10030,.F.);
#10547=ADVANCED_FACE('',(#1240),#10031,.F.);
#10548=ADVANCED_FACE('',(#1241),#10032,.F.);
#10549=ADVANCED_FACE('',(#1242),#10033,.F.);
#10550=ADVANCED_FACE('',(#1243),#10034,.F.);
#10551=ADVANCED_FACE('',(#1244),#10035,.F.);
#10552=ADVANCED_FACE('',(#1245),#10036,.T.);
#10553=ADVANCED_FACE('',(#1246),#10037,.F.);
#10554=ADVANCED_FACE('',(#1247),#10038,.F.);
#10555=ADVANCED_FACE('',(#1248),#10039,.F.);
#10556=ADVANCED_FACE('',(#1249),#10040,.F.);
#10557=ADVANCED_FACE('',(#1250),#10041,.T.);
#10558=ADVANCED_FACE('',(#1251),#10042,.T.);
#10559=ADVANCED_FACE('',(#1252,#780),#10043,.T.);
#10560=ADVANCED_FACE('',(#1253),#10044,.T.);
#10561=ADVANCED_FACE('',(#1254,#781),#10045,.T.);
#10562=ADVANCED_FACE('',(#1255),#10046,.T.);
#10563=ADVANCED_FACE('',(#1256),#10047,.T.);
#10564=ADVANCED_FACE('',(#1257),#10048,.T.);
#10565=ADVANCED_FACE('',(#1258),#10049,.T.);
#10566=ADVANCED_FACE('',(#1259,#782,#783,#784),#10050,.F.);
#10567=ADVANCED_FACE('',(#1260),#10051,.T.);
#10568=ADVANCED_FACE('',(#1261),#144,.F.);
#10569=ADVANCED_FACE('',(#1262),#145,.F.);
#10570=ADVANCED_FACE('',(#1263),#146,.F.);
#10571=ADVANCED_FACE('',(#1264),#10052,.T.);
#10572=ADVANCED_FACE('',(#1265),#10053,.T.);
#10573=ADVANCED_FACE('',(#1266,#785),#10054,.T.);
#10574=ADVANCED_FACE('',(#1267),#10055,.T.);
#10575=ADVANCED_FACE('',(#1268),#10056,.T.);
#10576=ADVANCED_FACE('',(#1269),#10057,.T.);
#10577=ADVANCED_FACE('',(#1270),#10058,.T.);
#10578=ADVANCED_FACE('',(#1271),#10059,.T.);
#10579=ADVANCED_FACE('',(#1272),#10060,.T.);
#10580=ADVANCED_FACE('',(#1273),#10061,.T.);
#10581=ADVANCED_FACE('',(#1274),#147,.T.);
#10582=ADVANCED_FACE('',(#1275),#10062,.T.);
#10583=ADVANCED_FACE('',(#1276),#10063,.T.);
#10584=ADVANCED_FACE('',(#1277),#10064,.T.);
#10585=ADVANCED_FACE('',(#1278),#10065,.T.);
#10586=ADVANCED_FACE('',(#1279),#10066,.T.);
#10587=ADVANCED_FACE('',(#1280),#148,.T.);
#10588=ADVANCED_FACE('',(#1281),#10067,.T.);
#10589=ADVANCED_FACE('',(#1282),#10068,.T.);
#10590=ADVANCED_FACE('',(#1283),#10069,.T.);
#10591=ADVANCED_FACE('',(#1284),#10070,.T.);
#10592=ADVANCED_FACE('',(#1285),#10071,.T.);
#10593=ADVANCED_FACE('',(#1286),#10072,.T.);
#10594=ADVANCED_FACE('',(#1287),#10073,.T.);
#10595=ADVANCED_FACE('',(#1288),#10074,.T.);
#10596=ADVANCED_FACE('',(#1289),#10075,.T.);
#10597=ADVANCED_FACE('',(#1290),#10076,.T.);
#10598=ADVANCED_FACE('',(#1291),#10077,.T.);
#10599=ADVANCED_FACE('',(#1292),#10078,.T.);
#10600=ADVANCED_FACE('',(#1293),#10079,.T.);
#10601=ADVANCED_FACE('',(#1294),#10080,.T.);
#10602=ADVANCED_FACE('',(#1295),#10081,.T.);
#10603=ADVANCED_FACE('',(#1296),#10082,.T.);
#10604=ADVANCED_FACE('',(#1297),#10083,.T.);
#10605=ADVANCED_FACE('',(#1298),#149,.T.);
#10606=ADVANCED_FACE('',(#1299),#10084,.T.);
#10607=ADVANCED_FACE('',(#1300),#150,.T.);
#10608=ADVANCED_FACE('',(#1301),#10085,.T.);
#10609=ADVANCED_FACE('',(#1302),#10086,.T.);
#10610=ADVANCED_FACE('',(#1303),#11,.T.);
#10611=ADVANCED_FACE('',(#1304),#12,.T.);
#10612=ADVANCED_FACE('',(#1305),#13,.T.);
#10613=ADVANCED_FACE('',(#1306),#14,.T.);
#10614=ADVANCED_FACE('',(#1307),#151,.T.);
#10615=ADVANCED_FACE('',(#1308),#15,.T.);
#10616=ADVANCED_FACE('',(#1309),#152,.T.);
#10617=ADVANCED_FACE('',(#1310),#16,.T.);
#10618=ADVANCED_FACE('',(#1311),#153,.T.);
#10619=ADVANCED_FACE('',(#1312),#17,.T.);
#10620=ADVANCED_FACE('',(#1313),#154,.T.);
#10621=ADVANCED_FACE('',(#1314),#155,.T.);
#10622=ADVANCED_FACE('',(#1315),#18,.T.);
#10623=ADVANCED_FACE('',(#1316),#156,.T.);
#10624=ADVANCED_FACE('',(#1317),#157,.T.);
#10625=ADVANCED_FACE('',(#1318),#158,.T.);
#10626=ADVANCED_FACE('',(#1319),#159,.T.);
#10627=ADVANCED_FACE('',(#1320),#160,.T.);
#10628=ADVANCED_FACE('',(#1321),#161,.T.);
#10629=ADVANCED_FACE('',(#1322),#162,.T.);
#10630=ADVANCED_FACE('',(#1323),#10087,.T.);
#10631=ADVANCED_FACE('',(#1324),#10088,.T.);
#10632=ADVANCED_FACE('',(#1325),#10089,.T.);
#10633=ADVANCED_FACE('',(#1326),#10090,.T.);
#10634=ADVANCED_FACE('',(#1327),#10091,.T.);
#10635=ADVANCED_FACE('',(#1328),#10092,.T.);
#10636=CLOSED_SHELL('',(#10093,#10094,#10095,#10096,#10097,#10098,#10099,
#10100,#10101,#10102,#10103,#10104,#10105,#10106,#10107,#10108,#10109,#10110,
#10111,#10112,#10113,#10114,#10115,#10116,#10117,#10118,#10119,#10120,#10121,
#10122,#10123,#10124,#10125,#10126,#10127,#10128,#10129,#10130,#10131,#10132,
#10133,#10134,#10135,#10136,#10137,#10138,#10139,#10140,#10141,#10142,#10143,
#10144,#10145,#10146,#10147,#10148,#10149,#10150,#10151,#10152,#10153,#10154,
#10155,#10156,#10157,#10158,#10159,#10160,#10161,#10162,#10163,#10164,#10165,
#10166,#10167,#10168,#10169,#10170,#10171,#10172,#10173,#10174,#10175,#10176,
#10177,#10178,#10179,#10180,#10181,#10182,#10183));
#10637=CLOSED_SHELL('',(#10184,#10185,#10186,#10187,#10188,#10189,#10190,
#10191,#10192,#10193,#10194,#10195,#10196,#10197,#10198,#10199,#10200,#10201,
#10202,#10203,#10204,#10205,#10206,#10207,#10208,#10209,#10210,#10211));
#10638=CLOSED_SHELL('',(#10212,#10213,#10214,#10215,#10216,#10217,#10218,
#10219,#10220,#10221,#10222,#10223,#10224,#10225,#10226,#10227,#10228,#10229,
#10230,#10231,#10232,#10233,#10234,#10235,#10236,#10237,#10238,#10239,#10240,
#10241,#10242,#10243,#10244,#10245,#10246,#10247,#10248,#10249,#10250,#10251,
#10252,#10253,#10254,#10255,#10256,#10257,#10258,#10259,#10260,#10261,#10262,
#10263,#10264,#10265,#10266,#10267,#10268,#10269,#10270,#10271,#10272,#10273,
#10274,#10275,#10276,#10277,#10278,#10279,#10280,#10281,#10282,#10283,#10284,
#10285,#10286,#10287,#10288,#10289,#10290,#10291,#10292,#10293,#10294,#10295,
#10296,#10297,#10298,#10299,#10300,#10301,#10302,#10303,#10304,#10305,#10306,
#10307,#10308,#10309,#10310,#10311,#10312,#10313,#10314,#10315,#10316,#10317,
#10318,#10319,#10320,#10321,#10322,#10323,#10324,#10325,#10326,#10327,#10328));
#10639=CLOSED_SHELL('',(#10329,#10330,#10331,#10332,#10333,#10334,#10335,
#10336,#10337,#10338,#10339,#10340,#10341,#10342,#10343,#10344,#10345,#10346,
#10347,#10348,#10349,#10350,#10351,#10352,#10353,#10354,#10355,#10356,#10357,
#10358));
#10640=CLOSED_SHELL('',(#10359,#10360,#10361,#10362,#10363,#10364));
#10641=CLOSED_SHELL('',(#10365,#10366,#10367,#10368,#10369,#10370,#10371));
#10642=CLOSED_SHELL('',(#10372,#10373,#10374,#10375,#10376,#10377));
#10643=CLOSED_SHELL('',(#10378,#10379,#10380,#10381,#10382,#10383));
#10644=CLOSED_SHELL('',(#10384,#10385,#10386,#10387,#10388,#10389,#10390,
#10391,#10392,#10393,#10394,#10395,#10396,#10397,#10398,#10399,#10400,#10401,
#10402,#10403,#10404,#10405,#10406,#10407,#10408,#10409,#10410,#10411,#10412,
#10413,#10414,#10415,#10416,#10417,#10418,#10419,#10420,#10421,#10422,#10423,
#10424,#10425,#10426,#10427));
#10645=CLOSED_SHELL('',(#10428,#10429,#10430,#10431,#10432,#10433,#10434,
#10435,#10436,#10437,#10438,#10439,#10440,#10441,#10442,#10443,#10444,#10445,
#10446,#10447,#10448,#10449,#10450,#10451,#10452,#10453,#10454,#10455,#10456,
#10457,#10458,#10459,#10460,#10461,#10462,#10463,#10464,#10465,#10466,#10467));
#10646=CLOSED_SHELL('',(#10468,#10469,#10470,#10471,#10472,#10473,#10474,
#10475,#10476,#10477,#10478,#10479,#10480,#10481,#10482,#10483,#10484,#10485,
#10486,#10487,#10488,#10489,#10490,#10491,#10492,#10493,#10494,#10495,#10496,
#10497,#10498,#10499,#10500,#10501,#10502,#10503,#10504,#10505,#10506,#10507,
#10508,#10509,#10510,#10511,#10512,#10513,#10514,#10515,#10516,#10517,#10518,
#10519,#10520,#10521,#10522,#10523,#10524,#10525,#10526,#10527,#10528,#10529,
#10530,#10531,#10532,#10533,#10534,#10535,#10536,#10537,#10538,#10539,#10540,
#10541,#10542,#10543,#10544,#10545,#10546,#10547,#10548,#10549,#10550,#10551,
#10552,#10553,#10554,#10555,#10556,#10557,#10558,#10559,#10560,#10561,#10562,
#10563,#10564,#10565,#10566,#10567,#10568,#10569,#10570,#10571,#10572,#10573,
#10574,#10575,#10576,#10577,#10578,#10579,#10580,#10581,#10582,#10583,#10584,
#10585,#10586,#10587,#10588,#10589,#10590,#10591,#10592,#10593));
#10647=CLOSED_SHELL('',(#10594,#10595,#10596,#10597,#10598,#10599,#10600,
#10601,#10602,#10603,#10604,#10605,#10606,#10607,#10608,#10609));
#10648=CLOSED_SHELL('',(#10610,#10611,#10612,#10613,#10614,#10615,#10616,
#10617,#10618,#10619,#10620,#10621,#10622,#10623,#10624,#10625,#10626,#10627,
#10628,#10629,#10630,#10631,#10632,#10633,#10634,#10635));
#10649=DERIVED_UNIT_ELEMENT(#10669,1.);
#10650=DERIVED_UNIT_ELEMENT(#17527,-3.);
#10651=DERIVED_UNIT_ELEMENT(#10669,1.);
#10652=DERIVED_UNIT_ELEMENT(#17527,-3.);
#10653=DERIVED_UNIT_ELEMENT(#10669,1.);
#10654=DERIVED_UNIT_ELEMENT(#17527,-3.);
#10655=DERIVED_UNIT_ELEMENT(#10669,1.);
#10656=DERIVED_UNIT_ELEMENT(#17527,-3.);
#10657=DERIVED_UNIT_ELEMENT(#10669,1.);
#10658=DERIVED_UNIT_ELEMENT(#17527,-3.);
#10659=DERIVED_UNIT_ELEMENT(#10669,1.);
#10660=DERIVED_UNIT_ELEMENT(#17527,-3.);
#10661=DERIVED_UNIT_ELEMENT(#10669,1.);
#10662=DERIVED_UNIT_ELEMENT(#17527,-3.);
#10663=DERIVED_UNIT_ELEMENT(#10669,1.);
#10664=DERIVED_UNIT_ELEMENT(#17527,-3.);
#10665=DERIVED_UNIT_ELEMENT(#10669,1.);
#10666=DERIVED_UNIT_ELEMENT(#17527,-3.);
#10667=DERIVED_UNIT_ELEMENT(#10669,1.);
#10668=DERIVED_UNIT_ELEMENT(#17527,-3.);
#10669=(
MASS_UNIT()
NAMED_UNIT(*)
SI_UNIT(.KILO.,.GRAM.)
);
#10670=DERIVED_UNIT((#10649,#10650));
#10671=DERIVED_UNIT((#10651,#10652));
#10672=DERIVED_UNIT((#10653,#10654));
#10673=DERIVED_UNIT((#10655,#10656));
#10674=DERIVED_UNIT((#10657,#10658));
#10675=DERIVED_UNIT((#10659,#10660));
#10676=DERIVED_UNIT((#10661,#10662));
#10677=DERIVED_UNIT((#10663,#10664));
#10678=DERIVED_UNIT((#10665,#10666));
#10679=DERIVED_UNIT((#10667,#10668));
#10680=MEASURE_REPRESENTATION_ITEM('density measure',
POSITIVE_RATIO_MEASURE(7850.),#10670);
#10681=MEASURE_REPRESENTATION_ITEM('density measure',
POSITIVE_RATIO_MEASURE(7850.),#10671);
#10682=MEASURE_REPRESENTATION_ITEM('density measure',
POSITIVE_RATIO_MEASURE(7850.),#10672);
#10683=MEASURE_REPRESENTATION_ITEM('density measure',
POSITIVE_RATIO_MEASURE(7850.),#10673);
#10684=MEASURE_REPRESENTATION_ITEM('density measure',
POSITIVE_RATIO_MEASURE(7850.),#10674);
#10685=MEASURE_REPRESENTATION_ITEM('density measure',
POSITIVE_RATIO_MEASURE(7850.),#10675);
#10686=MEASURE_REPRESENTATION_ITEM('density measure',
POSITIVE_RATIO_MEASURE(7850.),#10676);
#10687=MEASURE_REPRESENTATION_ITEM('density measure',
POSITIVE_RATIO_MEASURE(7850.),#10677);
#10688=MEASURE_REPRESENTATION_ITEM('density measure',
POSITIVE_RATIO_MEASURE(7850.),#10678);
#10689=MEASURE_REPRESENTATION_ITEM('density measure',
POSITIVE_RATIO_MEASURE(7850.),#10679);
#10690=PROPERTY_DEFINITION_REPRESENTATION(#10740,#10710);
#10691=PROPERTY_DEFINITION_REPRESENTATION(#10741,#10711);
#10692=PROPERTY_DEFINITION_REPRESENTATION(#10742,#10712);
#10693=PROPERTY_DEFINITION_REPRESENTATION(#10743,#10713);
#10694=PROPERTY_DEFINITION_REPRESENTATION(#10744,#10714);
#10695=PROPERTY_DEFINITION_REPRESENTATION(#10745,#10715);
#10696=PROPERTY_DEFINITION_REPRESENTATION(#10746,#10716);
#10697=PROPERTY_DEFINITION_REPRESENTATION(#10747,#10717);
#10698=PROPERTY_DEFINITION_REPRESENTATION(#10748,#10718);
#10699=PROPERTY_DEFINITION_REPRESENTATION(#10749,#10719);
#10700=PROPERTY_DEFINITION_REPRESENTATION(#10750,#10720);
#10701=PROPERTY_DEFINITION_REPRESENTATION(#10751,#10721);
#10702=PROPERTY_DEFINITION_REPRESENTATION(#10752,#10722);
#10703=PROPERTY_DEFINITION_REPRESENTATION(#10753,#10723);
#10704=PROPERTY_DEFINITION_REPRESENTATION(#10754,#10724);
#10705=PROPERTY_DEFINITION_REPRESENTATION(#10755,#10725);
#10706=PROPERTY_DEFINITION_REPRESENTATION(#10756,#10726);
#10707=PROPERTY_DEFINITION_REPRESENTATION(#10757,#10727);
#10708=PROPERTY_DEFINITION_REPRESENTATION(#10758,#10728);
#10709=PROPERTY_DEFINITION_REPRESENTATION(#10759,#10729);
#10710=REPRESENTATION('material name',(#10730),#17510);
#10711=REPRESENTATION('density',(#10680),#17510);
#10712=REPRESENTATION('material name',(#10731),#17512);
#10713=REPRESENTATION('density',(#10681),#17512);
#10714=REPRESENTATION('material name',(#10732),#17514);
#10715=REPRESENTATION('density',(#10682),#17514);
#10716=REPRESENTATION('material name',(#10733),#17517);
#10717=REPRESENTATION('density',(#10683),#17517);
#10718=REPRESENTATION('material name',(#10734),#17518);
#10719=REPRESENTATION('density',(#10684),#17518);
#10720=REPRESENTATION('material name',(#10735),#17519);
#10721=REPRESENTATION('density',(#10685),#17519);
#10722=REPRESENTATION('material name',(#10736),#17520);
#10723=REPRESENTATION('density',(#10686),#17520);
#10724=REPRESENTATION('material name',(#10737),#17521);
#10725=REPRESENTATION('density',(#10687),#17521);
#10726=REPRESENTATION('material name',(#10738),#17522);
#10727=REPRESENTATION('density',(#10688),#17522);
#10728=REPRESENTATION('material name',(#10739),#17524);
#10729=REPRESENTATION('density',(#10689),#17524);
#10730=DESCRIPTIVE_REPRESENTATION_ITEM('Steel','Steel');
#10731=DESCRIPTIVE_REPRESENTATION_ITEM('Steel','Steel');
#10732=DESCRIPTIVE_REPRESENTATION_ITEM('Steel','Steel');
#10733=DESCRIPTIVE_REPRESENTATION_ITEM('Steel','Steel');
#10734=DESCRIPTIVE_REPRESENTATION_ITEM('Steel','Steel');
#10735=DESCRIPTIVE_REPRESENTATION_ITEM('Steel','Steel');
#10736=DESCRIPTIVE_REPRESENTATION_ITEM('Steel','Steel');
#10737=DESCRIPTIVE_REPRESENTATION_ITEM('Steel','Steel');
#10738=DESCRIPTIVE_REPRESENTATION_ITEM('Steel','Steel');
#10739=DESCRIPTIVE_REPRESENTATION_ITEM('Steel','Steel');
#10740=PROPERTY_DEFINITION('material property','material name',#17601);
#10741=PROPERTY_DEFINITION('material property','density of part',#17601);
#10742=PROPERTY_DEFINITION('material property','material name',#17603);
#10743=PROPERTY_DEFINITION('material property','density of part',#17603);
#10744=PROPERTY_DEFINITION('material property','material name',#17605);
#10745=PROPERTY_DEFINITION('material property','density of part',#17605);
#10746=PROPERTY_DEFINITION('material property','material name',#17608);
#10747=PROPERTY_DEFINITION('material property','density of part',#17608);
#10748=PROPERTY_DEFINITION('material property','material name',#17609);
#10749=PROPERTY_DEFINITION('material property','density of part',#17609);
#10750=PROPERTY_DEFINITION('material property','material name',#17610);
#10751=PROPERTY_DEFINITION('material property','density of part',#17610);
#10752=PROPERTY_DEFINITION('material property','material name',#17611);
#10753=PROPERTY_DEFINITION('material property','density of part',#17611);
#10754=PROPERTY_DEFINITION('material property','material name',#17612);
#10755=PROPERTY_DEFINITION('material property','density of part',#17612);
#10756=PROPERTY_DEFINITION('material property','material name',#17613);
#10757=PROPERTY_DEFINITION('material property','density of part',#17613);
#10758=PROPERTY_DEFINITION('material property','material name',#17615);
#10759=PROPERTY_DEFINITION('material property','density of part',#17615);
#10760=AXIS2_PLACEMENT_3D('',#14449,#11585,#11586);
#10761=AXIS2_PLACEMENT_3D('',#14450,#11587,#11588);
#10762=AXIS2_PLACEMENT_3D('',#14451,#11589,#11590);
#10763=AXIS2_PLACEMENT_3D('',#14452,#11591,#11592);
#10764=AXIS2_PLACEMENT_3D('',#14477,#11605,#11606);
#10765=AXIS2_PLACEMENT_3D('',#14527,#11632,#11633);
#10766=AXIS2_PLACEMENT_3D('',#14531,#11636,#11637);
#10767=AXIS2_PLACEMENT_3D('',#14535,#11640,#11641);
#10768=AXIS2_PLACEMENT_3D('',#14539,#11644,#11645);
#10769=AXIS2_PLACEMENT_3D('',#14543,#11648,#11649);
#10770=AXIS2_PLACEMENT_3D('',#14580,#11669,#11670);
#10771=AXIS2_PLACEMENT_3D('',#14592,#11677,#11678);
#10772=AXIS2_PLACEMENT_3D('',#14596,#11681,#11682);
#10773=AXIS2_PLACEMENT_3D('',#14600,#11685,#11686);
#10774=AXIS2_PLACEMENT_3D('',#14604,#11689,#11690);
#10775=AXIS2_PLACEMENT_3D('',#14608,#11693,#11694);
#10776=AXIS2_PLACEMENT_3D('',#14635,#11711,#11712);
#10777=AXIS2_PLACEMENT_3D('',#14650,#11721,#11722);
#10778=AXIS2_PLACEMENT_3D('',#14654,#11725,#11726);
#10779=AXIS2_PLACEMENT_3D('',#14660,#11730,#11731);
#10780=AXIS2_PLACEMENT_3D('',#14664,#11734,#11735);
#10781=AXIS2_PLACEMENT_3D('',#14670,#11739,#11740);
#10782=AXIS2_PLACEMENT_3D('',#14674,#11743,#11744);
#10783=AXIS2_PLACEMENT_3D('',#14682,#11749,#11750);
#10784=AXIS2_PLACEMENT_3D('',#14686,#11753,#11754);
#10785=AXIS2_PLACEMENT_3D('',#14692,#11758,#11759);
#10786=AXIS2_PLACEMENT_3D('',#14700,#11764,#11765);
#10787=AXIS2_PLACEMENT_3D('',#14704,#11768,#11769);
#10788=AXIS2_PLACEMENT_3D('',#14710,#11773,#11774);
#10789=AXIS2_PLACEMENT_3D('',#14718,#11779,#11780);
#10790=AXIS2_PLACEMENT_3D('',#14722,#11783,#11784);
#10791=AXIS2_PLACEMENT_3D('',#14728,#11788,#11789);
#10792=AXIS2_PLACEMENT_3D('',#14736,#11794,#11795);
#10793=AXIS2_PLACEMENT_3D('',#14740,#11798,#11799);
#10794=AXIS2_PLACEMENT_3D('',#14746,#11803,#11804);
#10795=AXIS2_PLACEMENT_3D('',#14750,#11807,#11808);
#10796=AXIS2_PLACEMENT_3D('',#14752,#11810,#11811);
#10797=AXIS2_PLACEMENT_3D('',#14756,#11814,#11815);
#10798=AXIS2_PLACEMENT_3D('',#14760,#11818,#11819);
#10799=AXIS2_PLACEMENT_3D('',#14771,#11826,#11827);
#10800=AXIS2_PLACEMENT_3D('',#14775,#11830,#11831);
#10801=AXIS2_PLACEMENT_3D('',#14779,#11834,#11835);
#10802=AXIS2_PLACEMENT_3D('',#14781,#11837,#11838);
#10803=AXIS2_PLACEMENT_3D('',#14785,#11841,#11842);
#10804=AXIS2_PLACEMENT_3D('',#14794,#11848,#11849);
#10805=AXIS2_PLACEMENT_3D('',#14798,#11852,#11853);
#10806=AXIS2_PLACEMENT_3D('',#14802,#11856,#11857);
#10807=AXIS2_PLACEMENT_3D('',#14804,#11859,#11860);
#10808=AXIS2_PLACEMENT_3D('',#14806,#11862,#11863);
#10809=AXIS2_PLACEMENT_3D('',#14814,#11868,#11869);
#10810=AXIS2_PLACEMENT_3D('',#14816,#11871,#11872);
#10811=AXIS2_PLACEMENT_3D('',#14817,#11873,#11874);
#10812=AXIS2_PLACEMENT_3D('',#14819,#11876,#11877);
#10813=AXIS2_PLACEMENT_3D('',#14821,#11879,#11880);
#10814=AXIS2_PLACEMENT_3D('',#14823,#11882,#11883);
#10815=AXIS2_PLACEMENT_3D('',#14825,#11885,#11886);
#10816=AXIS2_PLACEMENT_3D('',#14827,#11888,#11889);
#10817=AXIS2_PLACEMENT_3D('',#14831,#11892,#11893);
#10818=AXIS2_PLACEMENT_3D('',#14833,#11895,#11896);
#10819=AXIS2_PLACEMENT_3D('',#14835,#11898,#11899);
#10820=AXIS2_PLACEMENT_3D('',#14836,#11900,#11901);
#10821=AXIS2_PLACEMENT_3D('',#14838,#11903,#11904);
#10822=AXIS2_PLACEMENT_3D('',#14839,#11905,#11906);
#10823=AXIS2_PLACEMENT_3D('',#14840,#11907,#11908);
#10824=AXIS2_PLACEMENT_3D('',#14842,#11910,#11911);
#10825=AXIS2_PLACEMENT_3D('',#14843,#11912,#11913);
#10826=AXIS2_PLACEMENT_3D('',#14845,#11915,#11916);
#10827=AXIS2_PLACEMENT_3D('',#14846,#11917,#11918);
#10828=AXIS2_PLACEMENT_3D('',#14848,#11920,#11921);
#10829=AXIS2_PLACEMENT_3D('',#14849,#11922,#11923);
#10830=AXIS2_PLACEMENT_3D('',#14851,#11925,#11926);
#10831=AXIS2_PLACEMENT_3D('',#14852,#11927,#11928);
#10832=AXIS2_PLACEMENT_3D('',#14853,#11929,#11930);
#10833=AXIS2_PLACEMENT_3D('',#14886,#11947,#11948);
#10834=AXIS2_PLACEMENT_3D('',#14887,#11949,#11950);
#10835=AXIS2_PLACEMENT_3D('',#14893,#11954,#11955);
#10836=AXIS2_PLACEMENT_3D('',#14897,#11958,#11959);
#10837=AXIS2_PLACEMENT_3D('',#14901,#11962,#11963);
#10838=AXIS2_PLACEMENT_3D('',#14903,#11965,#11966);
#10839=AXIS2_PLACEMENT_3D('',#14909,#11970,#11971);
#10840=AXIS2_PLACEMENT_3D('',#14913,#11974,#11975);
#10841=AXIS2_PLACEMENT_3D('',#14917,#11978,#11979);
#10842=AXIS2_PLACEMENT_3D('',#14919,#11981,#11982);
#10843=AXIS2_PLACEMENT_3D('',#14925,#11986,#11987);
#10844=AXIS2_PLACEMENT_3D('',#14929,#11990,#11991);
#10845=AXIS2_PLACEMENT_3D('',#14933,#11994,#11995);
#10846=AXIS2_PLACEMENT_3D('',#14935,#11997,#11998);
#10847=AXIS2_PLACEMENT_3D('',#14941,#12002,#12003);
#10848=AXIS2_PLACEMENT_3D('',#14945,#12006,#12007);
#10849=AXIS2_PLACEMENT_3D('',#14949,#12010,#12011);
#10850=AXIS2_PLACEMENT_3D('',#14951,#12013,#12014);
#10851=AXIS2_PLACEMENT_3D('',#14952,#12015,#12016);
#10852=AXIS2_PLACEMENT_3D('',#14953,#12017,#12018);
#10853=AXIS2_PLACEMENT_3D('',#14954,#12019,#12020);
#10854=AXIS2_PLACEMENT_3D('',#14955,#12021,#12022);
#10855=AXIS2_PLACEMENT_3D('',#14956,#12023,#12024);
#10856=AXIS2_PLACEMENT_3D('',#14957,#12025,#12026);
#10857=AXIS2_PLACEMENT_3D('',#14958,#12027,#12028);
#10858=AXIS2_PLACEMENT_3D('',#14963,#12030,#12031);
#10859=AXIS2_PLACEMENT_3D('',#14967,#12033,#12034);
#10860=AXIS2_PLACEMENT_3D('',#14971,#12036,#12037);
#10861=AXIS2_PLACEMENT_3D('',#14974,#12039,#12040);
#10862=AXIS2_PLACEMENT_3D('',#14975,#12041,#12042);
#10863=AXIS2_PLACEMENT_3D('',#14981,#12046,#12047);
#10864=AXIS2_PLACEMENT_3D('',#14984,#12049,#12050);
#10865=AXIS2_PLACEMENT_3D('',#14985,#12051,#12052);
#10866=AXIS2_PLACEMENT_3D('',#14987,#12053,#12054);
#10867=AXIS2_PLACEMENT_3D('',#14989,#12056,#12057);
#10868=AXIS2_PLACEMENT_3D('',#14993,#12060,#12061);
#10869=AXIS2_PLACEMENT_3D('',#14997,#12064,#12065);
#10870=AXIS2_PLACEMENT_3D('',#15000,#12067,#12068);
#10871=AXIS2_PLACEMENT_3D('',#15001,#12069,#12070);
#10872=AXIS2_PLACEMENT_3D('',#15003,#12071,#12072);
#10873=AXIS2_PLACEMENT_3D('',#15005,#12074,#12075);
#10874=AXIS2_PLACEMENT_3D('',#15007,#12077,#12078);
#10875=AXIS2_PLACEMENT_3D('',#15010,#12079,#12080);
#10876=AXIS2_PLACEMENT_3D('',#15014,#12082,#12083);
#10877=AXIS2_PLACEMENT_3D('',#15018,#12085,#12086);
#10878=AXIS2_PLACEMENT_3D('',#15022,#12088,#12089);
#10879=AXIS2_PLACEMENT_3D('',#15024,#12091,#12092);
#10880=AXIS2_PLACEMENT_3D('',#15028,#12094,#12095);
#10881=AXIS2_PLACEMENT_3D('',#15030,#12097,#12098);
#10882=AXIS2_PLACEMENT_3D('',#15034,#12101,#12102);
#10883=AXIS2_PLACEMENT_3D('',#15037,#12104,#12105);
#10884=AXIS2_PLACEMENT_3D('',#15038,#12106,#12107);
#10885=AXIS2_PLACEMENT_3D('',#15042,#12110,#12111);
#10886=AXIS2_PLACEMENT_3D('',#15045,#12113,#12114);
#10887=AXIS2_PLACEMENT_3D('',#15046,#12115,#12116);
#10888=AXIS2_PLACEMENT_3D('',#15050,#12119,#12120);
#10889=AXIS2_PLACEMENT_3D('',#15053,#12122,#12123);
#10890=AXIS2_PLACEMENT_3D('',#15054,#12124,#12125);
#10891=AXIS2_PLACEMENT_3D('',#15056,#12127,#12128);
#10892=AXIS2_PLACEMENT_3D('',#15061,#12130,#12131);
#10893=AXIS2_PLACEMENT_3D('',#15065,#12133,#12134);
#10894=AXIS2_PLACEMENT_3D('',#15069,#12136,#12137);
#10895=AXIS2_PLACEMENT_3D('',#15072,#12139,#12140);
#10896=AXIS2_PLACEMENT_3D('',#15073,#12141,#12142);
#10897=AXIS2_PLACEMENT_3D('',#15079,#12146,#12147);
#10898=AXIS2_PLACEMENT_3D('',#15082,#12149,#12150);
#10899=AXIS2_PLACEMENT_3D('',#15083,#12151,#12152);
#10900=AXIS2_PLACEMENT_3D('',#15085,#12153,#12154);
#10901=AXIS2_PLACEMENT_3D('',#15087,#12156,#12157);
#10902=AXIS2_PLACEMENT_3D('',#15091,#12160,#12161);
#10903=AXIS2_PLACEMENT_3D('',#15095,#12164,#12165);
#10904=AXIS2_PLACEMENT_3D('',#15098,#12167,#12168);
#10905=AXIS2_PLACEMENT_3D('',#15099,#12169,#12170);
#10906=AXIS2_PLACEMENT_3D('',#15101,#12171,#12172);
#10907=AXIS2_PLACEMENT_3D('',#15103,#12174,#12175);
#10908=AXIS2_PLACEMENT_3D('',#15105,#12177,#12178);
#10909=AXIS2_PLACEMENT_3D('',#15106,#12179,#12180);
#10910=AXIS2_PLACEMENT_3D('',#15107,#12181,#12182);
#10911=AXIS2_PLACEMENT_3D('',#15108,#12183,#12184);
#10912=AXIS2_PLACEMENT_3D('',#15109,#12185,#12186);
#10913=AXIS2_PLACEMENT_3D('',#15118,#12191,#12192);
#10914=AXIS2_PLACEMENT_3D('',#15132,#12200,#12201);
#10915=AXIS2_PLACEMENT_3D('',#15136,#12204,#12205);
#10916=AXIS2_PLACEMENT_3D('',#15142,#12209,#12210);
#10917=AXIS2_PLACEMENT_3D('',#15146,#12213,#12214);
#10918=AXIS2_PLACEMENT_3D('',#15162,#12223,#12224);
#10919=AXIS2_PLACEMENT_3D('',#15178,#12233,#12234);
#10920=AXIS2_PLACEMENT_3D('',#15182,#12237,#12238);
#10921=AXIS2_PLACEMENT_3D('',#15186,#12241,#12242);
#10922=AXIS2_PLACEMENT_3D('',#15188,#12244,#12245);
#10923=AXIS2_PLACEMENT_3D('',#15192,#12248,#12249);
#10924=AXIS2_PLACEMENT_3D('',#15212,#12260,#12261);
#10925=AXIS2_PLACEMENT_3D('',#15214,#12263,#12264);
#10926=AXIS2_PLACEMENT_3D('',#15220,#12268,#12269);
#10927=AXIS2_PLACEMENT_3D('',#15226,#12273,#12274);
#10928=AXIS2_PLACEMENT_3D('',#15232,#12278,#12279);
#10929=AXIS2_PLACEMENT_3D('',#15238,#12283,#12284);
#10930=AXIS2_PLACEMENT_3D('',#15244,#12288,#12289);
#10931=AXIS2_PLACEMENT_3D('',#15250,#12293,#12294);
#10932=AXIS2_PLACEMENT_3D('',#15252,#12296,#12297);
#10933=AXIS2_PLACEMENT_3D('',#15254,#12299,#12300);
#10934=AXIS2_PLACEMENT_3D('',#15260,#12304,#12305);
#10935=AXIS2_PLACEMENT_3D('',#15266,#12309,#12310);
#10936=AXIS2_PLACEMENT_3D('',#15272,#12314,#12315);
#10937=AXIS2_PLACEMENT_3D('',#15278,#12319,#12320);
#10938=AXIS2_PLACEMENT_3D('',#15284,#12324,#12325);
#10939=AXIS2_PLACEMENT_3D('',#15290,#12329,#12330);
#10940=AXIS2_PLACEMENT_3D('',#15294,#12333,#12334);
#10941=AXIS2_PLACEMENT_3D('',#15298,#12337,#12338);
#10942=AXIS2_PLACEMENT_3D('',#15300,#12340,#12341);
#10943=AXIS2_PLACEMENT_3D('',#15309,#12347,#12348);
#10944=AXIS2_PLACEMENT_3D('',#15325,#12357,#12358);
#10945=AXIS2_PLACEMENT_3D('',#15329,#12361,#12362);
#10946=AXIS2_PLACEMENT_3D('',#15333,#12365,#12366);
#10947=AXIS2_PLACEMENT_3D('',#15337,#12369,#12370);
#10948=AXIS2_PLACEMENT_3D('',#15353,#12379,#12380);
#10949=AXIS2_PLACEMENT_3D('',#15360,#12385,#12386);
#10950=AXIS2_PLACEMENT_3D('',#15368,#12392,#12393);
#10951=AXIS2_PLACEMENT_3D('',#15372,#12395,#12396);
#10952=AXIS2_PLACEMENT_3D('',#15376,#12398,#12399);
#10953=AXIS2_PLACEMENT_3D('',#15384,#12403,#12404);
#10954=AXIS2_PLACEMENT_3D('',#15387,#12406,#12407);
#10955=AXIS2_PLACEMENT_3D('',#15388,#12408,#12409);
#10956=AXIS2_PLACEMENT_3D('',#15391,#12411,#12412);
#10957=AXIS2_PLACEMENT_3D('',#15392,#12413,#12414);
#10958=AXIS2_PLACEMENT_3D('',#15396,#12416,#12417);
#10959=AXIS2_PLACEMENT_3D('',#15404,#12421,#12422);
#10960=AXIS2_PLACEMENT_3D('',#15408,#12424,#12425);
#10961=AXIS2_PLACEMENT_3D('',#15410,#12427,#12428);
#10962=AXIS2_PLACEMENT_3D('',#15413,#12431,#12432);
#10963=AXIS2_PLACEMENT_3D('',#15417,#12434,#12435);
#10964=AXIS2_PLACEMENT_3D('',#15421,#12437,#12438);
#10965=AXIS2_PLACEMENT_3D('',#15429,#12442,#12443);
#10966=AXIS2_PLACEMENT_3D('',#15432,#12445,#12446);
#10967=AXIS2_PLACEMENT_3D('',#15433,#12447,#12448);
#10968=AXIS2_PLACEMENT_3D('',#15436,#12450,#12451);
#10969=AXIS2_PLACEMENT_3D('',#15437,#12452,#12453);
#10970=AXIS2_PLACEMENT_3D('',#15441,#12455,#12456);
#10971=AXIS2_PLACEMENT_3D('',#15449,#12460,#12461);
#10972=AXIS2_PLACEMENT_3D('',#15453,#12463,#12464);
#10973=AXIS2_PLACEMENT_3D('',#15455,#12466,#12467);
#10974=AXIS2_PLACEMENT_3D('',#15457,#12469,#12470);
#10975=AXIS2_PLACEMENT_3D('',#15459,#12471,#12472);
#10976=AXIS2_PLACEMENT_3D('',#15463,#12474,#12475);
#10977=AXIS2_PLACEMENT_3D('',#15471,#12479,#12480);
#10978=AXIS2_PLACEMENT_3D('',#15474,#12482,#12483);
#10979=AXIS2_PLACEMENT_3D('',#15475,#12484,#12485);
#10980=AXIS2_PLACEMENT_3D('',#15478,#12487,#12488);
#10981=AXIS2_PLACEMENT_3D('',#15479,#12489,#12490);
#10982=AXIS2_PLACEMENT_3D('',#15483,#12492,#12493);
#10983=AXIS2_PLACEMENT_3D('',#15491,#12497,#12498);
#10984=AXIS2_PLACEMENT_3D('',#15494,#12500,#12501);
#10985=AXIS2_PLACEMENT_3D('',#15495,#12502,#12503);
#10986=AXIS2_PLACEMENT_3D('',#15497,#12504,#12505);
#10987=AXIS2_PLACEMENT_3D('',#15501,#12507,#12508);
#10988=AXIS2_PLACEMENT_3D('',#15509,#12512,#12513);
#10989=AXIS2_PLACEMENT_3D('',#15512,#12515,#12516);
#10990=AXIS2_PLACEMENT_3D('',#15513,#12517,#12518);
#10991=AXIS2_PLACEMENT_3D('',#15516,#12520,#12521);
#10992=AXIS2_PLACEMENT_3D('',#15517,#12522,#12523);
#10993=AXIS2_PLACEMENT_3D('',#15521,#12525,#12526);
#10994=AXIS2_PLACEMENT_3D('',#15529,#12530,#12531);
#10995=AXIS2_PLACEMENT_3D('',#15532,#12533,#12534);
#10996=AXIS2_PLACEMENT_3D('',#15533,#12535,#12536);
#10997=AXIS2_PLACEMENT_3D('',#15535,#12538,#12539);
#10998=AXIS2_PLACEMENT_3D('',#15539,#12541,#12542);
#10999=AXIS2_PLACEMENT_3D('',#15543,#12544,#12545);
#11000=AXIS2_PLACEMENT_3D('',#15551,#12549,#12550);
#11001=AXIS2_PLACEMENT_3D('',#15554,#12552,#12553);
#11002=AXIS2_PLACEMENT_3D('',#15555,#12554,#12555);
#11003=AXIS2_PLACEMENT_3D('',#15558,#12557,#12558);
#11004=AXIS2_PLACEMENT_3D('',#15559,#12559,#12560);
#11005=AXIS2_PLACEMENT_3D('',#15563,#12562,#12563);
#11006=AXIS2_PLACEMENT_3D('',#15571,#12567,#12568);
#11007=AXIS2_PLACEMENT_3D('',#15575,#12570,#12571);
#11008=AXIS2_PLACEMENT_3D('',#15577,#12573,#12574);
#11009=AXIS2_PLACEMENT_3D('',#15580,#12577,#12578);
#11010=AXIS2_PLACEMENT_3D('',#15584,#12580,#12581);
#11011=AXIS2_PLACEMENT_3D('',#15588,#12583,#12584);
#11012=AXIS2_PLACEMENT_3D('',#15596,#12588,#12589);
#11013=AXIS2_PLACEMENT_3D('',#15599,#12591,#12592);
#11014=AXIS2_PLACEMENT_3D('',#15600,#12593,#12594);
#11015=AXIS2_PLACEMENT_3D('',#15603,#12596,#12597);
#11016=AXIS2_PLACEMENT_3D('',#15604,#12598,#12599);
#11017=AXIS2_PLACEMENT_3D('',#15608,#12601,#12602);
#11018=AXIS2_PLACEMENT_3D('',#15616,#12606,#12607);
#11019=AXIS2_PLACEMENT_3D('',#15620,#12609,#12610);
#11020=AXIS2_PLACEMENT_3D('',#15622,#12612,#12613);
#11021=AXIS2_PLACEMENT_3D('',#15624,#12615,#12616);
#11022=AXIS2_PLACEMENT_3D('',#15626,#12618,#12619);
#11023=AXIS2_PLACEMENT_3D('',#15628,#12621,#12622);
#11024=AXIS2_PLACEMENT_3D('',#15635,#12626,#12627);
#11025=AXIS2_PLACEMENT_3D('',#15636,#12628,#12629);
#11026=AXIS2_PLACEMENT_3D('',#15638,#12631,#12632);
#11027=AXIS2_PLACEMENT_3D('',#15640,#12634,#12635);
#11028=AXIS2_PLACEMENT_3D('',#15642,#12637,#12638);
#11029=AXIS2_PLACEMENT_3D('',#15644,#12640,#12641);
#11030=AXIS2_PLACEMENT_3D('',#15646,#12643,#12644);
#11031=AXIS2_PLACEMENT_3D('',#15647,#12645,#12646);
#11032=AXIS2_PLACEMENT_3D('',#15649,#12648,#12649);
#11033=AXIS2_PLACEMENT_3D('',#15651,#12651,#12652);
#11034=AXIS2_PLACEMENT_3D('',#15653,#12654,#12655);
#11035=AXIS2_PLACEMENT_3D('',#15655,#12657,#12658);
#11036=AXIS2_PLACEMENT_3D('',#15657,#12660,#12661);
#11037=AXIS2_PLACEMENT_3D('',#15659,#12663,#12664);
#11038=AXIS2_PLACEMENT_3D('',#15661,#12666,#12667);
#11039=AXIS2_PLACEMENT_3D('',#15662,#12668,#12669);
#11040=AXIS2_PLACEMENT_3D('',#15664,#12671,#12672);
#11041=AXIS2_PLACEMENT_3D('',#15666,#12674,#12675);
#11042=AXIS2_PLACEMENT_3D('',#15668,#12677,#12678);
#11043=AXIS2_PLACEMENT_3D('',#15670,#12680,#12681);
#11044=AXIS2_PLACEMENT_3D('',#15672,#12683,#12684);
#11045=AXIS2_PLACEMENT_3D('',#15674,#12686,#12687);
#11046=AXIS2_PLACEMENT_3D('',#15676,#12689,#12690);
#11047=AXIS2_PLACEMENT_3D('',#15677,#12691,#12692);
#11048=AXIS2_PLACEMENT_3D('',#15679,#12694,#12695);
#11049=AXIS2_PLACEMENT_3D('',#15681,#12697,#12698);
#11050=AXIS2_PLACEMENT_3D('',#15683,#12700,#12701);
#11051=AXIS2_PLACEMENT_3D('',#15685,#12703,#12704);
#11052=AXIS2_PLACEMENT_3D('',#15687,#12706,#12707);
#11053=AXIS2_PLACEMENT_3D('',#15689,#12709,#12710);
#11054=AXIS2_PLACEMENT_3D('',#15690,#12711,#12712);
#11055=AXIS2_PLACEMENT_3D('',#15692,#12714,#12715);
#11056=AXIS2_PLACEMENT_3D('',#15694,#12717,#12718);
#11057=AXIS2_PLACEMENT_3D('',#15696,#12720,#12721);
#11058=AXIS2_PLACEMENT_3D('',#15698,#12723,#12724);
#11059=AXIS2_PLACEMENT_3D('',#15700,#12726,#12727);
#11060=AXIS2_PLACEMENT_3D('',#15702,#12729,#12730);
#11061=AXIS2_PLACEMENT_3D('',#15703,#12731,#12732);
#11062=AXIS2_PLACEMENT_3D('',#15705,#12734,#12735);
#11063=AXIS2_PLACEMENT_3D('',#15707,#12737,#12738);
#11064=AXIS2_PLACEMENT_3D('',#15709,#12740,#12741);
#11065=AXIS2_PLACEMENT_3D('',#15711,#12743,#12744);
#11066=AXIS2_PLACEMENT_3D('',#15713,#12746,#12747);
#11067=AXIS2_PLACEMENT_3D('',#15715,#12749,#12750);
#11068=AXIS2_PLACEMENT_3D('',#15717,#12752,#12753);
#11069=AXIS2_PLACEMENT_3D('',#15718,#12754,#12755);
#11070=AXIS2_PLACEMENT_3D('',#15720,#12757,#12758);
#11071=AXIS2_PLACEMENT_3D('',#15722,#12760,#12761);
#11072=AXIS2_PLACEMENT_3D('',#15724,#12763,#12764);
#11073=AXIS2_PLACEMENT_3D('',#15726,#12766,#12767);
#11074=AXIS2_PLACEMENT_3D('',#15728,#12769,#12770);
#11075=AXIS2_PLACEMENT_3D('',#15730,#12772,#12773);
#11076=AXIS2_PLACEMENT_3D('',#15732,#12775,#12776);
#11077=AXIS2_PLACEMENT_3D('',#15733,#12777,#12778);
#11078=AXIS2_PLACEMENT_3D('',#15734,#12779,#12780);
#11079=AXIS2_PLACEMENT_3D('',#15735,#12781,#12782);
#11080=AXIS2_PLACEMENT_3D('',#15736,#12783,#12784);
#11081=AXIS2_PLACEMENT_3D('',#15737,#12785,#12786);
#11082=AXIS2_PLACEMENT_3D('',#15738,#12787,#12788);
#11083=AXIS2_PLACEMENT_3D('',#15751,#12795,#12796);
#11084=AXIS2_PLACEMENT_3D('',#15761,#12802,#12803);
#11085=AXIS2_PLACEMENT_3D('',#15763,#12804,#12805);
#11086=AXIS2_PLACEMENT_3D('',#15766,#12807,#12808);
#11087=AXIS2_PLACEMENT_3D('',#15767,#12809,#12810);
#11088=AXIS2_PLACEMENT_3D('',#15771,#12813,#12814);
#11089=AXIS2_PLACEMENT_3D('',#15778,#12818,#12819);
#11090=AXIS2_PLACEMENT_3D('',#15779,#12820,#12821);
#11091=AXIS2_PLACEMENT_3D('',#15788,#12827,#12828);
#11092=AXIS2_PLACEMENT_3D('',#15789,#12829,#12830);
#11093=AXIS2_PLACEMENT_3D('',#15791,#12831,#12832);
#11094=AXIS2_PLACEMENT_3D('',#15793,#12834,#12835);
#11095=AXIS2_PLACEMENT_3D('',#15796,#12838,#12839);
#11096=AXIS2_PLACEMENT_3D('',#15802,#12842,#12843);
#11097=AXIS2_PLACEMENT_3D('',#15808,#12846,#12847);
#11098=AXIS2_PLACEMENT_3D('',#15812,#12849,#12850);
#11099=AXIS2_PLACEMENT_3D('',#15817,#12853,#12854);
#11100=AXIS2_PLACEMENT_3D('',#15818,#12855,#12856);
#11101=AXIS2_PLACEMENT_3D('',#15820,#12858,#12859);
#11102=AXIS2_PLACEMENT_3D('',#15825,#12862,#12863);
#11103=AXIS2_PLACEMENT_3D('',#15826,#12864,#12865);
#11104=AXIS2_PLACEMENT_3D('',#15830,#12868,#12869);
#11105=AXIS2_PLACEMENT_3D('',#15831,#12870,#12871);
#11106=AXIS2_PLACEMENT_3D('',#15832,#12872,#12873);
#11107=AXIS2_PLACEMENT_3D('',#15836,#12875,#12876);
#11108=AXIS2_PLACEMENT_3D('',#15842,#12879,#12880);
#11109=AXIS2_PLACEMENT_3D('',#15846,#12882,#12883);
#11110=AXIS2_PLACEMENT_3D('',#15851,#12886,#12887);
#11111=AXIS2_PLACEMENT_3D('',#15852,#12888,#12889);
#11112=AXIS2_PLACEMENT_3D('',#15853,#12890,#12891);
#11113=AXIS2_PLACEMENT_3D('',#15855,#12893,#12894);
#11114=AXIS2_PLACEMENT_3D('',#15857,#12896,#12897);
#11115=AXIS2_PLACEMENT_3D('',#15859,#12899,#12900);
#11116=AXIS2_PLACEMENT_3D('',#15861,#12902,#12903);
#11117=AXIS2_PLACEMENT_3D('',#15863,#12905,#12906);
#11118=AXIS2_PLACEMENT_3D('',#15866,#12908,#12909);
#11119=AXIS2_PLACEMENT_3D('',#15867,#12910,#12911);
#11120=AXIS2_PLACEMENT_3D('',#15869,#12913,#12914);
#11121=AXIS2_PLACEMENT_3D('',#15871,#12916,#12917);
#11122=AXIS2_PLACEMENT_3D('',#15873,#12919,#12920);
#11123=AXIS2_PLACEMENT_3D('',#15874,#12921,#12922);
#11124=AXIS2_PLACEMENT_3D('',#15876,#12923,#12924);
#11125=AXIS2_PLACEMENT_3D('',#15878,#12926,#12927);
#11126=AXIS2_PLACEMENT_3D('',#15881,#12929,#12930);
#11127=AXIS2_PLACEMENT_3D('',#15882,#12931,#12932);
#11128=AXIS2_PLACEMENT_3D('',#15883,#12933,#12934);
#11129=AXIS2_PLACEMENT_3D('',#15884,#12935,#12936);
#11130=AXIS2_PLACEMENT_3D('',#15885,#12937,#12938);
#11131=AXIS2_PLACEMENT_3D('',#15894,#12943,#12944);
#11132=AXIS2_PLACEMENT_3D('',#15900,#12948,#12949);
#11133=AXIS2_PLACEMENT_3D('',#15906,#12953,#12954);
#11134=AXIS2_PLACEMENT_3D('',#15909,#12957,#12958);
#11135=AXIS2_PLACEMENT_3D('',#15910,#12959,#12960);
#11136=AXIS2_PLACEMENT_3D('',#15911,#12961,#12962);
#11137=AXIS2_PLACEMENT_3D('',#15912,#12963,#12964);
#11138=AXIS2_PLACEMENT_3D('',#15921,#12969,#12970);
#11139=AXIS2_PLACEMENT_3D('',#15927,#12974,#12975);
#11140=AXIS2_PLACEMENT_3D('',#15933,#12979,#12980);
#11141=AXIS2_PLACEMENT_3D('',#15939,#12984,#12985);
#11142=AXIS2_PLACEMENT_3D('',#15942,#12988,#12989);
#11143=AXIS2_PLACEMENT_3D('',#15943,#12990,#12991);
#11144=AXIS2_PLACEMENT_3D('',#15944,#12992,#12993);
#11145=AXIS2_PLACEMENT_3D('',#15945,#12994,#12995);
#11146=AXIS2_PLACEMENT_3D('',#15954,#13000,#13001);
#11147=AXIS2_PLACEMENT_3D('',#15960,#13005,#13006);
#11148=AXIS2_PLACEMENT_3D('',#15966,#13010,#13011);
#11149=AXIS2_PLACEMENT_3D('',#15969,#13014,#13015);
#11150=AXIS2_PLACEMENT_3D('',#15970,#13016,#13017);
#11151=AXIS2_PLACEMENT_3D('',#15971,#13018,#13019);
#11152=AXIS2_PLACEMENT_3D('',#15972,#13020,#13021);
#11153=AXIS2_PLACEMENT_3D('',#15981,#13026,#13027);
#11154=AXIS2_PLACEMENT_3D('',#15987,#13031,#13032);
#11155=AXIS2_PLACEMENT_3D('',#15993,#13036,#13037);
#11156=AXIS2_PLACEMENT_3D('',#15996,#13040,#13041);
#11157=AXIS2_PLACEMENT_3D('',#15997,#13042,#13043);
#11158=AXIS2_PLACEMENT_3D('',#15998,#13044,#13045);
#11159=AXIS2_PLACEMENT_3D('',#15999,#13046,#13047);
#11160=AXIS2_PLACEMENT_3D('',#16000,#13048,#13049);
#11161=AXIS2_PLACEMENT_3D('',#16001,#13050,#13051);
#11162=AXIS2_PLACEMENT_3D('',#16002,#13052,#13053);
#11163=AXIS2_PLACEMENT_3D('',#16003,#13054,#13055);
#11164=AXIS2_PLACEMENT_3D('',#16004,#13056,#13057);
#11165=AXIS2_PLACEMENT_3D('',#16005,#13058,#13059);
#11166=AXIS2_PLACEMENT_3D('',#16014,#13064,#13065);
#11167=AXIS2_PLACEMENT_3D('',#16020,#13069,#13070);
#11168=AXIS2_PLACEMENT_3D('',#16022,#13071,#13072);
#11169=AXIS2_PLACEMENT_3D('',#16025,#13074,#13075);
#11170=AXIS2_PLACEMENT_3D('',#16026,#13076,#13077);
#11171=AXIS2_PLACEMENT_3D('',#16054,#13091,#13092);
#11172=AXIS2_PLACEMENT_3D('',#16062,#13096,#13097);
#11173=AXIS2_PLACEMENT_3D('',#16064,#13098,#13099);
#11174=AXIS2_PLACEMENT_3D('',#16070,#13102,#13103);
#11175=AXIS2_PLACEMENT_3D('',#16072,#13104,#13105);
#11176=AXIS2_PLACEMENT_3D('',#16074,#13106,#13107);
#11177=AXIS2_PLACEMENT_3D('',#16080,#13110,#13111);
#11178=AXIS2_PLACEMENT_3D('',#16082,#13112,#13113);
#11179=AXIS2_PLACEMENT_3D('',#16084,#13114,#13115);
#11180=AXIS2_PLACEMENT_3D('',#16090,#13118,#13119);
#11181=AXIS2_PLACEMENT_3D('',#16092,#13120,#13121);
#11182=AXIS2_PLACEMENT_3D('',#16094,#13122,#13123);
#11183=AXIS2_PLACEMENT_3D('',#16099,#13126,#13127);
#11184=AXIS2_PLACEMENT_3D('',#16101,#13128,#13129);
#11185=AXIS2_PLACEMENT_3D('',#16103,#13130,#13131);
#11186=AXIS2_PLACEMENT_3D('',#16104,#13132,#13133);
#11187=AXIS2_PLACEMENT_3D('',#16112,#13137,#13138);
#11188=AXIS2_PLACEMENT_3D('',#16140,#13152,#13153);
#11189=AXIS2_PLACEMENT_3D('',#16142,#13154,#13155);
#11190=AXIS2_PLACEMENT_3D('',#16148,#13158,#13159);
#11191=AXIS2_PLACEMENT_3D('',#16150,#13160,#13161);
#11192=AXIS2_PLACEMENT_3D('',#16152,#13162,#13163);
#11193=AXIS2_PLACEMENT_3D('',#16158,#13166,#13167);
#11194=AXIS2_PLACEMENT_3D('',#16160,#13168,#13169);
#11195=AXIS2_PLACEMENT_3D('',#16162,#13170,#13171);
#11196=AXIS2_PLACEMENT_3D('',#16168,#13174,#13175);
#11197=AXIS2_PLACEMENT_3D('',#16170,#13176,#13177);
#11198=AXIS2_PLACEMENT_3D('',#16172,#13178,#13179);
#11199=AXIS2_PLACEMENT_3D('',#16177,#13182,#13183);
#11200=AXIS2_PLACEMENT_3D('',#16179,#13184,#13185);
#11201=AXIS2_PLACEMENT_3D('',#16181,#13186,#13187);
#11202=AXIS2_PLACEMENT_3D('',#16182,#13188,#13189);
#11203=AXIS2_PLACEMENT_3D('',#16184,#13191,#13192);
#11204=AXIS2_PLACEMENT_3D('',#16186,#13194,#13195);
#11205=AXIS2_PLACEMENT_3D('',#16188,#13197,#13198);
#11206=AXIS2_PLACEMENT_3D('',#16190,#13200,#13201);
#11207=AXIS2_PLACEMENT_3D('',#16192,#13203,#13204);
#11208=AXIS2_PLACEMENT_3D('',#16194,#13206,#13207);
#11209=AXIS2_PLACEMENT_3D('',#16196,#13209,#13210);
#11210=AXIS2_PLACEMENT_3D('',#16198,#13212,#13213);
#11211=AXIS2_PLACEMENT_3D('',#16200,#13215,#13216);
#11212=AXIS2_PLACEMENT_3D('',#16202,#13218,#13219);
#11213=AXIS2_PLACEMENT_3D('',#16204,#13221,#13222);
#11214=AXIS2_PLACEMENT_3D('',#16206,#13224,#13225);
#11215=AXIS2_PLACEMENT_3D('',#16208,#13227,#13228);
#11216=AXIS2_PLACEMENT_3D('',#16210,#13230,#13231);
#11217=AXIS2_PLACEMENT_3D('',#16212,#13233,#13234);
#11218=AXIS2_PLACEMENT_3D('',#16214,#13236,#13237);
#11219=AXIS2_PLACEMENT_3D('',#16215,#13238,#13239);
#11220=AXIS2_PLACEMENT_3D('',#16218,#13242,#13243);
#11221=AXIS2_PLACEMENT_3D('',#16220,#13245,#13246);
#11222=AXIS2_PLACEMENT_3D('',#16222,#13248,#13249);
#11223=AXIS2_PLACEMENT_3D('',#16224,#13251,#13252);
#11224=AXIS2_PLACEMENT_3D('',#16226,#13254,#13255);
#11225=AXIS2_PLACEMENT_3D('',#16228,#13257,#13258);
#11226=AXIS2_PLACEMENT_3D('',#16230,#13260,#13261);
#11227=AXIS2_PLACEMENT_3D('',#16232,#13263,#13264);
#11228=AXIS2_PLACEMENT_3D('',#16234,#13266,#13267);
#11229=AXIS2_PLACEMENT_3D('',#16236,#13269,#13270);
#11230=AXIS2_PLACEMENT_3D('',#16238,#13272,#13273);
#11231=AXIS2_PLACEMENT_3D('',#16240,#13275,#13276);
#11232=AXIS2_PLACEMENT_3D('',#16242,#13278,#13279);
#11233=AXIS2_PLACEMENT_3D('',#16244,#13281,#13282);
#11234=AXIS2_PLACEMENT_3D('',#16246,#13284,#13285);
#11235=AXIS2_PLACEMENT_3D('',#16248,#13287,#13288);
#11236=AXIS2_PLACEMENT_3D('',#16250,#13290,#13291);
#11237=AXIS2_PLACEMENT_3D('',#16252,#13293,#13294);
#11238=AXIS2_PLACEMENT_3D('',#16254,#13296,#13297);
#11239=AXIS2_PLACEMENT_3D('',#16255,#13298,#13299);
#11240=AXIS2_PLACEMENT_3D('',#16257,#13301,#13302);
#11241=AXIS2_PLACEMENT_3D('',#16259,#13304,#13305);
#11242=AXIS2_PLACEMENT_3D('',#16260,#13306,#13307);
#11243=AXIS2_PLACEMENT_3D('',#16261,#13308,#13309);
#11244=AXIS2_PLACEMENT_3D('',#16270,#13314,#13315);
#11245=AXIS2_PLACEMENT_3D('',#16288,#13325,#13326);
#11246=AXIS2_PLACEMENT_3D('',#16292,#13328,#13329);
#11247=AXIS2_PLACEMENT_3D('',#16300,#13333,#13334);
#11248=AXIS2_PLACEMENT_3D('',#16302,#13336,#13337);
#11249=AXIS2_PLACEMENT_3D('',#16308,#13341,#13342);
#11250=AXIS2_PLACEMENT_3D('',#16320,#13349,#13350);
#11251=AXIS2_PLACEMENT_3D('',#16332,#13357,#13358);
#11252=AXIS2_PLACEMENT_3D('',#16334,#13360,#13361);
#11253=AXIS2_PLACEMENT_3D('',#16338,#13364,#13365);
#11254=AXIS2_PLACEMENT_3D('',#16340,#13367,#13368);
#11255=AXIS2_PLACEMENT_3D('',#16344,#13371,#13372);
#11256=AXIS2_PLACEMENT_3D('',#16347,#13374,#13375);
#11257=AXIS2_PLACEMENT_3D('',#16348,#13376,#13377);
#11258=AXIS2_PLACEMENT_3D('',#16356,#13382,#13383);
#11259=AXIS2_PLACEMENT_3D('',#16360,#13386,#13387);
#11260=AXIS2_PLACEMENT_3D('',#16368,#13392,#13393);
#11261=AXIS2_PLACEMENT_3D('',#16369,#13394,#13395);
#11262=AXIS2_PLACEMENT_3D('',#16370,#13396,#13397);
#11263=AXIS2_PLACEMENT_3D('',#16372,#13399,#13400);
#11264=AXIS2_PLACEMENT_3D('',#16374,#13402,#13403);
#11265=AXIS2_PLACEMENT_3D('',#16376,#13405,#13406);
#11266=AXIS2_PLACEMENT_3D('',#16386,#13412,#13413);
#11267=AXIS2_PLACEMENT_3D('',#16387,#13414,#13415);
#11268=AXIS2_PLACEMENT_3D('',#16389,#13417,#13418);
#11269=AXIS2_PLACEMENT_3D('',#16391,#13420,#13421);
#11270=AXIS2_PLACEMENT_3D('',#16392,#13422,#13423);
#11271=AXIS2_PLACEMENT_3D('',#16398,#13427,#13428);
#11272=AXIS2_PLACEMENT_3D('',#16402,#13431,#13432);
#11273=AXIS2_PLACEMENT_3D('',#16406,#13435,#13436);
#11274=AXIS2_PLACEMENT_3D('',#16408,#13438,#13439);
#11275=AXIS2_PLACEMENT_3D('',#16414,#13443,#13444);
#11276=AXIS2_PLACEMENT_3D('',#16426,#13451,#13452);
#11277=AXIS2_PLACEMENT_3D('',#16430,#13455,#13456);
#11278=AXIS2_PLACEMENT_3D('',#16440,#13462,#13463);
#11279=AXIS2_PLACEMENT_3D('',#16442,#13465,#13466);
#11280=AXIS2_PLACEMENT_3D('',#16444,#13468,#13469);
#11281=AXIS2_PLACEMENT_3D('',#16454,#13475,#13476);
#11282=AXIS2_PLACEMENT_3D('',#16458,#13479,#13480);
#11283=AXIS2_PLACEMENT_3D('',#16466,#13485,#13486);
#11284=AXIS2_PLACEMENT_3D('',#16468,#13488,#13489);
#11285=AXIS2_PLACEMENT_3D('',#16470,#13491,#13492);
#11286=AXIS2_PLACEMENT_3D('',#16472,#13494,#13495);
#11287=AXIS2_PLACEMENT_3D('',#16473,#13496,#13497);
#11288=AXIS2_PLACEMENT_3D('',#16474,#13498,#13499);
#11289=AXIS2_PLACEMENT_3D('',#16492,#13501,#13502);
#11290=AXIS2_PLACEMENT_3D('',#16494,#13504,#13505);
#11291=AXIS2_PLACEMENT_3D('',#16518,#13517,#13518);
#11292=AXIS2_PLACEMENT_3D('',#16530,#13524,#13525);
#11293=AXIS2_PLACEMENT_3D('',#16558,#13539,#13540);
#11294=AXIS2_PLACEMENT_3D('',#16562,#13542,#13543);
#11295=AXIS2_PLACEMENT_3D('',#16586,#13555,#13556);
#11296=AXIS2_PLACEMENT_3D('',#16590,#13558,#13559);
#11297=AXIS2_PLACEMENT_3D('',#16593,#13561,#13562);
#11298=AXIS2_PLACEMENT_3D('',#16595,#13563,#13564);
#11299=AXIS2_PLACEMENT_3D('',#16596,#13565,#13566);
#11300=AXIS2_PLACEMENT_3D('',#16612,#13568,#13569);
#11301=AXIS2_PLACEMENT_3D('',#16613,#13570,#13571);
#11302=AXIS2_PLACEMENT_3D('',#16615,#13572,#13573);
#11303=AXIS2_PLACEMENT_3D('',#16619,#13575,#13576);
#11304=AXIS2_PLACEMENT_3D('',#16627,#13581,#13582);
#11305=AXIS2_PLACEMENT_3D('',#16643,#13584,#13585);
#11306=AXIS2_PLACEMENT_3D('',#16644,#13586,#13587);
#11307=AXIS2_PLACEMENT_3D('',#16683,#13607,#13608);
#11308=AXIS2_PLACEMENT_3D('',#16686,#13610,#13611);
#11309=AXIS2_PLACEMENT_3D('',#16687,#13612,#13613);
#11310=AXIS2_PLACEMENT_3D('',#16700,#13614,#13615);
#11311=AXIS2_PLACEMENT_3D('',#16701,#13616,#13617);
#11312=AXIS2_PLACEMENT_3D('',#16703,#13618,#13619);
#11313=AXIS2_PLACEMENT_3D('',#16705,#13620,#13621);
#11314=AXIS2_PLACEMENT_3D('',#16707,#13623,#13624);
#11315=AXIS2_PLACEMENT_3D('',#16709,#13625,#13626);
#11316=AXIS2_PLACEMENT_3D('',#16712,#13628,#13629);
#11317=AXIS2_PLACEMENT_3D('',#16713,#13630,#13631);
#11318=AXIS2_PLACEMENT_3D('',#16719,#13635,#13636);
#11319=AXIS2_PLACEMENT_3D('',#16721,#13637,#13638);
#11320=AXIS2_PLACEMENT_3D('',#16723,#13639,#13640);
#11321=AXIS2_PLACEMENT_3D('',#16725,#13642,#13643);
#11322=AXIS2_PLACEMENT_3D('',#16728,#13644,#13645);
#11323=AXIS2_PLACEMENT_3D('',#16732,#13647,#13648);
#11324=AXIS2_PLACEMENT_3D('',#16734,#13650,#13651);
#11325=AXIS2_PLACEMENT_3D('',#16740,#13655,#13656);
#11326=AXIS2_PLACEMENT_3D('',#16741,#13657,#13658);
#11327=AXIS2_PLACEMENT_3D('',#16742,#13659,#13660);
#11328=AXIS2_PLACEMENT_3D('',#16743,#13661,#13662);
#11329=AXIS2_PLACEMENT_3D('',#16745,#13663,#13664);
#11330=AXIS2_PLACEMENT_3D('',#16748,#13666,#13667);
#11331=AXIS2_PLACEMENT_3D('',#16749,#13668,#13669);
#11332=AXIS2_PLACEMENT_3D('',#16755,#13673,#13674);
#11333=AXIS2_PLACEMENT_3D('',#16757,#13675,#13676);
#11334=AXIS2_PLACEMENT_3D('',#16760,#13678,#13679);
#11335=AXIS2_PLACEMENT_3D('',#16761,#13680,#13681);
#11336=AXIS2_PLACEMENT_3D('',#16767,#13685,#13686);
#11337=AXIS2_PLACEMENT_3D('',#16770,#13688,#13689);
#11338=AXIS2_PLACEMENT_3D('',#16773,#13691,#13692);
#11339=AXIS2_PLACEMENT_3D('',#16774,#13693,#13694);
#11340=AXIS2_PLACEMENT_3D('',#16777,#13696,#13697);
#11341=AXIS2_PLACEMENT_3D('',#16778,#13698,#13699);
#11342=AXIS2_PLACEMENT_3D('',#16780,#13700,#13701);
#11343=AXIS2_PLACEMENT_3D('',#16782,#13703,#13704);
#11344=AXIS2_PLACEMENT_3D('',#16785,#13705,#13706);
#11345=AXIS2_PLACEMENT_3D('',#16789,#13708,#13709);
#11346=AXIS2_PLACEMENT_3D('',#16791,#13711,#13712);
#11347=AXIS2_PLACEMENT_3D('',#16797,#13716,#13717);
#11348=AXIS2_PLACEMENT_3D('',#16801,#13719,#13720);
#11349=AXIS2_PLACEMENT_3D('',#16805,#13722,#13723);
#11350=AXIS2_PLACEMENT_3D('',#16809,#13725,#13726);
#11351=AXIS2_PLACEMENT_3D('',#16849,#13747,#13748);
#11352=AXIS2_PLACEMENT_3D('',#16852,#13749,#13750);
#11353=AXIS2_PLACEMENT_3D('',#16855,#13753,#13754);
#11354=AXIS2_PLACEMENT_3D('',#16859,#13757,#13758);
#11355=AXIS2_PLACEMENT_3D('',#16862,#13759,#13760);
#11356=AXIS2_PLACEMENT_3D('',#16865,#13763,#13764);
#11357=AXIS2_PLACEMENT_3D('',#16869,#13767,#13768);
#11358=AXIS2_PLACEMENT_3D('',#16871,#13769,#13770);
#11359=AXIS2_PLACEMENT_3D('',#16873,#13772,#13773);
#11360=AXIS2_PLACEMENT_3D('',#16875,#13775,#13776);
#11361=AXIS2_PLACEMENT_3D('',#16877,#13778,#13779);
#11362=AXIS2_PLACEMENT_3D('',#16879,#13781,#13782);
#11363=AXIS2_PLACEMENT_3D('',#16881,#13784,#13785);
#11364=AXIS2_PLACEMENT_3D('',#16883,#13786,#13787);
#11365=AXIS2_PLACEMENT_3D('',#16885,#13788,#13789);
#11366=AXIS2_PLACEMENT_3D('',#16887,#13791,#13792);
#11367=AXIS2_PLACEMENT_3D('',#16890,#13793,#13794);
#11368=AXIS2_PLACEMENT_3D('',#16894,#13796,#13797);
#11369=AXIS2_PLACEMENT_3D('',#16896,#13799,#13800);
#11370=AXIS2_PLACEMENT_3D('',#16902,#13804,#13805);
#11371=AXIS2_PLACEMENT_3D('',#16904,#13806,#13807);
#11372=AXIS2_PLACEMENT_3D('',#16907,#13809,#13810);
#11373=AXIS2_PLACEMENT_3D('',#16908,#13811,#13812);
#11374=AXIS2_PLACEMENT_3D('',#16911,#13815,#13816);
#11375=AXIS2_PLACEMENT_3D('',#16913,#13817,#13818);
#11376=AXIS2_PLACEMENT_3D('',#16916,#13820,#13821);
#11377=AXIS2_PLACEMENT_3D('',#16917,#13822,#13823);
#11378=AXIS2_PLACEMENT_3D('',#16923,#13827,#13828);
#11379=AXIS2_PLACEMENT_3D('',#16925,#13829,#13830);
#11380=AXIS2_PLACEMENT_3D('',#16927,#13831,#13832);
#11381=AXIS2_PLACEMENT_3D('',#16929,#13834,#13835);
#11382=AXIS2_PLACEMENT_3D('',#16931,#13836,#13837);
#11383=AXIS2_PLACEMENT_3D('',#16933,#13838,#13839);
#11384=AXIS2_PLACEMENT_3D('',#16935,#13841,#13842);
#11385=AXIS2_PLACEMENT_3D('',#16937,#13843,#13844);
#11386=AXIS2_PLACEMENT_3D('',#16940,#13846,#13847);
#11387=AXIS2_PLACEMENT_3D('',#16941,#13848,#13849);
#11388=AXIS2_PLACEMENT_3D('',#16947,#13853,#13854);
#11389=AXIS2_PLACEMENT_3D('',#16949,#13855,#13856);
#11390=AXIS2_PLACEMENT_3D('',#16952,#13858,#13859);
#11391=AXIS2_PLACEMENT_3D('',#16953,#13860,#13861);
#11392=AXIS2_PLACEMENT_3D('',#16959,#13865,#13866);
#11393=AXIS2_PLACEMENT_3D('',#16961,#13867,#13868);
#11394=AXIS2_PLACEMENT_3D('',#16963,#13869,#13870);
#11395=AXIS2_PLACEMENT_3D('',#16965,#13872,#13873);
#11396=AXIS2_PLACEMENT_3D('',#16967,#13874,#13875);
#11397=AXIS2_PLACEMENT_3D('',#16970,#13877,#13878);
#11398=AXIS2_PLACEMENT_3D('',#16971,#13879,#13880);
#11399=AXIS2_PLACEMENT_3D('',#16977,#13884,#13885);
#11400=AXIS2_PLACEMENT_3D('',#16979,#13886,#13887);
#11401=AXIS2_PLACEMENT_3D('',#16981,#13888,#13889);
#11402=AXIS2_PLACEMENT_3D('',#16983,#13891,#13892);
#11403=AXIS2_PLACEMENT_3D('',#16985,#13893,#13894);
#11404=AXIS2_PLACEMENT_3D('',#16988,#13896,#13897);
#11405=AXIS2_PLACEMENT_3D('',#16989,#13898,#13899);
#11406=AXIS2_PLACEMENT_3D('',#16992,#13902,#13903);
#11407=AXIS2_PLACEMENT_3D('',#16993,#13904,#13905);
#11408=AXIS2_PLACEMENT_3D('',#16994,#13906,#13907);
#11409=AXIS2_PLACEMENT_3D('',#16995,#13908,#13909);
#11410=AXIS2_PLACEMENT_3D('',#16996,#13910,#13911);
#11411=AXIS2_PLACEMENT_3D('',#16997,#13912,#13913);
#11412=AXIS2_PLACEMENT_3D('',#16998,#13914,#13915);
#11413=AXIS2_PLACEMENT_3D('',#17000,#13916,#13917);
#11414=AXIS2_PLACEMENT_3D('',#17003,#13919,#13920);
#11415=AXIS2_PLACEMENT_3D('',#17004,#13921,#13922);
#11416=AXIS2_PLACEMENT_3D('',#17007,#13925,#13926);
#11417=AXIS2_PLACEMENT_3D('',#17009,#13927,#13928);
#11418=AXIS2_PLACEMENT_3D('',#17012,#13930,#13931);
#11419=AXIS2_PLACEMENT_3D('',#17013,#13932,#13933);
#11420=AXIS2_PLACEMENT_3D('',#17016,#13936,#13937);
#11421=AXIS2_PLACEMENT_3D('',#17017,#13938,#13939);
#11422=AXIS2_PLACEMENT_3D('',#17018,#13940,#13941);
#11423=AXIS2_PLACEMENT_3D('',#17019,#13942,#13943);
#11424=AXIS2_PLACEMENT_3D('',#17020,#13944,#13945);
#11425=AXIS2_PLACEMENT_3D('',#17021,#13946,#13947);
#11426=AXIS2_PLACEMENT_3D('',#17022,#13948,#13949);
#11427=AXIS2_PLACEMENT_3D('',#17024,#13950,#13951);
#11428=AXIS2_PLACEMENT_3D('',#17027,#13953,#13954);
#11429=AXIS2_PLACEMENT_3D('',#17028,#13955,#13956);
#11430=AXIS2_PLACEMENT_3D('',#17031,#13959,#13960);
#11431=AXIS2_PLACEMENT_3D('',#17035,#13962,#13963);
#11432=AXIS2_PLACEMENT_3D('',#17037,#13965,#13966);
#11433=AXIS2_PLACEMENT_3D('',#17040,#13968,#13969);
#11434=AXIS2_PLACEMENT_3D('',#17041,#13970,#13971);
#11435=AXIS2_PLACEMENT_3D('',#17044,#13972,#13973);
#11436=AXIS2_PLACEMENT_3D('',#17047,#13976,#13977);
#11437=AXIS2_PLACEMENT_3D('',#17051,#13979,#13980);
#11438=AXIS2_PLACEMENT_3D('',#17053,#13982,#13983);
#11439=AXIS2_PLACEMENT_3D('',#17056,#13985,#13986);
#11440=AXIS2_PLACEMENT_3D('',#17057,#13987,#13988);
#11441=AXIS2_PLACEMENT_3D('',#17060,#13989,#13990);
#11442=AXIS2_PLACEMENT_3D('',#17063,#13993,#13994);
#11443=AXIS2_PLACEMENT_3D('',#17067,#13997,#13998);
#11444=AXIS2_PLACEMENT_3D('',#17087,#14010,#14011);
#11445=AXIS2_PLACEMENT_3D('',#17107,#14023,#14024);
#11446=AXIS2_PLACEMENT_3D('',#17109,#14026,#14027);
#11447=AXIS2_PLACEMENT_3D('',#17116,#14032,#14033);
#11448=AXIS2_PLACEMENT_3D('',#17118,#14034,#14035);
#11449=AXIS2_PLACEMENT_3D('',#17120,#14036,#14037);
#11450=AXIS2_PLACEMENT_3D('',#17121,#14038,#14039);
#11451=AXIS2_PLACEMENT_3D('',#17124,#14042,#14043);
#11452=AXIS2_PLACEMENT_3D('',#17125,#14044,#14045);
#11453=AXIS2_PLACEMENT_3D('',#17126,#14046,#14047);
#11454=AXIS2_PLACEMENT_3D('',#17135,#14052,#14053);
#11455=AXIS2_PLACEMENT_3D('',#17144,#14058,#14059);
#11456=AXIS2_PLACEMENT_3D('',#17153,#14064,#14065);
#11457=AXIS2_PLACEMENT_3D('',#17156,#14068,#14069);
#11458=AXIS2_PLACEMENT_3D('',#17162,#14073,#14074);
#11459=AXIS2_PLACEMENT_3D('',#17168,#14078,#14079);
#11460=AXIS2_PLACEMENT_3D('',#17171,#14082,#14083);
#11461=AXIS2_PLACEMENT_3D('',#17173,#14085,#14086);
#11462=AXIS2_PLACEMENT_3D('',#17176,#14089,#14090);
#11463=AXIS2_PLACEMENT_3D('',#17177,#14091,#14092);
#11464=AXIS2_PLACEMENT_3D('',#17178,#14093,#14094);
#11465=AXIS2_PLACEMENT_3D('',#17179,#14095,#14096);
#11466=AXIS2_PLACEMENT_3D('',#17180,#14097,#14098);
#11467=AXIS2_PLACEMENT_3D('',#17182,#14100,#14101);
#11468=AXIS2_PLACEMENT_3D('',#17183,#14102,#14103);
#11469=AXIS2_PLACEMENT_3D('',#17185,#14105,#14106);
#11470=AXIS2_PLACEMENT_3D('',#17187,#14108,#14109);
#11471=AXIS2_PLACEMENT_3D('',#17189,#14111,#14112);
#11472=AXIS2_PLACEMENT_3D('',#17191,#14114,#14115);
#11473=AXIS2_PLACEMENT_3D('',#17193,#14117,#14118);
#11474=AXIS2_PLACEMENT_3D('',#17194,#14119,#14120);
#11475=AXIS2_PLACEMENT_3D('',#17200,#14124,#14125);
#11476=AXIS2_PLACEMENT_3D('',#17214,#14132,#14133);
#11477=AXIS2_PLACEMENT_3D('',#17226,#14139,#14140);
#11478=AXIS2_PLACEMENT_3D('',#17243,#14149,#14150);
#11479=AXIS2_PLACEMENT_3D('',#17245,#14151,#14152);
#11480=AXIS2_PLACEMENT_3D('',#17247,#14153,#14154);
#11481=AXIS2_PLACEMENT_3D('',#17248,#14155,#14156);
#11482=AXIS2_PLACEMENT_3D('',#17251,#14159,#14160);
#11483=AXIS2_PLACEMENT_3D('',#17253,#14162,#14163);
#11484=AXIS2_PLACEMENT_3D('',#17255,#14165,#14166);
#11485=AXIS2_PLACEMENT_3D('',#17257,#14168,#14169);
#11486=AXIS2_PLACEMENT_3D('',#17258,#14170,#14171);
#11487=AXIS2_PLACEMENT_3D('',#17260,#14173,#14174);
#11488=AXIS2_PLACEMENT_3D('',#17261,#14175,#14176);
#11489=AXIS2_PLACEMENT_3D('',#17262,#14177,#14178);
#11490=AXIS2_PLACEMENT_3D('',#17264,#14180,#14181);
#11491=AXIS2_PLACEMENT_3D('',#17266,#14183,#14184);
#11492=AXIS2_PLACEMENT_3D('',#17268,#14186,#14187);
#11493=AXIS2_PLACEMENT_3D('',#17270,#14189,#14190);
#11494=AXIS2_PLACEMENT_3D('',#17272,#14192,#14193);
#11495=AXIS2_PLACEMENT_3D('',#17274,#14195,#14196);
#11496=AXIS2_PLACEMENT_3D('',#17276,#14198,#14199);
#11497=AXIS2_PLACEMENT_3D('',#17278,#14201,#14202);
#11498=AXIS2_PLACEMENT_3D('',#17280,#14204,#14205);
#11499=AXIS2_PLACEMENT_3D('',#17282,#14207,#14208);
#11500=AXIS2_PLACEMENT_3D('',#17284,#14210,#14211);
#11501=AXIS2_PLACEMENT_3D('',#17286,#14213,#14214);
#11502=AXIS2_PLACEMENT_3D('',#17288,#14216,#14217);
#11503=AXIS2_PLACEMENT_3D('',#17290,#14219,#14220);
#11504=AXIS2_PLACEMENT_3D('',#17292,#14222,#14223);
#11505=AXIS2_PLACEMENT_3D('',#17294,#14225,#14226);
#11506=AXIS2_PLACEMENT_3D('',#17296,#14228,#14229);
#11507=AXIS2_PLACEMENT_3D('',#17298,#14231,#14232);
#11508=AXIS2_PLACEMENT_3D('',#17299,#14233,#14234);
#11509=AXIS2_PLACEMENT_3D('',#17308,#14239,#14240);
#11510=AXIS2_PLACEMENT_3D('',#17314,#14244,#14245);
#11511=AXIS2_PLACEMENT_3D('',#17320,#14249,#14250);
#11512=AXIS2_PLACEMENT_3D('',#17326,#14254,#14255);
#11513=AXIS2_PLACEMENT_3D('',#17332,#14259,#14260);
#11514=AXIS2_PLACEMENT_3D('',#17338,#14264,#14265);
#11515=AXIS2_PLACEMENT_3D('',#17344,#14269,#14270);
#11516=AXIS2_PLACEMENT_3D('',#17350,#14274,#14275);
#11517=AXIS2_PLACEMENT_3D('',#17356,#14279,#14280);
#11518=AXIS2_PLACEMENT_3D('',#17362,#14284,#14285);
#11519=AXIS2_PLACEMENT_3D('',#17368,#14289,#14290);
#11520=AXIS2_PLACEMENT_3D('',#17370,#14291,#14292);
#11521=AXIS2_PLACEMENT_3D('',#17373,#14294,#14295);
#11522=AXIS2_PLACEMENT_3D('',#17374,#14296,#14297);
#11523=AXIS2_PLACEMENT_3D('',#17380,#14301,#14302);
#11524=AXIS2_PLACEMENT_3D('',#17381,#14303,#14304);
#11525=AXIS2_PLACEMENT_3D('',#17382,#14305,#14306);
#11526=AXIS2_PLACEMENT_3D('',#17383,#14307,#14308);
#11527=AXIS2_PLACEMENT_3D('',#17384,#14309,#14310);
#11528=AXIS2_PLACEMENT_3D('',#17385,#14311,#14312);
#11529=AXIS2_PLACEMENT_3D('',#17388,#14313,#14314);
#11530=AXIS2_PLACEMENT_3D('',#17390,#14315,#14316);
#11531=AXIS2_PLACEMENT_3D('',#17391,#14317,#14318);
#11532=AXIS2_PLACEMENT_3D('',#17392,#14319,#14320);
#11533=AXIS2_PLACEMENT_3D('',#17395,#14321,#14322);
#11534=AXIS2_PLACEMENT_3D('',#17397,#14323,#14324);
#11535=AXIS2_PLACEMENT_3D('',#17398,#14325,#14326);
#11536=AXIS2_PLACEMENT_3D('',#17399,#14327,#14328);
#11537=AXIS2_PLACEMENT_3D('',#17402,#14329,#14330);
#11538=AXIS2_PLACEMENT_3D('',#17404,#14331,#14332);
#11539=AXIS2_PLACEMENT_3D('',#17405,#14333,#14334);
#11540=AXIS2_PLACEMENT_3D('',#17406,#14335,#14336);
#11541=AXIS2_PLACEMENT_3D('',#17409,#14337,#14338);
#11542=AXIS2_PLACEMENT_3D('',#17411,#14339,#14340);
#11543=AXIS2_PLACEMENT_3D('',#17412,#14341,#14342);
#11544=AXIS2_PLACEMENT_3D('',#17413,#14343,#14344);
#11545=AXIS2_PLACEMENT_3D('',#17416,#14347,#14348);
#11546=AXIS2_PLACEMENT_3D('',#17419,#14349,#14350);
#11547=AXIS2_PLACEMENT_3D('',#17421,#14351,#14352);
#11548=AXIS2_PLACEMENT_3D('',#17422,#14353,#14354);
#11549=AXIS2_PLACEMENT_3D('',#17423,#14355,#14356);
#11550=AXIS2_PLACEMENT_3D('',#17426,#14359,#14360);
#11551=AXIS2_PLACEMENT_3D('',#17429,#14361,#14362);
#11552=AXIS2_PLACEMENT_3D('',#17431,#14363,#14364);
#11553=AXIS2_PLACEMENT_3D('',#17432,#14365,#14366);
#11554=AXIS2_PLACEMENT_3D('',#17433,#14367,#14368);
#11555=AXIS2_PLACEMENT_3D('',#17436,#14371,#14372);
#11556=AXIS2_PLACEMENT_3D('',#17439,#14373,#14374);
#11557=AXIS2_PLACEMENT_3D('',#17441,#14375,#14376);
#11558=AXIS2_PLACEMENT_3D('',#17442,#14377,#14378);
#11559=AXIS2_PLACEMENT_3D('',#17443,#14379,#14380);
#11560=AXIS2_PLACEMENT_3D('',#17446,#14383,#14384);
#11561=AXIS2_PLACEMENT_3D('',#17449,#14387,#14388);
#11562=AXIS2_PLACEMENT_3D('',#17452,#14389,#14390);
#11563=AXIS2_PLACEMENT_3D('',#17454,#14391,#14392);
#11564=AXIS2_PLACEMENT_3D('',#17455,#14393,#14394);
#11565=AXIS2_PLACEMENT_3D('',#17456,#14395,#14396);
#11566=AXIS2_PLACEMENT_3D('',#17459,#14399,#14400);
#11567=AXIS2_PLACEMENT_3D('',#17462,#14403,#14404);
#11568=AXIS2_PLACEMENT_3D('',#17465,#14407,#14408);
#11569=AXIS2_PLACEMENT_3D('',#17468,#14411,#14412);
#11570=AXIS2_PLACEMENT_3D('',#17471,#14415,#14416);
#11571=AXIS2_PLACEMENT_3D('',#17474,#14419,#14420);
#11572=AXIS2_PLACEMENT_3D('',#17477,#14423,#14424);
#11573=AXIS2_PLACEMENT_3D('',#17478,#14425,#14426);
#11574=AXIS2_PLACEMENT_3D('',#17479,#14427,#14428);
#11575=AXIS2_PLACEMENT_3D('',#17480,#14429,#14430);
#11576=AXIS2_PLACEMENT_3D('',#17481,#14431,#14432);
#11577=AXIS2_PLACEMENT_3D('',#17482,#14433,#14434);
#11578=AXIS2_PLACEMENT_3D('',#17483,#14435,#14436);
#11579=AXIS2_PLACEMENT_3D('',#17484,#14437,#14438);
#11580=AXIS2_PLACEMENT_3D('',#17485,#14439,#14440);
#11581=AXIS2_PLACEMENT_3D('',#17486,#14441,#14442);
#11582=AXIS2_PLACEMENT_3D('',#17487,#14443,#14444);
#11583=AXIS2_PLACEMENT_3D('',#17488,#14445,#14446);
#11584=AXIS2_PLACEMENT_3D('',#17489,#14447,#14448);
#11585=DIRECTION('axis',(0.,0.,1.));
#11586=DIRECTION('refdir',(1.,0.,0.));
#11587=DIRECTION('axis',(0.,0.,1.));
#11588=DIRECTION('refdir',(1.,0.,0.));
#11589=DIRECTION('axis',(0.,0.,1.));
#11590=DIRECTION('refdir',(1.,0.,0.));
#11591=DIRECTION('center_axis',(1.,0.,0.));
#11592=DIRECTION('ref_axis',(0.,-1.,1.110223024625E-16));
#11593=DIRECTION('',(0.,-1.,1.110223024625E-16));
#11594=DIRECTION('',(0.,-1.110223024625E-16,-1.));
#11595=DIRECTION('',(0.,1.,-1.110223024625E-16));
#11596=DIRECTION('',(0.,-1.110223024625E-16,-1.));
#11597=DIRECTION('',(0.,1.,-1.110223024625E-16));
#11598=DIRECTION('',(0.,1.110223024625E-16,1.));
#11599=DIRECTION('',(0.,-1.,1.110223024625E-16));
#11600=DIRECTION('',(0.,-0.500421834462797,0.865781720523649));
#11601=DIRECTION('',(0.,-1.,1.110223024625E-16));
#11602=DIRECTION('',(0.,1.110223024625E-16,1.));
#11603=DIRECTION('',(0.,-1.,1.110223024625E-16));
#11604=DIRECTION('',(0.,1.110223024625E-16,1.));
#11605=DIRECTION('center_axis',(0.,1.110223024625E-16,1.));
#11606=DIRECTION('ref_axis',(0.,-1.,1.110223024625E-16));
#11607=DIRECTION('',(0.,-1.,1.110223024625E-16));
#11608=DIRECTION('',(1.,0.,0.));
#11609=DIRECTION('',(1.,0.,0.));
#11610=DIRECTION('',(0.,-1.,2.590520390792E-16));
#11611=DIRECTION('',(1.,0.,0.));
#11612=DIRECTION('',(0.,-1.,2.590520390792E-16));
#11613=DIRECTION('',(1.,0.,0.));
#11614=DIRECTION('',(1.,0.,0.));
#11615=DIRECTION('',(1.,0.,0.));
#11616=DIRECTION('',(0.,1.,0.));
#11617=DIRECTION('',(1.,0.,0.));
#11618=DIRECTION('',(0.,1.,0.));
#11619=DIRECTION('',(1.,0.,0.));
#11620=DIRECTION('',(0.,1.,0.));
#11621=DIRECTION('',(1.,0.,0.));
#11622=DIRECTION('',(0.,1.,0.));
#11623=DIRECTION('',(1.,0.,0.));
#11624=DIRECTION('',(0.,1.,0.));
#11625=DIRECTION('',(1.,0.,0.));
#11626=DIRECTION('',(0.,1.,0.));
#11627=DIRECTION('',(1.,0.,0.));
#11628=DIRECTION('',(0.,1.,0.));
#11629=DIRECTION('',(1.,0.,0.));
#11630=DIRECTION('',(0.,1.,0.));
#11631=DIRECTION('',(1.,0.,0.));
#11632=DIRECTION('center_axis',(0.,1.,-1.110223024625E-16));
#11633=DIRECTION('ref_axis',(0.,-1.110223024625E-16,-1.));
#11634=DIRECTION('',(0.,0.,-1.));
#11635=DIRECTION('',(1.,0.,0.));
#11636=DIRECTION('center_axis',(0.,1.110223024625E-16,1.));
#11637=DIRECTION('ref_axis',(0.,1.,-1.110223024625E-16));
#11638=DIRECTION('',(0.,1.,0.));
#11639=DIRECTION('',(1.,0.,0.));
#11640=DIRECTION('center_axis',(0.,1.,-1.110223024625E-16));
#11641=DIRECTION('ref_axis',(0.,-1.110223024625E-16,-1.));
#11642=DIRECTION('',(0.,0.,-1.));
#11643=DIRECTION('',(1.,0.,0.));
#11644=DIRECTION('center_axis',(0.,1.110223024625E-16,1.));
#11645=DIRECTION('ref_axis',(0.,1.,-1.110223024625E-16));
#11646=DIRECTION('',(0.,1.,0.));
#11647=DIRECTION('',(1.,0.,0.));
#11648=DIRECTION('center_axis',(0.,-1.,1.110223024625E-16));
#11649=DIRECTION('ref_axis',(1.,0.,0.));
#11650=DIRECTION('',(1.,0.,0.));
#11651=DIRECTION('',(0.,1.110223024625E-16,1.));
#11652=DIRECTION('',(0.,1.110223024625E-16,1.));
#11653=DIRECTION('',(1.,0.,0.));
#11654=DIRECTION('',(1.,0.,0.));
#11655=DIRECTION('',(0.,1.110223024625E-16,1.));
#11656=DIRECTION('',(1.,0.,0.));
#11657=DIRECTION('',(0.,1.110223024625E-16,1.));
#11658=DIRECTION('',(1.,0.,0.));
#11659=DIRECTION('',(0.,-1.110223024625E-16,-1.));
#11660=DIRECTION('',(1.,0.,0.));
#11661=DIRECTION('',(0.,-1.110223024625E-16,-1.));
#11662=DIRECTION('',(-1.,0.,0.));
#11663=DIRECTION('',(0.,-1.110223024625E-16,-1.));
#11664=DIRECTION('',(-1.,0.,0.));
#11665=DIRECTION('',(0.,1.110223024625E-16,1.));
#11666=DIRECTION('',(-1.,0.,0.));
#11667=DIRECTION('',(0.,1.110223024625E-16,1.));
#11668=DIRECTION('',(1.,0.,0.));
#11669=DIRECTION('center_axis',(0.,1.110223024625E-16,1.));
#11670=DIRECTION('ref_axis',(0.,-1.,1.110223024625E-16));
#11671=DIRECTION('',(1.,0.,0.));
#11672=DIRECTION('',(0.,1.,-1.110223024625E-16));
#11673=DIRECTION('',(1.,0.,0.));
#11674=DIRECTION('',(0.,-1.,1.110223024625E-16));
#11675=DIRECTION('',(1.,0.,0.));
#11676=DIRECTION('',(0.,1.,-1.110223024625E-16));
#11677=DIRECTION('center_axis',(0.,-0.865781720523649,-0.500421834462797));
#11678=DIRECTION('ref_axis',(0.,-0.500421834462797,0.865781720523649));
#11679=DIRECTION('',(1.,0.,0.));
#11680=DIRECTION('',(0.,-0.500421834462797,0.865781720523649));
#11681=DIRECTION('center_axis',(0.,-1.110223024625E-16,-1.));
#11682=DIRECTION('ref_axis',(0.,-1.,1.110223024625E-16));
#11683=DIRECTION('',(1.,0.,0.));
#11684=DIRECTION('',(0.,-1.,1.110223024625E-16));
#11685=DIRECTION('center_axis',(0.,-1.,1.110223024625E-16));
#11686=DIRECTION('ref_axis',(0.,1.110223024625E-16,1.));
#11687=DIRECTION('',(1.,0.,0.));
#11688=DIRECTION('',(0.,1.110223024625E-16,1.));
#11689=DIRECTION('center_axis',(0.,-1.110223024625E-16,-1.));
#11690=DIRECTION('ref_axis',(0.,-1.,1.110223024625E-16));
#11691=DIRECTION('',(1.,0.,0.));
#11692=DIRECTION('',(0.,-1.,1.110223024625E-16));
#11693=DIRECTION('center_axis',(0.,-1.,1.110223024625E-16));
#11694=DIRECTION('ref_axis',(1.,0.,0.));
#11695=DIRECTION('',(0.,-1.110223024625E-16,-1.));
#11696=DIRECTION('',(0.,-1.110223024625E-16,-1.));
#11697=DIRECTION('',(1.,0.,0.));
#11698=DIRECTION('',(0.,1.110223024625E-16,1.));
#11699=DIRECTION('',(0.,0.,1.));
#11700=DIRECTION('',(1.,0.,0.));
#11701=DIRECTION('',(0.,0.,1.));
#11702=DIRECTION('',(0.,0.,1.));
#11703=DIRECTION('',(1.,0.,0.));
#11704=DIRECTION('',(0.,0.,1.));
#11705=DIRECTION('',(0.,0.,1.));
#11706=DIRECTION('',(1.,0.,0.));
#11707=DIRECTION('',(0.,0.,1.));
#11708=DIRECTION('',(0.,0.,1.));
#11709=DIRECTION('',(1.,0.,0.));
#11710=DIRECTION('',(0.,0.,1.));
#11711=DIRECTION('center_axis',(1.,0.,0.));
#11712=DIRECTION('ref_axis',(0.,-1.,1.110223024625E-16));
#11713=DIRECTION('',(0.,-1.,1.110223024625E-16));
#11714=DIRECTION('',(0.,1.110223024625E-16,1.));
#11715=DIRECTION('',(0.,-1.,1.110223024625E-16));
#11716=DIRECTION('',(0.,-0.500421834462797,0.865781720523649));
#11717=DIRECTION('',(0.,1.,-1.110223024625E-16));
#11718=DIRECTION('',(0.,-1.110223024625E-16,-1.));
#11719=DIRECTION('',(0.,1.,-1.110223024625E-16));
#11720=DIRECTION('',(0.,-1.110223024625E-16,-1.));
#11721=DIRECTION('center_axis',(0.,1.,-1.110223024625E-16));
#11722=DIRECTION('ref_axis',(0.,-1.110223024625E-16,-1.));
#11723=DIRECTION('',(0.,0.,-1.));
#11724=DIRECTION('',(1.,0.,0.));
#11725=DIRECTION('center_axis',(0.,1.,0.));
#11726=DIRECTION('ref_axis',(0.,0.,-1.));
#11727=DIRECTION('',(0.,0.,-1.));
#11728=DIRECTION('',(0.,0.,-1.));
#11729=DIRECTION('',(1.,0.,0.));
#11730=DIRECTION('center_axis',(-1.,0.,0.));
#11731=DIRECTION('ref_axis',(0.,0.,-1.));
#11732=DIRECTION('',(0.,-1.,-5.782411586589E-18));
#11733=DIRECTION('',(0.,0.,1.));
#11734=DIRECTION('center_axis',(-1.,0.,0.));
#11735=DIRECTION('ref_axis',(0.,0.,-1.));
#11736=DIRECTION('',(0.,-1.,-5.782411586589E-18));
#11737=DIRECTION('',(0.,0.,-1.));
#11738=DIRECTION('',(0.,0.,1.));
#11739=DIRECTION('center_axis',(0.,1.,0.));
#11740=DIRECTION('ref_axis',(0.,0.,-1.));
#11741=DIRECTION('',(0.,0.,-1.));
#11742=DIRECTION('',(1.,0.,0.));
#11743=DIRECTION('center_axis',(-1.,0.,0.));
#11744=DIRECTION('ref_axis',(0.,0.,-1.));
#11745=DIRECTION('',(0.,0.,1.));
#11746=DIRECTION('',(0.,1.,0.));
#11747=DIRECTION('',(0.,0.,-1.));
#11748=DIRECTION('',(0.,-1.,0.));
#11749=DIRECTION('center_axis',(0.,-1.,0.));
#11750=DIRECTION('ref_axis',(0.,0.,1.));
#11751=DIRECTION('',(1.,0.,0.));
#11752=DIRECTION('',(0.,0.,1.));
#11753=DIRECTION('center_axis',(-1.,0.,0.));
#11754=DIRECTION('ref_axis',(0.,0.,-1.));
#11755=DIRECTION('',(0.,-1.,0.));
#11756=DIRECTION('',(0.,0.,-1.));
#11757=DIRECTION('',(0.,1.,0.));
#11758=DIRECTION('center_axis',(-1.,0.,0.));
#11759=DIRECTION('ref_axis',(0.,0.,-1.));
#11760=DIRECTION('',(0.,0.,1.));
#11761=DIRECTION('',(0.,1.,0.));
#11762=DIRECTION('',(0.,0.,-1.));
#11763=DIRECTION('',(0.,-1.,0.));
#11764=DIRECTION('center_axis',(0.,-1.,0.));
#11765=DIRECTION('ref_axis',(0.,0.,1.));
#11766=DIRECTION('',(1.,0.,0.));
#11767=DIRECTION('',(0.,0.,1.));
#11768=DIRECTION('center_axis',(-1.,0.,0.));
#11769=DIRECTION('ref_axis',(0.,0.,-1.));
#11770=DIRECTION('',(0.,-1.,0.));
#11771=DIRECTION('',(0.,0.,-1.));
#11772=DIRECTION('',(0.,1.,0.));
#11773=DIRECTION('center_axis',(-1.,0.,0.));
#11774=DIRECTION('ref_axis',(0.,0.,-1.));
#11775=DIRECTION('',(0.,0.,1.));
#11776=DIRECTION('',(0.,1.,0.));
#11777=DIRECTION('',(0.,0.,-1.));
#11778=DIRECTION('',(0.,-1.,0.));
#11779=DIRECTION('center_axis',(0.,-1.,0.));
#11780=DIRECTION('ref_axis',(0.,0.,1.));
#11781=DIRECTION('',(1.,0.,0.));
#11782=DIRECTION('',(0.,0.,1.));
#11783=DIRECTION('center_axis',(-1.,0.,0.));
#11784=DIRECTION('ref_axis',(0.,0.,-1.));
#11785=DIRECTION('',(0.,-1.,0.));
#11786=DIRECTION('',(0.,0.,-1.));
#11787=DIRECTION('',(0.,1.,0.));
#11788=DIRECTION('center_axis',(-1.,0.,0.));
#11789=DIRECTION('ref_axis',(0.,0.,-1.));
#11790=DIRECTION('',(0.,0.,1.));
#11791=DIRECTION('',(0.,1.,0.));
#11792=DIRECTION('',(0.,0.,-1.));
#11793=DIRECTION('',(0.,-1.,0.));
#11794=DIRECTION('center_axis',(0.,-1.,0.));
#11795=DIRECTION('ref_axis',(0.,0.,1.));
#11796=DIRECTION('',(1.,0.,0.));
#11797=DIRECTION('',(0.,0.,1.));
#11798=DIRECTION('center_axis',(-1.,0.,0.));
#11799=DIRECTION('ref_axis',(0.,0.,-1.));
#11800=DIRECTION('',(0.,-1.,0.));
#11801=DIRECTION('',(0.,0.,-1.));
#11802=DIRECTION('',(0.,1.,0.));
#11803=DIRECTION('center_axis',(-1.,0.,0.));
#11804=DIRECTION('ref_axis',(0.,0.,-1.));
#11805=DIRECTION('',(0.,0.,1.));
#11806=DIRECTION('',(0.,-1.,-5.782411586589E-18));
#11807=DIRECTION('center_axis',(0.,-1.,0.));
#11808=DIRECTION('ref_axis',(0.,0.,1.));
#11809=DIRECTION('',(1.,0.,0.));
#11810=DIRECTION('center_axis',(0.,-1.,0.));
#11811=DIRECTION('ref_axis',(0.,0.,1.));
#11812=DIRECTION('',(1.,0.,0.));
#11813=DIRECTION('',(0.,0.,1.));
#11814=DIRECTION('center_axis',(0.,1.110223024625E-16,1.));
#11815=DIRECTION('ref_axis',(0.,1.,-1.110223024625E-16));
#11816=DIRECTION('',(0.,1.,0.));
#11817=DIRECTION('',(1.,0.,0.));
#11818=DIRECTION('center_axis',(1.,0.,0.));
#11819=DIRECTION('ref_axis',(0.,1.110223024625E-16,1.));
#11820=DIRECTION('',(0.,1.,-1.110223024625E-16));
#11821=DIRECTION('',(0.,-1.110223024625E-16,-1.));
#11822=DIRECTION('',(0.,-1.,1.110223024625E-16));
#11823=DIRECTION('',(0.,1.,-1.110223024625E-16));
#11824=DIRECTION('',(0.,1.110223024625E-16,1.));
#11825=DIRECTION('',(0.,1.,-1.110223024625E-16));
#11826=DIRECTION('center_axis',(0.,-1.110223024625E-16,-1.));
#11827=DIRECTION('ref_axis',(1.,0.,0.));
#11828=DIRECTION('',(0.,1.,-1.110223024625E-16));
#11829=DIRECTION('',(1.,0.,0.));
#11830=DIRECTION('center_axis',(1.,0.,0.));
#11831=DIRECTION('ref_axis',(0.,1.110223024625E-16,1.));
#11832=DIRECTION('',(0.,1.,-1.110223024625E-16));
#11833=DIRECTION('',(0.,1.110223024625E-16,1.));
#11834=DIRECTION('center_axis',(0.,1.110223024625E-16,1.));
#11835=DIRECTION('ref_axis',(-1.,0.,0.));
#11836=DIRECTION('',(-1.,0.,0.));
#11837=DIRECTION('center_axis',(0.,1.110223024625E-16,1.));
#11838=DIRECTION('ref_axis',(-1.,0.,0.));
#11839=DIRECTION('',(0.,1.,-1.110223024625E-16));
#11840=DIRECTION('',(-1.,0.,0.));
#11841=DIRECTION('center_axis',(-1.,0.,0.));
#11842=DIRECTION('ref_axis',(0.,-1.110223024625E-16,-1.));
#11843=DIRECTION('',(0.,1.,-1.110223024625E-16));
#11844=DIRECTION('',(0.,1.110223024625E-16,1.));
#11845=DIRECTION('',(0.,-1.,1.110223024625E-16));
#11846=DIRECTION('',(0.,1.,-1.110223024625E-16));
#11847=DIRECTION('',(0.,-1.110223024625E-16,-1.));
#11848=DIRECTION('center_axis',(0.,1.110223024625E-16,1.));
#11849=DIRECTION('ref_axis',(-1.,0.,0.));
#11850=DIRECTION('',(0.,1.,-1.110223024625E-16));
#11851=DIRECTION('',(-1.,0.,0.));
#11852=DIRECTION('center_axis',(-1.,0.,0.));
#11853=DIRECTION('ref_axis',(0.,-1.110223024625E-16,-1.));
#11854=DIRECTION('',(0.,1.,-1.110223024625E-16));
#11855=DIRECTION('',(0.,-1.110223024625E-16,-1.));
#11856=DIRECTION('center_axis',(0.,-1.110223024625E-16,-1.));
#11857=DIRECTION('ref_axis',(1.,0.,0.));
#11858=DIRECTION('',(1.,0.,0.));
#11859=DIRECTION('center_axis',(0.,-1.110223024625E-16,-1.));
#11860=DIRECTION('ref_axis',(1.,0.,0.));
#11861=DIRECTION('',(1.,0.,0.));
#11862=DIRECTION('center_axis',(-1.,0.,0.));
#11863=DIRECTION('ref_axis',(0.,1.,-1.110223024625E-16));
#11864=DIRECTION('',(0.,-0.500421834462797,0.865781720523649));
#11865=DIRECTION('',(0.,-1.,1.110223024625E-16));
#11866=DIRECTION('',(0.,1.110223024625E-16,1.));
#11867=DIRECTION('',(0.,-1.,1.110223024625E-16));
#11868=DIRECTION('center_axis',(0.,-0.865781720523649,-0.500421834462797));
#11869=DIRECTION('ref_axis',(0.,-0.500421834462797,0.865781720523649));
#11870=DIRECTION('',(1.,0.,0.));
#11871=DIRECTION('center_axis',(-1.,0.,0.));
#11872=DIRECTION('ref_axis',(0.,1.,-1.110223024625E-16));
#11873=DIRECTION('center_axis',(0.,-1.110223024625E-16,-1.));
#11874=DIRECTION('ref_axis',(0.,-1.,1.110223024625E-16));
#11875=DIRECTION('',(1.,0.,0.));
#11876=DIRECTION('center_axis',(0.,0.,1.));
#11877=DIRECTION('ref_axis',(0.,1.,0.));
#11878=DIRECTION('',(1.,0.,0.));
#11879=DIRECTION('center_axis',(0.,0.,1.));
#11880=DIRECTION('ref_axis',(0.,1.,0.));
#11881=DIRECTION('',(1.,0.,0.));
#11882=DIRECTION('center_axis',(0.,0.,1.));
#11883=DIRECTION('ref_axis',(0.,1.,0.));
#11884=DIRECTION('',(1.,0.,0.));
#11885=DIRECTION('center_axis',(0.,0.,1.));
#11886=DIRECTION('ref_axis',(0.,1.,0.));
#11887=DIRECTION('',(1.,0.,0.));
#11888=DIRECTION('center_axis',(0.,1.110223024625E-16,1.));
#11889=DIRECTION('ref_axis',(0.,1.,-1.110223024625E-16));
#11890=DIRECTION('',(0.,1.,0.));
#11891=DIRECTION('',(1.,0.,0.));
#11892=DIRECTION('center_axis',(0.,1.,-1.110223024625E-16));
#11893=DIRECTION('ref_axis',(0.,-1.110223024625E-16,-1.));
#11894=DIRECTION('',(0.,0.,-1.));
#11895=DIRECTION('center_axis',(0.,-1.110223024625E-16,-1.));
#11896=DIRECTION('ref_axis',(0.,-1.,1.110223024625E-16));
#11897=DIRECTION('',(1.,0.,0.));
#11898=DIRECTION('center_axis',(0.,-1.,1.110223024625E-16));
#11899=DIRECTION('ref_axis',(0.,1.110223024625E-16,1.));
#11900=DIRECTION('center_axis',(-1.,0.,0.));
#11901=DIRECTION('ref_axis',(0.,0.,-1.));
#11902=DIRECTION('',(0.,-1.,-5.782411586589E-18));
#11903=DIRECTION('center_axis',(0.,5.782411586589E-18,-1.));
#11904=DIRECTION('ref_axis',(0.,-1.,-5.782411586589E-18));
#11905=DIRECTION('center_axis',(0.,5.782411586589E-18,-1.));
#11906=DIRECTION('ref_axis',(0.,-1.,-5.782411586589E-18));
#11907=DIRECTION('center_axis',(0.,1.,0.));
#11908=DIRECTION('ref_axis',(0.,0.,-1.));
#11909=DIRECTION('',(1.,0.,0.));
#11910=DIRECTION('center_axis',(0.,0.,-1.));
#11911=DIRECTION('ref_axis',(0.,-1.,0.));
#11912=DIRECTION('center_axis',(0.,1.,0.));
#11913=DIRECTION('ref_axis',(0.,0.,-1.));
#11914=DIRECTION('',(1.,0.,0.));
#11915=DIRECTION('center_axis',(0.,0.,-1.));
#11916=DIRECTION('ref_axis',(0.,-1.,0.));
#11917=DIRECTION('center_axis',(0.,1.,0.));
#11918=DIRECTION('ref_axis',(0.,0.,-1.));
#11919=DIRECTION('',(1.,0.,0.));
#11920=DIRECTION('center_axis',(0.,0.,-1.));
#11921=DIRECTION('ref_axis',(0.,-1.,0.));
#11922=DIRECTION('center_axis',(0.,1.,0.));
#11923=DIRECTION('ref_axis',(0.,0.,-1.));
#11924=DIRECTION('',(1.,0.,0.));
#11925=DIRECTION('center_axis',(0.,0.,-1.));
#11926=DIRECTION('ref_axis',(0.,-1.,0.));
#11927=DIRECTION('center_axis',(0.,-1.,1.110223024625E-16));
#11928=DIRECTION('ref_axis',(1.,0.,0.));
#11929=DIRECTION('center_axis',(0.,-1.,1.110223024625E-16));
#11930=DIRECTION('ref_axis',(1.,0.,0.));
#11931=DIRECTION('',(1.,0.,0.));
#11932=DIRECTION('',(0.,0.,-1.));
#11933=DIRECTION('',(1.,0.,0.));
#11934=DIRECTION('',(0.,0.,-1.));
#11935=DIRECTION('',(0.,0.,-1.));
#11936=DIRECTION('',(1.,0.,0.));
#11937=DIRECTION('',(0.,0.,-1.));
#11938=DIRECTION('',(1.,0.,0.));
#11939=DIRECTION('',(0.,0.,-1.));
#11940=DIRECTION('',(1.,0.,0.));
#11941=DIRECTION('',(0.,0.,-1.));
#11942=DIRECTION('',(1.,0.,0.));
#11943=DIRECTION('',(0.,0.,-1.));
#11944=DIRECTION('',(1.,0.,0.));
#11945=DIRECTION('',(0.,0.,-1.));
#11946=DIRECTION('',(1.,0.,0.));
#11947=DIRECTION('center_axis',(0.,-1.,1.110223024625E-16));
#11948=DIRECTION('ref_axis',(1.,0.,0.));
#11949=DIRECTION('center_axis',(0.,-0.0740815907895589,-0.997252183705851));
#11950=DIRECTION('ref_axis',(0.,-0.997252183705851,0.0740815907895589));
#11951=DIRECTION('',(0.,-0.997252183705851,0.0740815907895589));
#11952=DIRECTION('',(1.,0.,0.));
#11953=DIRECTION('',(0.,-0.997252183705851,0.0740815907895589));
#11954=DIRECTION('center_axis',(-1.,0.,0.));
#11955=DIRECTION('ref_axis',(0.,0.,-1.));
#11956=DIRECTION('',(0.,0.,1.));
#11957=DIRECTION('',(0.,1.,0.));
#11958=DIRECTION('center_axis',(0.,0.,1.));
#11959=DIRECTION('ref_axis',(0.,1.,0.));
#11960=DIRECTION('',(1.,0.,0.));
#11961=DIRECTION('',(0.,1.,0.));
#11962=DIRECTION('center_axis',(-1.,0.,0.));
#11963=DIRECTION('ref_axis',(0.,0.,-1.));
#11964=DIRECTION('',(0.,0.,1.));
#11965=DIRECTION('center_axis',(-1.,0.,0.));
#11966=DIRECTION('ref_axis',(0.,0.,-1.));
#11967=DIRECTION('',(0.,0.,1.));
#11968=DIRECTION('',(0.,1.,0.));
#11969=DIRECTION('',(0.,-0.997252183705851,0.0740815907895589));
#11970=DIRECTION('center_axis',(0.,-0.0740815907895589,-0.997252183705851));
#11971=DIRECTION('ref_axis',(0.,-0.997252183705851,0.0740815907895589));
#11972=DIRECTION('',(0.,-0.997252183705851,0.0740815907895589));
#11973=DIRECTION('',(1.,0.,0.));
#11974=DIRECTION('center_axis',(-1.,0.,0.));
#11975=DIRECTION('ref_axis',(0.,0.,-1.));
#11976=DIRECTION('',(0.,0.,1.));
#11977=DIRECTION('',(0.,1.,0.));
#11978=DIRECTION('center_axis',(0.,0.,1.));
#11979=DIRECTION('ref_axis',(0.,1.,0.));
#11980=DIRECTION('',(1.,0.,0.));
#11981=DIRECTION('center_axis',(-1.,0.,0.));
#11982=DIRECTION('ref_axis',(0.,0.,-1.));
#11983=DIRECTION('',(0.,0.,1.));
#11984=DIRECTION('',(0.,1.,0.));
#11985=DIRECTION('',(0.,-0.997252183705851,0.0740815907895589));
#11986=DIRECTION('center_axis',(0.,-0.0740815907895589,-0.997252183705851));
#11987=DIRECTION('ref_axis',(0.,-0.997252183705851,0.0740815907895589));
#11988=DIRECTION('',(0.,-0.997252183705851,0.0740815907895589));
#11989=DIRECTION('',(1.,0.,0.));
#11990=DIRECTION('center_axis',(-1.,0.,0.));
#11991=DIRECTION('ref_axis',(0.,0.,-1.));
#11992=DIRECTION('',(0.,0.,1.));
#11993=DIRECTION('',(0.,1.,0.));
#11994=DIRECTION('center_axis',(0.,0.,1.));
#11995=DIRECTION('ref_axis',(0.,1.,0.));
#11996=DIRECTION('',(1.,0.,0.));
#11997=DIRECTION('center_axis',(-1.,0.,0.));
#11998=DIRECTION('ref_axis',(0.,0.,-1.));
#11999=DIRECTION('',(0.,0.,1.));
#12000=DIRECTION('',(0.,1.,0.));
#12001=DIRECTION('',(0.,-0.997252183705851,0.0740815907895589));
#12002=DIRECTION('center_axis',(0.,-0.0740815907895589,-0.997252183705851));
#12003=DIRECTION('ref_axis',(0.,-0.997252183705851,0.0740815907895589));
#12004=DIRECTION('',(0.,-0.997252183705851,0.0740815907895589));
#12005=DIRECTION('',(1.,0.,0.));
#12006=DIRECTION('center_axis',(-1.,0.,0.));
#12007=DIRECTION('ref_axis',(0.,0.,-1.));
#12008=DIRECTION('',(0.,0.,1.));
#12009=DIRECTION('',(0.,1.,0.));
#12010=DIRECTION('center_axis',(0.,0.,1.));
#12011=DIRECTION('ref_axis',(0.,1.,0.));
#12012=DIRECTION('',(1.,0.,0.));
#12013=DIRECTION('center_axis',(0.,-1.,0.));
#12014=DIRECTION('ref_axis',(0.,0.,1.));
#12015=DIRECTION('center_axis',(0.,-1.,0.));
#12016=DIRECTION('ref_axis',(0.,0.,1.));
#12017=DIRECTION('center_axis',(0.,-1.,0.));
#12018=DIRECTION('ref_axis',(0.,0.,1.));
#12019=DIRECTION('center_axis',(0.,-1.,0.));
#12020=DIRECTION('ref_axis',(0.,0.,1.));
#12021=DIRECTION('',(0.,0.,1.));
#12022=DIRECTION('',(1.,0.,0.));
#12023=DIRECTION('axis',(0.,0.,1.));
#12024=DIRECTION('refdir',(1.,0.,0.));
#12025=DIRECTION('axis',(0.,0.,1.));
#12026=DIRECTION('refdir',(1.,0.,0.));
#12027=DIRECTION('center_axis',(1.,0.,0.));
#12028=DIRECTION('ref_axis',(0.,0.,1.));
#12029=DIRECTION('',(0.,0.,1.));
#12030=DIRECTION('center_axis',(-1.,0.,0.));
#12031=DIRECTION('ref_axis',(0.,0.,1.));
#12032=DIRECTION('',(0.,1.,0.));
#12033=DIRECTION('center_axis',(1.,0.,0.));
#12034=DIRECTION('ref_axis',(0.,0.,1.));
#12035=DIRECTION('',(0.,0.,1.));
#12036=DIRECTION('center_axis',(-1.,0.,0.));
#12037=DIRECTION('ref_axis',(0.,0.,1.));
#12038=DIRECTION('',(0.,1.,0.));
#12039=DIRECTION('center_axis',(1.,0.,0.));
#12040=DIRECTION('ref_axis',(0.,0.,1.));
#12041=DIRECTION('center_axis',(0.,1.,0.));
#12042=DIRECTION('ref_axis',(0.,0.,1.));
#12043=DIRECTION('',(0.,0.,1.));
#12044=DIRECTION('',(1.,0.,0.));
#12045=DIRECTION('',(1.,0.,0.));
#12046=DIRECTION('center_axis',(1.,0.,0.));
#12047=DIRECTION('ref_axis',(0.,-1.,0.));
#12048=DIRECTION('',(1.,0.,0.));
#12049=DIRECTION('center_axis',(1.,0.,0.));
#12050=DIRECTION('ref_axis',(0.,0.,1.));
#12051=DIRECTION('center_axis',(1.,0.,0.));
#12052=DIRECTION('ref_axis',(0.,-1.,0.));
#12053=DIRECTION('center_axis',(-1.,0.,0.));
#12054=DIRECTION('ref_axis',(0.,0.,1.));
#12055=DIRECTION('',(1.,0.,0.));
#12056=DIRECTION('center_axis',(0.,0.,1.));
#12057=DIRECTION('ref_axis',(1.,0.,0.));
#12058=DIRECTION('',(1.,0.,0.));
#12059=DIRECTION('',(0.,1.,0.));
#12060=DIRECTION('center_axis',(0.,0.,1.));
#12061=DIRECTION('ref_axis',(1.,0.,0.));
#12062=DIRECTION('',(0.,1.,0.));
#12063=DIRECTION('',(1.,0.,0.));
#12064=DIRECTION('center_axis',(1.,0.,0.));
#12065=DIRECTION('ref_axis',(0.,1.,0.));
#12066=DIRECTION('',(1.,0.,0.));
#12067=DIRECTION('center_axis',(-1.,0.,0.));
#12068=DIRECTION('ref_axis',(0.,0.,1.));
#12069=DIRECTION('center_axis',(1.,0.,0.));
#12070=DIRECTION('ref_axis',(0.,1.,0.));
#12071=DIRECTION('center_axis',(1.,0.,0.));
#12072=DIRECTION('ref_axis',(0.,0.,1.));
#12073=DIRECTION('',(1.,0.,0.));
#12074=DIRECTION('center_axis',(0.,1.,0.));
#12075=DIRECTION('ref_axis',(0.,0.,1.));
#12076=DIRECTION('',(0.,0.,1.));
#12077=DIRECTION('center_axis',(1.,0.,0.));
#12078=DIRECTION('ref_axis',(0.,0.,1.));
#12079=DIRECTION('center_axis',(1.,0.,0.));
#12080=DIRECTION('ref_axis',(0.,0.,1.));
#12081=DIRECTION('',(0.,0.,1.));
#12082=DIRECTION('center_axis',(-1.,0.,0.));
#12083=DIRECTION('ref_axis',(0.,0.,1.));
#12084=DIRECTION('',(0.,1.,0.));
#12085=DIRECTION('center_axis',(1.,0.,0.));
#12086=DIRECTION('ref_axis',(0.,0.,1.));
#12087=DIRECTION('',(0.,0.,1.));
#12088=DIRECTION('center_axis',(-1.,0.,0.));
#12089=DIRECTION('ref_axis',(0.,0.,1.));
#12090=DIRECTION('',(0.,1.,0.));
#12091=DIRECTION('center_axis',(1.,0.,0.));
#12092=DIRECTION('ref_axis',(0.,-1.,0.));
#12093=DIRECTION('',(1.,0.,0.));
#12094=DIRECTION('center_axis',(1.,0.,0.));
#12095=DIRECTION('ref_axis',(0.,0.,1.));
#12096=DIRECTION('',(1.,0.,0.));
#12097=DIRECTION('center_axis',(0.,0.,1.));
#12098=DIRECTION('ref_axis',(1.,0.,0.));
#12099=DIRECTION('',(1.,0.,0.));
#12100=DIRECTION('',(0.,1.,0.));
#12101=DIRECTION('center_axis',(1.,0.,0.));
#12102=DIRECTION('ref_axis',(0.,1.,0.));
#12103=DIRECTION('',(1.,0.,0.));
#12104=DIRECTION('center_axis',(-1.,0.,0.));
#12105=DIRECTION('ref_axis',(0.,0.,1.));
#12106=DIRECTION('center_axis',(0.,1.,0.));
#12107=DIRECTION('ref_axis',(0.,0.,1.));
#12108=DIRECTION('',(0.,0.,1.));
#12109=DIRECTION('',(1.,0.,0.));
#12110=DIRECTION('center_axis',(1.,0.,0.));
#12111=DIRECTION('ref_axis',(0.,1.,0.));
#12112=DIRECTION('',(1.,0.,0.));
#12113=DIRECTION('center_axis',(1.,0.,0.));
#12114=DIRECTION('ref_axis',(0.,0.,1.));
#12115=DIRECTION('center_axis',(0.,0.,1.));
#12116=DIRECTION('ref_axis',(1.,0.,0.));
#12117=DIRECTION('',(1.,0.,0.));
#12118=DIRECTION('',(0.,1.,0.));
#12119=DIRECTION('center_axis',(1.,0.,0.));
#12120=DIRECTION('ref_axis',(0.,-1.,0.));
#12121=DIRECTION('',(1.,0.,0.));
#12122=DIRECTION('center_axis',(-1.,0.,0.));
#12123=DIRECTION('ref_axis',(0.,0.,1.));
#12124=DIRECTION('center_axis',(0.,1.,0.));
#12125=DIRECTION('ref_axis',(0.,0.,1.));
#12126=DIRECTION('',(0.,0.,1.));
#12127=DIRECTION('center_axis',(1.,0.,0.));
#12128=DIRECTION('ref_axis',(0.,0.,1.));
#12129=DIRECTION('',(0.,0.,1.));
#12130=DIRECTION('center_axis',(-1.,0.,0.));
#12131=DIRECTION('ref_axis',(0.,0.,1.));
#12132=DIRECTION('',(0.,1.,0.));
#12133=DIRECTION('center_axis',(1.,0.,0.));
#12134=DIRECTION('ref_axis',(0.,0.,1.));
#12135=DIRECTION('',(0.,0.,1.));
#12136=DIRECTION('center_axis',(-1.,0.,0.));
#12137=DIRECTION('ref_axis',(0.,0.,1.));
#12138=DIRECTION('',(0.,1.,0.));
#12139=DIRECTION('center_axis',(1.,0.,0.));
#12140=DIRECTION('ref_axis',(0.,0.,1.));
#12141=DIRECTION('center_axis',(0.,1.,0.));
#12142=DIRECTION('ref_axis',(0.,0.,1.));
#12143=DIRECTION('',(0.,0.,1.));
#12144=DIRECTION('',(1.,0.,0.));
#12145=DIRECTION('',(1.,0.,0.));
#12146=DIRECTION('center_axis',(1.,0.,0.));
#12147=DIRECTION('ref_axis',(0.,-1.,0.));
#12148=DIRECTION('',(1.,0.,0.));
#12149=DIRECTION('center_axis',(1.,0.,0.));
#12150=DIRECTION('ref_axis',(0.,0.,1.));
#12151=DIRECTION('center_axis',(1.,0.,0.));
#12152=DIRECTION('ref_axis',(0.,-1.,0.));
#12153=DIRECTION('center_axis',(-1.,0.,0.));
#12154=DIRECTION('ref_axis',(0.,0.,1.));
#12155=DIRECTION('',(1.,0.,0.));
#12156=DIRECTION('center_axis',(0.,0.,1.));
#12157=DIRECTION('ref_axis',(1.,0.,0.));
#12158=DIRECTION('',(1.,0.,0.));
#12159=DIRECTION('',(0.,1.,0.));
#12160=DIRECTION('center_axis',(0.,0.,1.));
#12161=DIRECTION('ref_axis',(1.,0.,0.));
#12162=DIRECTION('',(0.,1.,0.));
#12163=DIRECTION('',(1.,0.,0.));
#12164=DIRECTION('center_axis',(1.,0.,0.));
#12165=DIRECTION('ref_axis',(0.,1.,0.));
#12166=DIRECTION('',(1.,0.,0.));
#12167=DIRECTION('center_axis',(-1.,0.,0.));
#12168=DIRECTION('ref_axis',(0.,0.,1.));
#12169=DIRECTION('center_axis',(1.,0.,0.));
#12170=DIRECTION('ref_axis',(0.,1.,0.));
#12171=DIRECTION('center_axis',(1.,0.,0.));
#12172=DIRECTION('ref_axis',(0.,0.,1.));
#12173=DIRECTION('',(1.,0.,0.));
#12174=DIRECTION('center_axis',(0.,1.,0.));
#12175=DIRECTION('ref_axis',(0.,0.,1.));
#12176=DIRECTION('',(0.,0.,1.));
#12177=DIRECTION('center_axis',(1.,0.,0.));
#12178=DIRECTION('ref_axis',(0.,0.,1.));
#12179=DIRECTION('',(0.,0.,1.));
#12180=DIRECTION('',(1.,0.,0.));
#12181=DIRECTION('axis',(0.,0.,1.));
#12182=DIRECTION('refdir',(1.,0.,0.));
#12183=DIRECTION('axis',(0.,0.,1.));
#12184=DIRECTION('refdir',(1.,0.,0.));
#12185=DIRECTION('center_axis',(0.,-0.990268068741477,0.139173100960731));
#12186=DIRECTION('ref_axis',(0.,-0.139173100960731,-0.990268068741477));
#12187=DIRECTION('',(1.,1.110223024625E-16,0.));
#12188=DIRECTION('',(-0.069418680829641,0.138837361660802,0.987879159492162));
#12189=DIRECTION('',(1.,1.110223024625E-16,0.));
#12190=DIRECTION('',(0.069418680829641,0.138837361660802,0.987879159492162));
#12191=DIRECTION('center_axis',(0.,0.,1.));
#12192=DIRECTION('ref_axis',(0.43658743396403,-0.899661832304063,0.));
#12193=DIRECTION('',(0.707106781186548,-0.707106781186548,0.));
#12194=DIRECTION('',(1.110223024625E-16,-1.,0.));
#12195=DIRECTION('',(-0.707106781186548,-0.707106781186548,0.));
#12196=DIRECTION('',(-1.,-1.110223024625E-16,0.));
#12197=DIRECTION('',(-0.707106781186548,0.707106781186548,0.));
#12198=DIRECTION('',(-1.110223024625E-16,1.,0.));
#12199=DIRECTION('',(0.707106781186548,0.707106781186548,0.));
#12200=DIRECTION('center_axis',(-0.699379129651787,-0.699379129651787,0.147436989982222));
#12201=DIRECTION('ref_axis',(0.206277448964772,0.,0.978493543181858));
#12202=DIRECTION('',(0.707106781186548,-0.707106781186548,0.));
#12203=DIRECTION('',(0.138837361660803,0.0694186808296415,0.987879159492162));
#12204=DIRECTION('center_axis',(1.110223024625E-16,-1.,0.));
#12205=DIRECTION('ref_axis',(1.,1.110223024625E-16,0.));
#12206=DIRECTION('',(0.,0.,1.));
#12207=DIRECTION('',(1.,1.110223024625E-16,0.));
#12208=DIRECTION('',(0.,0.,1.));
#12209=DIRECTION('center_axis',(0.699379129651787,-0.699379129651787,0.147436989982222));
#12210=DIRECTION('ref_axis',(0.206277448964772,0.,-0.978493543181858));
#12211=DIRECTION('',(-0.138837361660803,0.0694186808296415,0.987879159492162));
#12212=DIRECTION('',(0.707106781186548,0.707106781186548,0.));
#12213=DIRECTION('center_axis',(0.990268068741477,0.,0.139173100960731));
#12214=DIRECTION('ref_axis',(0.139173100960731,0.,-0.990268068741477));
#12215=DIRECTION('',(-0.138837361660803,-0.0694186808296415,0.987879159492162));
#12216=DIRECTION('',(-1.110223024625E-16,1.,0.));
#12217=DIRECTION('',(-1.110223024625E-16,1.,0.));
#12218=DIRECTION('',(-1.110223024625E-16,1.,0.));
#12219=DIRECTION('',(-1.110223024625E-16,1.,0.));
#12220=DIRECTION('',(-1.110223024625E-16,1.,0.));
#12221=DIRECTION('',(-1.110223024625E-16,1.,0.));
#12222=DIRECTION('',(-1.110223024625E-16,1.,0.));
#12223=DIRECTION('center_axis',(-0.990268068741477,0.,0.139173100960731));
#12224=DIRECTION('ref_axis',(0.139173100960731,0.,0.990268068741477));
#12225=DIRECTION('',(1.110223024625E-16,-1.,0.));
#12226=DIRECTION('',(1.110223024625E-16,-1.,0.));
#12227=DIRECTION('',(1.110223024625E-16,-1.,0.));
#12228=DIRECTION('',(1.110223024625E-16,-1.,0.));
#12229=DIRECTION('',(1.110223024625E-16,-1.,0.));
#12230=DIRECTION('',(1.110223024625E-16,-1.,0.));
#12231=DIRECTION('',(1.110223024625E-16,-1.,0.));
#12232=DIRECTION('',(0.138837361660803,-0.0694186808296415,0.987879159492162));
#12233=DIRECTION('center_axis',(0.699379129651787,0.699379129651787,0.147436989982222));
#12234=DIRECTION('ref_axis',(0.206277448964772,0.,-0.978493543181858));
#12235=DIRECTION('',(-0.069418680829641,-0.138837361660802,0.987879159492162));
#12236=DIRECTION('',(-0.707106781186548,0.707106781186548,0.));
#12237=DIRECTION('center_axis',(-0.699379129651787,0.699379129651787,0.147436989982222));
#12238=DIRECTION('ref_axis',(0.206277448964772,0.,0.978493543181858));
#12239=DIRECTION('',(-0.707106781186548,-0.707106781186548,0.));
#12240=DIRECTION('',(0.069418680829641,-0.138837361660802,0.987879159492162));
#12241=DIRECTION('center_axis',(0.,0.990268068741477,0.139173100960731));
#12242=DIRECTION('ref_axis',(0.,-0.139173100960731,0.990268068741477));
#12243=DIRECTION('',(-1.,-1.110223024625E-16,0.));
#12244=DIRECTION('center_axis',(-0.707106781186548,-0.707106781186548,0.));
#12245=DIRECTION('ref_axis',(0.707106781186548,-0.707106781186548,0.));
#12246=DIRECTION('',(0.707106781186548,-0.707106781186548,0.));
#12247=DIRECTION('',(0.,0.,1.));
#12248=DIRECTION('center_axis',(4.595758349624E-18,6.551522493592E-27,-1.));
#12249=DIRECTION('ref_axis',(1.,1.51922136901E-16,4.595758349624E-18));
#12250=DIRECTION('',(0.707106781186548,0.707106781186548,0.));
#12251=DIRECTION('',(-1.110223024625E-16,1.,0.));
#12252=DIRECTION('',(1.,-1.144237745222E-17,0.));
#12253=DIRECTION('',(-1.110223024625E-16,1.,0.));
#12254=DIRECTION('',(0.707106781186548,0.707106781186548,0.));
#12255=DIRECTION('',(1.,1.110223024625E-16,0.));
#12256=DIRECTION('',(0.707106781186548,-0.707106781186548,0.));
#12257=DIRECTION('',(1.110223024625E-16,-1.,0.));
#12258=DIRECTION('',(-1.,-1.110223024625E-16,0.));
#12259=DIRECTION('',(1.110223024625E-16,-1.,0.));
#12260=DIRECTION('center_axis',(0.707106781186548,-0.707106781186548,0.));
#12261=DIRECTION('ref_axis',(0.707106781186548,0.707106781186548,0.));
#12262=DIRECTION('',(0.,0.,1.));
#12263=DIRECTION('center_axis',(1.,1.110223024625E-16,0.));
#12264=DIRECTION('ref_axis',(-1.110223024625E-16,1.,0.));
#12265=DIRECTION('',(0.,0.,1.));
#12266=DIRECTION('',(-1.110223024625E-16,1.,0.));
#12267=DIRECTION('',(0.,0.,1.));
#12268=DIRECTION('center_axis',(0.,0.,1.));
#12269=DIRECTION('ref_axis',(-1.,1.144237745222E-17,0.));
#12270=DIRECTION('',(-1.,1.144237745222E-17,0.));
#12271=DIRECTION('',(1.144237745222E-17,1.,0.));
#12272=DIRECTION('',(-1.,1.144237745222E-17,0.));
#12273=DIRECTION('center_axis',(1.,1.110223024625E-16,0.));
#12274=DIRECTION('ref_axis',(-1.110223024625E-16,1.,0.));
#12275=DIRECTION('',(0.,0.,1.));
#12276=DIRECTION('',(-1.110223024625E-16,1.,0.));
#12277=DIRECTION('',(0.,0.,1.));
#12278=DIRECTION('center_axis',(0.,0.,1.));
#12279=DIRECTION('ref_axis',(-1.,1.144237745222E-17,0.));
#12280=DIRECTION('',(-1.,1.144237745222E-17,0.));
#12281=DIRECTION('',(1.144237745222E-17,1.,0.));
#12282=DIRECTION('',(-1.,1.144237745222E-17,0.));
#12283=DIRECTION('center_axis',(1.,1.110223024625E-16,0.));
#12284=DIRECTION('ref_axis',(-1.110223024625E-16,1.,0.));
#12285=DIRECTION('',(0.,0.,1.));
#12286=DIRECTION('',(-1.110223024625E-16,1.,0.));
#12287=DIRECTION('',(0.,0.,1.));
#12288=DIRECTION('center_axis',(0.,0.,1.));
#12289=DIRECTION('ref_axis',(-1.,1.144237745222E-17,0.));
#12290=DIRECTION('',(-1.,1.144237745222E-17,0.));
#12291=DIRECTION('',(1.144237745222E-17,1.,0.));
#12292=DIRECTION('',(-1.,1.144237745222E-17,0.));
#12293=DIRECTION('center_axis',(1.,1.110223024625E-16,0.));
#12294=DIRECTION('ref_axis',(-1.110223024625E-16,1.,0.));
#12295=DIRECTION('',(0.,0.,1.));
#12296=DIRECTION('center_axis',(-1.,-1.110223024625E-16,0.));
#12297=DIRECTION('ref_axis',(1.110223024625E-16,-1.,0.));
#12298=DIRECTION('',(0.,0.,1.));
#12299=DIRECTION('center_axis',(0.,0.,1.));
#12300=DIRECTION('ref_axis',(1.,1.110223024625E-16,0.));
#12301=DIRECTION('',(1.,1.110223024625E-16,0.));
#12302=DIRECTION('',(1.110223024625E-16,-1.,0.));
#12303=DIRECTION('',(1.,1.110223024625E-16,0.));
#12304=DIRECTION('center_axis',(-1.,-1.110223024625E-16,0.));
#12305=DIRECTION('ref_axis',(1.110223024625E-16,-1.,0.));
#12306=DIRECTION('',(0.,0.,1.));
#12307=DIRECTION('',(1.110223024625E-16,-1.,0.));
#12308=DIRECTION('',(0.,0.,1.));
#12309=DIRECTION('center_axis',(0.,0.,1.));
#12310=DIRECTION('ref_axis',(1.,1.110223024625E-16,0.));
#12311=DIRECTION('',(1.,1.110223024625E-16,0.));
#12312=DIRECTION('',(1.110223024625E-16,-1.,0.));
#12313=DIRECTION('',(1.,1.110223024625E-16,0.));
#12314=DIRECTION('center_axis',(-1.,-1.110223024625E-16,0.));
#12315=DIRECTION('ref_axis',(1.110223024625E-16,-1.,0.));
#12316=DIRECTION('',(0.,0.,1.));
#12317=DIRECTION('',(1.110223024625E-16,-1.,0.));
#12318=DIRECTION('',(0.,0.,1.));
#12319=DIRECTION('center_axis',(0.,0.,1.));
#12320=DIRECTION('ref_axis',(1.,1.110223024625E-16,0.));
#12321=DIRECTION('',(1.,1.110223024625E-16,0.));
#12322=DIRECTION('',(1.110223024625E-16,-1.,0.));
#12323=DIRECTION('',(1.,1.110223024625E-16,0.));
#12324=DIRECTION('center_axis',(-1.,-1.110223024625E-16,0.));
#12325=DIRECTION('ref_axis',(1.110223024625E-16,-1.,0.));
#12326=DIRECTION('',(0.,0.,1.));
#12327=DIRECTION('',(1.110223024625E-16,-1.,0.));
#12328=DIRECTION('',(0.,0.,1.));
#12329=DIRECTION('center_axis',(0.707106781186548,0.707106781186548,0.));
#12330=DIRECTION('ref_axis',(-0.707106781186548,0.707106781186548,0.));
#12331=DIRECTION('',(0.,0.,1.));
#12332=DIRECTION('',(-0.707106781186548,0.707106781186548,0.));
#12333=DIRECTION('center_axis',(-0.707106781186548,0.707106781186548,0.));
#12334=DIRECTION('ref_axis',(-0.707106781186548,-0.707106781186548,0.));
#12335=DIRECTION('',(-0.707106781186548,-0.707106781186548,0.));
#12336=DIRECTION('',(0.,0.,1.));
#12337=DIRECTION('center_axis',(-1.110223024625E-16,1.,0.));
#12338=DIRECTION('ref_axis',(-1.,-1.110223024625E-16,0.));
#12339=DIRECTION('',(-1.,-1.110223024625E-16,0.));
#12340=DIRECTION('center_axis',(0.,0.,-1.));
#12341=DIRECTION('ref_axis',(1.,-1.144237745222E-17,0.));
#12342=DIRECTION('',(1.,-1.144237745222E-17,0.));
#12343=DIRECTION('',(1.,-1.144237745222E-17,0.));
#12344=DIRECTION('',(-1.110223024625E-16,1.,0.));
#12345=DIRECTION('',(1.,-1.144237745222E-17,0.));
#12346=DIRECTION('',(1.144237745222E-17,1.,0.));
#12347=DIRECTION('center_axis',(0.990268068741477,0.,-0.139173100960731));
#12348=DIRECTION('ref_axis',(-0.139173100960731,0.,-0.990268068741477));
#12349=DIRECTION('',(-1.110223024625E-16,1.,0.));
#12350=DIRECTION('',(0.138837361660803,0.0694186808296415,0.987879159492162));
#12351=DIRECTION('',(-1.110223024625E-16,1.,0.));
#12352=DIRECTION('',(0.138837361660803,-0.0694186808296415,0.987879159492162));
#12353=DIRECTION('',(-1.110223024625E-16,1.,0.));
#12354=DIRECTION('',(-1.110223024625E-16,1.,0.));
#12355=DIRECTION('',(-1.110223024625E-16,1.,0.));
#12356=DIRECTION('',(-1.110223024625E-16,1.,0.));
#12357=DIRECTION('center_axis',(0.699379129651787,-0.699379129651787,-0.147436989982222));
#12358=DIRECTION('ref_axis',(-0.206277448964772,0.,-0.978493543181858));
#12359=DIRECTION('',(0.707106781186548,0.707106781186548,0.));
#12360=DIRECTION('',(0.0694186808296415,-0.138837361660802,0.987879159492162));
#12361=DIRECTION('center_axis',(0.,-0.990268068741477,-0.139173100960731));
#12362=DIRECTION('ref_axis',(0.,0.139173100960731,-0.990268068741477));
#12363=DIRECTION('',(1.,1.110223024625E-16,0.));
#12364=DIRECTION('',(-0.0694186808296415,-0.138837361660802,0.987879159492162));
#12365=DIRECTION('center_axis',(-0.699379129651787,-0.699379129651787,-0.147436989982222));
#12366=DIRECTION('ref_axis',(-0.206277448964772,0.,0.978493543181858));
#12367=DIRECTION('',(0.707106781186548,-0.707106781186548,0.));
#12368=DIRECTION('',(-0.138837361660803,-0.0694186808296415,0.987879159492162));
#12369=DIRECTION('center_axis',(-0.990268068741477,0.,-0.139173100960731));
#12370=DIRECTION('ref_axis',(-0.139173100960731,0.,0.990268068741477));
#12371=DIRECTION('',(1.110223024625E-16,-1.,0.));
#12372=DIRECTION('',(-0.138837361660803,0.0694186808296415,0.987879159492162));
#12373=DIRECTION('',(1.110223024625E-16,-1.,0.));
#12374=DIRECTION('',(1.110223024625E-16,-1.,0.));
#12375=DIRECTION('',(1.110223024625E-16,-1.,0.));
#12376=DIRECTION('',(1.110223024625E-16,-1.,0.));
#12377=DIRECTION('',(1.110223024625E-16,-1.,0.));
#12378=DIRECTION('',(1.110223024625E-16,-1.,0.));
#12379=DIRECTION('center_axis',(0.,0.,-1.));
#12380=DIRECTION('ref_axis',(-1.,-1.110223024625E-16,0.));
#12381=DIRECTION('',(-1.,-1.110223024625E-16,0.));
#12382=DIRECTION('',(-1.,-1.110223024625E-16,0.));
#12383=DIRECTION('',(-1.,-1.110223024625E-16,0.));
#12384=DIRECTION('',(1.110223024625E-16,-1.,0.));
#12385=DIRECTION('center_axis',(4.595758349624E-18,6.551522493592E-27,-1.));
#12386=DIRECTION('ref_axis',(1.,1.51922136901E-16,4.595758349624E-18));
#12387=DIRECTION('',(-1.,-1.110223024625E-16,0.));
#12388=DIRECTION('',(-0.707106781186548,-0.707106781186548,0.));
#12389=DIRECTION('',(-1.,-1.110223024625E-16,0.));
#12390=DIRECTION('',(-0.707106781186548,0.707106781186548,0.));
#12391=DIRECTION('',(1.,-1.144237745222E-17,0.));
#12392=DIRECTION('center_axis',(1.144237745222E-17,1.,0.));
#12393=DIRECTION('ref_axis',(0.,0.,1.));
#12394=DIRECTION('',(1.,-1.144237745222E-17,0.));
#12395=DIRECTION('center_axis',(1.144237745222E-17,1.,7.703719777549E-34));
#12396=DIRECTION('ref_axis',(-0.98480775301219,1.12685420278381E-17,0.173648177667033));
#12397=DIRECTION('',(0.162423314011974,-1.85850886596371E-18,0.986721169867845));
#12398=DIRECTION('center_axis',(-1.144237745222E-17,-1.,0.));
#12399=DIRECTION('ref_axis',(-2.22044604925E-15,2.54071818078092E-32,-1.));
#12400=DIRECTION('',(1.,-1.144237745222E-17,0.));
#12401=DIRECTION('',(0.,0.,1.));
#12402=DIRECTION('',(-1.,1.144237745222E-17,0.));
#12403=DIRECTION('center_axis',(1.144237745222E-17,1.,1.155557966632E-33));
#12404=DIRECTION('ref_axis',(0.98480775301219,-1.12685420278381E-17,-0.173648177667033));
#12405=DIRECTION('',(-0.162423314011974,1.85850886596371E-18,-0.986721169867845));
#12406=DIRECTION('center_axis',(-1.144237745222E-17,-1.,0.));
#12407=DIRECTION('ref_axis',(0.,0.,1.));
#12408=DIRECTION('center_axis',(-1.144237745222E-17,-1.,0.));
#12409=DIRECTION('ref_axis',(0.,0.,1.));
#12410=DIRECTION('',(1.144237745222E-17,1.,0.));
#12411=DIRECTION('center_axis',(-1.144237745222E-17,-1.,0.));
#12412=DIRECTION('ref_axis',(0.,0.,1.));
#12413=DIRECTION('center_axis',(1.144237745222E-17,1.,0.));
#12414=DIRECTION('ref_axis',(0.,0.,1.));
#12415=DIRECTION('',(-0.162423314011974,1.85850886596371E-18,-0.986721169867845));
#12416=DIRECTION('center_axis',(1.144237745222E-17,1.,1.155557966632E-33));
#12417=DIRECTION('ref_axis',(0.98480775301219,-1.12685420278381E-17,-0.173648177667033));
#12418=DIRECTION('',(-1.,1.144237745222E-17,0.));
#12419=DIRECTION('',(0.,0.,1.));
#12420=DIRECTION('',(1.,-1.144237745222E-17,0.));
#12421=DIRECTION('center_axis',(-1.144237745222E-17,-1.,0.));
#12422=DIRECTION('ref_axis',(-2.22044604925E-15,2.54071818078092E-32,-1.));
#12423=DIRECTION('',(0.162423314011974,-1.85850886596371E-18,0.986721169867845));
#12424=DIRECTION('center_axis',(1.144237745222E-17,1.,7.703719777549E-34));
#12425=DIRECTION('ref_axis',(-0.98480775301219,1.12685420278381E-17,0.173648177667033));
#12426=DIRECTION('',(1.,-1.144237745222E-17,0.));
#12427=DIRECTION('center_axis',(4.595758349624E-18,6.551522493592E-27,-1.));
#12428=DIRECTION('ref_axis',(1.,1.51922136901E-16,4.595758349624E-18));
#12429=DIRECTION('',(1.,-1.144237745222E-17,0.));
#12430=DIRECTION('',(1.,-1.144237745222E-17,0.));
#12431=DIRECTION('center_axis',(1.144237745222E-17,1.,0.));
#12432=DIRECTION('ref_axis',(0.,0.,1.));
#12433=DIRECTION('',(1.,-1.144237745222E-17,0.));
#12434=DIRECTION('center_axis',(1.144237745222E-17,1.,7.703719777549E-34));
#12435=DIRECTION('ref_axis',(-0.98480775301219,1.12685420278381E-17,0.173648177667033));
#12436=DIRECTION('',(0.162423314011974,-1.85850886596371E-18,0.986721169867845));
#12437=DIRECTION('center_axis',(-1.144237745222E-17,-1.,0.));
#12438=DIRECTION('ref_axis',(-2.22044604925E-15,2.54071818078092E-32,-1.));
#12439=DIRECTION('',(1.,-1.144237745222E-17,0.));
#12440=DIRECTION('',(0.,0.,1.));
#12441=DIRECTION('',(-1.,1.144237745222E-17,0.));
#12442=DIRECTION('center_axis',(1.144237745222E-17,1.,1.155557966632E-33));
#12443=DIRECTION('ref_axis',(0.98480775301219,-1.12685420278381E-17,-0.173648177667033));
#12444=DIRECTION('',(-0.162423314011974,1.85850886596371E-18,-0.986721169867845));
#12445=DIRECTION('center_axis',(-1.144237745222E-17,-1.,0.));
#12446=DIRECTION('ref_axis',(0.,0.,1.));
#12447=DIRECTION('center_axis',(-1.144237745222E-17,-1.,0.));
#12448=DIRECTION('ref_axis',(0.,0.,1.));
#12449=DIRECTION('',(1.144237745222E-17,1.,0.));
#12450=DIRECTION('center_axis',(-1.144237745222E-17,-1.,0.));
#12451=DIRECTION('ref_axis',(0.,0.,1.));
#12452=DIRECTION('center_axis',(1.144237745222E-17,1.,0.));
#12453=DIRECTION('ref_axis',(0.,0.,1.));
#12454=DIRECTION('',(-0.162423314011974,1.85850886596371E-18,-0.986721169867845));
#12455=DIRECTION('center_axis',(1.144237745222E-17,1.,1.155557966632E-33));
#12456=DIRECTION('ref_axis',(0.98480775301219,-1.12685420278381E-17,-0.173648177667033));
#12457=DIRECTION('',(-1.,1.144237745222E-17,0.));
#12458=DIRECTION('',(0.,0.,1.));
#12459=DIRECTION('',(1.,-1.144237745222E-17,0.));
#12460=DIRECTION('center_axis',(-1.144237745222E-17,-1.,0.));
#12461=DIRECTION('ref_axis',(-2.22044604925E-15,2.54071818078092E-32,-1.));
#12462=DIRECTION('',(0.162423314011974,-1.85850886596371E-18,0.986721169867845));
#12463=DIRECTION('center_axis',(1.144237745222E-17,1.,7.703719777549E-34));
#12464=DIRECTION('ref_axis',(-0.98480775301219,1.12685420278381E-17,0.173648177667033));
#12465=DIRECTION('',(1.,-1.144237745222E-17,0.));
#12466=DIRECTION('center_axis',(4.595758349624E-18,6.551522493592E-27,-1.));
#12467=DIRECTION('ref_axis',(1.,1.51922136901E-16,4.595758349624E-18));
#12468=DIRECTION('',(1.,-1.144237745222E-17,0.));
#12469=DIRECTION('center_axis',(1.144237745222E-17,1.,0.));
#12470=DIRECTION('ref_axis',(0.,0.,1.));
#12471=DIRECTION('center_axis',(1.144237745222E-17,1.,7.703719777549E-34));
#12472=DIRECTION('ref_axis',(-0.98480775301219,1.12685420278381E-17,0.173648177667033));
#12473=DIRECTION('',(0.162423314011974,-1.85850886596371E-18,0.986721169867845));
#12474=DIRECTION('center_axis',(-1.144237745222E-17,-1.,0.));
#12475=DIRECTION('ref_axis',(-2.22044604925E-15,2.54071818078092E-32,-1.));
#12476=DIRECTION('',(1.,-1.144237745222E-17,0.));
#12477=DIRECTION('',(0.,0.,1.));
#12478=DIRECTION('',(-1.,1.144237745222E-17,0.));
#12479=DIRECTION('center_axis',(1.144237745222E-17,1.,1.155557966632E-33));
#12480=DIRECTION('ref_axis',(0.98480775301219,-1.12685420278381E-17,-0.173648177667033));
#12481=DIRECTION('',(-0.162423314011974,1.85850886596371E-18,-0.986721169867845));
#12482=DIRECTION('center_axis',(-1.144237745222E-17,-1.,0.));
#12483=DIRECTION('ref_axis',(0.,0.,1.));
#12484=DIRECTION('center_axis',(-1.144237745222E-17,-1.,0.));
#12485=DIRECTION('ref_axis',(0.,0.,1.));
#12486=DIRECTION('',(1.144237745222E-17,1.,0.));
#12487=DIRECTION('center_axis',(-1.144237745222E-17,-1.,0.));
#12488=DIRECTION('ref_axis',(0.,0.,1.));
#12489=DIRECTION('center_axis',(1.144237745222E-17,1.,0.));
#12490=DIRECTION('ref_axis',(0.,0.,1.));
#12491=DIRECTION('',(-0.162423314011974,1.85850886596371E-18,-0.986721169867845));
#12492=DIRECTION('center_axis',(1.144237745222E-17,1.,1.155557966632E-33));
#12493=DIRECTION('ref_axis',(0.98480775301219,-1.12685420278381E-17,-0.173648177667033));
#12494=DIRECTION('',(-1.,1.144237745222E-17,0.));
#12495=DIRECTION('',(0.,0.,1.));
#12496=DIRECTION('',(1.,-1.144237745222E-17,0.));
#12497=DIRECTION('center_axis',(-1.144237745222E-17,-1.,0.));
#12498=DIRECTION('ref_axis',(-2.22044604925E-15,2.54071818078092E-32,-1.));
#12499=DIRECTION('',(0.162423314011974,-1.85850886596371E-18,0.986721169867845));
#12500=DIRECTION('center_axis',(1.144237745222E-17,1.,7.703719777549E-34));
#12501=DIRECTION('ref_axis',(-0.98480775301219,1.12685420278381E-17,0.173648177667033));
#12502=DIRECTION('center_axis',(1.110223024625E-16,-1.,0.));
#12503=DIRECTION('ref_axis',(0.,0.,1.));
#12504=DIRECTION('center_axis',(1.110223024625E-16,-1.,0.));
#12505=DIRECTION('ref_axis',(0.98480775301219,1.09335624222334E-16,0.173648177667033));
#12506=DIRECTION('',(-0.162423314011974,-1.80326102951872E-17,0.986721169867845));
#12507=DIRECTION('center_axis',(-1.110223024625E-16,1.,0.));
#12508=DIRECTION('ref_axis',(2.22044604925E-15,2.46519032881497E-31,-1.));
#12509=DIRECTION('',(-1.,-1.110223024625E-16,0.));
#12510=DIRECTION('',(0.,0.,1.));
#12511=DIRECTION('',(1.,1.110223024625E-16,0.));
#12512=DIRECTION('center_axis',(1.110223024625E-16,-1.,0.));
#12513=DIRECTION('ref_axis',(-0.98480775301219,-1.09335624222334E-16,-0.173648177667033));
#12514=DIRECTION('',(0.162423314011974,1.80326102951872E-17,-0.986721169867845));
#12515=DIRECTION('center_axis',(-1.110223024625E-16,1.,0.));
#12516=DIRECTION('ref_axis',(0.,0.,1.));
#12517=DIRECTION('center_axis',(-1.110223024625E-16,1.,0.));
#12518=DIRECTION('ref_axis',(0.,0.,1.));
#12519=DIRECTION('',(1.110223024625E-16,-1.,0.));
#12520=DIRECTION('center_axis',(-1.110223024625E-16,1.,0.));
#12521=DIRECTION('ref_axis',(0.,0.,1.));
#12522=DIRECTION('center_axis',(1.110223024625E-16,-1.,0.));
#12523=DIRECTION('ref_axis',(0.,0.,1.));
#12524=DIRECTION('',(0.162423314011974,1.80326102951872E-17,-0.986721169867845));
#12525=DIRECTION('center_axis',(1.110223024625E-16,-1.,0.));
#12526=DIRECTION('ref_axis',(-0.98480775301219,-1.09335624222334E-16,-0.173648177667033));
#12527=DIRECTION('',(1.,1.110223024625E-16,0.));
#12528=DIRECTION('',(0.,0.,1.));
#12529=DIRECTION('',(-1.,-1.110223024625E-16,0.));
#12530=DIRECTION('center_axis',(-1.110223024625E-16,1.,0.));
#12531=DIRECTION('ref_axis',(2.22044604925E-15,2.46519032881497E-31,-1.));
#12532=DIRECTION('',(-0.162423314011974,-1.80326102951872E-17,0.986721169867845));
#12533=DIRECTION('center_axis',(1.110223024625E-16,-1.,0.));
#12534=DIRECTION('ref_axis',(0.98480775301219,1.09335624222334E-16,0.173648177667033));
#12535=DIRECTION('center_axis',(4.595758349624E-18,6.551522493592E-27,-1.));
#12536=DIRECTION('ref_axis',(1.,1.51922136901E-16,4.595758349624E-18));
#12537=DIRECTION('',(-1.,-1.110223024625E-16,0.));
#12538=DIRECTION('center_axis',(1.110223024625E-16,-1.,0.));
#12539=DIRECTION('ref_axis',(0.,0.,1.));
#12540=DIRECTION('',(-1.,-1.110223024625E-16,0.));
#12541=DIRECTION('center_axis',(1.110223024625E-16,-1.,0.));
#12542=DIRECTION('ref_axis',(0.98480775301219,1.09335624222334E-16,0.173648177667033));
#12543=DIRECTION('',(-0.162423314011974,-1.80326102951872E-17,0.986721169867845));
#12544=DIRECTION('center_axis',(-1.110223024625E-16,1.,0.));
#12545=DIRECTION('ref_axis',(2.22044604925E-15,2.46519032881497E-31,-1.));
#12546=DIRECTION('',(-1.,-1.110223024625E-16,0.));
#12547=DIRECTION('',(0.,0.,1.));
#12548=DIRECTION('',(1.,1.110223024625E-16,0.));
#12549=DIRECTION('center_axis',(1.110223024625E-16,-1.,0.));
#12550=DIRECTION('ref_axis',(-0.98480775301219,-1.09335624222334E-16,-0.173648177667033));
#12551=DIRECTION('',(0.162423314011974,1.80326102951872E-17,-0.986721169867845));
#12552=DIRECTION('center_axis',(-1.110223024625E-16,1.,0.));
#12553=DIRECTION('ref_axis',(0.,0.,1.));
#12554=DIRECTION('center_axis',(-1.110223024625E-16,1.,0.));
#12555=DIRECTION('ref_axis',(0.,0.,1.));
#12556=DIRECTION('',(1.110223024625E-16,-1.,0.));
#12557=DIRECTION('center_axis',(-1.110223024625E-16,1.,0.));
#12558=DIRECTION('ref_axis',(0.,0.,1.));
#12559=DIRECTION('center_axis',(1.110223024625E-16,-1.,0.));
#12560=DIRECTION('ref_axis',(0.,0.,1.));
#12561=DIRECTION('',(0.162423314011974,1.80326102951872E-17,-0.986721169867845));
#12562=DIRECTION('center_axis',(1.110223024625E-16,-1.,0.));
#12563=DIRECTION('ref_axis',(-0.98480775301219,-1.09335624222334E-16,-0.173648177667033));
#12564=DIRECTION('',(1.,1.110223024625E-16,0.));
#12565=DIRECTION('',(0.,0.,1.));
#12566=DIRECTION('',(-1.,-1.110223024625E-16,0.));
#12567=DIRECTION('center_axis',(-1.110223024625E-16,1.,0.));
#12568=DIRECTION('ref_axis',(2.22044604925E-15,2.46519032881497E-31,-1.));
#12569=DIRECTION('',(-0.162423314011974,-1.80326102951872E-17,0.986721169867845));
#12570=DIRECTION('center_axis',(1.110223024625E-16,-1.,0.));
#12571=DIRECTION('ref_axis',(0.98480775301219,1.09335624222334E-16,0.173648177667033));
#12572=DIRECTION('',(-1.,-1.110223024625E-16,0.));
#12573=DIRECTION('center_axis',(4.595758349624E-18,6.551522493592E-27,-1.));
#12574=DIRECTION('ref_axis',(1.,1.51922136901E-16,4.595758349624E-18));
#12575=DIRECTION('',(-1.,-1.110223024625E-16,0.));
#12576=DIRECTION('',(-1.,-1.110223024625E-16,0.));
#12577=DIRECTION('center_axis',(1.110223024625E-16,-1.,0.));
#12578=DIRECTION('ref_axis',(0.,0.,1.));
#12579=DIRECTION('',(-1.,-1.110223024625E-16,0.));
#12580=DIRECTION('center_axis',(1.110223024625E-16,-1.,0.));
#12581=DIRECTION('ref_axis',(0.98480775301219,1.09335624222334E-16,0.173648177667033));
#12582=DIRECTION('',(-0.162423314011974,-1.80326102951872E-17,0.986721169867845));
#12583=DIRECTION('center_axis',(-1.110223024625E-16,1.,0.));
#12584=DIRECTION('ref_axis',(2.22044604925E-15,2.46519032881497E-31,-1.));
#12585=DIRECTION('',(-1.,-1.110223024625E-16,0.));
#12586=DIRECTION('',(0.,0.,1.));
#12587=DIRECTION('',(1.,1.110223024625E-16,0.));
#12588=DIRECTION('center_axis',(1.110223024625E-16,-1.,0.));
#12589=DIRECTION('ref_axis',(-0.98480775301219,-1.09335624222334E-16,-0.173648177667033));
#12590=DIRECTION('',(0.162423314011974,1.80326102951872E-17,-0.986721169867845));
#12591=DIRECTION('center_axis',(-1.110223024625E-16,1.,0.));
#12592=DIRECTION('ref_axis',(0.,0.,1.));
#12593=DIRECTION('center_axis',(-1.110223024625E-16,1.,0.));
#12594=DIRECTION('ref_axis',(0.,0.,1.));
#12595=DIRECTION('',(1.110223024625E-16,-1.,0.));
#12596=DIRECTION('center_axis',(-1.110223024625E-16,1.,0.));
#12597=DIRECTION('ref_axis',(0.,0.,1.));
#12598=DIRECTION('center_axis',(1.110223024625E-16,-1.,0.));
#12599=DIRECTION('ref_axis',(0.,0.,1.));
#12600=DIRECTION('',(0.162423314011974,1.80326102951872E-17,-0.986721169867845));
#12601=DIRECTION('center_axis',(1.110223024625E-16,-1.,0.));
#12602=DIRECTION('ref_axis',(-0.98480775301219,-1.09335624222334E-16,-0.173648177667033));
#12603=DIRECTION('',(1.,1.110223024625E-16,0.));
#12604=DIRECTION('',(0.,0.,1.));
#12605=DIRECTION('',(-1.,-1.110223024625E-16,0.));
#12606=DIRECTION('center_axis',(-1.110223024625E-16,1.,0.));
#12607=DIRECTION('ref_axis',(2.22044604925E-15,2.46519032881497E-31,-1.));
#12608=DIRECTION('',(-0.162423314011974,-1.80326102951872E-17,0.986721169867845));
#12609=DIRECTION('center_axis',(1.110223024625E-16,-1.,0.));
#12610=DIRECTION('ref_axis',(0.98480775301219,1.09335624222334E-16,0.173648177667033));
#12611=DIRECTION('',(-1.,-1.110223024625E-16,0.));
#12612=DIRECTION('center_axis',(-1.144237745222E-17,-1.,0.));
#12613=DIRECTION('ref_axis',(-0.98480775301219,1.12685420278381E-17,0.173648177667033));
#12614=DIRECTION('',(1.144237745222E-17,1.,0.));
#12615=DIRECTION('center_axis',(0.,0.,-1.));
#12616=DIRECTION('ref_axis',(1.,-1.144237745222E-17,0.));
#12617=DIRECTION('',(1.144237745222E-17,1.,0.));
#12618=DIRECTION('center_axis',(0.,0.,-1.));
#12619=DIRECTION('ref_axis',(1.,-1.144237745222E-17,0.));
#12620=DIRECTION('',(1.144237745222E-17,1.,0.));
#12621=DIRECTION('center_axis',(0.,0.,1.));
#12622=DIRECTION('ref_axis',(0.436386464522171,-0.899759330922353,0.));
#12623=DIRECTION('',(-0.707106781186548,0.707106781186548,0.));
#12624=DIRECTION('',(-1.,-1.110223024625E-16,0.));
#12625=DIRECTION('',(-0.707106781186548,-0.707106781186548,0.));
#12626=DIRECTION('center_axis',(0.,0.,-1.));
#12627=DIRECTION('ref_axis',(1.110223024625E-16,-1.,0.));
#12628=DIRECTION('center_axis',(0.699379129651787,0.699379129651787,-0.147436989982222));
#12629=DIRECTION('ref_axis',(-0.206277448964772,0.,-0.978493543181858));
#12630=DIRECTION('',(0.0694186808296415,0.138837361660802,0.987879159492162));
#12631=DIRECTION('center_axis',(0.,0.,-1.));
#12632=DIRECTION('ref_axis',(-1.,-1.110223024625E-16,0.));
#12633=DIRECTION('',(1.110223024625E-16,-1.,0.));
#12634=DIRECTION('center_axis',(0.,0.,-1.));
#12635=DIRECTION('ref_axis',(-1.,-1.110223024625E-16,0.));
#12636=DIRECTION('',(1.110223024625E-16,-1.,0.));
#12637=DIRECTION('center_axis',(-0.699379129651787,0.699379129651787,-0.147436989982222));
#12638=DIRECTION('ref_axis',(-0.206277448964772,0.,0.978493543181858));
#12639=DIRECTION('',(-0.0694186808296415,0.138837361660802,0.987879159492162));
#12640=DIRECTION('center_axis',(-1.110223024625E-16,1.,0.));
#12641=DIRECTION('ref_axis',(0.98480775301219,1.09335624222334E-16,0.173648177667033));
#12642=DIRECTION('',(1.110223024625E-16,-1.,0.));
#12643=DIRECTION('center_axis',(0.,0.990268068741477,-0.139173100960731));
#12644=DIRECTION('ref_axis',(0.,0.139173100960731,0.990268068741477));
#12645=DIRECTION('center_axis',(-1.144237745222E-17,-1.,0.));
#12646=DIRECTION('ref_axis',(-0.98480775301219,1.12685420278381E-17,0.173648177667033));
#12647=DIRECTION('',(1.144237745222E-17,1.,0.));
#12648=DIRECTION('center_axis',(0.986721169867845,-1.12904360657182E-17,
-0.162423314011974));
#12649=DIRECTION('ref_axis',(0.162423314011974,-1.85850886596371E-18,0.986721169867845));
#12650=DIRECTION('',(1.144237745222E-17,1.,0.));
#12651=DIRECTION('center_axis',(-1.144237745222E-17,-1.,0.));
#12652=DIRECTION('ref_axis',(-2.22044604925E-15,2.54071818078092E-32,-1.));
#12653=DIRECTION('',(1.144237745222E-17,1.,0.));
#12654=DIRECTION('center_axis',(0.,0.,-1.));
#12655=DIRECTION('ref_axis',(1.,-1.144237745222E-17,0.));
#12656=DIRECTION('',(1.144237745222E-17,1.,0.));
#12657=DIRECTION('center_axis',(1.,-1.144237745222E-17,0.));
#12658=DIRECTION('ref_axis',(0.,0.,1.));
#12659=DIRECTION('',(1.144237745222E-17,1.,0.));
#12660=DIRECTION('center_axis',(0.,0.,1.));
#12661=DIRECTION('ref_axis',(-1.,1.144237745222E-17,0.));
#12662=DIRECTION('',(1.144237745222E-17,1.,0.));
#12663=DIRECTION('center_axis',(-1.144237745222E-17,-1.,0.));
#12664=DIRECTION('ref_axis',(0.98480775301219,-1.12685420278381E-17,-0.173648177667033));
#12665=DIRECTION('',(1.144237745222E-17,1.,0.));
#12666=DIRECTION('center_axis',(-0.986721169867845,1.12904360657182E-17,
0.162423314011974));
#12667=DIRECTION('ref_axis',(-0.162423314011974,1.85850886596371E-18,-0.986721169867845));
#12668=DIRECTION('center_axis',(-1.144237745222E-17,-1.,0.));
#12669=DIRECTION('ref_axis',(-0.98480775301219,1.12685420278381E-17,0.173648177667033));
#12670=DIRECTION('',(1.144237745222E-17,1.,0.));
#12671=DIRECTION('center_axis',(0.986721169867845,-1.12904360657182E-17,
-0.162423314011974));
#12672=DIRECTION('ref_axis',(0.162423314011974,-1.85850886596371E-18,0.986721169867845));
#12673=DIRECTION('',(1.144237745222E-17,1.,0.));
#12674=DIRECTION('center_axis',(-1.144237745222E-17,-1.,0.));
#12675=DIRECTION('ref_axis',(-2.22044604925E-15,2.54071818078092E-32,-1.));
#12676=DIRECTION('',(1.144237745222E-17,1.,0.));
#12677=DIRECTION('center_axis',(0.,0.,-1.));
#12678=DIRECTION('ref_axis',(1.,-1.144237745222E-17,0.));
#12679=DIRECTION('',(1.144237745222E-17,1.,0.));
#12680=DIRECTION('center_axis',(1.,-1.144237745222E-17,0.));
#12681=DIRECTION('ref_axis',(0.,0.,1.));
#12682=DIRECTION('',(1.144237745222E-17,1.,0.));
#12683=DIRECTION('center_axis',(0.,0.,1.));
#12684=DIRECTION('ref_axis',(-1.,1.144237745222E-17,0.));
#12685=DIRECTION('',(1.144237745222E-17,1.,0.));
#12686=DIRECTION('center_axis',(-1.144237745222E-17,-1.,0.));
#12687=DIRECTION('ref_axis',(0.98480775301219,-1.12685420278381E-17,-0.173648177667033));
#12688=DIRECTION('',(1.144237745222E-17,1.,0.));
#12689=DIRECTION('center_axis',(-0.986721169867845,1.12904360657182E-17,
0.162423314011974));
#12690=DIRECTION('ref_axis',(-0.162423314011974,1.85850886596371E-18,-0.986721169867845));
#12691=DIRECTION('center_axis',(0.986721169867845,-1.12904360657182E-17,
-0.162423314011974));
#12692=DIRECTION('ref_axis',(0.162423314011974,-1.85850886596371E-18,0.986721169867845));
#12693=DIRECTION('',(1.144237745222E-17,1.,0.));
#12694=DIRECTION('center_axis',(-1.144237745222E-17,-1.,0.));
#12695=DIRECTION('ref_axis',(-2.22044604925E-15,2.54071818078092E-32,-1.));
#12696=DIRECTION('',(1.144237745222E-17,1.,0.));
#12697=DIRECTION('center_axis',(0.,0.,-1.));
#12698=DIRECTION('ref_axis',(1.,-1.144237745222E-17,0.));
#12699=DIRECTION('',(1.144237745222E-17,1.,0.));
#12700=DIRECTION('center_axis',(1.,-1.144237745222E-17,0.));
#12701=DIRECTION('ref_axis',(0.,0.,1.));
#12702=DIRECTION('',(1.144237745222E-17,1.,0.));
#12703=DIRECTION('center_axis',(0.,0.,1.));
#12704=DIRECTION('ref_axis',(-1.,1.144237745222E-17,0.));
#12705=DIRECTION('',(1.144237745222E-17,1.,0.));
#12706=DIRECTION('center_axis',(-1.144237745222E-17,-1.,0.));
#12707=DIRECTION('ref_axis',(0.98480775301219,-1.12685420278381E-17,-0.173648177667033));
#12708=DIRECTION('',(1.144237745222E-17,1.,0.));
#12709=DIRECTION('center_axis',(-0.986721169867845,1.12904360657182E-17,
0.162423314011974));
#12710=DIRECTION('ref_axis',(-0.162423314011974,1.85850886596371E-18,-0.986721169867845));
#12711=DIRECTION('center_axis',(-0.986721169867845,-1.09548056167183E-16,
-0.162423314011974));
#12712=DIRECTION('ref_axis',(-0.162423314011974,-1.80326102951872E-17,0.986721169867845));
#12713=DIRECTION('',(1.110223024625E-16,-1.,0.));
#12714=DIRECTION('center_axis',(-1.110223024625E-16,1.,0.));
#12715=DIRECTION('ref_axis',(2.22044604925E-15,2.46519032881497E-31,-1.));
#12716=DIRECTION('',(1.110223024625E-16,-1.,0.));
#12717=DIRECTION('center_axis',(0.,0.,-1.));
#12718=DIRECTION('ref_axis',(-1.,-1.110223024625E-16,0.));
#12719=DIRECTION('',(1.110223024625E-16,-1.,0.));
#12720=DIRECTION('center_axis',(-1.,-1.110223024625E-16,0.));
#12721=DIRECTION('ref_axis',(0.,0.,1.));
#12722=DIRECTION('',(1.110223024625E-16,-1.,0.));
#12723=DIRECTION('center_axis',(0.,0.,1.));
#12724=DIRECTION('ref_axis',(1.,1.110223024625E-16,0.));
#12725=DIRECTION('',(1.110223024625E-16,-1.,0.));
#12726=DIRECTION('center_axis',(-1.110223024625E-16,1.,0.));
#12727=DIRECTION('ref_axis',(-0.98480775301219,-1.09335624222334E-16,-0.173648177667033));
#12728=DIRECTION('',(1.110223024625E-16,-1.,0.));
#12729=DIRECTION('center_axis',(0.986721169867845,1.09548056167183E-16,
0.162423314011974));
#12730=DIRECTION('ref_axis',(0.162423314011974,1.80326102951872E-17,-0.986721169867845));
#12731=DIRECTION('center_axis',(-1.110223024625E-16,1.,0.));
#12732=DIRECTION('ref_axis',(0.98480775301219,1.09335624222334E-16,0.173648177667033));
#12733=DIRECTION('',(1.110223024625E-16,-1.,0.));
#12734=DIRECTION('center_axis',(-0.986721169867845,-1.09548056167183E-16,
-0.162423314011974));
#12735=DIRECTION('ref_axis',(-0.162423314011974,-1.80326102951872E-17,0.986721169867845));
#12736=DIRECTION('',(1.110223024625E-16,-1.,0.));
#12737=DIRECTION('center_axis',(-1.110223024625E-16,1.,0.));
#12738=DIRECTION('ref_axis',(2.22044604925E-15,2.46519032881497E-31,-1.));
#12739=DIRECTION('',(1.110223024625E-16,-1.,0.));
#12740=DIRECTION('center_axis',(0.,0.,-1.));
#12741=DIRECTION('ref_axis',(-1.,-1.110223024625E-16,0.));
#12742=DIRECTION('',(1.110223024625E-16,-1.,0.));
#12743=DIRECTION('center_axis',(-1.,-1.110223024625E-16,0.));
#12744=DIRECTION('ref_axis',(0.,0.,1.));
#12745=DIRECTION('',(1.110223024625E-16,-1.,0.));
#12746=DIRECTION('center_axis',(0.,0.,1.));
#12747=DIRECTION('ref_axis',(1.,1.110223024625E-16,0.));
#12748=DIRECTION('',(1.110223024625E-16,-1.,0.));
#12749=DIRECTION('center_axis',(-1.110223024625E-16,1.,0.));
#12750=DIRECTION('ref_axis',(-0.98480775301219,-1.09335624222334E-16,-0.173648177667033));
#12751=DIRECTION('',(1.110223024625E-16,-1.,0.));
#12752=DIRECTION('center_axis',(0.986721169867845,1.09548056167183E-16,
0.162423314011974));
#12753=DIRECTION('ref_axis',(0.162423314011974,1.80326102951872E-17,-0.986721169867845));
#12754=DIRECTION('center_axis',(-1.110223024625E-16,1.,0.));
#12755=DIRECTION('ref_axis',(0.98480775301219,1.09335624222334E-16,0.173648177667033));
#12756=DIRECTION('',(1.110223024625E-16,-1.,0.));
#12757=DIRECTION('center_axis',(-0.986721169867845,-1.09548056167183E-16,
-0.162423314011974));
#12758=DIRECTION('ref_axis',(-0.162423314011974,-1.80326102951872E-17,0.986721169867845));
#12759=DIRECTION('',(1.110223024625E-16,-1.,0.));
#12760=DIRECTION('center_axis',(-1.110223024625E-16,1.,0.));
#12761=DIRECTION('ref_axis',(2.22044604925E-15,2.46519032881497E-31,-1.));
#12762=DIRECTION('',(1.110223024625E-16,-1.,0.));
#12763=DIRECTION('center_axis',(0.,0.,-1.));
#12764=DIRECTION('ref_axis',(-1.,-1.110223024625E-16,0.));
#12765=DIRECTION('',(1.110223024625E-16,-1.,0.));
#12766=DIRECTION('center_axis',(-1.,-1.110223024625E-16,0.));
#12767=DIRECTION('ref_axis',(0.,0.,1.));
#12768=DIRECTION('',(1.110223024625E-16,-1.,0.));
#12769=DIRECTION('center_axis',(0.,0.,1.));
#12770=DIRECTION('ref_axis',(1.,1.110223024625E-16,0.));
#12771=DIRECTION('',(1.110223024625E-16,-1.,0.));
#12772=DIRECTION('center_axis',(-1.110223024625E-16,1.,0.));
#12773=DIRECTION('ref_axis',(-0.98480775301219,-1.09335624222334E-16,-0.173648177667033));
#12774=DIRECTION('',(1.110223024625E-16,-1.,0.));
#12775=DIRECTION('center_axis',(0.986721169867845,1.09548056167183E-16,
0.162423314011974));
#12776=DIRECTION('ref_axis',(0.162423314011974,1.80326102951872E-17,-0.986721169867845));
#12777=DIRECTION('center_axis',(0.,0.,-1.));
#12778=DIRECTION('ref_axis',(1.110223024625E-16,-1.,0.));
#12779=DIRECTION('',(0.,0.,1.));
#12780=DIRECTION('',(1.,0.,0.));
#12781=DIRECTION('axis',(0.,0.,1.));
#12782=DIRECTION('refdir',(1.,0.,0.));
#12783=DIRECTION('axis',(0.,0.,1.));
#12784=DIRECTION('refdir',(1.,0.,0.));
#12785=DIRECTION('axis',(0.,0.,1.));
#12786=DIRECTION('refdir',(1.,0.,0.));
#12787=DIRECTION('center_axis',(1.,0.,0.));
#12788=DIRECTION('ref_axis',(0.,-2.2E-16,-1.));
#12789=DIRECTION('',(0.,2.2E-16,-1.));
#12790=DIRECTION('',(0.,-1.,2.2E-16));
#12791=DIRECTION('',(0.,0.,1.));
#12792=DIRECTION('',(0.,-1.,-2.2E-16));
#12793=DIRECTION('',(0.,2.2E-16,-1.));
#12794=DIRECTION('',(0.,-1.,2.2E-16));
#12795=DIRECTION('center_axis',(0.,1.,-2.5E-16));
#12796=DIRECTION('ref_axis',(0.,-2.5E-16,-1.));
#12797=DIRECTION('',(-1.,0.,0.));
#12798=DIRECTION('',(-1.,-1.1E-16,1.1E-16));
#12799=DIRECTION('',(-1.,0.,0.));
#12800=DIRECTION('',(0.,-2.2E-16,1.));
#12801=DIRECTION('',(1.,0.,0.));
#12802=DIRECTION('center_axis',(0.,-1.,2.2E-16));
#12803=DIRECTION('ref_axis',(-1.,0.,0.));
#12804=DIRECTION('center_axis',(-0.707106781186548,-0.707106781186548,1.59999999999798E-16));
#12805=DIRECTION('ref_axis',(0.707106781186548,-0.707106781186548,1.59999999999798E-16));
#12806=DIRECTION('',(0.,-1.,2.2E-16));
#12807=DIRECTION('center_axis',(-0.707106781186548,-0.707106781186548,0.));
#12808=DIRECTION('ref_axis',(-0.707106781186548,0.707106781186548,-1.5556349186104E-16));
#12809=DIRECTION('center_axis',(0.,-2.2E-16,-1.));
#12810=DIRECTION('ref_axis',(-1.,0.,0.));
#12811=DIRECTION('',(-1.,0.,0.));
#12812=DIRECTION('',(0.,-1.,2.2E-16));
#12813=DIRECTION('center_axis',(-0.707106781186548,-0.707106781186548,0.));
#12814=DIRECTION('ref_axis',(-0.707106781186548,0.707106781186548,0.));
#12815=DIRECTION('',(0.,0.,1.));
#12816=DIRECTION('',(-0.707106781186548,0.707106781186548,1.59999999999798E-16));
#12817=DIRECTION('',(-0.707106781186548,0.707106781186548,1.59999999999798E-16));
#12818=DIRECTION('center_axis',(-0.707106781186548,-0.707106781186548,0.));
#12819=DIRECTION('ref_axis',(-0.707106781186548,0.707106781186548,-1.5556349186104E-16));
#12820=DIRECTION('center_axis',(0.,-1.,2.5E-16));
#12821=DIRECTION('ref_axis',(0.,2.5E-16,1.));
#12822=DIRECTION('',(0.,-2.2E-16,1.));
#12823=DIRECTION('',(-1.,0.,0.));
#12824=DIRECTION('',(-1.,0.,0.));
#12825=DIRECTION('',(1.,5.5E-16,0.));
#12826=DIRECTION('',(1.,0.,0.));
#12827=DIRECTION('center_axis',(0.,-2.2E-16,1.));
#12828=DIRECTION('ref_axis',(1.,0.,0.));
#12829=DIRECTION('center_axis',(1.,0.,0.));
#12830=DIRECTION('ref_axis',(0.,1.,-2.5E-16));
#12831=DIRECTION('center_axis',(0.707106781186548,-0.707106781186548,1.59999999999798E-16));
#12832=DIRECTION('ref_axis',(-0.707106781186548,-0.707106781186548,1.59999999999798E-16));
#12833=DIRECTION('',(1.,0.,0.));
#12834=DIRECTION('center_axis',(-1.,0.,0.));
#12835=DIRECTION('ref_axis',(0.,2.2E-16,1.));
#12836=DIRECTION('',(0.,-1.,2.2E-16));
#12837=DIRECTION('',(0.,-1.,2.2E-16));
#12838=DIRECTION('center_axis',(-8.99999999999189E-17,0.98480775302755,
0.173648177579921));
#12839=DIRECTION('ref_axis',(2.99999999999763E-16,-0.173648177579921,0.98480775302755));
#12840=DIRECTION('',(0.179556884817091,0.170825976580086,-0.96880225579849));
#12841=DIRECTION('',(-0.179556884817091,0.170825976580086,-0.96880225579849));
#12842=DIRECTION('center_axis',(-8.99999999999189E-17,0.98480775302755,
0.173648177579921));
#12843=DIRECTION('ref_axis',(5.09999999999567E-16,0.173648177579921,-0.98480775302755));
#12844=DIRECTION('',(-1.,-9.E-17,0.));
#12845=DIRECTION('',(-0.255144817824869,0.167900917852914,-0.952213423409512));
#12846=DIRECTION('center_axis',(-8.99999999999189E-17,0.98480775302755,
0.173648177579921));
#12847=DIRECTION('ref_axis',(5.09999999999567E-16,0.173648177579921,-0.98480775302755));
#12848=DIRECTION('',(-1.,-1.1E-16,1.1E-16));
#12849=DIRECTION('center_axis',(-8.99999999999189E-17,0.98480775302755,
0.173648177579921));
#12850=DIRECTION('ref_axis',(5.09999999999567E-16,0.173648177579921,-0.98480775302755));
#12851=DIRECTION('',(0.255144817824869,0.167900917852914,-0.952213423409512));
#12852=DIRECTION('',(1.,9.E-17,0.));
#12853=DIRECTION('center_axis',(-8.99999999999189E-17,0.98480775302755,
0.173648177579921));
#12854=DIRECTION('ref_axis',(5.09999999999567E-16,0.173648177579921,-0.98480775302755));
#12855=DIRECTION('center_axis',(0.,-2.2E-16,-1.));
#12856=DIRECTION('ref_axis',(-1.,0.,0.));
#12857=DIRECTION('',(0.,-1.,2.2E-16));
#12858=DIRECTION('center_axis',(0.,2.2E-16,1.));
#12859=DIRECTION('ref_axis',(1.,0.,0.));
#12860=DIRECTION('',(0.,-1.,2.2E-16));
#12861=DIRECTION('',(1.,0.,0.));
#12862=DIRECTION('center_axis',(0.,2.2E-16,1.));
#12863=DIRECTION('ref_axis',(1.,0.,0.));
#12864=DIRECTION('center_axis',(-0.983254907563983,3.99999999999993E-17,
0.182235525491997));
#12865=DIRECTION('ref_axis',(0.182235525491997,2.19999999999996E-16,0.983254907563982));
#12866=DIRECTION('',(-0.179556884817091,-0.170825976580086,-0.96880225579849));
#12867=DIRECTION('',(0.,-1.,2.2E-16));
#12868=DIRECTION('center_axis',(1.,0.,0.));
#12869=DIRECTION('ref_axis',(0.,-2.2E-16,-1.));
#12870=DIRECTION('center_axis',(-0.707106781186548,-0.707106781186548,1.59999999999798E-16));
#12871=DIRECTION('ref_axis',(0.707106781186548,-0.707106781186548,1.59999999999798E-16));
#12872=DIRECTION('center_axis',(0.,0.98480775302755,-0.173648177579921));
#12873=DIRECTION('ref_axis',(0.,0.173648177579921,0.98480775302755));
#12874=DIRECTION('',(0.179556884817091,-0.170825976580086,-0.96880225579849));
#12875=DIRECTION('center_axis',(0.,0.98480775302755,-0.173648177579921));
#12876=DIRECTION('ref_axis',(0.,0.173648177579921,0.98480775302755));
#12877=DIRECTION('',(1.,0.,0.));
#12878=DIRECTION('',(0.255144817824869,-0.167900917852914,-0.952213423409512));
#12879=DIRECTION('center_axis',(0.,0.98480775302755,-0.173648177579921));
#12880=DIRECTION('ref_axis',(0.,0.173648177579921,0.98480775302755));
#12881=DIRECTION('',(-1.,0.,0.));
#12882=DIRECTION('center_axis',(0.,0.98480775302755,-0.173648177579921));
#12883=DIRECTION('ref_axis',(0.,0.173648177579921,0.98480775302755));
#12884=DIRECTION('',(-0.255144817824869,-0.167900917852914,-0.952213423409512));
#12885=DIRECTION('',(-1.,0.,0.));
#12886=DIRECTION('center_axis',(0.,0.98480775302755,-0.173648177579921));
#12887=DIRECTION('ref_axis',(0.,0.173648177579921,0.98480775302755));
#12888=DIRECTION('center_axis',(0.,-1.,2.2E-16));
#12889=DIRECTION('ref_axis',(0.,-2.2E-16,-1.));
#12890=DIRECTION('center_axis',(0.983254907563983,3.99999999999993E-17,
0.182235525491997));
#12891=DIRECTION('ref_axis',(0.182235525491997,-2.19999999999996E-16,-0.983254907563982));
#12892=DIRECTION('',(0.,-1.,2.2E-16));
#12893=DIRECTION('center_axis',(0.,1.,-2.2E-16));
#12894=DIRECTION('ref_axis',(-1.,0.,0.));
#12895=DIRECTION('',(0.,-1.,2.2E-16));
#12896=DIRECTION('center_axis',(0.,2.2E-16,1.));
#12897=DIRECTION('ref_axis',(1.,0.,0.));
#12898=DIRECTION('',(0.,-1.,2.2E-16));
#12899=DIRECTION('center_axis',(0.965925826288944,5.99999999999965E-17,
0.258819045102985));
#12900=DIRECTION('ref_axis',(0.258819045102985,-2.09999999999988E-16,-0.965925826288944));
#12901=DIRECTION('',(0.,-1.,2.2E-16));
#12902=DIRECTION('center_axis',(0.,1.,-2.2E-16));
#12903=DIRECTION('ref_axis',(-1.,0.,0.));
#12904=DIRECTION('',(0.,-1.,2.2E-16));
#12905=DIRECTION('center_axis',(0.,2.3E-16,1.));
#12906=DIRECTION('ref_axis',(0.,-1.,2.3E-16));
#12907=DIRECTION('',(0.,-1.,2.2E-16));
#12908=DIRECTION('center_axis',(0.,2.2E-16,1.));
#12909=DIRECTION('ref_axis',(1.,0.,0.));
#12910=DIRECTION('center_axis',(0.,1.,-2.2E-16));
#12911=DIRECTION('ref_axis',(1.,0.,0.));
#12912=DIRECTION('',(0.,-1.,2.2E-16));
#12913=DIRECTION('center_axis',(-0.965925826288944,5.99999999999965E-17,
0.258819045102985));
#12914=DIRECTION('ref_axis',(0.258819045102985,2.09999999999988E-16,0.965925826288944));
#12915=DIRECTION('',(0.,-1.,2.2E-16));
#12916=DIRECTION('center_axis',(0.,2.2E-16,1.));
#12917=DIRECTION('ref_axis',(1.,0.,0.));
#12918=DIRECTION('',(0.,-1.,2.2E-16));
#12919=DIRECTION('center_axis',(0.,1.,-2.2E-16));
#12920=DIRECTION('ref_axis',(1.,0.,0.));
#12921=DIRECTION('center_axis',(0.,-2.2E-16,-1.));
#12922=DIRECTION('ref_axis',(1.,0.,0.));
#12923=DIRECTION('center_axis',(0.,2.2E-16,1.));
#12924=DIRECTION('ref_axis',(1.,0.,0.));
#12925=DIRECTION('',(-0.290007395282691,-1.75029706139175E-16,-0.957024404433528));
#12926=DIRECTION('center_axis',(0.,-2.2E-16,-1.));
#12927=DIRECTION('ref_axis',(1.,0.,0.));
#12928=DIRECTION('',(0.,-2.2E-16,-1.));
#12929=DIRECTION('center_axis',(0.,2.2E-16,1.));
#12930=DIRECTION('ref_axis',(1.,0.,0.));
#12931=DIRECTION('center_axis',(0.,2.2E-16,1.));
#12932=DIRECTION('ref_axis',(1.,0.,0.));
#12933=DIRECTION('center_axis',(0.,2.2E-16,1.));
#12934=DIRECTION('ref_axis',(1.,0.,0.));
#12935=DIRECTION('axis',(0.,0.,1.));
#12936=DIRECTION('refdir',(1.,0.,0.));
#12937=DIRECTION('center_axis',(1.,0.,0.));
#12938=DIRECTION('ref_axis',(0.,-1.,0.));
#12939=DIRECTION('',(0.,0.,1.));
#12940=DIRECTION('',(0.,-1.,0.));
#12941=DIRECTION('',(0.,0.,1.));
#12942=DIRECTION('',(0.,-1.,0.));
#12943=DIRECTION('center_axis',(0.,1.,0.));
#12944=DIRECTION('ref_axis',(1.,0.,0.));
#12945=DIRECTION('',(1.,0.,0.));
#12946=DIRECTION('',(0.,0.,1.));
#12947=DIRECTION('',(1.,0.,0.));
#12948=DIRECTION('center_axis',(-1.,0.,0.));
#12949=DIRECTION('ref_axis',(0.,1.,0.));
#12950=DIRECTION('',(0.,1.,0.));
#12951=DIRECTION('',(0.,0.,1.));
#12952=DIRECTION('',(0.,1.,0.));
#12953=DIRECTION('center_axis',(0.,-1.,0.));
#12954=DIRECTION('ref_axis',(-1.,0.,0.));
#12955=DIRECTION('',(-1.,0.,0.));
#12956=DIRECTION('',(-1.,0.,0.));
#12957=DIRECTION('center_axis',(0.,0.,1.));
#12958=DIRECTION('ref_axis',(1.,0.,0.));
#12959=DIRECTION('center_axis',(0.,0.,1.));
#12960=DIRECTION('ref_axis',(1.,0.,0.));
#12961=DIRECTION('axis',(0.,0.,1.));
#12962=DIRECTION('refdir',(1.,0.,0.));
#12963=DIRECTION('center_axis',(-1.,0.,0.));
#12964=DIRECTION('ref_axis',(0.,1.,0.));
#12965=DIRECTION('',(0.,0.,1.));
#12966=DIRECTION('',(0.,1.,0.));
#12967=DIRECTION('',(0.,0.,1.));
#12968=DIRECTION('',(0.,1.,0.));
#12969=DIRECTION('center_axis',(0.,1.,0.));
#12970=DIRECTION('ref_axis',(1.,0.,0.));
#12971=DIRECTION('',(1.,0.,0.));
#12972=DIRECTION('',(0.,0.,1.));
#12973=DIRECTION('',(1.,0.,0.));
#12974=DIRECTION('center_axis',(1.,0.,0.));
#12975=DIRECTION('ref_axis',(0.,-1.,0.));
#12976=DIRECTION('',(0.,-1.,0.));
#12977=DIRECTION('',(0.,0.,1.));
#12978=DIRECTION('',(0.,-1.,0.));
#12979=DIRECTION('center_axis',(0.,-1.,0.));
#12980=DIRECTION('ref_axis',(-1.,0.,0.));
#12981=DIRECTION('',(-1.,0.,0.));
#12982=DIRECTION('',(0.,0.,1.));
#12983=DIRECTION('',(-1.,0.,0.));
#12984=DIRECTION('center_axis',(0.707106781186548,0.707106781186548,0.));
#12985=DIRECTION('ref_axis',(0.707106781186548,-0.707106781186548,0.));
#12986=DIRECTION('',(0.707106781186548,-0.707106781186548,0.));
#12987=DIRECTION('',(0.707106781186548,-0.707106781186548,0.));
#12988=DIRECTION('center_axis',(0.,0.,1.));
#12989=DIRECTION('ref_axis',(1.,0.,0.));
#12990=DIRECTION('center_axis',(0.,0.,1.));
#12991=DIRECTION('ref_axis',(1.,0.,0.));
#12992=DIRECTION('axis',(0.,0.,1.));
#12993=DIRECTION('refdir',(1.,0.,0.));
#12994=DIRECTION('center_axis',(1.,0.,0.));
#12995=DIRECTION('ref_axis',(0.,-1.,0.));
#12996=DIRECTION('',(0.,0.,1.));
#12997=DIRECTION('',(0.,-1.,0.));
#12998=DIRECTION('',(0.,0.,1.));
#12999=DIRECTION('',(0.,-1.,0.));
#13000=DIRECTION('center_axis',(0.,-1.,0.));
#13001=DIRECTION('ref_axis',(-1.,0.,0.));
#13002=DIRECTION('',(-1.,0.,0.));
#13003=DIRECTION('',(0.,0.,1.));
#13004=DIRECTION('',(-1.,0.,0.));
#13005=DIRECTION('center_axis',(-1.,0.,0.));
#13006=DIRECTION('ref_axis',(0.,1.,0.));
#13007=DIRECTION('',(0.,1.,0.));
#13008=DIRECTION('',(0.,0.,1.));
#13009=DIRECTION('',(0.,1.,0.));
#13010=DIRECTION('center_axis',(0.,1.,0.));
#13011=DIRECTION('ref_axis',(1.,0.,0.));
#13012=DIRECTION('',(1.,0.,0.));
#13013=DIRECTION('',(1.,0.,0.));
#13014=DIRECTION('center_axis',(0.,0.,1.));
#13015=DIRECTION('ref_axis',(1.,0.,0.));
#13016=DIRECTION('center_axis',(0.,0.,1.));
#13017=DIRECTION('ref_axis',(1.,0.,0.));
#13018=DIRECTION('axis',(0.,0.,1.));
#13019=DIRECTION('refdir',(1.,0.,0.));
#13020=DIRECTION('center_axis',(-1.,0.,0.));
#13021=DIRECTION('ref_axis',(0.,1.,0.));
#13022=DIRECTION('',(0.,0.,1.));
#13023=DIRECTION('',(0.,1.,0.));
#13024=DIRECTION('',(0.,0.,1.));
#13025=DIRECTION('',(0.,1.,0.));
#13026=DIRECTION('center_axis',(0.,-1.,0.));
#13027=DIRECTION('ref_axis',(-1.,0.,0.));
#13028=DIRECTION('',(-1.,0.,0.));
#13029=DIRECTION('',(0.,0.,1.));
#13030=DIRECTION('',(-1.,0.,0.));
#13031=DIRECTION('center_axis',(1.,0.,0.));
#13032=DIRECTION('ref_axis',(0.,-1.,0.));
#13033=DIRECTION('',(0.,-1.,0.));
#13034=DIRECTION('',(0.,0.,1.));
#13035=DIRECTION('',(0.,-1.,0.));
#13036=DIRECTION('center_axis',(0.,1.,0.));
#13037=DIRECTION('ref_axis',(1.,0.,0.));
#13038=DIRECTION('',(1.,0.,0.));
#13039=DIRECTION('',(1.,0.,0.));
#13040=DIRECTION('center_axis',(0.,0.,1.));
#13041=DIRECTION('ref_axis',(1.,0.,0.));
#13042=DIRECTION('center_axis',(0.,0.,1.));
#13043=DIRECTION('ref_axis',(1.,0.,0.));
#13044=DIRECTION('',(0.,0.,1.));
#13045=DIRECTION('',(1.,0.,0.));
#13046=DIRECTION('',(0.,0.,1.));
#13047=DIRECTION('',(1.,0.,0.));
#13048=DIRECTION('',(0.,0.,1.));
#13049=DIRECTION('',(1.,0.,0.));
#13050=DIRECTION('',(0.,0.,1.));
#13051=DIRECTION('',(1.,0.,0.));
#13052=DIRECTION('',(0.,0.,1.));
#13053=DIRECTION('',(1.,0.,0.));
#13054=DIRECTION('',(0.,0.,1.));
#13055=DIRECTION('',(1.,0.,0.));
#13056=DIRECTION('axis',(0.,0.,1.));
#13057=DIRECTION('refdir',(1.,0.,0.));
#13058=DIRECTION('center_axis',(1.,0.,0.));
#13059=DIRECTION('ref_axis',(0.,-1.,0.));
#13060=DIRECTION('',(0.,0.,1.));
#13061=DIRECTION('',(0.,-1.,0.));
#13062=DIRECTION('',(0.,0.,1.));
#13063=DIRECTION('',(0.,-1.,0.));
#13064=DIRECTION('center_axis',(0.707106781186548,0.707106781186548,0.));
#13065=DIRECTION('ref_axis',(0.707106781186548,-0.707106781186548,0.));
#13066=DIRECTION('',(0.,0.,1.));
#13067=DIRECTION('',(0.707106781186548,-0.707106781186548,0.));
#13068=DIRECTION('',(0.707106781186548,-0.707106781186548,0.));
#13069=DIRECTION('center_axis',(0.,0.,-1.));
#13070=DIRECTION('ref_axis',(0.,1.,0.));
#13071=DIRECTION('center_axis',(0.,0.,1.));
#13072=DIRECTION('ref_axis',(0.,1.,0.));
#13073=DIRECTION('',(0.,0.,1.));
#13074=DIRECTION('center_axis',(0.,0.,1.));
#13075=DIRECTION('ref_axis',(0.,1.,0.));
#13076=DIRECTION('center_axis',(0.,0.,1.));
#13077=DIRECTION('ref_axis',(1.,0.,0.));
#13078=DIRECTION('',(0.,-1.,0.));
#13079=DIRECTION('',(-0.707106781186548,-0.707106781186548,0.));
#13080=DIRECTION('',(0.,-1.,0.));
#13081=DIRECTION('',(0.707106781186548,-0.707106781186548,0.));
#13082=DIRECTION('',(0.,-1.,0.));
#13083=DIRECTION('',(-0.707106781186548,-0.707106781186548,0.));
#13084=DIRECTION('',(-1.,0.,0.));
#13085=DIRECTION('',(-0.707106781186548,0.707106781186548,0.));
#13086=DIRECTION('',(0.,1.,0.));
#13087=DIRECTION('',(0.707106781186548,0.707106781186548,0.));
#13088=DIRECTION('',(0.,1.,0.));
#13089=DIRECTION('',(-0.707106781186548,0.707106781186548,0.));
#13090=DIRECTION('',(0.,1.,0.));
#13091=DIRECTION('center_axis',(0.,0.,1.));
#13092=DIRECTION('ref_axis',(0.,-1.,0.));
#13093=DIRECTION('',(0.,1.,0.));
#13094=DIRECTION('',(0.707106781186548,0.707106781186548,0.));
#13095=DIRECTION('',(1.,0.,0.));
#13096=DIRECTION('center_axis',(0.,0.,1.));
#13097=DIRECTION('ref_axis',(0.853552897187899,-0.521006191615939,0.));
#13098=DIRECTION('center_axis',(0.,0.,-1.));
#13099=DIRECTION('ref_axis',(0.521032061311267,-0.853537105863437,0.));
#13100=DIRECTION('',(-1.,0.,0.));
#13101=DIRECTION('',(-1.,0.,0.));
#13102=DIRECTION('center_axis',(0.,0.,-1.));
#13103=DIRECTION('ref_axis',(9.06012357245861E-6,-0.999999999958957,0.));
#13104=DIRECTION('center_axis',(0.,0.,1.));
#13105=DIRECTION('ref_axis',(0.521006191615939,0.853552897187899,0.));
#13106=DIRECTION('center_axis',(0.,0.,-1.));
#13107=DIRECTION('ref_axis',(0.853549232709014,0.521012195003009,0.));
#13108=DIRECTION('',(0.,-1.,0.));
#13109=DIRECTION('',(0.,-1.,0.));
#13110=DIRECTION('center_axis',(0.,0.,-1.));
#13111=DIRECTION('ref_axis',(0.999999999958957,9.06012338297161E-6,0.));
#13112=DIRECTION('center_axis',(0.,0.,1.));
#13113=DIRECTION('ref_axis',(-0.853552897187899,0.521006191615939,0.));
#13114=DIRECTION('center_axis',(0.,0.,-1.));
#13115=DIRECTION('ref_axis',(-0.521012195003009,0.853549232709014,0.));
#13116=DIRECTION('',(1.,0.,0.));
#13117=DIRECTION('',(1.,0.,0.));
#13118=DIRECTION('center_axis',(0.,0.,-1.));
#13119=DIRECTION('ref_axis',(2.0757355459431E-5,0.999999999784566,0.));
#13120=DIRECTION('center_axis',(0.,0.,1.));
#13121=DIRECTION('ref_axis',(-0.52101232744786,-0.853549151863771,0.));
#13122=DIRECTION('center_axis',(0.,0.,-1.));
#13123=DIRECTION('ref_axis',(-0.853537105863437,-0.521032061311267,0.));
#13124=DIRECTION('',(0.,1.,0.));
#13125=DIRECTION('',(0.,1.,0.));
#13126=DIRECTION('center_axis',(0.,0.,-1.));
#13127=DIRECTION('ref_axis',(-0.999999955659803,-0.000297792531454241,0.));
#13128=DIRECTION('center_axis',(0.,0.,-1.));
#13129=DIRECTION('ref_axis',(0.,-1.,0.));
#13130=DIRECTION('center_axis',(0.,0.,-1.));
#13131=DIRECTION('ref_axis',(0.,-1.,0.));
#13132=DIRECTION('center_axis',(0.,0.,1.));
#13133=DIRECTION('ref_axis',(1.,0.,0.));
#13134=DIRECTION('',(1.,0.,0.));
#13135=DIRECTION('',(0.707106781186548,0.707106781186548,0.));
#13136=DIRECTION('',(0.,1.,0.));
#13137=DIRECTION('center_axis',(0.,0.,1.));
#13138=DIRECTION('ref_axis',(0.,-1.,0.));
#13139=DIRECTION('',(0.,1.,0.));
#13140=DIRECTION('',(-0.707106781186548,0.707106781186548,0.));
#13141=DIRECTION('',(0.,1.,0.));
#13142=DIRECTION('',(0.707106781186548,0.707106781186548,0.));
#13143=DIRECTION('',(0.,1.,0.));
#13144=DIRECTION('',(-0.707106781186548,0.707106781186548,0.));
#13145=DIRECTION('',(-1.,0.,0.));
#13146=DIRECTION('',(-0.707106781186548,-0.707106781186548,0.));
#13147=DIRECTION('',(0.,-1.,0.));
#13148=DIRECTION('',(0.707106781186548,-0.707106781186548,0.));
#13149=DIRECTION('',(0.,-1.,0.));
#13150=DIRECTION('',(-0.707106781186548,-0.707106781186548,0.));
#13151=DIRECTION('',(0.,-1.,0.));
#13152=DIRECTION('center_axis',(0.,0.,1.));
#13153=DIRECTION('ref_axis',(0.853552897187899,-0.521006191615939,0.));
#13154=DIRECTION('center_axis',(0.,0.,-1.));
#13155=DIRECTION('ref_axis',(-0.999999955659803,-0.000297792531454241,0.));
#13156=DIRECTION('',(0.,1.,0.));
#13157=DIRECTION('',(0.,1.,0.));
#13158=DIRECTION('center_axis',(0.,0.,-1.));
#13159=DIRECTION('ref_axis',(-0.853537105863437,-0.521032061311267,0.));
#13160=DIRECTION('center_axis',(0.,0.,1.));
#13161=DIRECTION('ref_axis',(-0.52101232744786,-0.853549151863771,0.));
#13162=DIRECTION('center_axis',(0.,0.,-1.));
#13163=DIRECTION('ref_axis',(2.0757355459431E-5,0.999999999784566,0.));
#13164=DIRECTION('',(1.,0.,0.));
#13165=DIRECTION('',(1.,0.,0.));
#13166=DIRECTION('center_axis',(0.,0.,-1.));
#13167=DIRECTION('ref_axis',(-0.521012195003009,0.853549232709014,0.));
#13168=DIRECTION('center_axis',(0.,0.,1.));
#13169=DIRECTION('ref_axis',(-0.853552897187899,0.521006191615939,0.));
#13170=DIRECTION('center_axis',(0.,0.,-1.));
#13171=DIRECTION('ref_axis',(0.999999999958957,9.06012338297161E-6,0.));
#13172=DIRECTION('',(0.,-1.,0.));
#13173=DIRECTION('',(0.,-1.,0.));
#13174=DIRECTION('center_axis',(0.,0.,-1.));
#13175=DIRECTION('ref_axis',(0.853549232709014,0.521012195003009,0.));
#13176=DIRECTION('center_axis',(0.,0.,1.));
#13177=DIRECTION('ref_axis',(0.521006191615939,0.853552897187899,0.));
#13178=DIRECTION('center_axis',(0.,0.,-1.));
#13179=DIRECTION('ref_axis',(9.06012357245861E-6,-0.999999999958957,0.));
#13180=DIRECTION('',(-1.,0.,0.));
#13181=DIRECTION('',(-1.,0.,0.));
#13182=DIRECTION('center_axis',(0.,0.,-1.));
#13183=DIRECTION('ref_axis',(0.521032061311267,-0.853537105863437,0.));
#13184=DIRECTION('center_axis',(0.,0.,-1.));
#13185=DIRECTION('ref_axis',(0.,-1.,0.));
#13186=DIRECTION('center_axis',(0.,0.,-1.));
#13187=DIRECTION('ref_axis',(0.,-1.,0.));
#13188=DIRECTION('center_axis',(0.,1.,0.));
#13189=DIRECTION('ref_axis',(1.,0.,0.));
#13190=DIRECTION('',(0.,0.,1.));
#13191=DIRECTION('center_axis',(1.,0.,0.));
#13192=DIRECTION('ref_axis',(0.,-1.,0.));
#13193=DIRECTION('',(0.,0.,1.));
#13194=DIRECTION('center_axis',(-0.707106781186548,0.707106781186548,0.));
#13195=DIRECTION('ref_axis',(0.707106781186548,0.707106781186548,0.));
#13196=DIRECTION('',(0.,0.,1.));
#13197=DIRECTION('center_axis',(0.707106781186548,-0.707106781186548,0.));
#13198=DIRECTION('ref_axis',(-0.707106781186548,-0.707106781186548,0.));
#13199=DIRECTION('',(0.,0.,1.));
#13200=DIRECTION('center_axis',(-1.,0.,0.));
#13201=DIRECTION('ref_axis',(0.,1.,0.));
#13202=DIRECTION('',(0.,0.,1.));
#13203=DIRECTION('center_axis',(1.,0.,0.));
#13204=DIRECTION('ref_axis',(0.,-1.,0.));
#13205=DIRECTION('',(0.,0.,1.));
#13206=DIRECTION('center_axis',(0.,0.,-1.));
#13207=DIRECTION('ref_axis',(0.,-1.,0.));
#13208=DIRECTION('',(0.,0.,1.));
#13209=DIRECTION('center_axis',(0.707106781186548,0.707106781186548,0.));
#13210=DIRECTION('ref_axis',(0.707106781186548,-0.707106781186548,0.));
#13211=DIRECTION('',(0.,0.,1.));
#13212=DIRECTION('center_axis',(-1.,0.,0.));
#13213=DIRECTION('ref_axis',(0.,1.,0.));
#13214=DIRECTION('',(0.,0.,1.));
#13215=DIRECTION('center_axis',(1.,0.,0.));
#13216=DIRECTION('ref_axis',(0.,-1.,0.));
#13217=DIRECTION('',(0.,0.,1.));
#13218=DIRECTION('center_axis',(-0.707106781186548,-0.707106781186548,0.));
#13219=DIRECTION('ref_axis',(-0.707106781186548,0.707106781186548,0.));
#13220=DIRECTION('',(0.,0.,1.));
#13221=DIRECTION('center_axis',(0.707106781186548,-0.707106781186548,0.));
#13222=DIRECTION('ref_axis',(-0.707106781186548,-0.707106781186548,0.));
#13223=DIRECTION('',(0.,0.,1.));
#13224=DIRECTION('center_axis',(-1.,0.,0.));
#13225=DIRECTION('ref_axis',(0.,1.,0.));
#13226=DIRECTION('',(0.,0.,1.));
#13227=DIRECTION('center_axis',(0.,-1.,0.));
#13228=DIRECTION('ref_axis',(-1.,0.,0.));
#13229=DIRECTION('',(0.,0.,1.));
#13230=DIRECTION('center_axis',(-0.707106781186548,0.707106781186548,0.));
#13231=DIRECTION('ref_axis',(0.707106781186548,0.707106781186548,0.));
#13232=DIRECTION('',(0.,0.,1.));
#13233=DIRECTION('center_axis',(-0.707106781186548,-0.707106781186548,0.));
#13234=DIRECTION('ref_axis',(-0.707106781186548,0.707106781186548,0.));
#13235=DIRECTION('',(0.,0.,1.));
#13236=DIRECTION('center_axis',(-1.,0.,0.));
#13237=DIRECTION('ref_axis',(0.,1.,0.));
#13238=DIRECTION('center_axis',(0.,0.,-1.));
#13239=DIRECTION('ref_axis',(0.853552897187899,-0.521006191615939,0.));
#13240=DIRECTION('',(0.,0.,1.));
#13241=DIRECTION('',(0.,0.,1.));
#13242=DIRECTION('center_axis',(0.,0.,-1.));
#13243=DIRECTION('ref_axis',(-0.999999955659803,-0.000297792531454241,0.));
#13244=DIRECTION('',(0.,0.,1.));
#13245=DIRECTION('center_axis',(0.,0.,-1.));
#13246=DIRECTION('ref_axis',(0.521032061311267,-0.853537105863437,0.));
#13247=DIRECTION('',(0.,0.,1.));
#13248=DIRECTION('center_axis',(-1.,0.,0.));
#13249=DIRECTION('ref_axis',(0.,1.,0.));
#13250=DIRECTION('',(0.,0.,1.));
#13251=DIRECTION('center_axis',(0.,-1.,0.));
#13252=DIRECTION('ref_axis',(-1.,0.,0.));
#13253=DIRECTION('',(0.,0.,1.));
#13254=DIRECTION('center_axis',(-1.,0.,0.));
#13255=DIRECTION('ref_axis',(0.,1.,0.));
#13256=DIRECTION('',(0.,0.,1.));
#13257=DIRECTION('center_axis',(0.,-1.,0.));
#13258=DIRECTION('ref_axis',(-1.,0.,0.));
#13259=DIRECTION('',(0.,0.,1.));
#13260=DIRECTION('center_axis',(0.,0.,-1.));
#13261=DIRECTION('ref_axis',(-0.853537105863437,-0.521032061311267,0.));
#13262=DIRECTION('',(0.,0.,1.));
#13263=DIRECTION('center_axis',(0.,0.,-1.));
#13264=DIRECTION('ref_axis',(9.06012357245861E-6,-0.999999999958957,0.));
#13265=DIRECTION('',(0.,0.,1.));
#13266=DIRECTION('center_axis',(0.,0.,-1.));
#13267=DIRECTION('ref_axis',(-0.52101232744786,-0.853549151863771,0.));
#13268=DIRECTION('',(0.,0.,1.));
#13269=DIRECTION('center_axis',(0.,0.,-1.));
#13270=DIRECTION('ref_axis',(0.521006191615939,0.853552897187899,0.));
#13271=DIRECTION('',(0.,0.,1.));
#13272=DIRECTION('center_axis',(0.,0.,-1.));
#13273=DIRECTION('ref_axis',(2.0757355459431E-5,0.999999999784566,0.));
#13274=DIRECTION('',(0.,0.,1.));
#13275=DIRECTION('center_axis',(0.,0.,-1.));
#13276=DIRECTION('ref_axis',(0.853549232709014,0.521012195003009,0.));
#13277=DIRECTION('',(0.,0.,1.));
#13278=DIRECTION('center_axis',(0.,1.,0.));
#13279=DIRECTION('ref_axis',(1.,0.,0.));
#13280=DIRECTION('',(0.,0.,1.));
#13281=DIRECTION('center_axis',(1.,0.,0.));
#13282=DIRECTION('ref_axis',(0.,-1.,0.));
#13283=DIRECTION('',(0.,0.,1.));
#13284=DIRECTION('center_axis',(0.,1.,0.));
#13285=DIRECTION('ref_axis',(1.,0.,0.));
#13286=DIRECTION('',(0.,0.,1.));
#13287=DIRECTION('center_axis',(1.,0.,0.));
#13288=DIRECTION('ref_axis',(0.,-1.,0.));
#13289=DIRECTION('',(0.,0.,1.));
#13290=DIRECTION('center_axis',(0.,0.,-1.));
#13291=DIRECTION('ref_axis',(-0.521012195003009,0.853549232709014,0.));
#13292=DIRECTION('',(0.,0.,1.));
#13293=DIRECTION('center_axis',(0.,0.,-1.));
#13294=DIRECTION('ref_axis',(0.999999999958957,9.06012338297161E-6,0.));
#13295=DIRECTION('',(0.,0.,1.));
#13296=DIRECTION('center_axis',(0.,0.,-1.));
#13297=DIRECTION('ref_axis',(-0.853552897187899,0.521006191615939,0.));
#13298=DIRECTION('center_axis',(0.,0.,-1.));
#13299=DIRECTION('ref_axis',(0.,-1.,0.));
#13300=DIRECTION('',(0.,0.,-1.));
#13301=DIRECTION('center_axis',(0.,0.,-1.));
#13302=DIRECTION('ref_axis',(0.,-1.,0.));
#13303=DIRECTION('',(0.,0.,-1.));
#13304=DIRECTION('axis',(0.,0.,1.));
#13305=DIRECTION('refdir',(1.,0.,0.));
#13306=DIRECTION('axis',(0.,0.,1.));
#13307=DIRECTION('refdir',(1.,0.,0.));
#13308=DIRECTION('center_axis',(1.,-1.110223024625E-16,-1.110223024625E-16));
#13309=DIRECTION('ref_axis',(-1.110223024625E-16,-1.,0.));
#13310=DIRECTION('',(1.110223024625E-16,-1.232595164408E-32,1.));
#13311=DIRECTION('',(1.110223024625E-16,1.,0.));
#13312=DIRECTION('',(1.110223024625E-16,-1.232595164408E-32,1.));
#13313=DIRECTION('',(-1.110223024625E-16,-1.,0.));
#13314=DIRECTION('center_axis',(-1.,1.110223024625E-16,1.110223024625E-16));
#13315=DIRECTION('ref_axis',(1.110223024625E-16,1.,0.));
#13316=DIRECTION('',(1.110223024625E-16,1.,0.));
#13317=DIRECTION('',(1.110223024625E-16,-1.232595164408E-32,1.));
#13318=DIRECTION('',(-1.110223024625E-16,-1.,0.));
#13319=DIRECTION('',(-1.110223024625E-16,1.232595164408E-32,-1.));
#13320=DIRECTION('',(-1.110223024625E-16,-1.,0.));
#13321=DIRECTION('',(-1.110223024625E-16,-1.,0.));
#13322=DIRECTION('',(1.110223024625E-16,-1.232595164408E-32,1.));
#13323=DIRECTION('',(1.110223024625E-16,1.,0.));
#13324=DIRECTION('',(-1.110223024625E-16,-1.,0.));
#13325=DIRECTION('center_axis',(1.110223024625E-16,1.,0.));
#13326=DIRECTION('ref_axis',(1.,-1.110223024625E-16,-1.110223024625E-16));
#13327=DIRECTION('',(1.,-1.110223024625E-16,-1.110223024625E-16));
#13328=DIRECTION('center_axis',(-1.110223024625E-16,-1.,0.));
#13329=DIRECTION('ref_axis',(1.,-1.110223024625E-16,-6.661338147751E-16));
#13330=DIRECTION('',(0.,0.,1.));
#13331=DIRECTION('',(1.,-1.110223024625E-16,0.));
#13332=DIRECTION('',(0.,0.,1.));
#13333=DIRECTION('center_axis',(1.110223024625E-16,1.,0.));
#13334=DIRECTION('ref_axis',(4.163336342344E-17,-4.62223186652834E-33,1.));
#13335=DIRECTION('',(1.,-1.110223024625E-16,-1.110223024625E-16));
#13336=DIRECTION('center_axis',(-1.110223024625E-16,1.232595164408E-32,
-1.));
#13337=DIRECTION('ref_axis',(1.110223024625E-16,1.,5.16728808719776E-45));
#13338=DIRECTION('',(-1.,1.110223024625E-16,1.110223024625E-16));
#13339=DIRECTION('',(-1.,1.110223024625E-16,1.110223024625E-16));
#13340=DIRECTION('',(1.110223024625E-16,1.,0.));
#13341=DIRECTION('center_axis',(1.110223024625E-16,1.,0.));
#13342=DIRECTION('ref_axis',(1.110223024625E-16,-1.23259516440748E-32,1.));
#13343=DIRECTION('',(1.110223024625E-16,-1.232595164408E-32,1.));
#13344=DIRECTION('',(-1.,1.110223024625E-16,1.110223024625E-16));
#13345=DIRECTION('',(1.110223024625E-16,-1.232595164408E-32,1.));
#13346=DIRECTION('',(-1.,1.110223024625E-16,1.110223024625E-16));
#13347=DIRECTION('',(1.110223024625E-16,-1.232595164408E-32,1.));
#13348=DIRECTION('',(-1.,1.110223024625E-16,1.110223024625E-16));
#13349=DIRECTION('center_axis',(-1.110223024625E-16,-1.,0.));
#13350=DIRECTION('ref_axis',(-1.110223024625E-16,1.23259516440748E-32,-1.));
#13351=DIRECTION('',(-1.110223024625E-16,1.232595164408E-32,-1.));
#13352=DIRECTION('',(-1.,1.110223024625E-16,1.110223024625E-16));
#13353=DIRECTION('',(-1.110223024625E-16,1.232595164408E-32,-1.));
#13354=DIRECTION('',(-1.,1.110223024625E-16,1.110223024625E-16));
#13355=DIRECTION('',(-1.110223024625E-16,1.232595164408E-32,-1.));
#13356=DIRECTION('',(-1.,1.110223024625E-16,1.110223024625E-16));
#13357=DIRECTION('center_axis',(1.110223024625E-16,-1.232595164408E-32,
1.));
#13358=DIRECTION('ref_axis',(-1.110223024625E-16,-1.,-5.16728808719776E-45));
#13359=DIRECTION('',(-1.110223024625E-16,-1.,0.));
#13360=DIRECTION('center_axis',(-1.110223024625E-16,1.232595164408E-32,
-1.));
#13361=DIRECTION('ref_axis',(-1.,1.110223024625E-16,1.110223024625E-16));
#13362=DIRECTION('',(1.110223024625E-16,1.,0.));
#13363=DIRECTION('',(-1.,1.110223024625E-16,1.110223024625E-16));
#13364=DIRECTION('center_axis',(1.,-1.110223024625E-16,-1.110223024625E-16));
#13365=DIRECTION('ref_axis',(-1.110223024625E-16,-1.,0.));
#13366=DIRECTION('',(1.110223024625E-16,-1.232595164408E-32,1.));
#13367=DIRECTION('center_axis',(-1.110223024625E-16,1.232595164408E-32,
-1.));
#13368=DIRECTION('ref_axis',(-1.,1.110223024625E-16,1.110223024625E-16));
#13369=DIRECTION('',(-1.,1.110223024625E-16,1.110223024625E-16));
#13370=DIRECTION('',(1.110223024625E-16,1.,0.));
#13371=DIRECTION('center_axis',(-1.110223024625E-16,-1.,0.));
#13372=DIRECTION('ref_axis',(4.163336342344E-17,-4.62223186652834E-33,1.));
#13373=DIRECTION('',(1.110223024625E-16,1.,0.));
#13374=DIRECTION('center_axis',(1.110223024625E-16,1.,0.));
#13375=DIRECTION('ref_axis',(4.163336342344E-17,-4.62223186652834E-33,1.));
#13376=DIRECTION('center_axis',(-1.,1.110223024625E-16,0.));
#13377=DIRECTION('ref_axis',(0.,0.,1.));
#13378=DIRECTION('',(0.,0.,-1.));
#13379=DIRECTION('',(-2.69268635207408E-17,-0.242535625036098,0.970142500145391));
#13380=DIRECTION('',(-1.110223024625E-16,-1.,0.));
#13381=DIRECTION('',(-2.69268635207408E-17,-0.242535625036098,-0.970142500145391));
#13382=DIRECTION('center_axis',(-1.07707454082943E-16,-0.970142500145391,
-0.242535625036098));
#13383=DIRECTION('ref_axis',(-2.69268635207408E-17,-0.242535625036098,0.970142500145391));
#13384=DIRECTION('',(1.,-1.110223024625E-16,0.));
#13385=DIRECTION('',(-2.69268635207408E-17,-0.242535625036098,0.970142500145391));
#13386=DIRECTION('center_axis',(-1.,1.110223024625E-16,0.));
#13387=DIRECTION('ref_axis',(0.,0.,1.));
#13388=DIRECTION('',(-1.110223024625E-16,-1.,0.));
#13389=DIRECTION('',(0.,0.,-1.));
#13390=DIRECTION('',(-2.69268635207408E-17,-0.242535625036098,-0.970142500145391));
#13391=DIRECTION('',(1.110223024625E-16,1.,0.));
#13392=DIRECTION('center_axis',(-1.110223024625E-16,-1.,0.));
#13393=DIRECTION('ref_axis',(1.,-1.110223024625E-16,-6.661338147751E-16));
#13394=DIRECTION('center_axis',(-1.110223024625E-16,-1.,0.));
#13395=DIRECTION('ref_axis',(1.,-1.110223024625E-16,-6.661338147751E-16));
#13396=DIRECTION('center_axis',(-1.,1.110223024625E-16,1.110223024625E-16));
#13397=DIRECTION('ref_axis',(1.110223024625E-16,1.,0.));
#13398=DIRECTION('',(1.110223024625E-16,1.,0.));
#13399=DIRECTION('center_axis',(-1.,1.110223024625E-16,1.110223024625E-16));
#13400=DIRECTION('ref_axis',(1.110223024625E-16,1.,0.));
#13401=DIRECTION('',(-1.110223024625E-16,-1.,0.));
#13402=DIRECTION('center_axis',(-1.110223024625E-16,1.232595164408E-32,
-1.));
#13403=DIRECTION('ref_axis',(1.110223024625E-16,1.,5.16728808719776E-45));
#13404=DIRECTION('',(1.110223024625E-16,1.,0.));
#13405=DIRECTION('center_axis',(-1.,1.110223024625E-16,1.110223024625E-16));
#13406=DIRECTION('ref_axis',(1.110223024625E-16,1.,0.));
#13407=DIRECTION('',(-1.110223024625E-16,-1.,0.));
#13408=DIRECTION('',(1.110223024625E-16,1.,0.));
#13409=DIRECTION('',(1.110223024625E-16,-1.232595164408E-32,1.));
#13410=DIRECTION('',(-1.110223024625E-16,-1.,0.));
#13411=DIRECTION('',(-1.110223024625E-16,1.232595164408E-32,-1.));
#13412=DIRECTION('center_axis',(1.110223024625E-16,-1.232595164408E-32,
1.));
#13413=DIRECTION('ref_axis',(-1.110223024625E-16,-1.,-5.16728808719776E-45));
#13414=DIRECTION('center_axis',(-1.110223024625E-16,-1.,0.));
#13415=DIRECTION('ref_axis',(-1.,1.110223024625E-16,1.110223024625E-16));
#13416=DIRECTION('',(1.,-1.110223024625E-16,0.));
#13417=DIRECTION('center_axis',(1.07707454082943E-16,0.970142500145391,
-0.242535625036098));
#13418=DIRECTION('ref_axis',(-2.69268635207408E-17,-0.242535625036098,-0.970142500145391));
#13419=DIRECTION('',(1.,-1.110223024625E-16,0.));
#13420=DIRECTION('center_axis',(0.,0.,-1.));
#13421=DIRECTION('ref_axis',(-1.110223024625E-16,-1.,0.));
#13422=DIRECTION('center_axis',(-0.707106781186548,7.85046229340898E-17,
-0.707106781186548));
#13423=DIRECTION('ref_axis',(1.11022302462451E-16,1.,-7.55765725056662E-29));
#13424=DIRECTION('',(0.577350269189626,0.577350269189626,-0.577350269189626));
#13425=DIRECTION('',(0.577350269189626,-0.577350269189626,-0.577350269189626));
#13426=DIRECTION('',(1.110223024625E-16,1.,0.));
#13427=DIRECTION('center_axis',(-0.707106781186548,-0.707106781186548,7.85046229340898E-17));
#13428=DIRECTION('ref_axis',(-1.11022302462451E-16,7.55765725056662E-29,
-1.));
#13429=DIRECTION('',(0.577350269189626,-0.577350269189626,0.577350269189626));
#13430=DIRECTION('',(-1.110223024625E-16,1.232595164408E-32,-1.));
#13431=DIRECTION('center_axis',(-0.707106781186548,7.85046229340898E-17,
0.707106781186548));
#13432=DIRECTION('ref_axis',(-1.11022302462451E-16,-1.,-7.55765725056662E-29));
#13433=DIRECTION('',(0.577350269189626,0.577350269189626,0.577350269189626));
#13434=DIRECTION('',(-1.110223024625E-16,-1.,0.));
#13435=DIRECTION('center_axis',(-0.707106781186548,0.707106781186548,7.85046229340898E-17));
#13436=DIRECTION('ref_axis',(1.11022302462451E-16,7.55765725056662E-29,
1.));
#13437=DIRECTION('',(1.110223024625E-16,-1.232595164408E-32,1.));
#13438=DIRECTION('center_axis',(1.110223024625E-16,-1.232595164408E-32,
1.));
#13439=DIRECTION('ref_axis',(1.110223024625E-16,1.,5.16728808719776E-45));
#13440=DIRECTION('',(1.,-1.110223024625E-16,-1.110223024625E-16));
#13441=DIRECTION('',(1.,-1.110223024625E-16,-1.110223024625E-16));
#13442=DIRECTION('',(1.110223024625E-16,1.,0.));
#13443=DIRECTION('center_axis',(1.110223024625E-16,1.,0.));
#13444=DIRECTION('ref_axis',(-1.110223024625E-16,1.23259516440748E-32,-1.));
#13445=DIRECTION('',(1.,-1.110223024625E-16,-1.110223024625E-16));
#13446=DIRECTION('',(-1.110223024625E-16,1.232595164408E-32,-1.));
#13447=DIRECTION('',(-1.,1.110223024625E-16,1.110223024625E-16));
#13448=DIRECTION('',(1.110223024625E-16,-1.232595164408E-32,1.));
#13449=DIRECTION('',(-1.,1.110223024625E-16,1.110223024625E-16));
#13450=DIRECTION('',(-1.110223024625E-16,1.232595164408E-32,-1.));
#13451=DIRECTION('center_axis',(-1.110223024625E-16,1.232595164408E-32,
-1.));
#13452=DIRECTION('ref_axis',(-1.110223024625E-16,-1.,-5.16728808719776E-45));
#13453=DIRECTION('',(1.,-1.110223024625E-16,-1.110223024625E-16));
#13454=DIRECTION('',(-1.110223024625E-16,-1.,0.));
#13455=DIRECTION('center_axis',(-1.110223024625E-16,-1.,0.));
#13456=DIRECTION('ref_axis',(1.110223024625E-16,-1.23259516440748E-32,1.));
#13457=DIRECTION('',(1.110223024625E-16,-1.232595164408E-32,1.));
#13458=DIRECTION('',(1.,-1.110223024625E-16,-1.110223024625E-16));
#13459=DIRECTION('',(1.110223024625E-16,-1.232595164408E-32,1.));
#13460=DIRECTION('',(1.,-1.110223024625E-16,-1.110223024625E-16));
#13461=DIRECTION('',(1.110223024625E-16,-1.232595164408E-32,1.));
#13462=DIRECTION('center_axis',(-1.,1.110223024625E-16,1.110223024625E-16));
#13463=DIRECTION('ref_axis',(1.110223024625E-16,1.,0.));
#13464=DIRECTION('',(-1.110223024625E-16,-1.,0.));
#13465=DIRECTION('center_axis',(-1.,1.110223024625E-16,1.110223024625E-16));
#13466=DIRECTION('ref_axis',(1.110223024625E-16,1.,0.));
#13467=DIRECTION('',(-1.110223024625E-16,-1.,0.));
#13468=DIRECTION('center_axis',(-1.110223024625E-16,1.232595164408E-32,
-1.));
#13469=DIRECTION('ref_axis',(-1.,1.110223024625E-16,1.110223024625E-16));
#13470=DIRECTION('',(0.707106781186548,0.707106781186548,-7.85046229340898E-17));
#13471=DIRECTION('',(1.,-1.110223024625E-16,-1.110223024625E-16));
#13472=DIRECTION('',(1.110223024625E-16,1.,0.));
#13473=DIRECTION('',(-1.,1.110223024625E-16,1.110223024625E-16));
#13474=DIRECTION('',(-0.707106781186548,0.707106781186548,7.85046229340898E-17));
#13475=DIRECTION('center_axis',(-0.707106781186548,-0.707106781186548,7.85046229340898E-17));
#13476=DIRECTION('ref_axis',(-0.707106781186548,0.707106781186548,7.85046229340898E-17));
#13477=DIRECTION('',(1.110223024625E-16,-1.232595164408E-32,1.));
#13478=DIRECTION('',(-0.707106781186548,0.707106781186548,7.85046229340898E-17));
#13479=DIRECTION('center_axis',(-1.110223024625E-16,1.232595164408E-32,
-1.));
#13480=DIRECTION('ref_axis',(-1.,1.110223024625E-16,1.110223024625E-16));
#13481=DIRECTION('',(-1.,1.110223024625E-16,1.110223024625E-16));
#13482=DIRECTION('',(1.110223024625E-16,1.,0.));
#13483=DIRECTION('',(1.,-1.110223024625E-16,-1.110223024625E-16));
#13484=DIRECTION('',(0.707106781186548,0.707106781186548,-7.85046229340898E-17));
#13485=DIRECTION('center_axis',(-0.707106781186548,0.707106781186548,7.85046229340898E-17));
#13486=DIRECTION('ref_axis',(0.707106781186548,0.707106781186548,-7.85046229340898E-17));
#13487=DIRECTION('',(1.110223024625E-16,-1.232595164408E-32,1.));
#13488=DIRECTION('center_axis',(-1.110223024625E-16,-1.,0.));
#13489=DIRECTION('ref_axis',(-1.,1.110223024625E-16,1.110223024625E-16));
#13490=DIRECTION('',(1.110223024625E-16,-1.232595164408E-32,1.));
#13491=DIRECTION('center_axis',(-1.,1.110223024625E-16,1.110223024625E-16));
#13492=DIRECTION('ref_axis',(1.110223024625E-16,1.,0.));
#13493=DIRECTION('',(1.110223024625E-16,-1.232595164408E-32,1.));
#13494=DIRECTION('center_axis',(1.110223024625E-16,1.,0.));
#13495=DIRECTION('ref_axis',(1.,-1.110223024625E-16,-1.110223024625E-16));
#13496=DIRECTION('',(0.,0.,1.));
#13497=DIRECTION('',(1.,0.,0.));
#13498=DIRECTION('center_axis',(1.,0.,0.));
#13499=DIRECTION('ref_axis',(0.,-0.707106781186554,-0.707106781186541));
#13500=DIRECTION('',(-1.,0.,0.));
#13501=DIRECTION('center_axis',(-1.,-7.105427357601E-16,0.));
#13502=DIRECTION('ref_axis',(0.,-0.707106781186554,-0.707106781186541));
#13503=DIRECTION('',(1.,0.,0.));
#13504=DIRECTION('center_axis',(0.,0.,1.));
#13505=DIRECTION('ref_axis',(1.,0.,0.));
#13506=DIRECTION('',(0.,-1.,0.));
#13507=DIRECTION('',(1.,0.,0.));
#13508=DIRECTION('',(-7.105427357601E-16,1.,0.));
#13509=DIRECTION('',(-1.,0.,0.));
#13510=DIRECTION('',(0.,-1.,0.));
#13511=DIRECTION('',(0.707106781186564,-0.707106781186531,0.));
#13512=DIRECTION('',(0.,-1.,0.));
#13513=DIRECTION('',(-0.707106781186548,-0.707106781186548,0.));
#13514=DIRECTION('',(0.,-1.,0.));
#13515=DIRECTION('',(0.707106781186541,-0.707106781186554,0.));
#13516=DIRECTION('',(0.,-1.,0.));
#13517=DIRECTION('center_axis',(0.,0.,-1.));
#13518=DIRECTION('ref_axis',(-0.0714285714285699,0.997445717412067,0.));
#13519=DIRECTION('',(0.,-1.,0.));
#13520=DIRECTION('',(-0.707106781186553,-0.707106781186542,0.));
#13521=DIRECTION('',(-1.,0.,0.));
#13522=DIRECTION('',(-0.707106781186559,0.707106781186536,0.));
#13523=DIRECTION('',(0.,1.,0.));
#13524=DIRECTION('center_axis',(0.,0.,-1.));
#13525=DIRECTION('ref_axis',(0.0714285714285699,-0.997445717412067,0.));
#13526=DIRECTION('',(0.,1.,0.));
#13527=DIRECTION('',(0.707106781186554,0.707106781186541,0.));
#13528=DIRECTION('',(0.,1.,0.));
#13529=DIRECTION('',(-0.707106781186554,0.707106781186541,0.));
#13530=DIRECTION('',(0.,1.,0.));
#13531=DIRECTION('',(0.707106781186553,0.707106781186542,0.));
#13532=DIRECTION('',(0.,1.,0.));
#13533=DIRECTION('',(-1.,0.,0.));
#13534=DIRECTION('',(3.5527136788005E-16,-1.,0.));
#13535=DIRECTION('',(1.,0.,0.));
#13536=DIRECTION('',(0.,-1.,0.));
#13537=DIRECTION('',(-1.,0.,0.));
#13538=DIRECTION('',(3.5527136788005E-16,-1.,0.));
#13539=DIRECTION('center_axis',(0.,0.,-1.));
#13540=DIRECTION('ref_axis',(-1.,0.,0.));
#13541=DIRECTION('',(3.5527136788005E-16,-1.,0.));
#13542=DIRECTION('center_axis',(0.,0.,-1.));
#13543=DIRECTION('ref_axis',(-1.,0.,0.));
#13544=DIRECTION('',(3.5527136788005E-16,-1.,0.));
#13545=DIRECTION('',(1.,1.77635683940025E-15,0.));
#13546=DIRECTION('',(0.,1.,0.));
#13547=DIRECTION('',(-1.,0.,0.));
#13548=DIRECTION('',(0.,-1.,0.));
#13549=DIRECTION('',(1.,1.77635683940025E-15,0.));
#13550=DIRECTION('',(0.,1.,0.));
#13551=DIRECTION('',(-1.,0.,0.));
#13552=DIRECTION('',(0.,-1.,0.));
#13553=DIRECTION('',(1.,1.77635683940025E-15,0.));
#13554=DIRECTION('',(-7.105427357601E-16,1.,0.));
#13555=DIRECTION('center_axis',(0.,0.,-1.));
#13556=DIRECTION('ref_axis',(-1.,0.,0.));
#13557=DIRECTION('',(-7.105427357601E-16,1.,0.));
#13558=DIRECTION('center_axis',(0.,0.,-1.));
#13559=DIRECTION('ref_axis',(-1.,0.,0.));
#13560=DIRECTION('',(-7.105427357601E-16,1.,0.));
#13561=DIRECTION('center_axis',(0.,0.,-1.));
#13562=DIRECTION('ref_axis',(-1.,0.,0.));
#13563=DIRECTION('center_axis',(0.,0.,-1.));
#13564=DIRECTION('ref_axis',(-1.,0.,0.));
#13565=DIRECTION('center_axis',(-1.,0.,0.));
#13566=DIRECTION('ref_axis',(0.,0.707106781186542,-0.707106781186554));
#13567=DIRECTION('',(-1.,0.,0.));
#13568=DIRECTION('center_axis',(-1.,-7.105427357601E-16,0.));
#13569=DIRECTION('ref_axis',(0.,0.707106781186542,-0.707106781186554));
#13570=DIRECTION('center_axis',(0.,-1.,1.22086380714794E-15));
#13571=DIRECTION('ref_axis',(0.,-1.22086380714794E-15,-1.));
#13572=DIRECTION('center_axis',(0.,1.,-1.22086380714794E-15));
#13573=DIRECTION('ref_axis',(-0.572363520850168,0.,-0.82));
#13574=DIRECTION('',(1.,0.,0.));
#13575=DIRECTION('center_axis',(0.,1.,-1.22086380714794E-15));
#13576=DIRECTION('ref_axis',(0.572363520850189,0.,0.819999999999985));
#13577=DIRECTION('',(-1.,0.,0.));
#13578=DIRECTION('',(-4.33737954760693E-31,1.22086380714794E-15,1.));
#13579=DIRECTION('',(1.,0.,0.));
#13580=DIRECTION('',(8.67475909521386E-31,-1.22086380714794E-15,-1.));
#13581=DIRECTION('center_axis',(1.,0.,0.));
#13582=DIRECTION('ref_axis',(0.,-0.707106781186554,-0.707106781186541));
#13583=DIRECTION('',(1.,0.,0.));
#13584=DIRECTION('center_axis',(1.,3.5527136788005E-16,0.));
#13585=DIRECTION('ref_axis',(0.,-0.707106781186554,-0.707106781186541));
#13586=DIRECTION('center_axis',(0.,1.,-2.0243382785188E-15));
#13587=DIRECTION('ref_axis',(0.,2.0243382785188E-15,1.));
#13588=DIRECTION('',(-1.43837885852264E-30,2.0243382785188E-15,1.));
#13589=DIRECTION('',(-1.,0.,0.));
#13590=DIRECTION('',(0.,0.,-1.));
#13591=DIRECTION('',(1.,0.,0.));
#13592=DIRECTION('',(-1.43837885852264E-30,2.0243382785188E-15,1.));
#13593=DIRECTION('',(-1.,0.,0.));
#13594=DIRECTION('',(0.,0.,-1.));
#13595=DIRECTION('',(1.,0.,0.));
#13596=DIRECTION('',(-1.43837885852264E-30,2.0243382785188E-15,1.));
#13597=DIRECTION('',(1.,0.,0.));
#13598=DIRECTION('',(7.19189429261319E-31,-2.0243382785188E-15,-1.));
#13599=DIRECTION('',(1.,0.,0.));
#13600=DIRECTION('',(0.,0.,-1.));
#13601=DIRECTION('',(-1.,0.,0.));
#13602=DIRECTION('',(7.19189429261319E-31,-2.0243382785188E-15,-1.));
#13603=DIRECTION('',(1.,0.,0.));
#13604=DIRECTION('',(0.,0.,-1.));
#13605=DIRECTION('',(-1.,0.,0.));
#13606=DIRECTION('',(7.19189429261319E-31,-2.0243382785188E-15,-1.));
#13607=DIRECTION('center_axis',(0.,-1.,2.0243382785188E-15));
#13608=DIRECTION('ref_axis',(0.572363520850189,0.,0.819999999999985));
#13609=DIRECTION('',(-1.,0.,0.));
#13610=DIRECTION('center_axis',(0.,-1.,2.0243382785188E-15));
#13611=DIRECTION('ref_axis',(-0.572363520850168,0.,-0.82));
#13612=DIRECTION('center_axis',(-1.,0.,0.));
#13613=DIRECTION('ref_axis',(0.,0.707106781186542,-0.707106781186554));
#13614=DIRECTION('center_axis',(1.,3.5527136788005E-16,0.));
#13615=DIRECTION('ref_axis',(0.,0.707106781186542,-0.707106781186554));
#13616=DIRECTION('center_axis',(1.,0.,0.));
#13617=DIRECTION('ref_axis',(0.,0.707106781186547,0.707106781186548));
#13618=DIRECTION('center_axis',(-1.,-7.105427357601E-16,0.));
#13619=DIRECTION('ref_axis',(0.,0.707106781186547,0.707106781186548));
#13620=DIRECTION('center_axis',(1.,3.5527136788005E-16,0.));
#13621=DIRECTION('ref_axis',(0.,0.707106781186547,0.707106781186548));
#13622=DIRECTION('',(-1.,0.,0.));
#13623=DIRECTION('center_axis',(0.,1.,0.));
#13624=DIRECTION('ref_axis',(0.793353340291239,0.,-0.608761429008716));
#13625=DIRECTION('center_axis',(0.,-1.,0.));
#13626=DIRECTION('ref_axis',(0.793353340291239,0.,-0.608761429008716));
#13627=DIRECTION('',(0.,1.,0.));
#13628=DIRECTION('center_axis',(-1.77635683940025E-15,1.,0.));
#13629=DIRECTION('ref_axis',(0.793353340291239,0.,-0.608761429008716));
#13630=DIRECTION('center_axis',(-0.965925826289067,0.,-0.258819045102527));
#13631=DIRECTION('ref_axis',(0.258819045102527,0.,-0.965925826289067));
#13632=DIRECTION('',(-0.258819045102527,0.,0.965925826289067));
#13633=DIRECTION('',(0.,-1.,0.));
#13634=DIRECTION('',(0.258819045102527,0.,-0.965925826289067));
#13635=DIRECTION('center_axis',(0.,-1.,0.));
#13636=DIRECTION('ref_axis',(-0.793353340291233,0.,-0.608761429008723));
#13637=DIRECTION('center_axis',(0.,-1.,0.));
#13638=DIRECTION('ref_axis',(-0.793353340291233,0.,-0.608761429008723));
#13639=DIRECTION('center_axis',(-1.77635683940025E-15,1.,0.));
#13640=DIRECTION('ref_axis',(-0.793353340291233,0.,-0.608761429008723));
#13641=DIRECTION('',(0.,-1.,0.));
#13642=DIRECTION('center_axis',(0.,-1.,0.));
#13643=DIRECTION('ref_axis',(-0.608761429008708,0.,0.793353340291245));
#13644=DIRECTION('center_axis',(-1.77635683940025E-15,1.,0.));
#13645=DIRECTION('ref_axis',(-0.608761429008708,0.,0.793353340291245));
#13646=DIRECTION('',(0.,-1.,0.));
#13647=DIRECTION('center_axis',(0.,-1.,0.));
#13648=DIRECTION('ref_axis',(-0.608761429008708,0.,0.793353340291245));
#13649=DIRECTION('',(0.,1.,0.));
#13650=DIRECTION('center_axis',(0.,0.,-1.));
#13651=DIRECTION('ref_axis',(1.,0.,0.));
#13652=DIRECTION('',(-1.,0.,0.));
#13653=DIRECTION('',(0.,1.,0.));
#13654=DIRECTION('',(-1.,0.,0.));
#13655=DIRECTION('center_axis',(0.,-1.,0.));
#13656=DIRECTION('ref_axis',(0.608761429008719,0.,0.793353340291236));
#13657=DIRECTION('center_axis',(-1.77635683940025E-15,1.,0.));
#13658=DIRECTION('ref_axis',(0.608761429008719,0.,0.793353340291236));
#13659=DIRECTION('center_axis',(0.,-1.,0.));
#13660=DIRECTION('ref_axis',(0.608761429008719,0.,0.793353340291236));
#13661=DIRECTION('center_axis',(0.,1.,0.));
#13662=DIRECTION('ref_axis',(0.461748613235036,0.,-0.887010833178221));
#13663=DIRECTION('center_axis',(0.,-1.,0.));
#13664=DIRECTION('ref_axis',(0.461748613235036,0.,-0.887010833178221));
#13665=DIRECTION('',(0.,1.,0.));
#13666=DIRECTION('center_axis',(-1.77635683940025E-15,1.,0.));
#13667=DIRECTION('ref_axis',(0.461748613235036,0.,-0.887010833178221));
#13668=DIRECTION('center_axis',(-0.819152044288994,0.,0.573576436351043));
#13669=DIRECTION('ref_axis',(-0.573576436351043,0.,-0.819152044288994));
#13670=DIRECTION('',(0.573576436351043,0.,0.819152044288994));
#13671=DIRECTION('',(0.,-1.,0.));
#13672=DIRECTION('',(-0.573576436351043,0.,-0.819152044288994));
#13673=DIRECTION('center_axis',(0.,-1.,0.));
#13674=DIRECTION('ref_axis',(-0.461748613235034,0.,0.887010833178222));
#13675=DIRECTION('center_axis',(0.,1.,0.));
#13676=DIRECTION('ref_axis',(-0.461748613235034,0.,0.887010833178222));
#13677=DIRECTION('',(0.,1.,0.));
#13678=DIRECTION('center_axis',(1.77635683940025E-15,-1.,0.));
#13679=DIRECTION('ref_axis',(-0.461748613235034,0.,0.887010833178222));
#13680=DIRECTION('center_axis',(-1.54521944870883E-15,0.,1.));
#13681=DIRECTION('ref_axis',(-1.,0.,-1.54521944870883E-15));
#13682=DIRECTION('',(1.,0.,1.54521944870883E-15));
#13683=DIRECTION('',(0.,-1.,0.));
#13684=DIRECTION('',(-1.,0.,-1.54521944870883E-15));
#13685=DIRECTION('center_axis',(0.,-1.,0.));
#13686=DIRECTION('ref_axis',(0.,0.,-1.));
#13687=DIRECTION('',(-0.258819045102512,0.,-0.965925826289071));
#13688=DIRECTION('center_axis',(0.,-1.,0.));
#13689=DIRECTION('ref_axis',(-0.461748613235037,0.,-0.88701083317822));
#13690=DIRECTION('',(0.573576436351026,0.,-0.819152044289006));
#13691=DIRECTION('center_axis',(0.,1.,0.));
#13692=DIRECTION('ref_axis',(0.461748613235055,0.,0.887010833178211));
#13693=DIRECTION('center_axis',(0.,-1.,0.));
#13694=DIRECTION('ref_axis',(0.461748613235055,0.,0.887010833178211));
#13695=DIRECTION('',(0.,1.,0.));
#13696=DIRECTION('center_axis',(1.77635683940025E-15,-1.,0.));
#13697=DIRECTION('ref_axis',(0.461748613235055,0.,0.887010833178211));
#13698=DIRECTION('center_axis',(0.,-1.,0.));
#13699=DIRECTION('ref_axis',(-0.461748613235037,0.,-0.88701083317822));
#13700=DIRECTION('center_axis',(-1.77635683940025E-15,1.,0.));
#13701=DIRECTION('ref_axis',(-0.461748613235037,0.,-0.88701083317822));
#13702=DIRECTION('',(0.,-1.,0.));
#13703=DIRECTION('center_axis',(-1.036515374582E-15,-1.,-1.48029736616687E-15));
#13704=DIRECTION('ref_axis',(0.461748613235035,0.,-0.887010833178221));
#13705=DIRECTION('center_axis',(0.,1.,0.));
#13706=DIRECTION('ref_axis',(0.461748613235035,0.,-0.887010833178221));
#13707=DIRECTION('',(1.036515374582E-15,1.,1.48029736616687E-15));
#13708=DIRECTION('center_axis',(0.,-1.,0.));
#13709=DIRECTION('ref_axis',(0.461748613235035,0.,-0.887010833178221));
#13710=DIRECTION('',(-1.036515374582E-15,-1.,-1.48029736616687E-15));
#13711=DIRECTION('center_axis',(0.,1.48029736616687E-15,-1.));
#13712=DIRECTION('ref_axis',(0.,1.,1.48029736616687E-15));
#13713=DIRECTION('',(1.,0.,0.));
#13714=DIRECTION('',(-7.105427357601E-16,1.,1.48029736616687E-15));
#13715=DIRECTION('',(1.,0.,0.));
#13716=DIRECTION('center_axis',(0.,-1.,0.));
#13717=DIRECTION('ref_axis',(0.,0.,-1.));
#13718=DIRECTION('',(0.573576436351038,0.,0.819152044288997));
#13719=DIRECTION('center_axis',(0.,-1.,0.));
#13720=DIRECTION('ref_axis',(-0.461748613235038,0.,0.88701083317822));
#13721=DIRECTION('',(1.,0.,1.91615874349387E-15));
#13722=DIRECTION('center_axis',(0.,-1.,0.));
#13723=DIRECTION('ref_axis',(0.461748613235054,0.,0.887010833178211));
#13724=DIRECTION('',(0.573576436351022,0.,-0.819152044289009));
#13725=DIRECTION('center_axis',(0.,1.,0.));
#13726=DIRECTION('ref_axis',(-0.461748613235055,0.,-0.887010833178211));
#13727=DIRECTION('',(1.,0.,0.));
#13728=DIRECTION('',(0.,0.,1.));
#13729=DIRECTION('',(1.,0.,0.));
#13730=DIRECTION('',(0.,0.,-1.));
#13731=DIRECTION('',(-1.,0.,0.));
#13732=DIRECTION('',(0.,0.,1.));
#13733=DIRECTION('',(1.,0.,0.));
#13734=DIRECTION('',(0.,0.,-1.));
#13735=DIRECTION('',(-1.,0.,0.));
#13736=DIRECTION('',(0.,0.,1.));
#13737=DIRECTION('',(1.,0.,0.));
#13738=DIRECTION('',(0.,0.,-1.));
#13739=DIRECTION('',(-1.,0.,0.));
#13740=DIRECTION('',(0.,0.,-1.));
#13741=DIRECTION('',(1.,0.,0.));
#13742=DIRECTION('',(0.,0.,-1.));
#13743=DIRECTION('',(-1.,0.,0.));
#13744=DIRECTION('',(0.,0.,-1.));
#13745=DIRECTION('',(1.,0.,0.));
#13746=DIRECTION('',(0.,0.,-1.));
#13747=DIRECTION('center_axis',(-1.03651537458196E-15,1.,1.48029736616687E-15));
#13748=DIRECTION('ref_axis',(-0.461748613235055,0.,-0.887010833178211));
#13749=DIRECTION('center_axis',(0.,-1.,0.));
#13750=DIRECTION('ref_axis',(-0.461748613235055,0.,-0.887010833178211));
#13751=DIRECTION('',(1.03651537458196E-15,-1.,-1.48029736616687E-15));
#13752=DIRECTION('',(-1.03651537458196E-15,1.,1.48029736616687E-15));
#13753=DIRECTION('center_axis',(0.,1.48029736616687E-15,-1.));
#13754=DIRECTION('ref_axis',(0.,1.,1.48029736616687E-15));
#13755=DIRECTION('',(1.,0.,0.));
#13756=DIRECTION('',(3.5527136788005E-16,-1.,-1.48029736616687E-15));
#13757=DIRECTION('center_axis',(0.,-1.,0.));
#13758=DIRECTION('ref_axis',(-0.461748613235038,0.,0.88701083317822));
#13759=DIRECTION('center_axis',(0.,1.,0.));
#13760=DIRECTION('ref_axis',(-0.461748613235038,0.,0.88701083317822));
#13761=DIRECTION('',(0.,-1.,0.));
#13762=DIRECTION('',(0.,1.,0.));
#13763=DIRECTION('center_axis',(-1.91615874349387E-15,0.,1.));
#13764=DIRECTION('ref_axis',(-1.,0.,-1.91615874349387E-15));
#13765=DIRECTION('',(-1.,0.,-1.91615874349387E-15));
#13766=DIRECTION('',(0.,1.,0.));
#13767=DIRECTION('center_axis',(0.,-1.,0.));
#13768=DIRECTION('ref_axis',(0.461748613235054,0.,0.887010833178211));
#13769=DIRECTION('center_axis',(0.,1.,0.));
#13770=DIRECTION('ref_axis',(0.461748613235054,0.,0.887010833178211));
#13771=DIRECTION('',(0.,-1.,0.));
#13772=DIRECTION('center_axis',(0.819152044289009,0.,0.573576436351022));
#13773=DIRECTION('ref_axis',(-0.573576436351022,0.,0.819152044289009));
#13774=DIRECTION('',(-0.573576436351022,0.,0.819152044289009));
#13775=DIRECTION('center_axis',(-0.819152044288997,0.,0.573576436351038));
#13776=DIRECTION('ref_axis',(-0.573576436351038,0.,-0.819152044288997));
#13777=DIRECTION('',(-0.573576436351038,0.,-0.819152044288997));
#13778=DIRECTION('center_axis',(0.819152044289006,0.,0.573576436351026));
#13779=DIRECTION('ref_axis',(-0.573576436351026,0.,0.819152044289006));
#13780=DIRECTION('',(-0.573576436351026,0.,0.819152044289006));
#13781=DIRECTION('center_axis',(0.965925826289071,0.,-0.258819045102512));
#13782=DIRECTION('ref_axis',(0.258819045102512,0.,0.965925826289071));
#13783=DIRECTION('',(-0.258819045102512,0.,-0.965925826289071));
#13784=DIRECTION('center_axis',(1.,0.,0.));
#13785=DIRECTION('ref_axis',(0.,0.707106781186548,0.707106781186547));
#13786=DIRECTION('center_axis',(-1.,-7.105427357601E-16,0.));
#13787=DIRECTION('ref_axis',(0.,0.707106781186548,0.707106781186547));
#13788=DIRECTION('center_axis',(1.,3.5527136788005E-16,0.));
#13789=DIRECTION('ref_axis',(0.,0.707106781186548,0.707106781186547));
#13790=DIRECTION('',(-1.,0.,0.));
#13791=DIRECTION('center_axis',(1.,0.,0.));
#13792=DIRECTION('ref_axis',(0.,-0.707106781186549,-0.707106781186546));
#13793=DIRECTION('center_axis',(-1.,-7.105427357601E-16,0.));
#13794=DIRECTION('ref_axis',(0.,-0.707106781186549,-0.707106781186546));
#13795=DIRECTION('',(1.,0.,0.));
#13796=DIRECTION('center_axis',(1.,3.5527136788005E-16,0.));
#13797=DIRECTION('ref_axis',(0.,-0.707106781186549,-0.707106781186546));
#13798=DIRECTION('',(-1.,0.,0.));
#13799=DIRECTION('center_axis',(0.,1.,0.));
#13800=DIRECTION('ref_axis',(0.,0.,1.));
#13801=DIRECTION('',(0.,0.,1.));
#13802=DIRECTION('',(-1.,0.,0.));
#13803=DIRECTION('',(0.,0.,-1.));
#13804=DIRECTION('center_axis',(1.,0.,0.));
#13805=DIRECTION('ref_axis',(0.,-0.707106781186547,0.707106781186548));
#13806=DIRECTION('center_axis',(-1.,-7.105427357601E-16,0.));
#13807=DIRECTION('ref_axis',(0.,-0.707106781186547,0.707106781186548));
#13808=DIRECTION('',(1.,0.,0.));
#13809=DIRECTION('center_axis',(1.,3.5527136788005E-16,0.));
#13810=DIRECTION('ref_axis',(0.,-0.707106781186547,0.707106781186548));
#13811=DIRECTION('center_axis',(0.,0.,-1.));
#13812=DIRECTION('ref_axis',(0.,1.,0.));
#13813=DIRECTION('',(3.5527136788005E-16,-1.,0.));
#13814=DIRECTION('',(-7.105427357601E-16,1.,0.));
#13815=DIRECTION('center_axis',(1.,0.,0.));
#13816=DIRECTION('ref_axis',(0.,-0.731353701619288,0.681998360062372));
#13817=DIRECTION('center_axis',(-1.,0.,0.));
#13818=DIRECTION('ref_axis',(0.,-0.731353701619288,0.681998360062372));
#13819=DIRECTION('',(1.,0.,0.));
#13820=DIRECTION('center_axis',(1.,3.5527136788005E-16,0.));
#13821=DIRECTION('ref_axis',(0.,-0.731353701619288,0.681998360062372));
#13822=DIRECTION('center_axis',(0.,0.0697564737445375,-0.997564050259795));
#13823=DIRECTION('ref_axis',(0.,0.997564050259795,0.0697564737445375));
#13824=DIRECTION('',(0.,0.997564050259795,0.0697564737445375));
#13825=DIRECTION('',(-1.,0.,0.));
#13826=DIRECTION('',(3.5440594468376E-16,-0.997564050259795,-0.0697564737445375));
#13827=DIRECTION('center_axis',(-1.,0.,0.));
#13828=DIRECTION('ref_axis',(0.,-0.681998360062269,-0.731353701619385));
#13829=DIRECTION('center_axis',(-1.,0.,0.));
#13830=DIRECTION('ref_axis',(0.,-0.681998360062269,-0.731353701619385));
#13831=DIRECTION('center_axis',(1.,3.5527136788005E-16,0.));
#13832=DIRECTION('ref_axis',(0.,-0.681998360062269,-0.731353701619385));
#13833=DIRECTION('',(-1.,0.,0.));
#13834=DIRECTION('center_axis',(-1.,0.,0.));
#13835=DIRECTION('ref_axis',(0.,-0.681998360062479,-0.731353701619189));
#13836=DIRECTION('center_axis',(-1.,0.,0.));
#13837=DIRECTION('ref_axis',(0.,-0.681998360062479,-0.731353701619189));
#13838=DIRECTION('center_axis',(1.,3.5527136788005E-16,0.));
#13839=DIRECTION('ref_axis',(0.,-0.681998360062479,-0.731353701619189));
#13840=DIRECTION('',(-1.,0.,0.));
#13841=DIRECTION('center_axis',(1.,0.,0.));
#13842=DIRECTION('ref_axis',(0.,-0.731353701619132,0.681998360062539));
#13843=DIRECTION('center_axis',(-1.,0.,0.));
#13844=DIRECTION('ref_axis',(0.,-0.731353701619132,0.681998360062539));
#13845=DIRECTION('',(1.,0.,0.));
#13846=DIRECTION('center_axis',(1.,3.5527136788005E-16,0.));
#13847=DIRECTION('ref_axis',(0.,-0.731353701619132,0.681998360062539));
#13848=DIRECTION('center_axis',(0.,0.0697564737441014,-0.997564050259826));
#13849=DIRECTION('ref_axis',(0.,0.997564050259826,0.0697564737441014));
#13850=DIRECTION('',(0.,0.997564050259826,0.0697564737441014));
#13851=DIRECTION('',(-1.,0.,0.));
#13852=DIRECTION('',(3.54405944683771E-16,-0.997564050259826,-0.0697564737441014));
#13853=DIRECTION('center_axis',(-1.,0.,0.));
#13854=DIRECTION('ref_axis',(0.,-0.681998360062269,-0.731353701619385));
#13855=DIRECTION('center_axis',(1.,0.,0.));
#13856=DIRECTION('ref_axis',(0.,-0.681998360062269,-0.731353701619385));
#13857=DIRECTION('',(-1.,0.,0.));
#13858=DIRECTION('center_axis',(-1.,-7.105427357601E-16,0.));
#13859=DIRECTION('ref_axis',(0.,-0.681998360062269,-0.731353701619385));
#13860=DIRECTION('center_axis',(0.,-0.0697564737447509,0.997564050259781));
#13861=DIRECTION('ref_axis',(0.,-0.997564050259781,-0.0697564737447509));
#13862=DIRECTION('',(0.,0.997564050259781,0.0697564737447509));
#13863=DIRECTION('',(1.,0.,0.));
#13864=DIRECTION('',(7.08811889367511E-16,-0.997564050259781,-0.0697564737447509));
#13865=DIRECTION('center_axis',(1.,0.,0.));
#13866=DIRECTION('ref_axis',(0.,-0.731353701619288,0.681998360062372));
#13867=DIRECTION('center_axis',(1.,0.,0.));
#13868=DIRECTION('ref_axis',(0.,-0.731353701619288,0.681998360062372));
#13869=DIRECTION('center_axis',(-1.,-7.105427357601E-16,0.));
#13870=DIRECTION('ref_axis',(0.,-0.731353701619288,0.681998360062372));
#13871=DIRECTION('',(1.,0.,0.));
#13872=DIRECTION('center_axis',(-1.,0.,0.));
#13873=DIRECTION('ref_axis',(0.,-0.681998360062479,-0.731353701619189));
#13874=DIRECTION('center_axis',(1.,0.,0.));
#13875=DIRECTION('ref_axis',(0.,-0.681998360062479,-0.731353701619189));
#13876=DIRECTION('',(-1.,0.,0.));
#13877=DIRECTION('center_axis',(-1.,-7.105427357601E-16,0.));
#13878=DIRECTION('ref_axis',(0.,-0.681998360062479,-0.731353701619189));
#13879=DIRECTION('center_axis',(0.,-0.0697564737441084,0.997564050259825));
#13880=DIRECTION('ref_axis',(0.,-0.997564050259826,-0.0697564737441084));
#13881=DIRECTION('',(0.,0.997564050259826,0.0697564737441084));
#13882=DIRECTION('',(1.,0.,0.));
#13883=DIRECTION('',(7.08811889367542E-16,-0.997564050259826,-0.0697564737441084));
#13884=DIRECTION('center_axis',(1.,0.,0.));
#13885=DIRECTION('ref_axis',(0.,-0.731353701619132,0.681998360062539));
#13886=DIRECTION('center_axis',(1.,0.,0.));
#13887=DIRECTION('ref_axis',(0.,-0.731353701619132,0.681998360062539));
#13888=DIRECTION('center_axis',(-1.,-7.105427357601E-16,0.));
#13889=DIRECTION('ref_axis',(0.,-0.731353701619132,0.681998360062539));
#13890=DIRECTION('',(1.,0.,0.));
#13891=DIRECTION('center_axis',(1.,0.,0.));
#13892=DIRECTION('ref_axis',(0.,0.731353701619393,-0.68199836006226));
#13893=DIRECTION('center_axis',(-1.,0.,0.));
#13894=DIRECTION('ref_axis',(0.,0.731353701619393,-0.68199836006226));
#13895=DIRECTION('',(1.,0.,0.));
#13896=DIRECTION('center_axis',(1.,3.5527136788005E-16,0.));
#13897=DIRECTION('ref_axis',(0.,0.731353701619393,-0.68199836006226));
#13898=DIRECTION('center_axis',(0.,-0.0697564737447509,0.997564050259781));
#13899=DIRECTION('ref_axis',(0.,-0.997564050259781,-0.0697564737447509));
#13900=DIRECTION('',(-3.54405944683755E-16,0.997564050259781,0.0697564737447509));
#13901=DIRECTION('',(0.,-0.997564050259781,-0.0697564737447509));
#13902=DIRECTION('center_axis',(1.,0.,0.));
#13903=DIRECTION('ref_axis',(0.,0.681998360062351,0.731353701619308));
#13904=DIRECTION('center_axis',(-1.,0.,0.));
#13905=DIRECTION('ref_axis',(0.,0.681998360062351,0.731353701619308));
#13906=DIRECTION('center_axis',(1.,3.5527136788005E-16,0.));
#13907=DIRECTION('ref_axis',(0.,0.681998360062351,0.731353701619308));
#13908=DIRECTION('center_axis',(1.,0.,0.));
#13909=DIRECTION('ref_axis',(0.,0.731353701619393,-0.68199836006226));
#13910=DIRECTION('center_axis',(1.,0.,0.));
#13911=DIRECTION('ref_axis',(0.,0.731353701619393,-0.68199836006226));
#13912=DIRECTION('center_axis',(-1.,-7.105427357601E-16,0.));
#13913=DIRECTION('ref_axis',(0.,0.731353701619393,-0.68199836006226));
#13914=DIRECTION('center_axis',(1.,0.,0.));
#13915=DIRECTION('ref_axis',(0.,0.681998360062351,0.731353701619308));
#13916=DIRECTION('center_axis',(1.,0.,0.));
#13917=DIRECTION('ref_axis',(0.,0.681998360062351,0.731353701619308));
#13918=DIRECTION('',(-1.,0.,0.));
#13919=DIRECTION('center_axis',(-1.,-7.105427357601E-16,0.));
#13920=DIRECTION('ref_axis',(0.,0.681998360062351,0.731353701619308));
#13921=DIRECTION('center_axis',(0.,0.0697564737445375,-0.997564050259795));
#13922=DIRECTION('ref_axis',(0.,0.997564050259795,0.0697564737445375));
#13923=DIRECTION('',(-7.08811889367521E-16,0.997564050259795,0.0697564737445375));
#13924=DIRECTION('',(0.,-0.997564050259795,-0.0697564737445375));
#13925=DIRECTION('center_axis',(1.,0.,0.));
#13926=DIRECTION('ref_axis',(0.,0.73135370161917,-0.681998360062499));
#13927=DIRECTION('center_axis',(-1.,0.,0.));
#13928=DIRECTION('ref_axis',(0.,0.73135370161917,-0.681998360062499));
#13929=DIRECTION('',(1.,0.,0.));
#13930=DIRECTION('center_axis',(1.,3.5527136788005E-16,0.));
#13931=DIRECTION('ref_axis',(0.,0.73135370161917,-0.681998360062499));
#13932=DIRECTION('center_axis',(0.,-0.0697564737441084,0.997564050259825));
#13933=DIRECTION('ref_axis',(0.,-0.997564050259826,-0.0697564737441084));
#13934=DIRECTION('',(-3.54405944683771E-16,0.997564050259826,0.0697564737441084));
#13935=DIRECTION('',(0.,-0.997564050259826,-0.0697564737441084));
#13936=DIRECTION('center_axis',(1.,0.,0.));
#13937=DIRECTION('ref_axis',(0.,0.681998360062502,0.731353701619167));
#13938=DIRECTION('center_axis',(-1.,0.,0.));
#13939=DIRECTION('ref_axis',(0.,0.681998360062502,0.731353701619167));
#13940=DIRECTION('center_axis',(1.,3.5527136788005E-16,0.));
#13941=DIRECTION('ref_axis',(0.,0.681998360062502,0.731353701619167));
#13942=DIRECTION('center_axis',(1.,0.,0.));
#13943=DIRECTION('ref_axis',(0.,0.73135370161917,-0.681998360062499));
#13944=DIRECTION('center_axis',(1.,0.,0.));
#13945=DIRECTION('ref_axis',(0.,0.73135370161917,-0.681998360062499));
#13946=DIRECTION('center_axis',(-1.,-7.105427357601E-16,0.));
#13947=DIRECTION('ref_axis',(0.,0.73135370161917,-0.681998360062499));
#13948=DIRECTION('center_axis',(1.,0.,0.));
#13949=DIRECTION('ref_axis',(0.,0.681998360062502,0.731353701619167));
#13950=DIRECTION('center_axis',(1.,0.,0.));
#13951=DIRECTION('ref_axis',(0.,0.681998360062502,0.731353701619167));
#13952=DIRECTION('',(-1.,0.,0.));
#13953=DIRECTION('center_axis',(-1.,-7.105427357601E-16,0.));
#13954=DIRECTION('ref_axis',(0.,0.681998360062502,0.731353701619167));
#13955=DIRECTION('center_axis',(0.,0.0697564737441014,-0.997564050259826));
#13956=DIRECTION('ref_axis',(0.,0.997564050259826,0.0697564737441014));
#13957=DIRECTION('',(-7.08811889367543E-16,0.997564050259826,0.0697564737441014));
#13958=DIRECTION('',(0.,-0.997564050259826,-0.0697564737441014));
#13959=DIRECTION('center_axis',(0.,0.,-1.));
#13960=DIRECTION('ref_axis',(-1.,0.,0.));
#13961=DIRECTION('',(0.,0.,1.));
#13962=DIRECTION('center_axis',(0.,0.,1.));
#13963=DIRECTION('ref_axis',(-1.,0.,0.));
#13964=DIRECTION('',(0.,0.,-1.));
#13965=DIRECTION('center_axis',(0.,0.,-1.));
#13966=DIRECTION('ref_axis',(-1.,0.,0.));
#13967=DIRECTION('',(0.,0.,-1.));
#13968=DIRECTION('center_axis',(0.,0.,1.));
#13969=DIRECTION('ref_axis',(-1.,0.,0.));
#13970=DIRECTION('center_axis',(0.,0.,-1.));
#13971=DIRECTION('ref_axis',(1.,1.22464679914735E-16,0.));
#13972=DIRECTION('center_axis',(0.,0.,1.));
#13973=DIRECTION('ref_axis',(-1.,0.,0.));
#13974=DIRECTION('',(0.,0.,-1.));
#13975=DIRECTION('',(0.,0.,1.));
#13976=DIRECTION('center_axis',(0.,0.,-1.));
#13977=DIRECTION('ref_axis',(-1.,0.,0.));
#13978=DIRECTION('',(0.,0.,1.));
#13979=DIRECTION('center_axis',(0.,0.,1.));
#13980=DIRECTION('ref_axis',(-1.,0.,0.));
#13981=DIRECTION('',(0.,0.,-1.));
#13982=DIRECTION('center_axis',(0.,0.,-1.));
#13983=DIRECTION('ref_axis',(-1.,0.,0.));
#13984=DIRECTION('',(0.,0.,-1.));
#13985=DIRECTION('center_axis',(0.,0.,1.));
#13986=DIRECTION('ref_axis',(-1.,0.,0.));
#13987=DIRECTION('center_axis',(0.,0.,-1.));
#13988=DIRECTION('ref_axis',(1.,1.22464679914735E-16,0.));
#13989=DIRECTION('center_axis',(0.,0.,1.));
#13990=DIRECTION('ref_axis',(-1.,0.,0.));
#13991=DIRECTION('',(0.,0.,-1.));
#13992=DIRECTION('',(0.,0.,1.));
#13993=DIRECTION('center_axis',(1.,3.5527136788005E-16,0.));
#13994=DIRECTION('ref_axis',(-3.5527136788005E-16,1.,0.));
#13995=DIRECTION('',(0.,-1.,0.));
#13996=DIRECTION('',(0.,0.,-1.));
#13997=DIRECTION('center_axis',(1.,3.5527136788005E-16,0.));
#13998=DIRECTION('ref_axis',(-3.5527136788005E-16,1.,0.));
#13999=DIRECTION('',(0.,0.,-1.));
#14000=DIRECTION('',(-3.5527136788005E-16,1.,0.));
#14001=DIRECTION('',(0.,0.,1.));
#14002=DIRECTION('',(3.5527136788005E-16,-1.,0.));
#14003=DIRECTION('',(0.,0.,-1.));
#14004=DIRECTION('',(-3.5527136788005E-16,1.,1.26882631385732E-15));
#14005=DIRECTION('',(-3.5527136788005E-16,1.,5.92118946466749E-15));
#14006=DIRECTION('',(0.,0.,1.));
#14007=DIRECTION('',(3.5527136788005E-16,-1.,-4.44089209850064E-16));
#14008=DIRECTION('',(0.,0.,-1.));
#14009=DIRECTION('',(0.,-1.,0.));
#14010=DIRECTION('center_axis',(-1.,-7.105427357601E-16,0.));
#14011=DIRECTION('ref_axis',(7.105427357601E-16,-1.,0.));
#14012=DIRECTION('',(0.,1.,0.));
#14013=DIRECTION('',(0.,0.,-1.));
#14014=DIRECTION('',(-7.105427357601E-16,1.,4.44089209850064E-16));
#14015=DIRECTION('',(0.,0.,-1.));
#14016=DIRECTION('',(7.105427357601E-16,-1.,-5.92118946466749E-15));
#14017=DIRECTION('',(7.105427357601E-16,-1.,-1.26882631385732E-15));
#14018=DIRECTION('',(0.,0.,1.));
#14019=DIRECTION('',(-7.105427357601E-16,1.,0.));
#14020=DIRECTION('',(0.,0.,-1.));
#14021=DIRECTION('',(7.105427357601E-16,-1.,0.));
#14022=DIRECTION('',(0.,0.,1.));
#14023=DIRECTION('center_axis',(-1.,-7.105427357601E-16,0.));
#14024=DIRECTION('ref_axis',(7.105427357601E-16,-1.,0.));
#14025=DIRECTION('',(0.,1.,0.));
#14026=DIRECTION('center_axis',(0.,0.,-1.));
#14027=DIRECTION('ref_axis',(1.,0.,0.));
#14028=DIRECTION('',(0.,-1.,0.));
#14029=DIRECTION('',(-1.,0.,0.));
#14030=DIRECTION('',(0.,1.,0.));
#14031=DIRECTION('',(1.,0.,0.));
#14032=DIRECTION('center_axis',(0.,0.,1.));
#14033=DIRECTION('ref_axis',(1.,0.,0.));
#14034=DIRECTION('center_axis',(0.,0.,1.));
#14035=DIRECTION('ref_axis',(1.,0.,0.));
#14036=DIRECTION('center_axis',(0.,0.,1.));
#14037=DIRECTION('ref_axis',(1.,0.,0.));
#14038=DIRECTION('center_axis',(0.,0.,1.));
#14039=DIRECTION('ref_axis',(-1.,0.,0.));
#14040=DIRECTION('',(0.,-1.,0.));
#14041=DIRECTION('',(0.,-1.,0.));
#14042=DIRECTION('center_axis',(0.,-1.,0.));
#14043=DIRECTION('ref_axis',(0.572363520850189,0.,0.819999999999985));
#14044=DIRECTION('center_axis',(0.,-1.,0.));
#14045=DIRECTION('ref_axis',(-0.572363520850168,0.,-0.82));
#14046=DIRECTION('center_axis',(1.,0.,0.));
#14047=DIRECTION('ref_axis',(0.,1.,0.));
#14048=DIRECTION('',(0.,0.,-1.));
#14049=DIRECTION('',(0.,1.,0.));
#14050=DIRECTION('',(0.,0.,1.));
#14051=DIRECTION('',(0.,1.,4.44089209850064E-16));
#14052=DIRECTION('center_axis',(-1.,0.,0.));
#14053=DIRECTION('ref_axis',(0.,-1.,0.));
#14054=DIRECTION('',(0.,0.,1.));
#14055=DIRECTION('',(0.,-1.,-4.44089209850064E-16));
#14056=DIRECTION('',(0.,0.,-1.));
#14057=DIRECTION('',(0.,-1.,0.));
#14058=DIRECTION('center_axis',(-1.,0.,0.));
#14059=DIRECTION('ref_axis',(0.,-1.,0.));
#14060=DIRECTION('',(0.,1.,1.26882631385732E-15));
#14061=DIRECTION('',(0.,0.,1.));
#14062=DIRECTION('',(0.,-1.,0.));
#14063=DIRECTION('',(0.,0.,1.));
#14064=DIRECTION('center_axis',(-3.51753829584209E-15,1.,0.));
#14065=DIRECTION('ref_axis',(-1.,-3.51753829584209E-15,0.));
#14066=DIRECTION('',(-1.,-3.51753829584209E-15,-1.56210080241785E-30));
#14067=DIRECTION('',(-1.,-3.51753829584209E-15,0.));
#14068=DIRECTION('center_axis',(-3.51753829584209E-15,1.,0.));
#14069=DIRECTION('ref_axis',(-1.,-3.51753829584209E-15,0.));
#14070=DIRECTION('',(1.,3.51753829584209E-15,4.46314514976528E-30));
#14071=DIRECTION('',(-1.,-3.51753829584209E-15,0.));
#14072=DIRECTION('',(0.,0.,1.));
#14073=DIRECTION('center_axis',(1.,0.,0.));
#14074=DIRECTION('ref_axis',(0.,1.,0.));
#14075=DIRECTION('',(0.,-1.,-1.26882631385732E-15));
#14076=DIRECTION('',(0.,1.,0.));
#14077=DIRECTION('',(0.,0.,1.));
#14078=DIRECTION('center_axis',(0.,-1.,0.));
#14079=DIRECTION('ref_axis',(1.,0.,0.));
#14080=DIRECTION('',(-1.,0.,0.));
#14081=DIRECTION('',(1.,0.,0.));
#14082=DIRECTION('center_axis',(0.,0.,1.));
#14083=DIRECTION('ref_axis',(1.,0.,0.));
#14084=DIRECTION('',(1.,0.,0.));
#14085=DIRECTION('center_axis',(0.,4.44089209850064E-16,-1.));
#14086=DIRECTION('ref_axis',(0.,1.,4.44089209850064E-16));
#14087=DIRECTION('',(1.,0.,0.));
#14088=DIRECTION('',(1.,0.,0.));
#14089=DIRECTION('center_axis',(-1.,0.,0.));
#14090=DIRECTION('ref_axis',(0.,1.,0.));
#14091=DIRECTION('center_axis',(-1.,0.,0.));
#14092=DIRECTION('ref_axis',(0.,1.,0.));
#14093=DIRECTION('center_axis',(1.,0.,0.));
#14094=DIRECTION('ref_axis',(0.,-1.,0.));
#14095=DIRECTION('center_axis',(1.,0.,0.));
#14096=DIRECTION('ref_axis',(0.,-1.,0.));
#14097=DIRECTION('center_axis',(0.,-1.,0.));
#14098=DIRECTION('ref_axis',(0.,0.,-1.));
#14099=DIRECTION('',(1.,0.,0.));
#14100=DIRECTION('center_axis',(0.,-5.92118946466749E-15,1.));
#14101=DIRECTION('ref_axis',(0.,-1.,-5.92118946466749E-15));
#14102=DIRECTION('center_axis',(0.,-1.26882631385732E-15,1.));
#14103=DIRECTION('ref_axis',(0.,-1.,-1.26882631385732E-15));
#14104=DIRECTION('',(1.,0.,0.));
#14105=DIRECTION('center_axis',(0.,1.,0.));
#14106=DIRECTION('ref_axis',(0.,0.,1.));
#14107=DIRECTION('',(1.,0.,0.));
#14108=DIRECTION('center_axis',(0.,0.,-1.));
#14109=DIRECTION('ref_axis',(0.,1.,0.));
#14110=DIRECTION('',(1.,0.,0.));
#14111=DIRECTION('center_axis',(0.,-1.,0.));
#14112=DIRECTION('ref_axis',(0.,0.,-1.));
#14113=DIRECTION('',(1.,0.,0.));
#14114=DIRECTION('center_axis',(0.,0.,1.));
#14115=DIRECTION('ref_axis',(0.,-1.,0.));
#14116=DIRECTION('',(1.,0.,0.));
#14117=DIRECTION('center_axis',(0.,1.,0.));
#14118=DIRECTION('ref_axis',(0.,0.,1.));
#14119=DIRECTION('center_axis',(-0.707106781186549,0.,0.707106781186546));
#14120=DIRECTION('ref_axis',(0.707106781186546,0.,0.707106781186549));
#14121=DIRECTION('',(-0.577350269189628,-0.577350269189619,-0.57735026918963));
#14122=DIRECTION('',(0.,-1.,0.));
#14123=DIRECTION('',(0.707106781186546,0.,0.707106781186549));
#14124=DIRECTION('center_axis',(0.,0.,-1.));
#14125=DIRECTION('ref_axis',(1.,0.,0.));
#14126=DIRECTION('',(0.707106781186553,0.707106781186542,0.));
#14127=DIRECTION('',(0.,1.,0.));
#14128=DIRECTION('',(-0.707106781186554,0.707106781186541,0.));
#14129=DIRECTION('',(0.,1.,0.));
#14130=DIRECTION('',(0.707106781186554,0.707106781186541,0.));
#14131=DIRECTION('',(0.,1.,0.));
#14132=DIRECTION('center_axis',(0.,0.,-1.));
#14133=DIRECTION('ref_axis',(0.0714285714285699,-0.997445717412067,0.));
#14134=DIRECTION('',(0.,1.,0.));
#14135=DIRECTION('',(-0.707106781186559,0.707106781186536,0.));
#14136=DIRECTION('',(-1.,0.,0.));
#14137=DIRECTION('',(-0.707106781186553,-0.707106781186542,0.));
#14138=DIRECTION('',(0.,-1.,0.));
#14139=DIRECTION('center_axis',(0.,0.,-1.));
#14140=DIRECTION('ref_axis',(-0.0714285714285699,0.997445717412067,0.));
#14141=DIRECTION('',(0.,-1.,0.));
#14142=DIRECTION('',(0.707106781186541,-0.707106781186554,0.));
#14143=DIRECTION('',(0.,-1.,0.));
#14144=DIRECTION('',(-0.707106781186547,-0.707106781186547,0.));
#14145=DIRECTION('',(0.,-1.,0.));
#14146=DIRECTION('',(0.707106781186564,-0.707106781186531,0.));
#14147=DIRECTION('',(0.,1.,0.));
#14148=DIRECTION('',(-1.,0.,0.));
#14149=DIRECTION('center_axis',(0.,0.,1.));
#14150=DIRECTION('ref_axis',(1.,0.,0.));
#14151=DIRECTION('center_axis',(0.,0.,1.));
#14152=DIRECTION('ref_axis',(1.,0.,0.));
#14153=DIRECTION('center_axis',(0.,0.,1.));
#14154=DIRECTION('ref_axis',(1.,0.,0.));
#14155=DIRECTION('center_axis',(0.707106781186549,0.,0.707106781186546));
#14156=DIRECTION('ref_axis',(0.707106781186546,0.,-0.707106781186549));
#14157=DIRECTION('',(-0.577350269189634,0.577350269189607,0.577350269189637));
#14158=DIRECTION('',(0.707106781186546,0.,-0.707106781186549));
#14159=DIRECTION('center_axis',(0.,0.,-1.));
#14160=DIRECTION('ref_axis',(1.,0.,0.));
#14161=DIRECTION('',(0.,0.,1.));
#14162=DIRECTION('center_axis',(0.,0.,-1.));
#14163=DIRECTION('ref_axis',(1.,0.,0.));
#14164=DIRECTION('',(0.,0.,1.));
#14165=DIRECTION('center_axis',(0.,0.,-1.));
#14166=DIRECTION('ref_axis',(1.,0.,0.));
#14167=DIRECTION('',(0.,0.,1.));
#14168=DIRECTION('center_axis',(0.,-1.,0.));
#14169=DIRECTION('ref_axis',(1.,0.,0.));
#14170=DIRECTION('center_axis',(-1.,-7.105427357601E-16,0.));
#14171=DIRECTION('ref_axis',(7.105427357601E-16,-1.,0.));
#14172=DIRECTION('',(0.,0.,-1.));
#14173=DIRECTION('center_axis',(-1.77635683940025E-15,1.,0.));
#14174=DIRECTION('ref_axis',(-1.,-1.77635683940025E-15,0.));
#14175=DIRECTION('center_axis',(1.,3.5527136788005E-16,0.));
#14176=DIRECTION('ref_axis',(-3.5527136788005E-16,1.,0.));
#14177=DIRECTION('center_axis',(-0.707106781186542,0.707106781186553,0.));
#14178=DIRECTION('ref_axis',(-0.707106781186553,-0.707106781186542,0.));
#14179=DIRECTION('',(0.,0.,-1.));
#14180=DIRECTION('center_axis',(-1.,0.,0.));
#14181=DIRECTION('ref_axis',(0.,-1.,0.));
#14182=DIRECTION('',(0.,0.,-1.));
#14183=DIRECTION('center_axis',(-0.707106781186541,-0.707106781186554,0.));
#14184=DIRECTION('ref_axis',(0.707106781186554,-0.707106781186541,0.));
#14185=DIRECTION('',(0.,0.,-1.));
#14186=DIRECTION('center_axis',(-1.,0.,0.));
#14187=DIRECTION('ref_axis',(0.,-1.,0.));
#14188=DIRECTION('',(0.,0.,-1.));
#14189=DIRECTION('center_axis',(-0.707106781186541,0.707106781186554,0.));
#14190=DIRECTION('ref_axis',(-0.707106781186554,-0.707106781186541,0.));
#14191=DIRECTION('',(0.,0.,-1.));
#14192=DIRECTION('center_axis',(-1.,0.,0.));
#14193=DIRECTION('ref_axis',(0.,-1.,0.));
#14194=DIRECTION('',(0.,0.,1.));
#14195=DIRECTION('center_axis',(0.,0.,1.));
#14196=DIRECTION('ref_axis',(-1.,-3.71726459137887E-17,0.));
#14197=DIRECTION('',(0.,0.,-1.));
#14198=DIRECTION('center_axis',(-1.,0.,0.));
#14199=DIRECTION('ref_axis',(0.,-1.,0.));
#14200=DIRECTION('',(0.,0.,-1.));
#14201=DIRECTION('center_axis',(-0.707106781186536,-0.707106781186559,0.));
#14202=DIRECTION('ref_axis',(0.707106781186559,-0.707106781186536,0.));
#14203=DIRECTION('',(0.,0.,-1.));
#14204=DIRECTION('center_axis',(0.,-1.,0.));
#14205=DIRECTION('ref_axis',(1.,0.,0.));
#14206=DIRECTION('',(0.,0.,-1.));
#14207=DIRECTION('center_axis',(0.707106781186542,-0.707106781186553,0.));
#14208=DIRECTION('ref_axis',(0.707106781186553,0.707106781186542,0.));
#14209=DIRECTION('',(0.,0.,-1.));
#14210=DIRECTION('center_axis',(1.,0.,0.));
#14211=DIRECTION('ref_axis',(0.,1.,0.));
#14212=DIRECTION('',(0.,0.,-1.));
#14213=DIRECTION('center_axis',(0.,0.,1.));
#14214=DIRECTION('ref_axis',(1.,3.71726459137887E-17,0.));
#14215=DIRECTION('',(0.,0.,-1.));
#14216=DIRECTION('center_axis',(1.,0.,0.));
#14217=DIRECTION('ref_axis',(0.,1.,0.));
#14218=DIRECTION('',(0.,0.,-1.));
#14219=DIRECTION('center_axis',(0.707106781186554,0.707106781186541,0.));
#14220=DIRECTION('ref_axis',(-0.707106781186541,0.707106781186554,0.));
#14221=DIRECTION('',(0.,0.,-1.));
#14222=DIRECTION('center_axis',(1.,0.,0.));
#14223=DIRECTION('ref_axis',(0.,1.,0.));
#14224=DIRECTION('',(0.,0.,-1.));
#14225=DIRECTION('center_axis',(0.707106781186548,-0.707106781186548,0.));
#14226=DIRECTION('ref_axis',(0.707106781186548,0.707106781186548,0.));
#14227=DIRECTION('',(0.,0.,-1.));
#14228=DIRECTION('center_axis',(1.,0.,0.));
#14229=DIRECTION('ref_axis',(0.,1.,0.));
#14230=DIRECTION('',(0.,0.,-1.));
#14231=DIRECTION('center_axis',(0.707106781186531,0.707106781186564,0.));
#14232=DIRECTION('ref_axis',(-0.707106781186564,0.707106781186531,0.));
#14233=DIRECTION('center_axis',(1.,0.,0.));
#14234=DIRECTION('ref_axis',(0.,0.,-1.));
#14235=DIRECTION('',(0.,2.0243382785188E-15,1.));
#14236=DIRECTION('',(0.,1.,0.));
#14237=DIRECTION('',(0.,0.,1.));
#14238=DIRECTION('',(0.,1.,0.));
#14239=DIRECTION('center_axis',(0.,0.,-1.));
#14240=DIRECTION('ref_axis',(-1.,0.,0.));
#14241=DIRECTION('',(1.,0.,0.));
#14242=DIRECTION('',(0.,1.,0.));
#14243=DIRECTION('',(1.,0.,0.));
#14244=DIRECTION('center_axis',(-1.,0.,0.));
#14245=DIRECTION('ref_axis',(0.,0.,1.));
#14246=DIRECTION('',(0.,-2.0243382785188E-15,-1.));
#14247=DIRECTION('',(0.,1.,0.));
#14248=DIRECTION('',(0.,0.,-1.));
#14249=DIRECTION('center_axis',(0.,0.,-1.));
#14250=DIRECTION('ref_axis',(-1.,0.,0.));
#14251=DIRECTION('',(1.,0.,0.));
#14252=DIRECTION('',(0.,1.,0.));
#14253=DIRECTION('',(1.,0.,0.));
#14254=DIRECTION('center_axis',(1.,0.,0.));
#14255=DIRECTION('ref_axis',(0.,0.,-1.));
#14256=DIRECTION('',(0.,2.0243382785188E-15,1.));
#14257=DIRECTION('',(0.,1.,0.));
#14258=DIRECTION('',(0.,0.,-1.));
#14259=DIRECTION('center_axis',(0.,0.,-1.));
#14260=DIRECTION('ref_axis',(-1.,-1.76830431023987E-46,0.));
#14261=DIRECTION('',(1.,0.,0.));
#14262=DIRECTION('',(0.,1.,0.));
#14263=DIRECTION('',(-1.,-1.76830431023987E-46,0.));
#14264=DIRECTION('center_axis',(-1.,0.,0.));
#14265=DIRECTION('ref_axis',(0.,0.,1.));
#14266=DIRECTION('',(0.,-2.0243382785188E-15,-1.));
#14267=DIRECTION('',(0.,1.,0.));
#14268=DIRECTION('',(0.,0.,1.));
#14269=DIRECTION('center_axis',(0.,0.,-1.));
#14270=DIRECTION('ref_axis',(-1.,0.,0.));
#14271=DIRECTION('',(1.,0.,0.));
#14272=DIRECTION('',(0.,1.,0.));
#14273=DIRECTION('',(1.,0.,0.));
#14274=DIRECTION('center_axis',(1.,0.,0.));
#14275=DIRECTION('ref_axis',(0.,0.,-1.));
#14276=DIRECTION('',(0.,2.0243382785188E-15,1.));
#14277=DIRECTION('',(0.,1.,0.));
#14278=DIRECTION('',(0.,0.,1.));
#14279=DIRECTION('center_axis',(0.,0.,-1.));
#14280=DIRECTION('ref_axis',(-1.,0.,0.));
#14281=DIRECTION('',(1.,0.,0.));
#14282=DIRECTION('',(0.,1.,0.));
#14283=DIRECTION('',(1.,0.,0.));
#14284=DIRECTION('center_axis',(-1.,0.,0.));
#14285=DIRECTION('ref_axis',(0.,0.,1.));
#14286=DIRECTION('',(0.,-2.0243382785188E-15,-1.));
#14287=DIRECTION('',(0.,1.,0.));
#14288=DIRECTION('',(0.,0.,-1.));
#14289=DIRECTION('center_axis',(0.,1.,0.));
#14290=DIRECTION('ref_axis',(0.594158735987417,0.,-0.804347808133916));
#14291=DIRECTION('center_axis',(0.,-1.,2.0243382785188E-15));
#14292=DIRECTION('ref_axis',(0.594158735987417,0.,-0.804347808133916));
#14293=DIRECTION('',(0.,1.,0.));
#14294=DIRECTION('center_axis',(7.10335194693639E-32,-1.,-9.61622748746905E-32));
#14295=DIRECTION('ref_axis',(0.594158735987417,1.19553101161283E-31,-0.804347808133916));
#14296=DIRECTION('center_axis',(0.,0.,1.));
#14297=DIRECTION('ref_axis',(1.,-8.72515455701714E-34,0.));
#14298=DIRECTION('',(-1.,0.,0.));
#14299=DIRECTION('',(0.,1.,0.));
#14300=DIRECTION('',(-1.,8.72515455701714E-34,0.));
#14301=DIRECTION('center_axis',(0.,1.,0.));
#14302=DIRECTION('ref_axis',(-0.594158711683444,0.,0.804347826086868));
#14303=DIRECTION('center_axis',(0.,-1.,2.0243382785188E-15));
#14304=DIRECTION('ref_axis',(-0.594158711683444,0.,0.804347826086868));
#14305=DIRECTION('center_axis',(-7.89118256329391E-32,-1.,1.06827610455399E-31));
#14306=DIRECTION('ref_axis',(-0.594158711683444,1.32812704890511E-31,0.804347826086868));
#14307=DIRECTION('center_axis',(7.1033519469364E-32,-1.,-9.61622748746905E-32));
#14308=DIRECTION('ref_axis',(1.,7.1033519469364E-32,0.));
#14309=DIRECTION('center_axis',(0.,1.,-2.0243382785188E-15));
#14310=DIRECTION('ref_axis',(0.,2.0243382785188E-15,1.));
#14311=DIRECTION('center_axis',(0.408248290463863,-0.816496580927726,0.408248290463863));
#14312=DIRECTION('ref_axis',(-0.577350269189626,-0.577350269189626,-0.577350269189626));
#14313=DIRECTION('center_axis',(0.,-1.,0.));
#14314=DIRECTION('ref_axis',(0.,0.,-1.));
#14315=DIRECTION('center_axis',(-1.,0.,0.));
#14316=DIRECTION('ref_axis',(0.,-1.,0.));
#14317=DIRECTION('center_axis',(0.,0.,-1.));
#14318=DIRECTION('ref_axis',(-1.,0.,0.));
#14319=DIRECTION('center_axis',(-0.408248290463863,-0.816496580927726,0.408248290463863));
#14320=DIRECTION('ref_axis',(0.577350269189626,-0.577350269189626,-0.577350269189626));
#14321=DIRECTION('center_axis',(1.,0.,0.));
#14322=DIRECTION('ref_axis',(0.,0.,-1.));
#14323=DIRECTION('center_axis',(0.,-1.,0.));
#14324=DIRECTION('ref_axis',(1.,0.,0.));
#14325=DIRECTION('center_axis',(0.,0.,-1.));
#14326=DIRECTION('ref_axis',(0.,-1.,0.));
#14327=DIRECTION('center_axis',(-0.408248290463862,-0.816496580927723,-0.40824829046387));
#14328=DIRECTION('ref_axis',(-0.577350269189623,0.577350269189623,-0.577350269189632));
#14329=DIRECTION('center_axis',(0.,0.,-1.));
#14330=DIRECTION('ref_axis',(0.,1.,0.));
#14331=DIRECTION('center_axis',(-1.,0.,0.));
#14332=DIRECTION('ref_axis',(0.,0.,-1.));
#14333=DIRECTION('center_axis',(0.,1.,0.));
#14334=DIRECTION('ref_axis',(-1.,0.,0.));
#14335=DIRECTION('center_axis',(0.408248290463863,-0.816496580927726,-0.408248290463863));
#14336=DIRECTION('ref_axis',(-0.577350269189626,-0.577350269189626,0.577350269189626));
#14337=DIRECTION('center_axis',(0.,-1.,0.));
#14338=DIRECTION('ref_axis',(-1.,0.,0.));
#14339=DIRECTION('center_axis',(0.,0.,1.));
#14340=DIRECTION('ref_axis',(0.,-1.,0.));
#14341=DIRECTION('center_axis',(-1.,0.,0.));
#14342=DIRECTION('ref_axis',(0.,0.,1.));
#14343=DIRECTION('center_axis',(0.,0.,1.));
#14344=DIRECTION('ref_axis',(-0.707106781186548,-0.707106781186548,0.));
#14345=DIRECTION('',(0.,0.,-1.));
#14346=DIRECTION('',(0.,0.,1.));
#14347=DIRECTION('center_axis',(0.408248290463863,-0.816496580927726,-0.408248290463863));
#14348=DIRECTION('ref_axis',(0.577350269189626,0.577350269189626,-0.577350269189626));
#14349=DIRECTION('center_axis',(0.,1.,0.));
#14350=DIRECTION('ref_axis',(0.,0.,-1.));
#14351=DIRECTION('center_axis',(1.,0.,0.));
#14352=DIRECTION('ref_axis',(0.,1.,0.));
#14353=DIRECTION('center_axis',(0.,0.,-1.));
#14354=DIRECTION('ref_axis',(1.,0.,0.));
#14355=DIRECTION('center_axis',(-1.,0.,0.));
#14356=DIRECTION('ref_axis',(0.,0.70710678118654,-0.707106781186555));
#14357=DIRECTION('',(1.,0.,0.));
#14358=DIRECTION('',(-1.,0.,0.));
#14359=DIRECTION('center_axis',(-0.408248290463863,-0.816496580927726,-0.408248290463863));
#14360=DIRECTION('ref_axis',(0.577350269189626,-0.577350269189626,0.577350269189626));
#14361=DIRECTION('center_axis',(1.,0.,0.));
#14362=DIRECTION('ref_axis',(0.,-1.,0.));
#14363=DIRECTION('center_axis',(0.,0.,1.));
#14364=DIRECTION('ref_axis',(1.,0.,0.));
#14365=DIRECTION('center_axis',(0.,-1.,0.));
#14366=DIRECTION('ref_axis',(0.,0.,1.));
#14367=DIRECTION('center_axis',(0.,0.,1.));
#14368=DIRECTION('ref_axis',(0.707106781186548,-0.707106781186548,0.));
#14369=DIRECTION('',(0.,0.,-1.));
#14370=DIRECTION('',(0.,0.,1.));
#14371=DIRECTION('center_axis',(-0.408248290463863,-0.816496580927726,0.408248290463863));
#14372=DIRECTION('ref_axis',(-0.577350269189626,0.577350269189626,0.577350269189626));
#14373=DIRECTION('center_axis',(-1.,0.,0.));
#14374=DIRECTION('ref_axis',(0.,1.,0.));
#14375=DIRECTION('center_axis',(0.,0.,1.));
#14376=DIRECTION('ref_axis',(-1.,0.,0.));
#14377=DIRECTION('center_axis',(0.,1.,0.));
#14378=DIRECTION('ref_axis',(0.,0.,1.));
#14379=DIRECTION('center_axis',(0.,0.,1.));
#14380=DIRECTION('ref_axis',(-0.707106781186548,0.707106781186548,0.));
#14381=DIRECTION('',(0.,0.,-1.));
#14382=DIRECTION('',(0.,0.,1.));
#14383=DIRECTION('center_axis',(-3.5527136788005E-15,-1.,0.));
#14384=DIRECTION('ref_axis',(-0.70710678118654,0.,0.707106781186555));
#14385=DIRECTION('',(3.5527136788005E-15,1.,0.));
#14386=DIRECTION('',(-3.5527136788005E-15,-1.,0.));
#14387=DIRECTION('center_axis',(0.408248290463863,-0.816496580927726,0.408248290463863));
#14388=DIRECTION('ref_axis',(0.577350269189626,0.577350269189626,0.577350269189626));
#14389=DIRECTION('center_axis',(0.,1.,0.));
#14390=DIRECTION('ref_axis',(1.,0.,0.));
#14391=DIRECTION('center_axis',(0.,0.,1.));
#14392=DIRECTION('ref_axis',(0.,1.,0.));
#14393=DIRECTION('center_axis',(1.,0.,0.));
#14394=DIRECTION('ref_axis',(0.,0.,1.));
#14395=DIRECTION('center_axis',(0.,0.,1.));
#14396=DIRECTION('ref_axis',(0.707106781186548,0.707106781186548,0.));
#14397=DIRECTION('',(0.,0.,-1.));
#14398=DIRECTION('',(0.,0.,1.));
#14399=DIRECTION('center_axis',(-1.,0.,0.));
#14400=DIRECTION('ref_axis',(0.,0.70710678118654,0.707106781186555));
#14401=DIRECTION('',(1.,0.,0.));
#14402=DIRECTION('',(-1.,0.,0.));
#14403=DIRECTION('center_axis',(0.,1.,0.));
#14404=DIRECTION('ref_axis',(0.70710678118654,0.,0.707106781186555));
#14405=DIRECTION('',(0.,-1.,0.));
#14406=DIRECTION('',(0.,1.,0.));
#14407=DIRECTION('center_axis',(1.,0.,0.));
#14408=DIRECTION('ref_axis',(0.,-0.70710678118654,0.707106781186555));
#14409=DIRECTION('',(-1.,0.,0.));
#14410=DIRECTION('',(1.,0.,0.));
#14411=DIRECTION('center_axis',(0.,1.,0.));
#14412=DIRECTION('ref_axis',(0.70710678118654,0.,-0.707106781186555));
#14413=DIRECTION('',(0.,-1.,0.));
#14414=DIRECTION('',(0.,1.,0.));
#14415=DIRECTION('center_axis',(-3.5527136788005E-15,-1.,0.));
#14416=DIRECTION('ref_axis',(-0.70710678118654,0.,-0.707106781186555));
#14417=DIRECTION('',(3.5527136788005E-15,1.,0.));
#14418=DIRECTION('',(-3.5527136788005E-15,-1.,0.));
#14419=DIRECTION('center_axis',(1.,0.,0.));
#14420=DIRECTION('ref_axis',(0.,-0.70710678118654,-0.707106781186555));
#14421=DIRECTION('',(-1.,0.,0.));
#14422=DIRECTION('',(1.,0.,0.));
#14423=DIRECTION('center_axis',(0.,1.,0.));
#14424=DIRECTION('ref_axis',(-1.,0.,0.));
#14425=DIRECTION('center_axis',(0.,0.,-1.));
#14426=DIRECTION('ref_axis',(1.,0.,0.));
#14427=DIRECTION('center_axis',(0.,-1.,0.));
#14428=DIRECTION('ref_axis',(1.,0.,0.));
#14429=DIRECTION('center_axis',(-1.,3.5527136788005E-15,0.));
#14430=DIRECTION('ref_axis',(-3.5527136788005E-15,-1.,0.));
#14431=DIRECTION('center_axis',(0.,0.,1.));
#14432=DIRECTION('ref_axis',(1.,0.,0.));
#14433=DIRECTION('center_axis',(1.,0.,0.));
#14434=DIRECTION('ref_axis',(0.,1.,0.));
#14435=DIRECTION('',(0.,0.,1.));
#14436=DIRECTION('',(1.110223024625E-16,-1.,0.));
#14437=DIRECTION('',(0.,0.,1.));
#14438=DIRECTION('',(-1.,1.224646799147E-16,0.));
#14439=DIRECTION('',(0.,0.,1.));
#14440=DIRECTION('',(1.,0.,0.));
#14441=DIRECTION('',(0.,0.,1.));
#14442=DIRECTION('',(1.,0.,0.));
#14443=DIRECTION('',(0.,-1.224646799147E-16,-1.));
#14444=DIRECTION('',(1.,0.,0.));
#14445=DIRECTION('',(0.,0.,1.));
#14446=DIRECTION('',(1.,0.,0.));
#14447=DIRECTION('',(0.,0.,1.));
#14448=DIRECTION('',(1.110223024625E-16,-1.,0.));
#14449=CARTESIAN_POINT('',(0.,0.,0.));
#14450=CARTESIAN_POINT('',(0.,0.,0.));
#14451=CARTESIAN_POINT('',(0.,0.,0.));
#14452=CARTESIAN_POINT('Origin',(-3.,1.775,0.06));
#14453=CARTESIAN_POINT('',(-3.,1.775,0.06));
#14454=CARTESIAN_POINT('',(-3.,-0.975,0.06));
#14455=CARTESIAN_POINT('',(-3.,1.775,0.06));
#14456=CARTESIAN_POINT('',(-3.,-0.975,0.61));
#14457=CARTESIAN_POINT('',(-3.,-0.975,0.61));
#14458=CARTESIAN_POINT('',(-3.,-1.975,0.61));
#14459=CARTESIAN_POINT('',(-3.,-1.975,0.61));
#14460=CARTESIAN_POINT('',(-3.,-1.975,1.26));
#14461=CARTESIAN_POINT('',(-3.,-1.975,1.26));
#14462=CARTESIAN_POINT('',(-3.,-2.475,1.26));
#14463=CARTESIAN_POINT('',(-3.,-2.475,1.26));
#14464=CARTESIAN_POINT('',(-3.,-2.475,2.96));
#14465=CARTESIAN_POINT('',(-3.,-2.475,0.06));
#14466=CARTESIAN_POINT('',(-3.,0.286,2.96));
#14467=CARTESIAN_POINT('',(-3.,1.775,2.96));
#14468=CARTESIAN_POINT('',(-3.,0.575,2.46));
#14469=CARTESIAN_POINT('',(-3.,0.575,2.46));
#14470=CARTESIAN_POINT('',(-3.,1.225,2.46));
#14471=CARTESIAN_POINT('',(-3.,1.225,2.46));
#14472=CARTESIAN_POINT('',(-3.,1.225,1.46));
#14473=CARTESIAN_POINT('',(-3.,1.225,1.46));
#14474=CARTESIAN_POINT('',(-3.,1.775,1.46));
#14475=CARTESIAN_POINT('',(-3.,1.775,1.46));
#14476=CARTESIAN_POINT('',(-3.,1.775,0.06));
#14477=CARTESIAN_POINT('Origin',(-3.,1.775,0.06));
#14478=CARTESIAN_POINT('',(3.,1.775,0.06));
#14479=CARTESIAN_POINT('',(3.,-0.975,0.06));
#14480=CARTESIAN_POINT('',(3.,1.775,0.06));
#14481=CARTESIAN_POINT('',(2.7,-0.975,0.06));
#14482=CARTESIAN_POINT('',(2.5,-0.975,0.06));
#14483=CARTESIAN_POINT('',(2.5,-0.975,0.06));
#14484=CARTESIAN_POINT('',(2.5,-0.975,0.06));
#14485=CARTESIAN_POINT('',(2.5,-2.475,0.06));
#14486=CARTESIAN_POINT('',(2.5,-0.975,0.06));
#14487=CARTESIAN_POINT('',(-2.5,-2.475,0.06));
#14488=CARTESIAN_POINT('',(-3.,-2.475,0.06));
#14489=CARTESIAN_POINT('',(-2.5,-0.975,0.06));
#14490=CARTESIAN_POINT('',(-2.5,-0.975,0.06));
#14491=CARTESIAN_POINT('',(-2.7,-0.975,0.06));
#14492=CARTESIAN_POINT('',(-3.,-0.975,0.06));
#14493=CARTESIAN_POINT('',(-3.,-0.975,0.06));
#14494=CARTESIAN_POINT('',(-1.6,1.775,0.06));
#14495=CARTESIAN_POINT('',(-3.,1.775,0.06));
#14496=CARTESIAN_POINT('',(-1.6,1.675,0.06));
#14497=CARTESIAN_POINT('',(-1.6,1.675,0.06));
#14498=CARTESIAN_POINT('',(-1.4,1.675,0.06));
#14499=CARTESIAN_POINT('',(-1.6,1.675,0.06));
#14500=CARTESIAN_POINT('',(-1.4,1.775,0.06));
#14501=CARTESIAN_POINT('',(-1.4,1.675,0.06));
#14502=CARTESIAN_POINT('',(-0.6,1.775,0.06));
#14503=CARTESIAN_POINT('',(-3.,1.775,0.06));
#14504=CARTESIAN_POINT('',(-0.6,1.675,0.06));
#14505=CARTESIAN_POINT('',(-0.6,1.675,0.06));
#14506=CARTESIAN_POINT('',(-0.4,1.675,0.06));
#14507=CARTESIAN_POINT('',(-0.6,1.675,0.06));
#14508=CARTESIAN_POINT('',(-0.4,1.775,0.06));
#14509=CARTESIAN_POINT('',(-0.4,1.675,0.06));
#14510=CARTESIAN_POINT('',(0.4,1.775,0.06));
#14511=CARTESIAN_POINT('',(-3.,1.775,0.06));
#14512=CARTESIAN_POINT('',(0.4,1.675,0.06));
#14513=CARTESIAN_POINT('',(0.4,1.675,0.06));
#14514=CARTESIAN_POINT('',(0.6,1.675,0.06));
#14515=CARTESIAN_POINT('',(0.4,1.675,0.06));
#14516=CARTESIAN_POINT('',(0.6,1.775,0.06));
#14517=CARTESIAN_POINT('',(0.6,1.675,0.06));
#14518=CARTESIAN_POINT('',(1.4,1.775,0.06));
#14519=CARTESIAN_POINT('',(-3.,1.775,0.06));
#14520=CARTESIAN_POINT('',(1.4,1.675,0.06));
#14521=CARTESIAN_POINT('',(1.4,1.675,0.06));
#14522=CARTESIAN_POINT('',(1.6,1.675,0.06));
#14523=CARTESIAN_POINT('',(1.4,1.675,0.06));
#14524=CARTESIAN_POINT('',(1.6,1.775,0.06));
#14525=CARTESIAN_POINT('',(1.6,1.675,0.06));
#14526=CARTESIAN_POINT('',(-3.,1.775,0.06));
#14527=CARTESIAN_POINT('Origin',(-3.,-0.975,0.61));
#14528=CARTESIAN_POINT('',(-2.7,-0.975,0.61));
#14529=CARTESIAN_POINT('',(-2.7,-0.975,0.61));
#14530=CARTESIAN_POINT('',(-3.,-0.975,0.61));
#14531=CARTESIAN_POINT('Origin',(-3.,-1.975,0.61));
#14532=CARTESIAN_POINT('',(-2.7,-1.975,0.61));
#14533=CARTESIAN_POINT('',(-2.7,-1.975,0.61));
#14534=CARTESIAN_POINT('',(-3.,-1.975,0.61));
#14535=CARTESIAN_POINT('Origin',(-3.,-1.975,1.26));
#14536=CARTESIAN_POINT('',(-2.7,-1.975,1.26));
#14537=CARTESIAN_POINT('',(-2.7,-1.975,1.26));
#14538=CARTESIAN_POINT('',(-3.,-1.975,1.26));
#14539=CARTESIAN_POINT('Origin',(-3.,-2.475,1.26));
#14540=CARTESIAN_POINT('',(-2.7,-2.475,1.26));
#14541=CARTESIAN_POINT('',(-2.7,-2.475,1.26));
#14542=CARTESIAN_POINT('',(-3.,-2.475,1.26));
#14543=CARTESIAN_POINT('Origin',(-3.,-2.475,0.06));
#14544=CARTESIAN_POINT('',(-2.5,-2.475,1.26));
#14545=CARTESIAN_POINT('',(-3.,-2.475,1.26));
#14546=CARTESIAN_POINT('',(-2.5,-2.475,0.06));
#14547=CARTESIAN_POINT('',(2.5,-2.475,1.26));
#14548=CARTESIAN_POINT('',(2.5,-2.475,0.06));
#14549=CARTESIAN_POINT('',(2.7,-2.475,1.26));
#14550=CARTESIAN_POINT('',(2.5,-2.475,1.26));
#14551=CARTESIAN_POINT('',(3.,-2.475,1.26));
#14552=CARTESIAN_POINT('',(2.5,-2.475,1.26));
#14553=CARTESIAN_POINT('',(3.,-2.475,2.96));
#14554=CARTESIAN_POINT('',(3.,-2.475,0.06));
#14555=CARTESIAN_POINT('',(-3.,-2.475,2.96));
#14556=CARTESIAN_POINT('',(2.2,-2.475,0.46));
#14557=CARTESIAN_POINT('',(2.2,-2.475,1.46));
#14558=CARTESIAN_POINT('',(2.2,-2.475,0.46));
#14559=CARTESIAN_POINT('',(-2.2,-2.475,0.46));
#14560=CARTESIAN_POINT('',(-2.2,-2.475,0.46));
#14561=CARTESIAN_POINT('',(-2.2,-2.475,1.46));
#14562=CARTESIAN_POINT('',(-2.2,-2.475,2.56));
#14563=CARTESIAN_POINT('',(-2.55,-2.475,1.46));
#14564=CARTESIAN_POINT('',(-2.55,-2.475,1.46));
#14565=CARTESIAN_POINT('',(-2.55,-2.475,2.06));
#14566=CARTESIAN_POINT('',(-2.55,-2.475,2.06));
#14567=CARTESIAN_POINT('',(-2.2,-2.475,2.06));
#14568=CARTESIAN_POINT('',(2.55,-2.475,2.06));
#14569=CARTESIAN_POINT('',(-2.2,-2.475,2.56));
#14570=CARTESIAN_POINT('',(-2.2,-2.475,2.56));
#14571=CARTESIAN_POINT('',(2.2,-2.475,2.56));
#14572=CARTESIAN_POINT('',(2.2,-2.475,2.56));
#14573=CARTESIAN_POINT('',(2.2,-2.475,2.06));
#14574=CARTESIAN_POINT('',(2.2,-2.475,0.46));
#14575=CARTESIAN_POINT('',(2.55,-2.475,2.06));
#14576=CARTESIAN_POINT('',(2.55,-2.475,2.06));
#14577=CARTESIAN_POINT('',(2.55,-2.475,1.46));
#14578=CARTESIAN_POINT('',(2.55,-2.475,1.46));
#14579=CARTESIAN_POINT('',(-2.55,-2.475,1.46));
#14580=CARTESIAN_POINT('Origin',(-3.,1.775,2.96));
#14581=CARTESIAN_POINT('',(-2.5,1.775,2.96));
#14582=CARTESIAN_POINT('',(2.5,1.775,2.96));
#14583=CARTESIAN_POINT('',(-3.,1.775,2.96));
#14584=CARTESIAN_POINT('',(-2.5,0.286,2.96));
#14585=CARTESIAN_POINT('',(-2.5,0.286,2.96));
#14586=CARTESIAN_POINT('',(-3.,0.286,2.96));
#14587=CARTESIAN_POINT('',(3.,0.286,2.96));
#14588=CARTESIAN_POINT('',(3.,1.775,2.96));
#14589=CARTESIAN_POINT('',(2.5,0.286,2.96));
#14590=CARTESIAN_POINT('',(2.5,0.286,2.96));
#14591=CARTESIAN_POINT('',(2.5,0.286,2.96));
#14592=CARTESIAN_POINT('Origin',(-3.,0.575,2.46));
#14593=CARTESIAN_POINT('',(-2.5,0.575,2.46));
#14594=CARTESIAN_POINT('',(-3.,0.575,2.46));
#14595=CARTESIAN_POINT('',(-2.5,0.575,2.46));
#14596=CARTESIAN_POINT('Origin',(-3.,1.225,2.46));
#14597=CARTESIAN_POINT('',(-2.5,1.225,2.46));
#14598=CARTESIAN_POINT('',(-3.,1.225,2.46));
#14599=CARTESIAN_POINT('',(-2.5,1.225,2.46));
#14600=CARTESIAN_POINT('Origin',(-3.,1.225,1.46));
#14601=CARTESIAN_POINT('',(-2.5,1.225,1.46));
#14602=CARTESIAN_POINT('',(-3.,1.225,1.46));
#14603=CARTESIAN_POINT('',(-2.5,1.225,1.46));
#14604=CARTESIAN_POINT('Origin',(-3.,1.775,1.46));
#14605=CARTESIAN_POINT('',(-2.5,1.775,1.46));
#14606=CARTESIAN_POINT('',(-3.,1.775,1.46));
#14607=CARTESIAN_POINT('',(-2.5,1.775,1.46));
#14608=CARTESIAN_POINT('Origin',(-3.,1.775,0.06));
#14609=CARTESIAN_POINT('',(-2.5,1.775,2.96));
#14610=CARTESIAN_POINT('',(2.5,1.775,1.46));
#14611=CARTESIAN_POINT('',(2.5,1.775,2.96));
#14612=CARTESIAN_POINT('',(3.,1.775,1.46));
#14613=CARTESIAN_POINT('',(2.5,1.775,1.46));
#14614=CARTESIAN_POINT('',(3.,1.775,0.06));
#14615=CARTESIAN_POINT('',(1.6,1.775,0.2));
#14616=CARTESIAN_POINT('',(1.6,1.775,0.06));
#14617=CARTESIAN_POINT('',(1.4,1.775,0.2));
#14618=CARTESIAN_POINT('',(1.4,1.775,0.2));
#14619=CARTESIAN_POINT('',(1.4,1.775,0.06));
#14620=CARTESIAN_POINT('',(0.6,1.775,0.2));
#14621=CARTESIAN_POINT('',(0.6,1.775,0.06));
#14622=CARTESIAN_POINT('',(0.4,1.775,0.2));
#14623=CARTESIAN_POINT('',(0.4,1.775,0.2));
#14624=CARTESIAN_POINT('',(0.4,1.775,0.06));
#14625=CARTESIAN_POINT('',(-0.4,1.775,0.2));
#14626=CARTESIAN_POINT('',(-0.4,1.775,0.06));
#14627=CARTESIAN_POINT('',(-0.6,1.775,0.2));
#14628=CARTESIAN_POINT('',(-0.6,1.775,0.2));
#14629=CARTESIAN_POINT('',(-0.6,1.775,0.06));
#14630=CARTESIAN_POINT('',(-1.4,1.775,0.2));
#14631=CARTESIAN_POINT('',(-1.4,1.775,0.06));
#14632=CARTESIAN_POINT('',(-1.6,1.775,0.2));
#14633=CARTESIAN_POINT('',(-1.6,1.775,0.2));
#14634=CARTESIAN_POINT('',(-1.6,1.775,0.06));
#14635=CARTESIAN_POINT('Origin',(3.,1.775,0.06));
#14636=CARTESIAN_POINT('',(3.,1.225,1.46));
#14637=CARTESIAN_POINT('',(3.,1.775,1.46));
#14638=CARTESIAN_POINT('',(3.,1.225,2.46));
#14639=CARTESIAN_POINT('',(3.,1.225,1.46));
#14640=CARTESIAN_POINT('',(3.,0.575,2.46));
#14641=CARTESIAN_POINT('',(3.,1.225,2.46));
#14642=CARTESIAN_POINT('',(3.,0.575,2.46));
#14643=CARTESIAN_POINT('',(3.,-1.975,1.26));
#14644=CARTESIAN_POINT('',(3.,-2.475,1.26));
#14645=CARTESIAN_POINT('',(3.,-1.975,0.61));
#14646=CARTESIAN_POINT('',(3.,-1.975,1.26));
#14647=CARTESIAN_POINT('',(3.,-0.975,0.61));
#14648=CARTESIAN_POINT('',(3.,-1.975,0.61));
#14649=CARTESIAN_POINT('',(3.,-0.975,0.61));
#14650=CARTESIAN_POINT('Origin',(2.5,-0.975,0.61));
#14651=CARTESIAN_POINT('',(2.7,-0.975,0.61));
#14652=CARTESIAN_POINT('',(2.7,-0.975,0.61));
#14653=CARTESIAN_POINT('',(2.5,-0.975,0.61));
#14654=CARTESIAN_POINT('Origin',(2.5,-0.975,0.61));
#14655=CARTESIAN_POINT('',(2.5,-0.975,0.01));
#14656=CARTESIAN_POINT('',(2.5,-0.975,0.61));
#14657=CARTESIAN_POINT('',(2.7,-0.975,0.01));
#14658=CARTESIAN_POINT('',(2.7,-0.975,0.61));
#14659=CARTESIAN_POINT('',(2.5,-0.975,0.01));
#14660=CARTESIAN_POINT('Origin',(2.5,-1.843181818182,0.516818181818));
#14661=CARTESIAN_POINT('',(2.5,-2.475,0.01));
#14662=CARTESIAN_POINT('',(2.5,-0.975,0.01));
#14663=CARTESIAN_POINT('',(2.5,-2.475,0.01));
#14664=CARTESIAN_POINT('Origin',(-2.5,-1.843181818182,0.516818181818));
#14665=CARTESIAN_POINT('',(-2.5,-0.975,0.01));
#14666=CARTESIAN_POINT('',(-2.5,-2.475,0.01));
#14667=CARTESIAN_POINT('',(-2.5,-0.975,0.01));
#14668=CARTESIAN_POINT('',(-2.5,-0.975,0.61));
#14669=CARTESIAN_POINT('',(-2.5,-2.475,0.01));
#14670=CARTESIAN_POINT('Origin',(-2.7,-0.975,0.61));
#14671=CARTESIAN_POINT('',(-2.7,-0.975,0.01));
#14672=CARTESIAN_POINT('',(-2.7,-0.975,0.61));
#14673=CARTESIAN_POINT('',(-2.7,-0.975,0.01));
#14674=CARTESIAN_POINT('Origin',(-1.6,2.082,0.093));
#14675=CARTESIAN_POINT('',(-1.6,1.675,0.));
#14676=CARTESIAN_POINT('',(-1.6,1.675,0.));
#14677=CARTESIAN_POINT('',(-1.6,2.475,0.2));
#14678=CARTESIAN_POINT('',(-1.6,1.775,0.2));
#14679=CARTESIAN_POINT('',(-1.6,2.475,0.));
#14680=CARTESIAN_POINT('',(-1.6,2.475,0.2));
#14681=CARTESIAN_POINT('',(-1.6,2.475,0.));
#14682=CARTESIAN_POINT('Origin',(-1.6,1.675,0.));
#14683=CARTESIAN_POINT('',(-1.4,1.675,0.));
#14684=CARTESIAN_POINT('',(-1.6,1.675,0.));
#14685=CARTESIAN_POINT('',(-1.4,1.675,0.));
#14686=CARTESIAN_POINT('Origin',(-1.4,2.082,0.093));
#14687=CARTESIAN_POINT('',(-1.4,2.475,0.));
#14688=CARTESIAN_POINT('',(-1.4,2.475,0.));
#14689=CARTESIAN_POINT('',(-1.4,2.475,0.2));
#14690=CARTESIAN_POINT('',(-1.4,2.475,0.2));
#14691=CARTESIAN_POINT('',(-1.4,1.775,0.2));
#14692=CARTESIAN_POINT('Origin',(-0.6,2.082,0.093));
#14693=CARTESIAN_POINT('',(-0.6,1.675,0.));
#14694=CARTESIAN_POINT('',(-0.6,1.675,0.));
#14695=CARTESIAN_POINT('',(-0.6,2.475,0.2));
#14696=CARTESIAN_POINT('',(-0.6,1.775,0.2));
#14697=CARTESIAN_POINT('',(-0.6,2.475,0.));
#14698=CARTESIAN_POINT('',(-0.6,2.475,0.2));
#14699=CARTESIAN_POINT('',(-0.6,2.475,0.));
#14700=CARTESIAN_POINT('Origin',(-0.6,1.675,0.));
#14701=CARTESIAN_POINT('',(-0.4,1.675,0.));
#14702=CARTESIAN_POINT('',(-0.6,1.675,0.));
#14703=CARTESIAN_POINT('',(-0.4,1.675,0.));
#14704=CARTESIAN_POINT('Origin',(-0.4,2.082,0.093));
#14705=CARTESIAN_POINT('',(-0.4,2.475,0.));
#14706=CARTESIAN_POINT('',(-0.4,2.475,0.));
#14707=CARTESIAN_POINT('',(-0.4,2.475,0.2));
#14708=CARTESIAN_POINT('',(-0.4,2.475,0.2));
#14709=CARTESIAN_POINT('',(-0.4,1.775,0.2));
#14710=CARTESIAN_POINT('Origin',(0.4,2.082,0.093));
#14711=CARTESIAN_POINT('',(0.4,1.675,0.));
#14712=CARTESIAN_POINT('',(0.4,1.675,0.));
#14713=CARTESIAN_POINT('',(0.4,2.475,0.2));
#14714=CARTESIAN_POINT('',(0.4,1.775,0.2));
#14715=CARTESIAN_POINT('',(0.4,2.475,0.));
#14716=CARTESIAN_POINT('',(0.4,2.475,0.2));
#14717=CARTESIAN_POINT('',(0.4,2.475,0.));
#14718=CARTESIAN_POINT('Origin',(0.4,1.675,0.));
#14719=CARTESIAN_POINT('',(0.6,1.675,0.));
#14720=CARTESIAN_POINT('',(0.4,1.675,0.));
#14721=CARTESIAN_POINT('',(0.6,1.675,0.));
#14722=CARTESIAN_POINT('Origin',(0.6,2.082,0.093));
#14723=CARTESIAN_POINT('',(0.6,2.475,0.));
#14724=CARTESIAN_POINT('',(0.6,2.475,0.));
#14725=CARTESIAN_POINT('',(0.6,2.475,0.2));
#14726=CARTESIAN_POINT('',(0.6,2.475,0.2));
#14727=CARTESIAN_POINT('',(0.6,1.775,0.2));
#14728=CARTESIAN_POINT('Origin',(1.4,2.082,0.093));
#14729=CARTESIAN_POINT('',(1.4,1.675,0.));
#14730=CARTESIAN_POINT('',(1.4,1.675,0.));
#14731=CARTESIAN_POINT('',(1.4,2.475,0.2));
#14732=CARTESIAN_POINT('',(1.4,1.775,0.2));
#14733=CARTESIAN_POINT('',(1.4,2.475,0.));
#14734=CARTESIAN_POINT('',(1.4,2.475,0.2));
#14735=CARTESIAN_POINT('',(1.4,2.475,0.));
#14736=CARTESIAN_POINT('Origin',(1.4,1.675,0.));
#14737=CARTESIAN_POINT('',(1.6,1.675,0.));
#14738=CARTESIAN_POINT('',(1.4,1.675,0.));
#14739=CARTESIAN_POINT('',(1.6,1.675,0.));
#14740=CARTESIAN_POINT('Origin',(1.6,2.082,0.093));
#14741=CARTESIAN_POINT('',(1.6,2.475,0.));
#14742=CARTESIAN_POINT('',(1.6,2.475,0.));
#14743=CARTESIAN_POINT('',(1.6,2.475,0.2));
#14744=CARTESIAN_POINT('',(1.6,2.475,0.2));
#14745=CARTESIAN_POINT('',(1.6,1.775,0.2));
#14746=CARTESIAN_POINT('Origin',(-2.7,-1.843181818182,0.516818181818));
#14747=CARTESIAN_POINT('',(-2.7,-2.475,0.01));
#14748=CARTESIAN_POINT('',(-2.7,-2.475,0.01));
#14749=CARTESIAN_POINT('',(-2.7,-0.975,0.01));
#14750=CARTESIAN_POINT('Origin',(-2.7,-2.475,0.01));
#14751=CARTESIAN_POINT('',(-2.7,-2.475,0.01));
#14752=CARTESIAN_POINT('Origin',(2.5,-2.475,0.01));
#14753=CARTESIAN_POINT('',(2.7,-2.475,0.01));
#14754=CARTESIAN_POINT('',(2.5,-2.475,0.01));
#14755=CARTESIAN_POINT('',(2.7,-2.475,0.01));
#14756=CARTESIAN_POINT('Origin',(2.5,-2.475,1.26));
#14757=CARTESIAN_POINT('',(2.7,-1.975,1.26));
#14758=CARTESIAN_POINT('',(2.7,-2.475,1.26));
#14759=CARTESIAN_POINT('',(2.5,-1.975,1.26));
#14760=CARTESIAN_POINT('Origin',(2.2,-2.475,0.46));
#14761=CARTESIAN_POINT('',(2.2,-0.075,1.46));
#14762=CARTESIAN_POINT('',(2.2,-2.475,1.46));
#14763=CARTESIAN_POINT('',(2.2,-0.075,2.06));
#14764=CARTESIAN_POINT('',(2.2,-0.075,1.11));
#14765=CARTESIAN_POINT('',(2.2,-2.475,2.06));
#14766=CARTESIAN_POINT('',(2.2,0.525,2.56));
#14767=CARTESIAN_POINT('',(2.2,-2.475,2.56));
#14768=CARTESIAN_POINT('',(2.2,0.525,0.46));
#14769=CARTESIAN_POINT('',(2.2,0.525,0.46));
#14770=CARTESIAN_POINT('',(2.2,-2.475,0.46));
#14771=CARTESIAN_POINT('Origin',(-2.55,-2.475,1.46));
#14772=CARTESIAN_POINT('',(2.55,-0.075,1.46));
#14773=CARTESIAN_POINT('',(2.55,-2.475,1.46));
#14774=CARTESIAN_POINT('',(-2.55,-0.075,1.46));
#14775=CARTESIAN_POINT('Origin',(2.55,-2.475,1.46));
#14776=CARTESIAN_POINT('',(2.55,-0.075,2.06));
#14777=CARTESIAN_POINT('',(2.55,-2.475,2.06));
#14778=CARTESIAN_POINT('',(2.55,-0.075,1.46));
#14779=CARTESIAN_POINT('Origin',(2.55,-2.475,2.06));
#14780=CARTESIAN_POINT('',(2.55,-0.075,2.06));
#14781=CARTESIAN_POINT('Origin',(2.2,-2.475,2.56));
#14782=CARTESIAN_POINT('',(-2.2,0.525,2.56));
#14783=CARTESIAN_POINT('',(-2.2,-2.475,2.56));
#14784=CARTESIAN_POINT('',(2.2,0.525,2.56));
#14785=CARTESIAN_POINT('Origin',(-2.2,-2.475,2.56));
#14786=CARTESIAN_POINT('',(-2.2,-0.075,2.06));
#14787=CARTESIAN_POINT('',(-2.2,-2.475,2.06));
#14788=CARTESIAN_POINT('',(-2.2,-0.075,1.46));
#14789=CARTESIAN_POINT('',(-2.2,-0.075,2.16));
#14790=CARTESIAN_POINT('',(-2.2,-2.475,1.46));
#14791=CARTESIAN_POINT('',(-2.2,0.525,0.46));
#14792=CARTESIAN_POINT('',(-2.2,-2.475,0.46));
#14793=CARTESIAN_POINT('',(-2.2,0.525,2.56));
#14794=CARTESIAN_POINT('Origin',(2.55,-2.475,2.06));
#14795=CARTESIAN_POINT('',(-2.55,-0.075,2.06));
#14796=CARTESIAN_POINT('',(-2.55,-2.475,2.06));
#14797=CARTESIAN_POINT('',(2.55,-0.075,2.06));
#14798=CARTESIAN_POINT('Origin',(-2.55,-2.475,2.06));
#14799=CARTESIAN_POINT('',(-2.55,-0.075,1.46));
#14800=CARTESIAN_POINT('',(-2.55,-2.475,1.46));
#14801=CARTESIAN_POINT('',(-2.55,-0.075,2.06));
#14802=CARTESIAN_POINT('Origin',(-2.55,-2.475,1.46));
#14803=CARTESIAN_POINT('',(-2.55,-0.075,1.46));
#14804=CARTESIAN_POINT('Origin',(-2.2,-2.475,0.46));
#14805=CARTESIAN_POINT('',(-2.2,0.525,0.46));
#14806=CARTESIAN_POINT('Origin',(2.5,1.22787099059,2.3670284193));
#14807=CARTESIAN_POINT('',(2.5,0.575,2.46));
#14808=CARTESIAN_POINT('',(2.5,0.575,2.46));
#14809=CARTESIAN_POINT('',(2.5,1.225,2.46));
#14810=CARTESIAN_POINT('',(2.5,1.225,2.46));
#14811=CARTESIAN_POINT('',(2.5,1.225,1.46));
#14812=CARTESIAN_POINT('',(2.5,1.225,1.46));
#14813=CARTESIAN_POINT('',(2.5,1.775,1.46));
#14814=CARTESIAN_POINT('Origin',(2.5,0.575,2.46));
#14815=CARTESIAN_POINT('',(2.5,0.575,2.46));
#14816=CARTESIAN_POINT('Origin',(-2.5,1.22787099059,2.3670284193));
#14817=CARTESIAN_POINT('Origin',(2.5,1.775,1.46));
#14818=CARTESIAN_POINT('',(2.5,1.225,1.46));
#14819=CARTESIAN_POINT('Origin',(1.4,1.775,0.2));
#14820=CARTESIAN_POINT('',(1.4,2.475,0.2));
#14821=CARTESIAN_POINT('Origin',(0.4,1.775,0.2));
#14822=CARTESIAN_POINT('',(0.4,2.475,0.2));
#14823=CARTESIAN_POINT('Origin',(-0.6,1.775,0.2));
#14824=CARTESIAN_POINT('',(-0.6,2.475,0.2));
#14825=CARTESIAN_POINT('Origin',(-1.6,1.775,0.2));
#14826=CARTESIAN_POINT('',(-1.6,2.475,0.2));
#14827=CARTESIAN_POINT('Origin',(2.5,-1.975,0.61));
#14828=CARTESIAN_POINT('',(2.7,-1.975,0.61));
#14829=CARTESIAN_POINT('',(2.7,-1.975,0.61));
#14830=CARTESIAN_POINT('',(2.5,-1.975,0.61));
#14831=CARTESIAN_POINT('Origin',(2.5,-1.975,1.26));
#14832=CARTESIAN_POINT('',(2.7,-1.975,1.26));
#14833=CARTESIAN_POINT('Origin',(2.5,1.225,2.46));
#14834=CARTESIAN_POINT('',(2.5,1.225,2.46));
#14835=CARTESIAN_POINT('Origin',(2.5,1.225,1.46));
#14836=CARTESIAN_POINT('Origin',(2.7,-1.843181818182,0.516818181818));
#14837=CARTESIAN_POINT('',(2.7,-0.975,0.01));
#14838=CARTESIAN_POINT('Origin',(2.5,-0.975,0.01));
#14839=CARTESIAN_POINT('Origin',(-2.7,-0.975,0.01));
#14840=CARTESIAN_POINT('Origin',(-1.6,2.475,0.2));
#14841=CARTESIAN_POINT('',(-1.6,2.475,0.));
#14842=CARTESIAN_POINT('Origin',(-1.6,2.475,0.));
#14843=CARTESIAN_POINT('Origin',(-0.6,2.475,0.2));
#14844=CARTESIAN_POINT('',(-0.6,2.475,0.));
#14845=CARTESIAN_POINT('Origin',(-0.6,2.475,0.));
#14846=CARTESIAN_POINT('Origin',(0.4,2.475,0.2));
#14847=CARTESIAN_POINT('',(0.4,2.475,0.));
#14848=CARTESIAN_POINT('Origin',(0.4,2.475,0.));
#14849=CARTESIAN_POINT('Origin',(1.4,2.475,0.2));
#14850=CARTESIAN_POINT('',(1.4,2.475,0.));
#14851=CARTESIAN_POINT('Origin',(1.4,2.475,0.));
#14852=CARTESIAN_POINT('Origin',(5.45372713851E-16,-0.075,1.76));
#14853=CARTESIAN_POINT('Origin',(-6.832141690001E-17,0.525,1.51));
#14854=CARTESIAN_POINT('',(-1.6,0.525,1.66));
#14855=CARTESIAN_POINT('',(-1.4,0.525,1.66));
#14856=CARTESIAN_POINT('',(-1.6,0.525,1.66));
#14857=CARTESIAN_POINT('',(-1.6,0.525,2.14));
#14858=CARTESIAN_POINT('',(-1.6,0.525,2.14));
#14859=CARTESIAN_POINT('',(-1.4,0.525,2.14));
#14860=CARTESIAN_POINT('',(-1.6,0.525,2.14));
#14861=CARTESIAN_POINT('',(-1.4,0.525,2.14));
#14862=CARTESIAN_POINT('',(-0.6,0.525,2.14));
#14863=CARTESIAN_POINT('',(-0.6,0.525,1.66));
#14864=CARTESIAN_POINT('',(-0.6,0.525,2.14));
#14865=CARTESIAN_POINT('',(-0.4,0.525,2.14));
#14866=CARTESIAN_POINT('',(-0.6,0.525,2.14));
#14867=CARTESIAN_POINT('',(-0.4,0.525,1.66));
#14868=CARTESIAN_POINT('',(-0.4,0.525,2.14));
#14869=CARTESIAN_POINT('',(-0.6,0.525,1.66));
#14870=CARTESIAN_POINT('',(0.4,0.525,2.14));
#14871=CARTESIAN_POINT('',(0.4,0.525,1.66));
#14872=CARTESIAN_POINT('',(0.4,0.525,2.14));
#14873=CARTESIAN_POINT('',(0.6,0.525,2.14));
#14874=CARTESIAN_POINT('',(0.4,0.525,2.14));
#14875=CARTESIAN_POINT('',(0.6,0.525,1.66));
#14876=CARTESIAN_POINT('',(0.6,0.525,2.14));
#14877=CARTESIAN_POINT('',(0.4,0.525,1.66));
#14878=CARTESIAN_POINT('',(1.4,0.525,2.14));
#14879=CARTESIAN_POINT('',(1.4,0.525,1.66));
#14880=CARTESIAN_POINT('',(1.4,0.525,2.14));
#14881=CARTESIAN_POINT('',(1.6,0.525,2.14));
#14882=CARTESIAN_POINT('',(1.4,0.525,2.14));
#14883=CARTESIAN_POINT('',(1.6,0.525,1.66));
#14884=CARTESIAN_POINT('',(1.6,0.525,2.14));
#14885=CARTESIAN_POINT('',(1.4,0.525,1.66));
#14886=CARTESIAN_POINT('Origin',(5.45372713851E-16,-0.075,1.76));
#14887=CARTESIAN_POINT('Origin',(-1.6,0.525,1.66));
#14888=CARTESIAN_POINT('',(-1.4,-1.225,1.79));
#14889=CARTESIAN_POINT('',(-1.4,0.525,1.66));
#14890=CARTESIAN_POINT('',(-1.6,-1.225,1.79));
#14891=CARTESIAN_POINT('',(-1.6,-1.225,1.79));
#14892=CARTESIAN_POINT('',(-1.6,0.525,1.66));
#14893=CARTESIAN_POINT('Origin',(-1.4,-0.323759014354,1.931294517928));
#14894=CARTESIAN_POINT('',(-1.4,-1.225,2.14));
#14895=CARTESIAN_POINT('',(-1.4,-1.225,1.79));
#14896=CARTESIAN_POINT('',(-1.4,-1.225,2.14));
#14897=CARTESIAN_POINT('Origin',(-1.6,-1.225,2.14));
#14898=CARTESIAN_POINT('',(-1.6,-1.225,2.14));
#14899=CARTESIAN_POINT('',(-1.6,-1.225,2.14));
#14900=CARTESIAN_POINT('',(-1.6,-1.225,2.14));
#14901=CARTESIAN_POINT('Origin',(-1.6,-0.323759014354,1.931294517928));
#14902=CARTESIAN_POINT('',(-1.6,-1.225,1.79));
#14903=CARTESIAN_POINT('Origin',(-0.6,-0.323759014354,1.931294517928));
#14904=CARTESIAN_POINT('',(-0.6,-1.225,1.79));
#14905=CARTESIAN_POINT('',(-0.6,-1.225,2.14));
#14906=CARTESIAN_POINT('',(-0.6,-1.225,1.79));
#14907=CARTESIAN_POINT('',(-0.6,-1.225,2.14));
#14908=CARTESIAN_POINT('',(-0.6,0.525,1.66));
#14909=CARTESIAN_POINT('Origin',(-0.6,0.525,1.66));
#14910=CARTESIAN_POINT('',(-0.4,-1.225,1.79));
#14911=CARTESIAN_POINT('',(-0.4,0.525,1.66));
#14912=CARTESIAN_POINT('',(-0.6,-1.225,1.79));
#14913=CARTESIAN_POINT('Origin',(-0.4,-0.323759014354,1.931294517928));
#14914=CARTESIAN_POINT('',(-0.4,-1.225,2.14));
#14915=CARTESIAN_POINT('',(-0.4,-1.225,1.79));
#14916=CARTESIAN_POINT('',(-0.4,-1.225,2.14));
#14917=CARTESIAN_POINT('Origin',(-0.6,-1.225,2.14));
#14918=CARTESIAN_POINT('',(-0.6,-1.225,2.14));
#14919=CARTESIAN_POINT('Origin',(0.4,-0.323759014354,1.931294517928));
#14920=CARTESIAN_POINT('',(0.4,-1.225,1.79));
#14921=CARTESIAN_POINT('',(0.4,-1.225,2.14));
#14922=CARTESIAN_POINT('',(0.4,-1.225,1.79));
#14923=CARTESIAN_POINT('',(0.4,-1.225,2.14));
#14924=CARTESIAN_POINT('',(0.4,0.525,1.66));
#14925=CARTESIAN_POINT('Origin',(0.4,0.525,1.66));
#14926=CARTESIAN_POINT('',(0.6,-1.225,1.79));
#14927=CARTESIAN_POINT('',(0.6,0.525,1.66));
#14928=CARTESIAN_POINT('',(0.4,-1.225,1.79));
#14929=CARTESIAN_POINT('Origin',(0.6,-0.323759014354,1.931294517928));
#14930=CARTESIAN_POINT('',(0.6,-1.225,2.14));
#14931=CARTESIAN_POINT('',(0.6,-1.225,1.79));
#14932=CARTESIAN_POINT('',(0.6,-1.225,2.14));
#14933=CARTESIAN_POINT('Origin',(0.4,-1.225,2.14));
#14934=CARTESIAN_POINT('',(0.4,-1.225,2.14));
#14935=CARTESIAN_POINT('Origin',(1.4,-0.323759014354,1.931294517928));
#14936=CARTESIAN_POINT('',(1.4,-1.225,1.79));
#14937=CARTESIAN_POINT('',(1.4,-1.225,2.14));
#14938=CARTESIAN_POINT('',(1.4,-1.225,1.79));
#14939=CARTESIAN_POINT('',(1.4,-1.225,2.14));
#14940=CARTESIAN_POINT('',(1.4,0.525,1.66));
#14941=CARTESIAN_POINT('Origin',(1.4,0.525,1.66));
#14942=CARTESIAN_POINT('',(1.6,-1.225,1.79));
#14943=CARTESIAN_POINT('',(1.6,0.525,1.66));
#14944=CARTESIAN_POINT('',(1.4,-1.225,1.79));
#14945=CARTESIAN_POINT('Origin',(1.6,-0.323759014354,1.931294517928));
#14946=CARTESIAN_POINT('',(1.6,-1.225,2.14));
#14947=CARTESIAN_POINT('',(1.6,-1.225,1.79));
#14948=CARTESIAN_POINT('',(1.6,-1.225,2.14));
#14949=CARTESIAN_POINT('Origin',(1.4,-1.225,2.14));
#14950=CARTESIAN_POINT('',(1.4,-1.225,2.14));
#14951=CARTESIAN_POINT('Origin',(-1.6,-1.225,1.79));
#14952=CARTESIAN_POINT('Origin',(-0.6,-1.225,1.79));
#14953=CARTESIAN_POINT('Origin',(0.4,-1.225,1.79));
#14954=CARTESIAN_POINT('Origin',(1.4,-1.225,1.79));
#14955=CARTESIAN_POINT('',(0.,0.,0.));
#14956=CARTESIAN_POINT('',(0.,0.,0.));
#14957=CARTESIAN_POINT('',(0.,0.,0.));
#14958=CARTESIAN_POINT('Origin',(-0.8,-0.4,0.));
#14959=CARTESIAN_POINT('',(-0.8,-0.4,0.03));
#14960=CARTESIAN_POINT('',(-0.8,-0.4,0.77));
#14961=CARTESIAN_POINT('',(-0.8,-0.4,0.));
#14962=CARTESIAN_POINT('',(-0.8,-0.37,0.8));
#14963=CARTESIAN_POINT('Origin',(-0.8,-0.37,0.77));
#14964=CARTESIAN_POINT('',(-0.8,0.37,0.8));
#14965=CARTESIAN_POINT('',(-0.8,-0.4,0.8));
#14966=CARTESIAN_POINT('',(-0.8,0.4,0.77));
#14967=CARTESIAN_POINT('Origin',(-0.8,0.37,0.77));
#14968=CARTESIAN_POINT('',(-0.8,0.4,0.03));
#14969=CARTESIAN_POINT('',(-0.8,0.4,0.));
#14970=CARTESIAN_POINT('',(-0.8,0.37,0.));
#14971=CARTESIAN_POINT('Origin',(-0.8,0.37,0.03));
#14972=CARTESIAN_POINT('',(-0.8,-0.37,0.));
#14973=CARTESIAN_POINT('',(-0.8,-0.4,0.));
#14974=CARTESIAN_POINT('Origin',(-0.8,-0.37,0.03));
#14975=CARTESIAN_POINT('Origin',(-0.8,-0.4,0.));
#14976=CARTESIAN_POINT('',(-0.5,-0.4,0.03));
#14977=CARTESIAN_POINT('',(-0.5,-0.4,0.77));
#14978=CARTESIAN_POINT('',(-0.5,-0.4,0.));
#14979=CARTESIAN_POINT('',(-0.8,-0.4,0.77));
#14980=CARTESIAN_POINT('',(-0.8,-0.4,0.03));
#14981=CARTESIAN_POINT('Origin',(-0.8,-0.37,0.03));
#14982=CARTESIAN_POINT('',(-0.5,-0.37,0.));
#14983=CARTESIAN_POINT('',(-0.8,-0.37,0.));
#14984=CARTESIAN_POINT('Origin',(-0.5,-0.37,0.03));
#14985=CARTESIAN_POINT('Origin',(-0.8,-0.37,0.77));
#14986=CARTESIAN_POINT('',(-0.5,-0.37,0.8));
#14987=CARTESIAN_POINT('Origin',(-0.5,-0.37,0.77));
#14988=CARTESIAN_POINT('',(-0.8,-0.37,0.8));
#14989=CARTESIAN_POINT('Origin',(-0.8,-0.4,0.));
#14990=CARTESIAN_POINT('',(-0.5,0.37,0.));
#14991=CARTESIAN_POINT('',(-0.8,0.37,0.));
#14992=CARTESIAN_POINT('',(-0.5,-0.4,0.));
#14993=CARTESIAN_POINT('Origin',(-0.8,-0.4,0.8));
#14994=CARTESIAN_POINT('',(-0.5,0.37,0.8));
#14995=CARTESIAN_POINT('',(-0.5,-0.4,0.8));
#14996=CARTESIAN_POINT('',(-0.8,0.37,0.8));
#14997=CARTESIAN_POINT('Origin',(-0.8,0.37,0.03));
#14998=CARTESIAN_POINT('',(-0.5,0.4,0.03));
#14999=CARTESIAN_POINT('',(-0.8,0.4,0.03));
#15000=CARTESIAN_POINT('Origin',(-0.5,0.37,0.03));
#15001=CARTESIAN_POINT('Origin',(-0.8,0.37,0.77));
#15002=CARTESIAN_POINT('',(-0.5,0.4,0.77));
#15003=CARTESIAN_POINT('Origin',(-0.5,0.37,0.77));
#15004=CARTESIAN_POINT('',(-0.8,0.4,0.77));
#15005=CARTESIAN_POINT('Origin',(-0.8,0.4,0.));
#15006=CARTESIAN_POINT('',(-0.5,0.4,0.));
#15007=CARTESIAN_POINT('Origin',(-0.5,-0.4,0.));
#15008=CARTESIAN_POINT('',(-0.5,-0.37,0.06));
#15009=CARTESIAN_POINT('',(-0.5,-0.34,0.03));
#15010=CARTESIAN_POINT('Origin',(-0.5,-0.34,0.06));
#15011=CARTESIAN_POINT('',(-0.5,-0.37,0.74));
#15012=CARTESIAN_POINT('',(-0.5,-0.37,0.03));
#15013=CARTESIAN_POINT('',(-0.5,-0.34,0.77));
#15014=CARTESIAN_POINT('Origin',(-0.5,-0.34,0.74));
#15015=CARTESIAN_POINT('',(-0.5,0.34,0.77));
#15016=CARTESIAN_POINT('',(-0.5,-0.37,0.77));
#15017=CARTESIAN_POINT('',(-0.5,0.37,0.74));
#15018=CARTESIAN_POINT('Origin',(-0.5,0.34,0.74));
#15019=CARTESIAN_POINT('',(-0.5,0.37,0.06));
#15020=CARTESIAN_POINT('',(-0.5,0.37,0.03));
#15021=CARTESIAN_POINT('',(-0.5,0.34,0.03));
#15022=CARTESIAN_POINT('Origin',(-0.5,0.34,0.06));
#15023=CARTESIAN_POINT('',(-0.5,-0.37,0.03));
#15024=CARTESIAN_POINT('Origin',(-0.5,-0.34,0.06));
#15025=CARTESIAN_POINT('',(0.5,-0.34,0.03));
#15026=CARTESIAN_POINT('',(-0.5,-0.34,0.03));
#15027=CARTESIAN_POINT('',(0.5,-0.37,0.06));
#15028=CARTESIAN_POINT('Origin',(0.5,-0.34,0.06));
#15029=CARTESIAN_POINT('',(-0.5,-0.37,0.06));
#15030=CARTESIAN_POINT('Origin',(-0.5,-0.37,0.03));
#15031=CARTESIAN_POINT('',(0.5,0.34,0.03));
#15032=CARTESIAN_POINT('',(-0.5,0.34,0.03));
#15033=CARTESIAN_POINT('',(0.5,-0.37,0.03));
#15034=CARTESIAN_POINT('Origin',(-0.5,0.34,0.06));
#15035=CARTESIAN_POINT('',(0.5,0.37,0.06));
#15036=CARTESIAN_POINT('',(-0.5,0.37,0.06));
#15037=CARTESIAN_POINT('Origin',(0.5,0.34,0.06));
#15038=CARTESIAN_POINT('Origin',(-0.5,0.37,0.03));
#15039=CARTESIAN_POINT('',(0.5,0.37,0.74));
#15040=CARTESIAN_POINT('',(0.5,0.37,0.03));
#15041=CARTESIAN_POINT('',(-0.5,0.37,0.74));
#15042=CARTESIAN_POINT('Origin',(-0.5,0.34,0.74));
#15043=CARTESIAN_POINT('',(0.5,0.34,0.77));
#15044=CARTESIAN_POINT('',(-0.5,0.34,0.77));
#15045=CARTESIAN_POINT('Origin',(0.5,0.34,0.74));
#15046=CARTESIAN_POINT('Origin',(-0.5,-0.37,0.77));
#15047=CARTESIAN_POINT('',(0.5,-0.34,0.77));
#15048=CARTESIAN_POINT('',(-0.5,-0.34,0.77));
#15049=CARTESIAN_POINT('',(0.5,-0.37,0.77));
#15050=CARTESIAN_POINT('Origin',(-0.5,-0.34,0.74));
#15051=CARTESIAN_POINT('',(0.5,-0.37,0.74));
#15052=CARTESIAN_POINT('',(-0.5,-0.37,0.74));
#15053=CARTESIAN_POINT('Origin',(0.5,-0.34,0.74));
#15054=CARTESIAN_POINT('Origin',(-0.5,-0.37,0.03));
#15055=CARTESIAN_POINT('',(0.5,-0.37,0.03));
#15056=CARTESIAN_POINT('Origin',(0.5,-0.4,0.));
#15057=CARTESIAN_POINT('',(0.5,-0.4,0.03));
#15058=CARTESIAN_POINT('',(0.5,-0.4,0.77));
#15059=CARTESIAN_POINT('',(0.5,-0.4,0.));
#15060=CARTESIAN_POINT('',(0.5,-0.37,0.8));
#15061=CARTESIAN_POINT('Origin',(0.5,-0.37,0.77));
#15062=CARTESIAN_POINT('',(0.5,0.37,0.8));
#15063=CARTESIAN_POINT('',(0.5,-0.4,0.8));
#15064=CARTESIAN_POINT('',(0.5,0.4,0.77));
#15065=CARTESIAN_POINT('Origin',(0.5,0.37,0.77));
#15066=CARTESIAN_POINT('',(0.5,0.4,0.03));
#15067=CARTESIAN_POINT('',(0.5,0.4,0.));
#15068=CARTESIAN_POINT('',(0.5,0.37,0.));
#15069=CARTESIAN_POINT('Origin',(0.5,0.37,0.03));
#15070=CARTESIAN_POINT('',(0.5,-0.37,0.));
#15071=CARTESIAN_POINT('',(0.5,-0.4,0.));
#15072=CARTESIAN_POINT('Origin',(0.5,-0.37,0.03));
#15073=CARTESIAN_POINT('Origin',(0.5,-0.4,0.));
#15074=CARTESIAN_POINT('',(0.8,-0.4,0.03));
#15075=CARTESIAN_POINT('',(0.8,-0.4,0.77));
#15076=CARTESIAN_POINT('',(0.8,-0.4,0.));
#15077=CARTESIAN_POINT('',(0.5,-0.4,0.77));
#15078=CARTESIAN_POINT('',(0.5,-0.4,0.03));
#15079=CARTESIAN_POINT('Origin',(0.5,-0.37,0.03));
#15080=CARTESIAN_POINT('',(0.8,-0.37,0.));
#15081=CARTESIAN_POINT('',(0.5,-0.37,0.));
#15082=CARTESIAN_POINT('Origin',(0.8,-0.37,0.03));
#15083=CARTESIAN_POINT('Origin',(0.5,-0.37,0.77));
#15084=CARTESIAN_POINT('',(0.8,-0.37,0.8));
#15085=CARTESIAN_POINT('Origin',(0.8,-0.37,0.77));
#15086=CARTESIAN_POINT('',(0.5,-0.37,0.8));
#15087=CARTESIAN_POINT('Origin',(0.5,-0.4,0.));
#15088=CARTESIAN_POINT('',(0.8,0.37,0.));
#15089=CARTESIAN_POINT('',(0.5,0.37,0.));
#15090=CARTESIAN_POINT('',(0.8,-0.4,0.));
#15091=CARTESIAN_POINT('Origin',(0.5,-0.4,0.8));
#15092=CARTESIAN_POINT('',(0.8,0.37,0.8));
#15093=CARTESIAN_POINT('',(0.8,-0.4,0.8));
#15094=CARTESIAN_POINT('',(0.5,0.37,0.8));
#15095=CARTESIAN_POINT('Origin',(0.5,0.37,0.03));
#15096=CARTESIAN_POINT('',(0.8,0.4,0.03));
#15097=CARTESIAN_POINT('',(0.5,0.4,0.03));
#15098=CARTESIAN_POINT('Origin',(0.8,0.37,0.03));
#15099=CARTESIAN_POINT('Origin',(0.5,0.37,0.77));
#15100=CARTESIAN_POINT('',(0.8,0.4,0.77));
#15101=CARTESIAN_POINT('Origin',(0.8,0.37,0.77));
#15102=CARTESIAN_POINT('',(0.5,0.4,0.77));
#15103=CARTESIAN_POINT('Origin',(0.5,0.4,0.));
#15104=CARTESIAN_POINT('',(0.8,0.4,0.));
#15105=CARTESIAN_POINT('Origin',(0.8,-0.4,0.));
#15106=CARTESIAN_POINT('',(0.,0.,0.));
#15107=CARTESIAN_POINT('',(0.,0.,0.));
#15108=CARTESIAN_POINT('',(0.,0.,0.));
#15109=CARTESIAN_POINT('Origin',(0.,1.358648457443,0.1));
#15110=CARTESIAN_POINT('',(-0.659324228722,1.358648457443,0.1));
#15111=CARTESIAN_POINT('',(0.659324228722,1.358648457443,0.1));
#15112=CARTESIAN_POINT('',(-0.659324228722,1.358648457443,0.1));
#15113=CARTESIAN_POINT('',(-0.705,1.45,0.75));
#15114=CARTESIAN_POINT('',(-0.659324228722,1.358648457443,0.1));
#15115=CARTESIAN_POINT('',(0.705,1.45,0.75));
#15116=CARTESIAN_POINT('',(-0.705,1.45,0.75));
#15117=CARTESIAN_POINT('',(0.659324228722,1.358648457443,0.1));
#15118=CARTESIAN_POINT('Origin',(-0.659324228722,1.358648457443,0.1));
#15119=CARTESIAN_POINT('',(0.708648457443,1.309324228722,0.1));
#15120=CARTESIAN_POINT('',(0.659324228722,1.358648457443,0.1));
#15121=CARTESIAN_POINT('',(0.708648457443,-1.309324228722,0.1));
#15122=CARTESIAN_POINT('',(0.708648457443,1.309324228722,0.1));
#15123=CARTESIAN_POINT('',(0.659324228722,-1.358648457443,0.1));
#15124=CARTESIAN_POINT('',(0.708648457443,-1.309324228722,0.1));
#15125=CARTESIAN_POINT('',(-0.659324228722,-1.358648457443,0.1));
#15126=CARTESIAN_POINT('',(0.659324228722,-1.358648457443,0.1));
#15127=CARTESIAN_POINT('',(-0.708648457443,-1.309324228722,0.1));
#15128=CARTESIAN_POINT('',(-0.659324228722,-1.358648457443,0.1));
#15129=CARTESIAN_POINT('',(-0.708648457443,1.309324228722,0.1));
#15130=CARTESIAN_POINT('',(-0.708648457443,-1.309324228722,0.1));
#15131=CARTESIAN_POINT('',(-0.708648457443,1.309324228722,0.1));
#15132=CARTESIAN_POINT('Origin',(0.6839863430825,1.3339863430825,0.1));
#15133=CARTESIAN_POINT('',(0.8,1.355,0.75));
#15134=CARTESIAN_POINT('',(0.705,1.45,0.75));
#15135=CARTESIAN_POINT('',(0.708648457443,1.309324228722,0.1));
#15136=CARTESIAN_POINT('Origin',(-0.705,1.45,0.9));
#15137=CARTESIAN_POINT('',(-0.705,1.45,0.9));
#15138=CARTESIAN_POINT('',(-0.705,1.45,0.75));
#15139=CARTESIAN_POINT('',(0.705,1.45,0.9));
#15140=CARTESIAN_POINT('',(-0.705,1.45,0.9));
#15141=CARTESIAN_POINT('',(0.705,1.45,0.75));
#15142=CARTESIAN_POINT('Origin',(-0.6839863430825,1.3339863430825,0.1));
#15143=CARTESIAN_POINT('',(-0.8,1.355,0.75));
#15144=CARTESIAN_POINT('',(-0.708648457443,1.309324228722,0.1));
#15145=CARTESIAN_POINT('',(-0.8,1.355,0.75));
#15146=CARTESIAN_POINT('Origin',(-0.708648457443,0.,0.1));
#15147=CARTESIAN_POINT('',(-0.8,-1.355,0.75));
#15148=CARTESIAN_POINT('',(-0.708648457443,-1.309324228722,0.1));
#15149=CARTESIAN_POINT('',(-0.8,-1.2,0.75));
#15150=CARTESIAN_POINT('',(-0.8,-1.355,0.75));
#15151=CARTESIAN_POINT('',(-0.8,-0.7,0.75));
#15152=CARTESIAN_POINT('',(-0.8,-1.355,0.75));
#15153=CARTESIAN_POINT('',(-0.8,-0.25,0.75));
#15154=CARTESIAN_POINT('',(-0.8,-1.355,0.75));
#15155=CARTESIAN_POINT('',(-0.8,0.25,0.75));
#15156=CARTESIAN_POINT('',(-0.8,-1.355,0.75));
#15157=CARTESIAN_POINT('',(-0.8,0.7,0.75));
#15158=CARTESIAN_POINT('',(-0.8,-1.355,0.75));
#15159=CARTESIAN_POINT('',(-0.8,1.2,0.75));
#15160=CARTESIAN_POINT('',(-0.8,-1.355,0.75));
#15161=CARTESIAN_POINT('',(-0.8,-1.355,0.75));
#15162=CARTESIAN_POINT('Origin',(0.708648457443,0.,0.1));
#15163=CARTESIAN_POINT('',(0.8,1.2,0.75));
#15164=CARTESIAN_POINT('',(0.8,1.355,0.75));
#15165=CARTESIAN_POINT('',(0.8,0.7,0.75));
#15166=CARTESIAN_POINT('',(0.8,1.355,0.75));
#15167=CARTESIAN_POINT('',(0.8,0.25,0.75));
#15168=CARTESIAN_POINT('',(0.8,1.355,0.75));
#15169=CARTESIAN_POINT('',(0.8,-0.25,0.75));
#15170=CARTESIAN_POINT('',(0.8,1.355,0.75));
#15171=CARTESIAN_POINT('',(0.8,-0.7,0.75));
#15172=CARTESIAN_POINT('',(0.8,1.355,0.75));
#15173=CARTESIAN_POINT('',(0.8,-1.2,0.75));
#15174=CARTESIAN_POINT('',(0.8,1.355,0.75));
#15175=CARTESIAN_POINT('',(0.8,-1.355,0.75));
#15176=CARTESIAN_POINT('',(0.8,1.355,0.75));
#15177=CARTESIAN_POINT('',(0.708648457443,-1.309324228722,0.1));
#15178=CARTESIAN_POINT('Origin',(-0.6839863430825,-1.3339863430825,0.1));
#15179=CARTESIAN_POINT('',(-0.705,-1.45,0.75));
#15180=CARTESIAN_POINT('',(-0.659324228722,-1.358648457443,0.1));
#15181=CARTESIAN_POINT('',(-0.705,-1.45,0.75));
#15182=CARTESIAN_POINT('Origin',(0.6839863430825,-1.3339863430825,0.1));
#15183=CARTESIAN_POINT('',(0.705,-1.45,0.75));
#15184=CARTESIAN_POINT('',(0.8,-1.355,0.75));
#15185=CARTESIAN_POINT('',(0.659324228722,-1.358648457443,0.1));
#15186=CARTESIAN_POINT('Origin',(0.,-1.358648457443,0.1));
#15187=CARTESIAN_POINT('',(0.705,-1.45,0.75));
#15188=CARTESIAN_POINT('Origin',(0.705,1.45,0.9));
#15189=CARTESIAN_POINT('',(0.8,1.355,0.9));
#15190=CARTESIAN_POINT('',(0.705,1.45,0.9));
#15191=CARTESIAN_POINT('',(0.8,1.355,0.75));
#15192=CARTESIAN_POINT('Origin',(-2.091417030376E-16,1.4375,0.9));
#15193=CARTESIAN_POINT('',(-0.8,1.355,0.9));
#15194=CARTESIAN_POINT('',(-0.8,1.355,0.9));
#15195=CARTESIAN_POINT('',(-0.8,1.2,0.9));
#15196=CARTESIAN_POINT('',(-0.8,-1.355,0.9));
#15197=CARTESIAN_POINT('',(-0.775,1.2,0.9));
#15198=CARTESIAN_POINT('',(-0.85,1.2,0.9));
#15199=CARTESIAN_POINT('',(-0.775,1.3425,0.9));
#15200=CARTESIAN_POINT('',(-0.775,-1.3425,0.9));
#15201=CARTESIAN_POINT('',(-0.6925,1.425,0.9));
#15202=CARTESIAN_POINT('',(-0.775,1.3425,0.9));
#15203=CARTESIAN_POINT('',(0.6925,1.425,0.9));
#15204=CARTESIAN_POINT('',(-0.6925,1.425,0.9));
#15205=CARTESIAN_POINT('',(0.775,1.3425,0.9));
#15206=CARTESIAN_POINT('',(0.6925,1.425,0.9));
#15207=CARTESIAN_POINT('',(0.775,1.2,0.9));
#15208=CARTESIAN_POINT('',(0.775,1.3425,0.9));
#15209=CARTESIAN_POINT('',(0.8,1.2,0.9));
#15210=CARTESIAN_POINT('',(0.85,1.2,0.9));
#15211=CARTESIAN_POINT('',(0.8,1.355,0.9));
#15212=CARTESIAN_POINT('Origin',(-0.8,1.355,0.9));
#15213=CARTESIAN_POINT('',(-0.8,1.355,0.75));
#15214=CARTESIAN_POINT('Origin',(-0.8,-1.355,0.9));
#15215=CARTESIAN_POINT('',(-0.8,-1.355,0.9));
#15216=CARTESIAN_POINT('',(-0.8,-1.355,0.75));
#15217=CARTESIAN_POINT('',(-0.8,-1.2,0.9));
#15218=CARTESIAN_POINT('',(-0.8,-1.355,0.9));
#15219=CARTESIAN_POINT('',(-0.8,-1.2,0.670847817658));
#15220=CARTESIAN_POINT('Origin',(-0.75,-1.2,0.75));
#15221=CARTESIAN_POINT('',(-0.85,-1.2,0.75));
#15222=CARTESIAN_POINT('',(-0.75,-1.2,0.75));
#15223=CARTESIAN_POINT('',(-0.85,-0.7,0.75));
#15224=CARTESIAN_POINT('',(-0.85,-1.2,0.75));
#15225=CARTESIAN_POINT('',(-0.75,-0.7,0.75));
#15226=CARTESIAN_POINT('Origin',(-0.8,-1.355,0.9));
#15227=CARTESIAN_POINT('',(-0.8,-0.7,0.9));
#15228=CARTESIAN_POINT('',(-0.8,-0.7,0.670847817658));
#15229=CARTESIAN_POINT('',(-0.8,-0.25,0.9));
#15230=CARTESIAN_POINT('',(-0.8,-1.355,0.9));
#15231=CARTESIAN_POINT('',(-0.8,-0.25,0.670847817658));
#15232=CARTESIAN_POINT('Origin',(-0.75,-0.25,0.75));
#15233=CARTESIAN_POINT('',(-0.85,-0.25,0.75));
#15234=CARTESIAN_POINT('',(-0.75,-0.25,0.75));
#15235=CARTESIAN_POINT('',(-0.85,0.25,0.75));
#15236=CARTESIAN_POINT('',(-0.85,-0.25,0.75));
#15237=CARTESIAN_POINT('',(-0.75,0.25,0.75));
#15238=CARTESIAN_POINT('Origin',(-0.8,-1.355,0.9));
#15239=CARTESIAN_POINT('',(-0.8,0.25,0.9));
#15240=CARTESIAN_POINT('',(-0.8,0.25,0.670847817658));
#15241=CARTESIAN_POINT('',(-0.8,0.7,0.9));
#15242=CARTESIAN_POINT('',(-0.8,-1.355,0.9));
#15243=CARTESIAN_POINT('',(-0.8,0.7,0.670847817658));
#15244=CARTESIAN_POINT('Origin',(-0.75,0.7,0.75));
#15245=CARTESIAN_POINT('',(-0.85,0.7,0.75));
#15246=CARTESIAN_POINT('',(-0.75,0.7,0.75));
#15247=CARTESIAN_POINT('',(-0.85,1.2,0.75));
#15248=CARTESIAN_POINT('',(-0.85,0.7,0.75));
#15249=CARTESIAN_POINT('',(-0.75,1.2,0.75));
#15250=CARTESIAN_POINT('Origin',(-0.8,-1.355,0.9));
#15251=CARTESIAN_POINT('',(-0.8,1.2,0.670847817658));
#15252=CARTESIAN_POINT('Origin',(0.8,1.355,0.9));
#15253=CARTESIAN_POINT('',(0.8,1.2,0.670847817658));
#15254=CARTESIAN_POINT('Origin',(0.75,1.2,0.75));
#15255=CARTESIAN_POINT('',(0.85,1.2,0.75));
#15256=CARTESIAN_POINT('',(0.75,1.2,0.75));
#15257=CARTESIAN_POINT('',(0.85,0.7,0.75));
#15258=CARTESIAN_POINT('',(0.85,1.2,0.75));
#15259=CARTESIAN_POINT('',(0.75,0.7,0.75));
#15260=CARTESIAN_POINT('Origin',(0.8,1.355,0.9));
#15261=CARTESIAN_POINT('',(0.8,0.7,0.9));
#15262=CARTESIAN_POINT('',(0.8,0.7,0.670847817658));
#15263=CARTESIAN_POINT('',(0.8,0.25,0.9));
#15264=CARTESIAN_POINT('',(0.8,1.355,0.9));
#15265=CARTESIAN_POINT('',(0.8,0.25,0.670847817658));
#15266=CARTESIAN_POINT('Origin',(0.75,0.25,0.75));
#15267=CARTESIAN_POINT('',(0.85,0.25,0.75));
#15268=CARTESIAN_POINT('',(0.75,0.25,0.75));
#15269=CARTESIAN_POINT('',(0.85,-0.25,0.75));
#15270=CARTESIAN_POINT('',(0.85,0.25,0.75));
#15271=CARTESIAN_POINT('',(0.75,-0.25,0.75));
#15272=CARTESIAN_POINT('Origin',(0.8,1.355,0.9));
#15273=CARTESIAN_POINT('',(0.8,-0.25,0.9));
#15274=CARTESIAN_POINT('',(0.8,-0.25,0.670847817658));
#15275=CARTESIAN_POINT('',(0.8,-0.7,0.9));
#15276=CARTESIAN_POINT('',(0.8,1.355,0.9));
#15277=CARTESIAN_POINT('',(0.8,-0.7,0.670847817658));
#15278=CARTESIAN_POINT('Origin',(0.75,-0.7,0.75));
#15279=CARTESIAN_POINT('',(0.85,-0.7,0.75));
#15280=CARTESIAN_POINT('',(0.75,-0.7,0.75));
#15281=CARTESIAN_POINT('',(0.85,-1.2,0.75));
#15282=CARTESIAN_POINT('',(0.85,-0.7,0.75));
#15283=CARTESIAN_POINT('',(0.75,-1.2,0.75));
#15284=CARTESIAN_POINT('Origin',(0.8,1.355,0.9));
#15285=CARTESIAN_POINT('',(0.8,-1.2,0.9));
#15286=CARTESIAN_POINT('',(0.8,-1.2,0.670847817658));
#15287=CARTESIAN_POINT('',(0.8,-1.355,0.9));
#15288=CARTESIAN_POINT('',(0.8,1.355,0.9));
#15289=CARTESIAN_POINT('',(0.8,-1.355,0.75));
#15290=CARTESIAN_POINT('Origin',(-0.705,-1.45,0.9));
#15291=CARTESIAN_POINT('',(-0.705,-1.45,0.9));
#15292=CARTESIAN_POINT('',(-0.705,-1.45,0.75));
#15293=CARTESIAN_POINT('',(-0.705,-1.45,0.9));
#15294=CARTESIAN_POINT('Origin',(0.8,-1.355,0.9));
#15295=CARTESIAN_POINT('',(0.705,-1.45,0.9));
#15296=CARTESIAN_POINT('',(0.8,-1.355,0.9));
#15297=CARTESIAN_POINT('',(0.705,-1.45,0.75));
#15298=CARTESIAN_POINT('Origin',(0.705,-1.45,0.9));
#15299=CARTESIAN_POINT('',(0.705,-1.45,0.9));
#15300=CARTESIAN_POINT('Origin',(-0.85,0.7,0.9));
#15301=CARTESIAN_POINT('',(-0.85,0.7,0.9));
#15302=CARTESIAN_POINT('',(-0.85,0.7,0.9));
#15303=CARTESIAN_POINT('',(-0.775,0.7,0.9));
#15304=CARTESIAN_POINT('',(-0.85,0.7,0.9));
#15305=CARTESIAN_POINT('',(-0.775,-1.3425,0.9));
#15306=CARTESIAN_POINT('',(-0.85,1.2,0.9));
#15307=CARTESIAN_POINT('',(-0.85,1.2,0.9));
#15308=CARTESIAN_POINT('',(-0.85,0.7,0.9));
#15309=CARTESIAN_POINT('Origin',(-0.775,0.,0.9));
#15310=CARTESIAN_POINT('',(-0.775,-1.3425,0.9));
#15311=CARTESIAN_POINT('',(-0.775,-1.2,0.9));
#15312=CARTESIAN_POINT('',(-0.775,-1.3425,0.9));
#15313=CARTESIAN_POINT('',(-0.683648457443,-1.296824228722,1.55));
#15314=CARTESIAN_POINT('',(-0.775,-1.3425,0.9));
#15315=CARTESIAN_POINT('',(-0.683648457443,1.296824228722,1.55));
#15316=CARTESIAN_POINT('',(-0.683648457443,-1.296824228722,1.55));
#15317=CARTESIAN_POINT('',(-0.775,1.3425,0.9));
#15318=CARTESIAN_POINT('',(-0.775,0.25,0.9));
#15319=CARTESIAN_POINT('',(-0.775,-1.3425,0.9));
#15320=CARTESIAN_POINT('',(-0.775,-0.25,0.9));
#15321=CARTESIAN_POINT('',(-0.775,-1.3425,0.9));
#15322=CARTESIAN_POINT('',(-0.775,-0.7,0.9));
#15323=CARTESIAN_POINT('',(-0.775,-1.3425,0.9));
#15324=CARTESIAN_POINT('',(-0.775,-1.3425,0.9));
#15325=CARTESIAN_POINT('Origin',(-0.73375,1.38375,0.9));
#15326=CARTESIAN_POINT('',(-0.646824228722,1.333648457443,1.55));
#15327=CARTESIAN_POINT('',(-0.683648457443,1.296824228722,1.55));
#15328=CARTESIAN_POINT('',(-0.6925,1.425,0.9));
#15329=CARTESIAN_POINT('Origin',(1.38777878078145E-16,1.425,0.9));
#15330=CARTESIAN_POINT('',(0.646824228722,1.333648457443,1.55));
#15331=CARTESIAN_POINT('',(-0.646824228722,1.333648457443,1.55));
#15332=CARTESIAN_POINT('',(0.6925,1.425,0.9));
#15333=CARTESIAN_POINT('Origin',(0.73375,1.38375,0.9));
#15334=CARTESIAN_POINT('',(0.683648457443,1.296824228722,1.55));
#15335=CARTESIAN_POINT('',(0.646824228722,1.333648457443,1.55));
#15336=CARTESIAN_POINT('',(0.775,1.3425,0.9));
#15337=CARTESIAN_POINT('Origin',(0.775,0.,0.9));
#15338=CARTESIAN_POINT('',(0.683648457443,-1.296824228722,1.55));
#15339=CARTESIAN_POINT('',(0.683648457443,1.296824228722,1.55));
#15340=CARTESIAN_POINT('',(0.775,-1.3425,0.9));
#15341=CARTESIAN_POINT('',(0.775,-1.3425,0.9));
#15342=CARTESIAN_POINT('',(0.775,-1.2,0.9));
#15343=CARTESIAN_POINT('',(0.775,1.3425,0.9));
#15344=CARTESIAN_POINT('',(0.775,-0.7,0.9));
#15345=CARTESIAN_POINT('',(0.775,1.3425,0.9));
#15346=CARTESIAN_POINT('',(0.775,-0.25,0.9));
#15347=CARTESIAN_POINT('',(0.775,1.3425,0.9));
#15348=CARTESIAN_POINT('',(0.775,0.25,0.9));
#15349=CARTESIAN_POINT('',(0.775,1.3425,0.9));
#15350=CARTESIAN_POINT('',(0.775,0.7,0.9));
#15351=CARTESIAN_POINT('',(0.775,1.3425,0.9));
#15352=CARTESIAN_POINT('',(0.775,1.3425,0.9));
#15353=CARTESIAN_POINT('Origin',(0.85,1.2,0.9));
#15354=CARTESIAN_POINT('',(0.85,1.2,0.9));
#15355=CARTESIAN_POINT('',(0.85,1.2,0.9));
#15356=CARTESIAN_POINT('',(0.85,0.7,0.9));
#15357=CARTESIAN_POINT('',(0.85,0.7,0.9));
#15358=CARTESIAN_POINT('',(0.85,0.7,0.9));
#15359=CARTESIAN_POINT('',(0.85,1.2,0.9));
#15360=CARTESIAN_POINT('Origin',(-2.091417030376E-16,1.4375,0.9));
#15361=CARTESIAN_POINT('',(0.85,-1.2,0.9));
#15362=CARTESIAN_POINT('',(0.6925,-1.425,0.9));
#15363=CARTESIAN_POINT('',(0.775,-1.3425,0.9));
#15364=CARTESIAN_POINT('',(-0.6925,-1.425,0.9));
#15365=CARTESIAN_POINT('',(0.6925,-1.425,0.9));
#15366=CARTESIAN_POINT('',(-0.6925,-1.425,0.9));
#15367=CARTESIAN_POINT('',(-0.85,-1.2,0.9));
#15368=CARTESIAN_POINT('Origin',(-1.069123385139,-1.2,0.441695635315));
#15369=CARTESIAN_POINT('',(-0.85,-1.2,0.9));
#15370=CARTESIAN_POINT('',(-0.85,-1.2,0.9));
#15371=CARTESIAN_POINT('',(-1.096201938253,-1.2,0.693412044417));
#15372=CARTESIAN_POINT('Origin',(-0.85,-1.2,0.65));
#15373=CARTESIAN_POINT('',(-1.172050016982,-1.2,0.232635182233));
#15374=CARTESIAN_POINT('',(-1.172050016982,-1.2,0.232635182233));
#15375=CARTESIAN_POINT('',(-1.270530792283,-1.2,0.15));
#15376=CARTESIAN_POINT('Origin',(-1.270530792283,-1.2,0.25));
#15377=CARTESIAN_POINT('',(-1.4,-1.2,0.15));
#15378=CARTESIAN_POINT('',(-1.4,-1.2,0.15));
#15379=CARTESIAN_POINT('',(-1.4,-1.2,0.));
#15380=CARTESIAN_POINT('',(-1.4,-1.2,0.));
#15381=CARTESIAN_POINT('',(-1.270530792283,-1.2,0.));
#15382=CARTESIAN_POINT('',(-1.270530792283,-1.2,0.));
#15383=CARTESIAN_POINT('',(-1.02432885403,-1.2,0.206587955583));
#15384=CARTESIAN_POINT('Origin',(-1.270530792283,-1.2,0.25));
#15385=CARTESIAN_POINT('',(-0.948480775301,-1.2,0.667364817767));
#15386=CARTESIAN_POINT('',(-0.948480775301,-1.2,0.667364817767));
#15387=CARTESIAN_POINT('Origin',(-0.85,-1.2,0.65));
#15388=CARTESIAN_POINT('Origin',(-0.85,-1.2,0.65));
#15389=CARTESIAN_POINT('',(-0.948480775301,-0.7,0.667364817767));
#15390=CARTESIAN_POINT('',(-0.948480775301,-1.2,0.667364817767));
#15391=CARTESIAN_POINT('Origin',(-0.85,-0.7,0.65));
#15392=CARTESIAN_POINT('Origin',(-1.069123385139,-0.7,0.441695635315));
#15393=CARTESIAN_POINT('',(-1.02432885403,-0.7,0.206587955583));
#15394=CARTESIAN_POINT('',(-0.948480775301,-0.7,0.667364817767));
#15395=CARTESIAN_POINT('',(-1.270530792283,-0.7,0.));
#15396=CARTESIAN_POINT('Origin',(-1.270530792283,-0.7,0.25));
#15397=CARTESIAN_POINT('',(-1.4,-0.7,0.));
#15398=CARTESIAN_POINT('',(-1.270530792283,-0.7,0.));
#15399=CARTESIAN_POINT('',(-1.4,-0.7,0.15));
#15400=CARTESIAN_POINT('',(-1.4,-0.7,0.));
#15401=CARTESIAN_POINT('',(-1.270530792283,-0.7,0.15));
#15402=CARTESIAN_POINT('',(-1.4,-0.7,0.15));
#15403=CARTESIAN_POINT('',(-1.172050016982,-0.7,0.232635182233));
#15404=CARTESIAN_POINT('Origin',(-1.270530792283,-0.7,0.25));
#15405=CARTESIAN_POINT('',(-1.096201938253,-0.7,0.693412044417));
#15406=CARTESIAN_POINT('',(-1.172050016982,-0.7,0.232635182233));
#15407=CARTESIAN_POINT('',(-0.85,-0.7,0.9));
#15408=CARTESIAN_POINT('Origin',(-0.85,-0.7,0.65));
#15409=CARTESIAN_POINT('',(-0.85,-0.7,0.9));
#15410=CARTESIAN_POINT('Origin',(-2.091417030376E-16,1.4375,0.9));
#15411=CARTESIAN_POINT('',(-0.85,-0.7,0.9));
#15412=CARTESIAN_POINT('',(-0.85,-0.25,0.9));
#15413=CARTESIAN_POINT('Origin',(-1.069123385139,-0.25,0.441695635315));
#15414=CARTESIAN_POINT('',(-0.85,-0.25,0.9));
#15415=CARTESIAN_POINT('',(-0.85,-0.25,0.9));
#15416=CARTESIAN_POINT('',(-1.096201938253,-0.25,0.693412044417));
#15417=CARTESIAN_POINT('Origin',(-0.85,-0.25,0.65));
#15418=CARTESIAN_POINT('',(-1.172050016982,-0.25,0.232635182233));
#15419=CARTESIAN_POINT('',(-1.172050016982,-0.25,0.232635182233));
#15420=CARTESIAN_POINT('',(-1.270530792283,-0.25,0.15));
#15421=CARTESIAN_POINT('Origin',(-1.270530792283,-0.25,0.25));
#15422=CARTESIAN_POINT('',(-1.4,-0.25,0.15));
#15423=CARTESIAN_POINT('',(-1.4,-0.25,0.15));
#15424=CARTESIAN_POINT('',(-1.4,-0.25,0.));
#15425=CARTESIAN_POINT('',(-1.4,-0.25,0.));
#15426=CARTESIAN_POINT('',(-1.270530792283,-0.25,0.));
#15427=CARTESIAN_POINT('',(-1.270530792283,-0.25,0.));
#15428=CARTESIAN_POINT('',(-1.02432885403,-0.25,0.206587955583));
#15429=CARTESIAN_POINT('Origin',(-1.270530792283,-0.25,0.25));
#15430=CARTESIAN_POINT('',(-0.948480775301,-0.25,0.667364817767));
#15431=CARTESIAN_POINT('',(-0.948480775301,-0.25,0.667364817767));
#15432=CARTESIAN_POINT('Origin',(-0.85,-0.25,0.65));
#15433=CARTESIAN_POINT('Origin',(-0.85,-0.25,0.65));
#15434=CARTESIAN_POINT('',(-0.948480775301,0.25,0.667364817767));
#15435=CARTESIAN_POINT('',(-0.948480775301,-0.25,0.667364817767));
#15436=CARTESIAN_POINT('Origin',(-0.85,0.25,0.65));
#15437=CARTESIAN_POINT('Origin',(-1.069123385139,0.25,0.441695635315));
#15438=CARTESIAN_POINT('',(-1.02432885403,0.25,0.206587955583));
#15439=CARTESIAN_POINT('',(-0.948480775301,0.25,0.667364817767));
#15440=CARTESIAN_POINT('',(-1.270530792283,0.25,0.));
#15441=CARTESIAN_POINT('Origin',(-1.270530792283,0.25,0.25));
#15442=CARTESIAN_POINT('',(-1.4,0.25,0.));
#15443=CARTESIAN_POINT('',(-1.270530792283,0.25,0.));
#15444=CARTESIAN_POINT('',(-1.4,0.25,0.15));
#15445=CARTESIAN_POINT('',(-1.4,0.25,0.));
#15446=CARTESIAN_POINT('',(-1.270530792283,0.25,0.15));
#15447=CARTESIAN_POINT('',(-1.4,0.25,0.15));
#15448=CARTESIAN_POINT('',(-1.172050016982,0.25,0.232635182233));
#15449=CARTESIAN_POINT('Origin',(-1.270530792283,0.25,0.25));
#15450=CARTESIAN_POINT('',(-1.096201938253,0.25,0.693412044417));
#15451=CARTESIAN_POINT('',(-1.172050016982,0.25,0.232635182233));
#15452=CARTESIAN_POINT('',(-0.85,0.25,0.9));
#15453=CARTESIAN_POINT('Origin',(-0.85,0.25,0.65));
#15454=CARTESIAN_POINT('',(-0.85,0.25,0.9));
#15455=CARTESIAN_POINT('Origin',(-2.091417030376E-16,1.4375,0.9));
#15456=CARTESIAN_POINT('',(-0.85,0.25,0.9));
#15457=CARTESIAN_POINT('Origin',(-1.069123385139,0.7,0.441695635315));
#15458=CARTESIAN_POINT('',(-1.096201938253,0.7,0.693412044417));
#15459=CARTESIAN_POINT('Origin',(-0.85,0.7,0.65));
#15460=CARTESIAN_POINT('',(-1.172050016982,0.7,0.232635182233));
#15461=CARTESIAN_POINT('',(-1.172050016982,0.7,0.232635182233));
#15462=CARTESIAN_POINT('',(-1.270530792283,0.7,0.15));
#15463=CARTESIAN_POINT('Origin',(-1.270530792283,0.7,0.25));
#15464=CARTESIAN_POINT('',(-1.4,0.7,0.15));
#15465=CARTESIAN_POINT('',(-1.4,0.7,0.15));
#15466=CARTESIAN_POINT('',(-1.4,0.7,0.));
#15467=CARTESIAN_POINT('',(-1.4,0.7,0.));
#15468=CARTESIAN_POINT('',(-1.270530792283,0.7,0.));
#15469=CARTESIAN_POINT('',(-1.270530792283,0.7,0.));
#15470=CARTESIAN_POINT('',(-1.02432885403,0.7,0.206587955583));
#15471=CARTESIAN_POINT('Origin',(-1.270530792283,0.7,0.25));
#15472=CARTESIAN_POINT('',(-0.948480775301,0.7,0.667364817767));
#15473=CARTESIAN_POINT('',(-0.948480775301,0.7,0.667364817767));
#15474=CARTESIAN_POINT('Origin',(-0.85,0.7,0.65));
#15475=CARTESIAN_POINT('Origin',(-0.85,0.7,0.65));
#15476=CARTESIAN_POINT('',(-0.948480775301,1.2,0.667364817767));
#15477=CARTESIAN_POINT('',(-0.948480775301,0.7,0.667364817767));
#15478=CARTESIAN_POINT('Origin',(-0.85,1.2,0.65));
#15479=CARTESIAN_POINT('Origin',(-1.069123385139,1.2,0.441695635315));
#15480=CARTESIAN_POINT('',(-1.02432885403,1.2,0.206587955583));
#15481=CARTESIAN_POINT('',(-0.948480775301,1.2,0.667364817767));
#15482=CARTESIAN_POINT('',(-1.270530792283,1.2,0.));
#15483=CARTESIAN_POINT('Origin',(-1.270530792283,1.2,0.25));
#15484=CARTESIAN_POINT('',(-1.4,1.2,0.));
#15485=CARTESIAN_POINT('',(-1.270530792283,1.2,0.));
#15486=CARTESIAN_POINT('',(-1.4,1.2,0.15));
#15487=CARTESIAN_POINT('',(-1.4,1.2,0.));
#15488=CARTESIAN_POINT('',(-1.270530792283,1.2,0.15));
#15489=CARTESIAN_POINT('',(-1.4,1.2,0.15));
#15490=CARTESIAN_POINT('',(-1.172050016982,1.2,0.232635182233));
#15491=CARTESIAN_POINT('Origin',(-1.270530792283,1.2,0.25));
#15492=CARTESIAN_POINT('',(-1.096201938253,1.2,0.693412044417));
#15493=CARTESIAN_POINT('',(-1.172050016982,1.2,0.232635182233));
#15494=CARTESIAN_POINT('Origin',(-0.85,1.2,0.65));
#15495=CARTESIAN_POINT('Origin',(1.069123385139,1.2,0.441695635315));
#15496=CARTESIAN_POINT('',(1.096201938253,1.2,0.693412044417));
#15497=CARTESIAN_POINT('Origin',(0.85,1.2,0.65));
#15498=CARTESIAN_POINT('',(1.172050016982,1.2,0.232635182233));
#15499=CARTESIAN_POINT('',(1.172050016982,1.2,0.232635182233));
#15500=CARTESIAN_POINT('',(1.270530792283,1.2,0.15));
#15501=CARTESIAN_POINT('Origin',(1.270530792283,1.2,0.25));
#15502=CARTESIAN_POINT('',(1.4,1.2,0.15));
#15503=CARTESIAN_POINT('',(1.4,1.2,0.15));
#15504=CARTESIAN_POINT('',(1.4,1.2,0.));
#15505=CARTESIAN_POINT('',(1.4,1.2,0.));
#15506=CARTESIAN_POINT('',(1.270530792283,1.2,0.));
#15507=CARTESIAN_POINT('',(1.270530792283,1.2,0.));
#15508=CARTESIAN_POINT('',(1.02432885403,1.2,0.206587955583));
#15509=CARTESIAN_POINT('Origin',(1.270530792283,1.2,0.25));
#15510=CARTESIAN_POINT('',(0.948480775301,1.2,0.667364817767));
#15511=CARTESIAN_POINT('',(0.948480775301,1.2,0.667364817767));
#15512=CARTESIAN_POINT('Origin',(0.85,1.2,0.65));
#15513=CARTESIAN_POINT('Origin',(0.85,1.2,0.65));
#15514=CARTESIAN_POINT('',(0.948480775301,0.7,0.667364817767));
#15515=CARTESIAN_POINT('',(0.948480775301,1.2,0.667364817767));
#15516=CARTESIAN_POINT('Origin',(0.85,0.7,0.65));
#15517=CARTESIAN_POINT('Origin',(1.069123385139,0.7,0.441695635315));
#15518=CARTESIAN_POINT('',(1.02432885403,0.7,0.206587955583));
#15519=CARTESIAN_POINT('',(0.948480775301,0.7,0.667364817767));
#15520=CARTESIAN_POINT('',(1.270530792283,0.7,0.));
#15521=CARTESIAN_POINT('Origin',(1.270530792283,0.7,0.25));
#15522=CARTESIAN_POINT('',(1.4,0.7,0.));
#15523=CARTESIAN_POINT('',(1.270530792283,0.7,0.));
#15524=CARTESIAN_POINT('',(1.4,0.7,0.15));
#15525=CARTESIAN_POINT('',(1.4,0.7,0.));
#15526=CARTESIAN_POINT('',(1.270530792283,0.7,0.15));
#15527=CARTESIAN_POINT('',(1.4,0.7,0.15));
#15528=CARTESIAN_POINT('',(1.172050016982,0.7,0.232635182233));
#15529=CARTESIAN_POINT('Origin',(1.270530792283,0.7,0.25));
#15530=CARTESIAN_POINT('',(1.096201938253,0.7,0.693412044417));
#15531=CARTESIAN_POINT('',(1.172050016982,0.7,0.232635182233));
#15532=CARTESIAN_POINT('Origin',(0.85,0.7,0.65));
#15533=CARTESIAN_POINT('Origin',(-2.091417030376E-16,1.4375,0.9));
#15534=CARTESIAN_POINT('',(0.85,0.25,0.9));
#15535=CARTESIAN_POINT('Origin',(1.069123385139,0.25,0.441695635315));
#15536=CARTESIAN_POINT('',(0.85,0.25,0.9));
#15537=CARTESIAN_POINT('',(0.85,0.25,0.9));
#15538=CARTESIAN_POINT('',(1.096201938253,0.25,0.693412044417));
#15539=CARTESIAN_POINT('Origin',(0.85,0.25,0.65));
#15540=CARTESIAN_POINT('',(1.172050016982,0.25,0.232635182233));
#15541=CARTESIAN_POINT('',(1.172050016982,0.25,0.232635182233));
#15542=CARTESIAN_POINT('',(1.270530792283,0.25,0.15));
#15543=CARTESIAN_POINT('Origin',(1.270530792283,0.25,0.25));
#15544=CARTESIAN_POINT('',(1.4,0.25,0.15));
#15545=CARTESIAN_POINT('',(1.4,0.25,0.15));
#15546=CARTESIAN_POINT('',(1.4,0.25,0.));
#15547=CARTESIAN_POINT('',(1.4,0.25,0.));
#15548=CARTESIAN_POINT('',(1.270530792283,0.25,0.));
#15549=CARTESIAN_POINT('',(1.270530792283,0.25,0.));
#15550=CARTESIAN_POINT('',(1.02432885403,0.25,0.206587955583));
#15551=CARTESIAN_POINT('Origin',(1.270530792283,0.25,0.25));
#15552=CARTESIAN_POINT('',(0.948480775301,0.25,0.667364817767));
#15553=CARTESIAN_POINT('',(0.948480775301,0.25,0.667364817767));
#15554=CARTESIAN_POINT('Origin',(0.85,0.25,0.65));
#15555=CARTESIAN_POINT('Origin',(0.85,0.25,0.65));
#15556=CARTESIAN_POINT('',(0.948480775301,-0.25,0.667364817767));
#15557=CARTESIAN_POINT('',(0.948480775301,0.25,0.667364817767));
#15558=CARTESIAN_POINT('Origin',(0.85,-0.25,0.65));
#15559=CARTESIAN_POINT('Origin',(1.069123385139,-0.25,0.441695635315));
#15560=CARTESIAN_POINT('',(1.02432885403,-0.25,0.206587955583));
#15561=CARTESIAN_POINT('',(0.948480775301,-0.25,0.667364817767));
#15562=CARTESIAN_POINT('',(1.270530792283,-0.25,0.));
#15563=CARTESIAN_POINT('Origin',(1.270530792283,-0.25,0.25));
#15564=CARTESIAN_POINT('',(1.4,-0.25,0.));
#15565=CARTESIAN_POINT('',(1.270530792283,-0.25,0.));
#15566=CARTESIAN_POINT('',(1.4,-0.25,0.15));
#15567=CARTESIAN_POINT('',(1.4,-0.25,0.));
#15568=CARTESIAN_POINT('',(1.270530792283,-0.25,0.15));
#15569=CARTESIAN_POINT('',(1.4,-0.25,0.15));
#15570=CARTESIAN_POINT('',(1.172050016982,-0.25,0.232635182233));
#15571=CARTESIAN_POINT('Origin',(1.270530792283,-0.25,0.25));
#15572=CARTESIAN_POINT('',(1.096201938253,-0.25,0.693412044417));
#15573=CARTESIAN_POINT('',(1.172050016982,-0.25,0.232635182233));
#15574=CARTESIAN_POINT('',(0.85,-0.25,0.9));
#15575=CARTESIAN_POINT('Origin',(0.85,-0.25,0.65));
#15576=CARTESIAN_POINT('',(0.85,-0.25,0.9));
#15577=CARTESIAN_POINT('Origin',(-2.091417030376E-16,1.4375,0.9));
#15578=CARTESIAN_POINT('',(0.85,-0.25,0.9));
#15579=CARTESIAN_POINT('',(0.85,-0.7,0.9));
#15580=CARTESIAN_POINT('Origin',(1.069123385139,-0.7,0.441695635315));
#15581=CARTESIAN_POINT('',(0.85,-0.7,0.9));
#15582=CARTESIAN_POINT('',(0.85,-0.7,0.9));
#15583=CARTESIAN_POINT('',(1.096201938253,-0.7,0.693412044417));
#15584=CARTESIAN_POINT('Origin',(0.85,-0.7,0.65));
#15585=CARTESIAN_POINT('',(1.172050016982,-0.7,0.232635182233));
#15586=CARTESIAN_POINT('',(1.172050016982,-0.7,0.232635182233));
#15587=CARTESIAN_POINT('',(1.270530792283,-0.7,0.15));
#15588=CARTESIAN_POINT('Origin',(1.270530792283,-0.7,0.25));
#15589=CARTESIAN_POINT('',(1.4,-0.7,0.15));
#15590=CARTESIAN_POINT('',(1.4,-0.7,0.15));
#15591=CARTESIAN_POINT('',(1.4,-0.7,0.));
#15592=CARTESIAN_POINT('',(1.4,-0.7,0.));
#15593=CARTESIAN_POINT('',(1.270530792283,-0.7,0.));
#15594=CARTESIAN_POINT('',(1.270530792283,-0.7,0.));
#15595=CARTESIAN_POINT('',(1.02432885403,-0.7,0.206587955583));
#15596=CARTESIAN_POINT('Origin',(1.270530792283,-0.7,0.25));
#15597=CARTESIAN_POINT('',(0.948480775301,-0.7,0.667364817767));
#15598=CARTESIAN_POINT('',(0.948480775301,-0.7,0.667364817767));
#15599=CARTESIAN_POINT('Origin',(0.85,-0.7,0.65));
#15600=CARTESIAN_POINT('Origin',(0.85,-0.7,0.65));
#15601=CARTESIAN_POINT('',(0.948480775301,-1.2,0.667364817767));
#15602=CARTESIAN_POINT('',(0.948480775301,-0.7,0.667364817767));
#15603=CARTESIAN_POINT('Origin',(0.85,-1.2,0.65));
#15604=CARTESIAN_POINT('Origin',(1.069123385139,-1.2,0.441695635315));
#15605=CARTESIAN_POINT('',(1.02432885403,-1.2,0.206587955583));
#15606=CARTESIAN_POINT('',(0.948480775301,-1.2,0.667364817767));
#15607=CARTESIAN_POINT('',(1.270530792283,-1.2,0.));
#15608=CARTESIAN_POINT('Origin',(1.270530792283,-1.2,0.25));
#15609=CARTESIAN_POINT('',(1.4,-1.2,0.));
#15610=CARTESIAN_POINT('',(1.270530792283,-1.2,0.));
#15611=CARTESIAN_POINT('',(1.4,-1.2,0.15));
#15612=CARTESIAN_POINT('',(1.4,-1.2,0.));
#15613=CARTESIAN_POINT('',(1.270530792283,-1.2,0.15));
#15614=CARTESIAN_POINT('',(1.4,-1.2,0.15));
#15615=CARTESIAN_POINT('',(1.172050016982,-1.2,0.232635182233));
#15616=CARTESIAN_POINT('Origin',(1.270530792283,-1.2,0.25));
#15617=CARTESIAN_POINT('',(1.096201938253,-1.2,0.693412044417));
#15618=CARTESIAN_POINT('',(1.172050016982,-1.2,0.232635182233));
#15619=CARTESIAN_POINT('',(0.85,-1.2,0.9));
#15620=CARTESIAN_POINT('Origin',(0.85,-1.2,0.65));
#15621=CARTESIAN_POINT('',(0.85,-1.2,0.9));
#15622=CARTESIAN_POINT('Origin',(-0.85,0.7,0.65));
#15623=CARTESIAN_POINT('',(-1.096201938253,0.7,0.693412044417));
#15624=CARTESIAN_POINT('Origin',(-0.85,-1.2,0.9));
#15625=CARTESIAN_POINT('',(-0.85,-1.2,0.9));
#15626=CARTESIAN_POINT('Origin',(-0.85,-0.25,0.9));
#15627=CARTESIAN_POINT('',(-0.85,-0.25,0.9));
#15628=CARTESIAN_POINT('Origin',(-0.646824228722,1.333648457443,1.55));
#15629=CARTESIAN_POINT('',(-0.646824228722,-1.333648457443,1.55));
#15630=CARTESIAN_POINT('',(-0.646824228722,-1.333648457443,1.55));
#15631=CARTESIAN_POINT('',(0.646824228722,-1.333648457443,1.55));
#15632=CARTESIAN_POINT('',(0.646824228722,-1.333648457443,1.55));
#15633=CARTESIAN_POINT('',(0.683648457443,-1.296824228722,1.55));
#15634=CARTESIAN_POINT('',(-0.333648457443,0.858648457443,1.55));
#15635=CARTESIAN_POINT('Origin',(-0.333648457443,0.983648457443,1.55));
#15636=CARTESIAN_POINT('Origin',(-0.73375,-1.38375,0.9));
#15637=CARTESIAN_POINT('',(-0.6925,-1.425,0.9));
#15638=CARTESIAN_POINT('Origin',(0.85,0.25,0.9));
#15639=CARTESIAN_POINT('',(0.85,0.25,0.9));
#15640=CARTESIAN_POINT('Origin',(0.85,-0.7,0.9));
#15641=CARTESIAN_POINT('',(0.85,-0.7,0.9));
#15642=CARTESIAN_POINT('Origin',(0.73375,-1.38375,0.9));
#15643=CARTESIAN_POINT('',(0.6925,-1.425,0.9));
#15644=CARTESIAN_POINT('Origin',(0.85,1.2,0.65));
#15645=CARTESIAN_POINT('',(1.096201938253,1.2,0.693412044417));
#15646=CARTESIAN_POINT('Origin',(-1.38777878078145E-16,-1.425,0.9));
#15647=CARTESIAN_POINT('Origin',(-0.85,-1.2,0.65));
#15648=CARTESIAN_POINT('',(-1.096201938253,-1.2,0.693412044417));
#15649=CARTESIAN_POINT('Origin',(-1.172050016982,-1.2,0.232635182233));
#15650=CARTESIAN_POINT('',(-1.172050016982,-1.2,0.232635182233));
#15651=CARTESIAN_POINT('Origin',(-1.270530792283,-1.2,0.25));
#15652=CARTESIAN_POINT('',(-1.270530792283,-1.2,0.15));
#15653=CARTESIAN_POINT('Origin',(-1.4,-1.2,0.15));
#15654=CARTESIAN_POINT('',(-1.4,-1.2,0.15));
#15655=CARTESIAN_POINT('Origin',(-1.4,-1.2,0.));
#15656=CARTESIAN_POINT('',(-1.4,-1.2,0.));
#15657=CARTESIAN_POINT('Origin',(-1.270530792283,-1.2,0.));
#15658=CARTESIAN_POINT('',(-1.270530792283,-1.2,0.));
#15659=CARTESIAN_POINT('Origin',(-1.270530792283,-1.2,0.25));
#15660=CARTESIAN_POINT('',(-1.02432885403,-1.2,0.206587955583));
#15661=CARTESIAN_POINT('Origin',(-0.948480775301,-1.2,0.667364817767));
#15662=CARTESIAN_POINT('Origin',(-0.85,-0.25,0.65));
#15663=CARTESIAN_POINT('',(-1.096201938253,-0.25,0.693412044417));
#15664=CARTESIAN_POINT('Origin',(-1.172050016982,-0.25,0.232635182233));
#15665=CARTESIAN_POINT('',(-1.172050016982,-0.25,0.232635182233));
#15666=CARTESIAN_POINT('Origin',(-1.270530792283,-0.25,0.25));
#15667=CARTESIAN_POINT('',(-1.270530792283,-0.25,0.15));
#15668=CARTESIAN_POINT('Origin',(-1.4,-0.25,0.15));
#15669=CARTESIAN_POINT('',(-1.4,-0.25,0.15));
#15670=CARTESIAN_POINT('Origin',(-1.4,-0.25,0.));
#15671=CARTESIAN_POINT('',(-1.4,-0.25,0.));
#15672=CARTESIAN_POINT('Origin',(-1.270530792283,-0.25,0.));
#15673=CARTESIAN_POINT('',(-1.270530792283,-0.25,0.));
#15674=CARTESIAN_POINT('Origin',(-1.270530792283,-0.25,0.25));
#15675=CARTESIAN_POINT('',(-1.02432885403,-0.25,0.206587955583));
#15676=CARTESIAN_POINT('Origin',(-0.948480775301,-0.25,0.667364817767));
#15677=CARTESIAN_POINT('Origin',(-1.172050016982,0.7,0.232635182233));
#15678=CARTESIAN_POINT('',(-1.172050016982,0.7,0.232635182233));
#15679=CARTESIAN_POINT('Origin',(-1.270530792283,0.7,0.25));
#15680=CARTESIAN_POINT('',(-1.270530792283,0.7,0.15));
#15681=CARTESIAN_POINT('Origin',(-1.4,0.7,0.15));
#15682=CARTESIAN_POINT('',(-1.4,0.7,0.15));
#15683=CARTESIAN_POINT('Origin',(-1.4,0.7,0.));
#15684=CARTESIAN_POINT('',(-1.4,0.7,0.));
#15685=CARTESIAN_POINT('Origin',(-1.270530792283,0.7,0.));
#15686=CARTESIAN_POINT('',(-1.270530792283,0.7,0.));
#15687=CARTESIAN_POINT('Origin',(-1.270530792283,0.7,0.25));
#15688=CARTESIAN_POINT('',(-1.02432885403,0.7,0.206587955583));
#15689=CARTESIAN_POINT('Origin',(-0.948480775301,0.7,0.667364817767));
#15690=CARTESIAN_POINT('Origin',(1.172050016982,1.2,0.232635182233));
#15691=CARTESIAN_POINT('',(1.172050016982,1.2,0.232635182233));
#15692=CARTESIAN_POINT('Origin',(1.270530792283,1.2,0.25));
#15693=CARTESIAN_POINT('',(1.270530792283,1.2,0.15));
#15694=CARTESIAN_POINT('Origin',(1.4,1.2,0.15));
#15695=CARTESIAN_POINT('',(1.4,1.2,0.15));
#15696=CARTESIAN_POINT('Origin',(1.4,1.2,0.));
#15697=CARTESIAN_POINT('',(1.4,1.2,0.));
#15698=CARTESIAN_POINT('Origin',(1.270530792283,1.2,0.));
#15699=CARTESIAN_POINT('',(1.270530792283,1.2,0.));
#15700=CARTESIAN_POINT('Origin',(1.270530792283,1.2,0.25));
#15701=CARTESIAN_POINT('',(1.02432885403,1.2,0.206587955583));
#15702=CARTESIAN_POINT('Origin',(0.948480775301,1.2,0.667364817767));
#15703=CARTESIAN_POINT('Origin',(0.85,0.25,0.65));
#15704=CARTESIAN_POINT('',(1.096201938253,0.25,0.693412044417));
#15705=CARTESIAN_POINT('Origin',(1.172050016982,0.25,0.232635182233));
#15706=CARTESIAN_POINT('',(1.172050016982,0.25,0.232635182233));
#15707=CARTESIAN_POINT('Origin',(1.270530792283,0.25,0.25));
#15708=CARTESIAN_POINT('',(1.270530792283,0.25,0.15));
#15709=CARTESIAN_POINT('Origin',(1.4,0.25,0.15));
#15710=CARTESIAN_POINT('',(1.4,0.25,0.15));
#15711=CARTESIAN_POINT('Origin',(1.4,0.25,0.));
#15712=CARTESIAN_POINT('',(1.4,0.25,0.));
#15713=CARTESIAN_POINT('Origin',(1.270530792283,0.25,0.));
#15714=CARTESIAN_POINT('',(1.270530792283,0.25,0.));
#15715=CARTESIAN_POINT('Origin',(1.270530792283,0.25,0.25));
#15716=CARTESIAN_POINT('',(1.02432885403,0.25,0.206587955583));
#15717=CARTESIAN_POINT('Origin',(0.948480775301,0.25,0.667364817767));
#15718=CARTESIAN_POINT('Origin',(0.85,-0.7,0.65));
#15719=CARTESIAN_POINT('',(1.096201938253,-0.7,0.693412044417));
#15720=CARTESIAN_POINT('Origin',(1.172050016982,-0.7,0.232635182233));
#15721=CARTESIAN_POINT('',(1.172050016982,-0.7,0.232635182233));
#15722=CARTESIAN_POINT('Origin',(1.270530792283,-0.7,0.25));
#15723=CARTESIAN_POINT('',(1.270530792283,-0.7,0.15));
#15724=CARTESIAN_POINT('Origin',(1.4,-0.7,0.15));
#15725=CARTESIAN_POINT('',(1.4,-0.7,0.15));
#15726=CARTESIAN_POINT('Origin',(1.4,-0.7,0.));
#15727=CARTESIAN_POINT('',(1.4,-0.7,0.));
#15728=CARTESIAN_POINT('Origin',(1.270530792283,-0.7,0.));
#15729=CARTESIAN_POINT('',(1.270530792283,-0.7,0.));
#15730=CARTESIAN_POINT('Origin',(1.270530792283,-0.7,0.25));
#15731=CARTESIAN_POINT('',(1.02432885403,-0.7,0.206587955583));
#15732=CARTESIAN_POINT('Origin',(0.948480775301,-0.7,0.667364817767));
#15733=CARTESIAN_POINT('Origin',(-0.333648457443,0.983648457443,1.55));
#15734=CARTESIAN_POINT('',(0.,0.,0.));
#15735=CARTESIAN_POINT('',(0.,0.,0.));
#15736=CARTESIAN_POINT('',(0.,0.,0.));
#15737=CARTESIAN_POINT('',(0.,0.,0.));
#15738=CARTESIAN_POINT('Origin',(-1.6,1.4,0.15));
#15739=CARTESIAN_POINT('',(-1.6,1.4,0.15));
#15740=CARTESIAN_POINT('',(-1.6,1.4,-0.83995));
#15741=CARTESIAN_POINT('',(-1.6,1.4,0.15));
#15742=CARTESIAN_POINT('',(-1.6,-0.586827201635,-0.83995));
#15743=CARTESIAN_POINT('',(-1.6,1.4,-0.83995));
#15744=CARTESIAN_POINT('',(-1.6,-0.586827201635,-0.34));
#15745=CARTESIAN_POINT('',(-1.6,-0.586827201635,-0.84));
#15746=CARTESIAN_POINT('',(-1.6,-1.4,-0.34));
#15747=CARTESIAN_POINT('',(-1.6,-0.586827201635,-0.34));
#15748=CARTESIAN_POINT('',(-1.6,-1.4,0.15));
#15749=CARTESIAN_POINT('',(-1.6,-1.4,0.15));
#15750=CARTESIAN_POINT('',(-1.6,1.4,0.15));
#15751=CARTESIAN_POINT('Origin',(-1.6814E-13,1.4,-0.02455333978938));
#15752=CARTESIAN_POINT('',(-1.555,1.4,0.15));
#15753=CARTESIAN_POINT('',(1.6,1.4,0.15));
#15754=CARTESIAN_POINT('',(1.555,1.4,0.15));
#15755=CARTESIAN_POINT('',(4.655694667823,1.4,0.15));
#15756=CARTESIAN_POINT('',(1.6,1.4,0.15));
#15757=CARTESIAN_POINT('',(1.6,1.4,0.15));
#15758=CARTESIAN_POINT('',(1.6,1.4,-0.83995));
#15759=CARTESIAN_POINT('',(1.6,1.4,-0.84));
#15760=CARTESIAN_POINT('',(-1.6,1.4,-0.83995));
#15761=CARTESIAN_POINT('Origin',(-1.59995,1.4,-0.83995));
#15762=CARTESIAN_POINT('',(-1.59995,1.39995,-0.84));
#15763=CARTESIAN_POINT('Origin',(-1.59995,1.39995,-0.83995));
#15764=CARTESIAN_POINT('',(-1.59995,-0.586877201635,-0.84));
#15765=CARTESIAN_POINT('',(-1.59995,1.4,-0.84));
#15766=CARTESIAN_POINT('Origin',(-1.59995,-0.586877201636,-0.83995));
#15767=CARTESIAN_POINT('Origin',(1.6,1.4,0.15));
#15768=CARTESIAN_POINT('',(-1.555,-1.4,0.15));
#15769=CARTESIAN_POINT('',(1.6,-1.4,0.15));
#15770=CARTESIAN_POINT('',(-1.555,1.4,0.15));
#15771=CARTESIAN_POINT('Origin',(-0.786827201636,-1.4,-0.84));
#15772=CARTESIAN_POINT('',(-0.786827201636,-1.4,-0.83995));
#15773=CARTESIAN_POINT('',(-0.786827201636,-1.4,-0.34));
#15774=CARTESIAN_POINT('',(-0.786827201636,-1.4,-0.84));
#15775=CARTESIAN_POINT('',(-0.786827201636,-1.4,-0.34));
#15776=CARTESIAN_POINT('',(-0.786877201636,-1.39995,-0.84));
#15777=CARTESIAN_POINT('',(-0.786827201636,-1.4,-0.84));
#15778=CARTESIAN_POINT('Origin',(-0.786877201636,-1.39995,-0.83995));
#15779=CARTESIAN_POINT('Origin',(-1.6822E-13,-1.4,-0.02455333978938));
#15780=CARTESIAN_POINT('',(1.6,-1.4,-0.83995));
#15781=CARTESIAN_POINT('',(1.6,-1.4,0.15));
#15782=CARTESIAN_POINT('',(1.6,-1.4,-0.84));
#15783=CARTESIAN_POINT('',(1.555,-1.4,0.15));
#15784=CARTESIAN_POINT('',(1.6,-1.4,0.15));
#15785=CARTESIAN_POINT('',(4.655694667823,-1.4,0.15));
#15786=CARTESIAN_POINT('',(-1.6,-1.4,-0.34));
#15787=CARTESIAN_POINT('',(-0.786827201636,-1.4,-0.83995));
#15788=CARTESIAN_POINT('Origin',(-1.3125,-1.1125,-0.34));
#15789=CARTESIAN_POINT('Origin',(-1.6,1.39995,-0.83995));
#15790=CARTESIAN_POINT('',(1.59995,1.39995,-0.84));
#15791=CARTESIAN_POINT('Origin',(1.59995,1.39995,-0.83995));
#15792=CARTESIAN_POINT('',(-1.6,1.39995,-0.84));
#15793=CARTESIAN_POINT('Origin',(1.6,1.4,-0.84));
#15794=CARTESIAN_POINT('',(1.6,1.4,0.15));
#15795=CARTESIAN_POINT('',(1.6,1.4,-0.83995));
#15796=CARTESIAN_POINT('Origin',(4.655694667823,1.4,0.15));
#15797=CARTESIAN_POINT('',(1.464049765445,1.313472197661,0.640723552549));
#15798=CARTESIAN_POINT('',(1.604984244352,1.447553773077,-0.119690848846));
#15799=CARTESIAN_POINT('',(-1.464049765445,1.313472197661,0.640723552549));
#15800=CARTESIAN_POINT('',(-1.454881506202,1.304749742711,0.690191052756));
#15801=CARTESIAN_POINT('',(-1.365724274689,1.299052803596,0.7225));
#15802=CARTESIAN_POINT('Origin',(-1.365724274689,1.316685501658,0.6225));
#15803=CARTESIAN_POINT('',(-0.794,1.299052803596,0.7225));
#15804=CARTESIAN_POINT('',(1.644985196567,1.299052803596,0.7225));
#15805=CARTESIAN_POINT('',(-0.755580934477,1.273770705299,0.86588190451));
#15806=CARTESIAN_POINT('',(-0.690485079301,1.230933645445,1.108822943391));
#15807=CARTESIAN_POINT('',(-0.658988351848,1.260701685312,0.94));
#15808=CARTESIAN_POINT('Origin',(-0.658988351848,1.278334383374,0.84));
#15809=CARTESIAN_POINT('',(0.658988351848,1.260701685312,0.94));
#15810=CARTESIAN_POINT('',(4.655694667823,1.260701685312,0.94));
#15811=CARTESIAN_POINT('',(0.755580934477,1.273770705299,0.86588190451));
#15812=CARTESIAN_POINT('Origin',(0.658988351848,1.278334383374,0.84));
#15813=CARTESIAN_POINT('',(0.794,1.299052803596,0.7225));
#15814=CARTESIAN_POINT('',(0.993565578779,1.430379177906,-0.0222888794447));
#15815=CARTESIAN_POINT('',(1.365724274689,1.299052803596,0.7225));
#15816=CARTESIAN_POINT('',(3.010709471256,1.299052803596,0.7225));
#15817=CARTESIAN_POINT('Origin',(1.365724274689,1.316685501658,0.6225));
#15818=CARTESIAN_POINT('Origin',(1.6,1.4,0.15));
#15819=CARTESIAN_POINT('',(1.555,1.4,0.15));
#15820=CARTESIAN_POINT('Origin',(-1.6,1.4,-0.84));
#15821=CARTESIAN_POINT('',(1.59995,-1.39995,-0.84));
#15822=CARTESIAN_POINT('',(1.59995,1.4,-0.84));
#15823=CARTESIAN_POINT('',(-0.786827201636,-1.39995,-0.84));
#15824=CARTESIAN_POINT('',(-1.19999999999981,-4.08423841023528E-17,-0.840000000000057));
#15825=CARTESIAN_POINT('Origin',(0.,-1.9E-16,-0.84));
#15826=CARTESIAN_POINT('Origin',(-1.555,1.4,0.15));
#15827=CARTESIAN_POINT('',(-1.464049765445,-1.313472197661,0.640723552549));
#15828=CARTESIAN_POINT('',(-1.411939333921,-1.263895622726,0.9218862808));
#15829=CARTESIAN_POINT('',(-1.464049765445,1.4,0.640723552549));
#15830=CARTESIAN_POINT('Origin',(-0.786827201636,-1.39995,-0.83995));
#15831=CARTESIAN_POINT('Origin',(1.59995,-1.39995,-0.83995));
#15832=CARTESIAN_POINT('Origin',(4.655694667823,-1.4,0.15));
#15833=CARTESIAN_POINT('',(1.464049765445,-1.313472197661,0.640723552549));
#15834=CARTESIAN_POINT('',(1.562042072071,-1.406699653093,0.112004379198));
#15835=CARTESIAN_POINT('',(1.365724274689,-1.299052803596,0.7225));
#15836=CARTESIAN_POINT('Origin',(1.365724274689,-1.316685501658,0.6225));
#15837=CARTESIAN_POINT('',(0.794,-1.299052803596,0.7225));
#15838=CARTESIAN_POINT('',(3.010709471256,-1.299052803596,0.7225));
#15839=CARTESIAN_POINT('',(0.755580934477,-1.273770705299,0.86588190451));
#15840=CARTESIAN_POINT('',(0.933590910041,-1.390912172404,0.201539631451));
#15841=CARTESIAN_POINT('',(0.658988351848,-1.260701685312,0.94));
#15842=CARTESIAN_POINT('Origin',(0.658988351848,-1.278334383374,0.84));
#15843=CARTESIAN_POINT('',(-0.658988351848,-1.260701685312,0.94));
#15844=CARTESIAN_POINT('',(4.655694667823,-1.260701685312,0.94));
#15845=CARTESIAN_POINT('',(-0.755580934477,-1.273770705299,0.86588190451));
#15846=CARTESIAN_POINT('Origin',(-0.658988351848,-1.278334383374,0.84));
#15847=CARTESIAN_POINT('',(-0.794,-1.299052803596,0.7225));
#15848=CARTESIAN_POINT('',(-0.630510410563,-1.191466639943,1.332651454287));
#15849=CARTESIAN_POINT('',(-1.365724274689,-1.299052803596,0.7225));
#15850=CARTESIAN_POINT('',(1.644985196567,-1.299052803596,0.7225));
#15851=CARTESIAN_POINT('Origin',(-1.365724274689,-1.316685501658,0.6225));
#15852=CARTESIAN_POINT('Origin',(1.59995,1.4,-0.83995));
#15853=CARTESIAN_POINT('Origin',(1.555,1.4,0.15));
#15854=CARTESIAN_POINT('',(1.464049765445,1.4,0.640723552549));
#15855=CARTESIAN_POINT('Origin',(1.365724274689,1.4,0.6225));
#15856=CARTESIAN_POINT('',(1.365724274689,1.4,0.7225));
#15857=CARTESIAN_POINT('Origin',(1.365724274689,1.4,0.7225));
#15858=CARTESIAN_POINT('',(0.794,1.4,0.7225));
#15859=CARTESIAN_POINT('Origin',(0.794,1.4,0.7225));
#15860=CARTESIAN_POINT('',(0.755580934477,1.4,0.86588190451));
#15861=CARTESIAN_POINT('Origin',(0.658988351848,1.4,0.84));
#15862=CARTESIAN_POINT('',(0.658988351848,1.4,0.94));
#15863=CARTESIAN_POINT('Origin',(0.,2.4E-16,0.94));
#15864=CARTESIAN_POINT('',(-0.658988351848,1.4,0.94));
#15865=CARTESIAN_POINT('',(-0.475,2.68170722959499E-16,0.94));
#15866=CARTESIAN_POINT('Origin',(0.,2.1E-16,0.94));
#15867=CARTESIAN_POINT('Origin',(-0.658988351848,1.4,0.84));
#15868=CARTESIAN_POINT('',(-0.755580934477,1.4,0.86588190451));
#15869=CARTESIAN_POINT('Origin',(-0.794,1.4,0.7225));
#15870=CARTESIAN_POINT('',(-0.794,1.4,0.7225));
#15871=CARTESIAN_POINT('Origin',(-1.365724274689,1.4,0.7225));
#15872=CARTESIAN_POINT('',(-1.365724274689,1.4,0.7225));
#15873=CARTESIAN_POINT('Origin',(-1.365724274689,1.4,0.6225));
#15874=CARTESIAN_POINT('Origin',(0.,3.E-17,0.15));
#15875=CARTESIAN_POINT('',(-0.9,1.40218211923262E-16,0.15));
#15876=CARTESIAN_POINT('Origin',(0.,3.E-17,0.15));
#15877=CARTESIAN_POINT('',(-0.9,1.40218211923262E-16,0.15));
#15878=CARTESIAN_POINT('Origin',(0.,2.1E-16,0.94));
#15879=CARTESIAN_POINT('',(-0.475,2.35170722959499E-16,0.79));
#15880=CARTESIAN_POINT('',(-0.475,2.68170722959499E-16,0.94));
#15881=CARTESIAN_POINT('Origin',(0.,1.8E-16,0.79));
#15882=CARTESIAN_POINT('Origin',(0.,3.E-17,0.15));
#15883=CARTESIAN_POINT('Origin',(0.,1.8E-16,0.79));
#15884=CARTESIAN_POINT('',(0.,0.,0.));
#15885=CARTESIAN_POINT('Origin',(-2.94,1.09,0.));
#15886=CARTESIAN_POINT('',(-2.94,1.09,0.));
#15887=CARTESIAN_POINT('',(-2.94,1.09,0.15));
#15888=CARTESIAN_POINT('',(-2.94,1.09,0.));
#15889=CARTESIAN_POINT('',(-2.94,0.41,0.));
#15890=CARTESIAN_POINT('',(-2.94,1.09,0.));
#15891=CARTESIAN_POINT('',(-2.94,0.41,0.15));
#15892=CARTESIAN_POINT('',(-2.94,0.41,0.));
#15893=CARTESIAN_POINT('',(-2.94,1.09,0.15));
#15894=CARTESIAN_POINT('Origin',(-2.94,0.41,0.));
#15895=CARTESIAN_POINT('',(-1.6,0.41,0.));
#15896=CARTESIAN_POINT('',(-2.94,0.41,0.));
#15897=CARTESIAN_POINT('',(-1.6,0.41,0.15));
#15898=CARTESIAN_POINT('',(-1.6,0.41,0.));
#15899=CARTESIAN_POINT('',(-2.94,0.41,0.15));
#15900=CARTESIAN_POINT('Origin',(-1.6,0.41,0.));
#15901=CARTESIAN_POINT('',(-1.6,1.09,0.));
#15902=CARTESIAN_POINT('',(-1.6,0.41,0.));
#15903=CARTESIAN_POINT('',(-1.6,1.09,0.15));
#15904=CARTESIAN_POINT('',(-1.6,1.09,0.));
#15905=CARTESIAN_POINT('',(-1.6,0.41,0.15));
#15906=CARTESIAN_POINT('Origin',(-1.6,1.09,0.));
#15907=CARTESIAN_POINT('',(-1.6,1.09,0.));
#15908=CARTESIAN_POINT('',(-1.6,1.09,0.15));
#15909=CARTESIAN_POINT('Origin',(-2.27,0.75,0.));
#15910=CARTESIAN_POINT('Origin',(-2.27,0.75,0.15));
#15911=CARTESIAN_POINT('',(0.,0.,0.));
#15912=CARTESIAN_POINT('Origin',(-2.94186252285,-0.751760725813,0.));
#15913=CARTESIAN_POINT('',(-2.94186252285,-0.751760725813,0.));
#15914=CARTESIAN_POINT('',(-2.94186252285,-0.751760725813,0.15));
#15915=CARTESIAN_POINT('',(-2.94186252285,-0.751760725813,0.));
#15916=CARTESIAN_POINT('',(-2.94186252285,-0.41,0.15));
#15917=CARTESIAN_POINT('',(-2.94186252285,-0.751760725813,0.15));
#15918=CARTESIAN_POINT('',(-2.94186252285,-0.41,0.));
#15919=CARTESIAN_POINT('',(-2.94186252285,-0.41,0.));
#15920=CARTESIAN_POINT('',(-2.94186252285,-0.751760725813,0.));
#15921=CARTESIAN_POINT('Origin',(-2.94186252285,-0.41,0.));
#15922=CARTESIAN_POINT('',(-1.6,-0.41,0.15));
#15923=CARTESIAN_POINT('',(-2.94186252285,-0.41,0.15));
#15924=CARTESIAN_POINT('',(-1.6,-0.41,0.));
#15925=CARTESIAN_POINT('',(-1.6,-0.41,0.));
#15926=CARTESIAN_POINT('',(-2.94186252285,-0.41,0.));
#15927=CARTESIAN_POINT('Origin',(-1.6,-0.41,0.));
#15928=CARTESIAN_POINT('',(-1.6,-1.093521451625,0.15));
#15929=CARTESIAN_POINT('',(-1.6,-0.41,0.15));
#15930=CARTESIAN_POINT('',(-1.6,-1.093521451625,0.));
#15931=CARTESIAN_POINT('',(-1.6,-1.093521451625,0.));
#15932=CARTESIAN_POINT('',(-1.6,-0.41,0.));
#15933=CARTESIAN_POINT('Origin',(-1.6,-1.093521451625,0.));
#15934=CARTESIAN_POINT('',(-2.600101797037,-1.093521451625,0.15));
#15935=CARTESIAN_POINT('',(-1.6,-1.093521451625,0.15));
#15936=CARTESIAN_POINT('',(-2.600101797037,-1.093521451625,0.));
#15937=CARTESIAN_POINT('',(-2.600101797037,-1.093521451625,0.));
#15938=CARTESIAN_POINT('',(-1.6,-1.093521451625,0.));
#15939=CARTESIAN_POINT('Origin',(-2.94186252285,-0.751760725813,0.));
#15940=CARTESIAN_POINT('',(-2.94186252285,-0.751760725813,0.));
#15941=CARTESIAN_POINT('',(-2.94186252285,-0.751760725813,0.15));
#15942=CARTESIAN_POINT('Origin',(-2.229765974031,-0.727709673488,0.));
#15943=CARTESIAN_POINT('Origin',(-2.229765974031,-0.727709673488,0.15));
#15944=CARTESIAN_POINT('',(0.,0.,0.));
#15945=CARTESIAN_POINT('Origin',(2.94,1.09,0.));
#15946=CARTESIAN_POINT('',(2.94,1.09,0.));
#15947=CARTESIAN_POINT('',(2.94,1.09,0.15));
#15948=CARTESIAN_POINT('',(2.94,1.09,0.));
#15949=CARTESIAN_POINT('',(2.94,0.41,0.15));
#15950=CARTESIAN_POINT('',(2.94,1.09,0.15));
#15951=CARTESIAN_POINT('',(2.94,0.41,0.));
#15952=CARTESIAN_POINT('',(2.94,0.41,0.));
#15953=CARTESIAN_POINT('',(2.94,1.09,0.));
#15954=CARTESIAN_POINT('Origin',(2.94,0.41,0.));
#15955=CARTESIAN_POINT('',(1.6,0.41,0.15));
#15956=CARTESIAN_POINT('',(2.94,0.41,0.15));
#15957=CARTESIAN_POINT('',(1.6,0.41,0.));
#15958=CARTESIAN_POINT('',(1.6,0.41,0.));
#15959=CARTESIAN_POINT('',(2.94,0.41,0.));
#15960=CARTESIAN_POINT('Origin',(1.6,0.41,0.));
#15961=CARTESIAN_POINT('',(1.6,1.09,0.15));
#15962=CARTESIAN_POINT('',(1.6,0.41,0.15));
#15963=CARTESIAN_POINT('',(1.6,1.09,0.));
#15964=CARTESIAN_POINT('',(1.6,1.09,0.));
#15965=CARTESIAN_POINT('',(1.6,0.41,0.));
#15966=CARTESIAN_POINT('Origin',(1.6,1.09,0.));
#15967=CARTESIAN_POINT('',(1.6,1.09,0.15));
#15968=CARTESIAN_POINT('',(1.6,1.09,0.));
#15969=CARTESIAN_POINT('Origin',(2.27,0.75,0.));
#15970=CARTESIAN_POINT('Origin',(2.27,0.75,0.15));
#15971=CARTESIAN_POINT('',(0.,0.,0.));
#15972=CARTESIAN_POINT('Origin',(2.94,-1.09,0.));
#15973=CARTESIAN_POINT('',(2.94,-1.09,0.));
#15974=CARTESIAN_POINT('',(2.94,-1.09,0.15));
#15975=CARTESIAN_POINT('',(2.94,-1.09,0.));
#15976=CARTESIAN_POINT('',(2.94,-0.41,0.));
#15977=CARTESIAN_POINT('',(2.94,-1.09,0.));
#15978=CARTESIAN_POINT('',(2.94,-0.41,0.15));
#15979=CARTESIAN_POINT('',(2.94,-0.41,0.));
#15980=CARTESIAN_POINT('',(2.94,-1.09,0.15));
#15981=CARTESIAN_POINT('Origin',(2.94,-0.41,0.));
#15982=CARTESIAN_POINT('',(1.6,-0.41,0.));
#15983=CARTESIAN_POINT('',(2.94,-0.41,0.));
#15984=CARTESIAN_POINT('',(1.6,-0.41,0.15));
#15985=CARTESIAN_POINT('',(1.6,-0.41,0.));
#15986=CARTESIAN_POINT('',(2.94,-0.41,0.15));
#15987=CARTESIAN_POINT('Origin',(1.6,-0.41,0.));
#15988=CARTESIAN_POINT('',(1.6,-1.09,0.));
#15989=CARTESIAN_POINT('',(1.6,-0.41,0.));
#15990=CARTESIAN_POINT('',(1.6,-1.09,0.15));
#15991=CARTESIAN_POINT('',(1.6,-1.09,0.));
#15992=CARTESIAN_POINT('',(1.6,-0.41,0.15));
#15993=CARTESIAN_POINT('Origin',(1.6,-1.09,0.));
#15994=CARTESIAN_POINT('',(1.6,-1.09,0.));
#15995=CARTESIAN_POINT('',(1.6,-1.09,0.15));
#15996=CARTESIAN_POINT('Origin',(2.27,-0.75,0.));
#15997=CARTESIAN_POINT('Origin',(2.27,-0.75,0.15));
#15998=CARTESIAN_POINT('',(0.,0.,0.));
#15999=CARTESIAN_POINT('',(0.,0.,0.));
#16000=CARTESIAN_POINT('',(0.,0.,0.));
#16001=CARTESIAN_POINT('',(0.,0.,0.));
#16002=CARTESIAN_POINT('',(0.,0.,0.));
#16003=CARTESIAN_POINT('',(0.,0.,0.));
#16004=CARTESIAN_POINT('',(0.,0.,0.));
#16005=CARTESIAN_POINT('Origin',(116.,-80.,0.));
#16006=CARTESIAN_POINT('',(116.,-80.,0.));
#16007=CARTESIAN_POINT('',(116.,-80.,1.51));
#16008=CARTESIAN_POINT('',(116.,-80.,0.));
#16009=CARTESIAN_POINT('',(116.,-81.,1.51));
#16010=CARTESIAN_POINT('',(116.,-80.,1.51));
#16011=CARTESIAN_POINT('',(116.,-81.,0.));
#16012=CARTESIAN_POINT('',(116.,-81.,0.));
#16013=CARTESIAN_POINT('',(116.,-80.,0.));
#16014=CARTESIAN_POINT('Origin',(115.,-79.,0.));
#16015=CARTESIAN_POINT('',(115.,-79.,0.));
#16016=CARTESIAN_POINT('',(115.,-79.,1.51));
#16017=CARTESIAN_POINT('',(115.,-79.,0.));
#16018=CARTESIAN_POINT('',(115.,-79.,1.51));
#16019=CARTESIAN_POINT('',(115.,-79.,0.));
#16020=CARTESIAN_POINT('Origin',(116.,-84.,0.));
#16021=CARTESIAN_POINT('',(116.,-87.,1.51));
#16022=CARTESIAN_POINT('Origin',(116.,-84.,1.51));
#16023=CARTESIAN_POINT('',(116.,-87.,0.));
#16024=CARTESIAN_POINT('',(116.,-87.,0.));
#16025=CARTESIAN_POINT('Origin',(116.,-84.,0.));
#16026=CARTESIAN_POINT('Origin',(0.,0.,0.));
#16027=CARTESIAN_POINT('',(116.,-92.,0.));
#16028=CARTESIAN_POINT('',(116.,-87.,0.));
#16029=CARTESIAN_POINT('',(115.,-93.,0.));
#16030=CARTESIAN_POINT('',(116.,-92.,0.));
#16031=CARTESIAN_POINT('',(115.,-95.,0.));
#16032=CARTESIAN_POINT('',(115.,-93.,0.));
#16033=CARTESIAN_POINT('',(116.,-96.,0.));
#16034=CARTESIAN_POINT('',(115.,-95.,0.));
#16035=CARTESIAN_POINT('',(116.,-99.,0.));
#16036=CARTESIAN_POINT('',(116.,-96.,0.));
#16037=CARTESIAN_POINT('',(115.,-100.,0.));
#16038=CARTESIAN_POINT('',(116.,-99.,0.));
#16039=CARTESIAN_POINT('',(101.,-100.,0.));
#16040=CARTESIAN_POINT('',(115.,-100.,0.));
#16041=CARTESIAN_POINT('',(100.,-99.,0.));
#16042=CARTESIAN_POINT('',(101.,-100.,0.));
#16043=CARTESIAN_POINT('',(100.,-96.,0.));
#16044=CARTESIAN_POINT('',(100.,-99.,0.));
#16045=CARTESIAN_POINT('',(101.,-95.,0.));
#16046=CARTESIAN_POINT('',(100.,-96.,0.));
#16047=CARTESIAN_POINT('',(101.,-93.,0.));
#16048=CARTESIAN_POINT('',(101.,-95.,0.));
#16049=CARTESIAN_POINT('',(100.,-92.,0.));
#16050=CARTESIAN_POINT('',(101.,-93.,0.));
#16051=CARTESIAN_POINT('',(100.,-87.,0.));
#16052=CARTESIAN_POINT('',(100.,-92.,0.));
#16053=CARTESIAN_POINT('',(100.,-81.,0.));
#16054=CARTESIAN_POINT('Origin',(100.,-84.,0.));
#16055=CARTESIAN_POINT('',(100.,-80.,0.));
#16056=CARTESIAN_POINT('',(100.,-81.,0.));
#16057=CARTESIAN_POINT('',(101.,-79.,0.));
#16058=CARTESIAN_POINT('',(100.,-80.,0.));
#16059=CARTESIAN_POINT('',(101.,-79.,0.));
#16060=CARTESIAN_POINT('',(109.703934,-96.493345,0.));
#16061=CARTESIAN_POINT('',(109.016655,-95.806066,0.));
#16062=CARTESIAN_POINT('Origin',(109.27715788946,-96.23284211054,0.));
#16063=CARTESIAN_POINT('',(108.860353,-95.85,0.));
#16064=CARTESIAN_POINT('Origin',(108.86036269949,-95.55003323781,0.));
#16065=CARTESIAN_POINT('',(107.96,-95.85,0.));
#16066=CARTESIAN_POINT('',(108.860353,-95.85,0.));
#16067=CARTESIAN_POINT('',(107.059647,-95.85,0.));
#16068=CARTESIAN_POINT('',(107.96,-95.85,0.));
#16069=CARTESIAN_POINT('',(106.903345,-95.806066,0.));
#16070=CARTESIAN_POINT('Origin',(107.05964428203,-95.55000839993,0.));
#16071=CARTESIAN_POINT('',(106.216066,-96.493345,0.));
#16072=CARTESIAN_POINT('Origin',(106.64284211054,-96.23284211054,0.));
#16073=CARTESIAN_POINT('',(106.26,-96.649647,0.));
#16074=CARTESIAN_POINT('Origin',(105.96000839993,-96.64964428203,0.));
#16075=CARTESIAN_POINT('',(106.26,-97.35,0.));
#16076=CARTESIAN_POINT('',(106.26,-96.649647,0.));
#16077=CARTESIAN_POINT('',(106.26,-98.050353,0.));
#16078=CARTESIAN_POINT('',(106.26,-97.35,0.));
#16079=CARTESIAN_POINT('',(106.216066,-98.206655,0.));
#16080=CARTESIAN_POINT('Origin',(105.96000839993,-98.05035571796,0.));
#16081=CARTESIAN_POINT('',(106.903345,-98.893934,0.));
#16082=CARTESIAN_POINT('Origin',(106.64284211054,-98.46715788946,0.));
#16083=CARTESIAN_POINT('',(107.059647,-98.85,0.));
#16084=CARTESIAN_POINT('Origin',(107.05964428203,-99.14999160006,0.));
#16085=CARTESIAN_POINT('',(107.96,-98.85,0.));
#16086=CARTESIAN_POINT('',(107.059647,-98.85,0.));
#16087=CARTESIAN_POINT('',(108.860353,-98.85,0.));
#16088=CARTESIAN_POINT('',(107.96,-98.85,0.));
#16089=CARTESIAN_POINT('',(109.016655,-98.893934,0.));
#16090=CARTESIAN_POINT('Origin',(108.8603467723,-99.15002342561,0.));
#16091=CARTESIAN_POINT('',(109.703934,-98.206655,0.));
#16092=CARTESIAN_POINT('Origin',(109.27716050432,-98.46716050432,0.));
#16093=CARTESIAN_POINT('',(109.66,-98.050353,0.));
#16094=CARTESIAN_POINT('Origin',(109.95996676218,-98.05036269949,0.));
#16095=CARTESIAN_POINT('',(109.66,-97.35,0.));
#16096=CARTESIAN_POINT('',(109.66,-98.050353,0.));
#16097=CARTESIAN_POINT('',(109.66,-96.649647,0.));
#16098=CARTESIAN_POINT('',(109.66,-97.35,0.));
#16099=CARTESIAN_POINT('Origin',(109.95968377174,-96.6495577564,0.));
#16100=CARTESIAN_POINT('',(102.35,-89.06,0.));
#16101=CARTESIAN_POINT('Origin',(102.35,-89.56,0.));
#16102=CARTESIAN_POINT('',(113.7,-89.06,0.));
#16103=CARTESIAN_POINT('Origin',(113.7,-89.56,0.));
#16104=CARTESIAN_POINT('Origin',(0.,0.,1.51));
#16105=CARTESIAN_POINT('',(101.,-79.,1.51));
#16106=CARTESIAN_POINT('',(101.,-79.,1.51));
#16107=CARTESIAN_POINT('',(100.,-80.,1.51));
#16108=CARTESIAN_POINT('',(100.,-80.,1.51));
#16109=CARTESIAN_POINT('',(100.,-81.,1.51));
#16110=CARTESIAN_POINT('',(100.,-81.,1.51));
#16111=CARTESIAN_POINT('',(100.,-87.,1.51));
#16112=CARTESIAN_POINT('Origin',(100.,-84.,1.51));
#16113=CARTESIAN_POINT('',(100.,-92.,1.51));
#16114=CARTESIAN_POINT('',(100.,-92.,1.51));
#16115=CARTESIAN_POINT('',(101.,-93.,1.51));
#16116=CARTESIAN_POINT('',(101.,-93.,1.51));
#16117=CARTESIAN_POINT('',(101.,-95.,1.51));
#16118=CARTESIAN_POINT('',(101.,-95.,1.51));
#16119=CARTESIAN_POINT('',(100.,-96.,1.51));
#16120=CARTESIAN_POINT('',(100.,-96.,1.51));
#16121=CARTESIAN_POINT('',(100.,-99.,1.51));
#16122=CARTESIAN_POINT('',(100.,-99.,1.51));
#16123=CARTESIAN_POINT('',(101.,-100.,1.51));
#16124=CARTESIAN_POINT('',(101.,-100.,1.51));
#16125=CARTESIAN_POINT('',(115.,-100.,1.51));
#16126=CARTESIAN_POINT('',(115.,-100.,1.51));
#16127=CARTESIAN_POINT('',(116.,-99.,1.51));
#16128=CARTESIAN_POINT('',(116.,-99.,1.51));
#16129=CARTESIAN_POINT('',(116.,-96.,1.51));
#16130=CARTESIAN_POINT('',(116.,-96.,1.51));
#16131=CARTESIAN_POINT('',(115.,-95.,1.51));
#16132=CARTESIAN_POINT('',(115.,-95.,1.51));
#16133=CARTESIAN_POINT('',(115.,-93.,1.51));
#16134=CARTESIAN_POINT('',(115.,-93.,1.51));
#16135=CARTESIAN_POINT('',(116.,-92.,1.51));
#16136=CARTESIAN_POINT('',(116.,-92.,1.51));
#16137=CARTESIAN_POINT('',(116.,-87.,1.51));
#16138=CARTESIAN_POINT('',(109.703934,-96.493345,1.51));
#16139=CARTESIAN_POINT('',(109.016655,-95.806066,1.51));
#16140=CARTESIAN_POINT('Origin',(109.27715788946,-96.23284211054,1.51));
#16141=CARTESIAN_POINT('',(109.66,-96.649647,1.51));
#16142=CARTESIAN_POINT('Origin',(109.95968377174,-96.6495577564,1.51));
#16143=CARTESIAN_POINT('',(109.66,-97.35,1.51));
#16144=CARTESIAN_POINT('',(109.66,-97.35,1.51));
#16145=CARTESIAN_POINT('',(109.66,-98.050353,1.51));
#16146=CARTESIAN_POINT('',(109.66,-98.050353,1.51));
#16147=CARTESIAN_POINT('',(109.703934,-98.206655,1.51));
#16148=CARTESIAN_POINT('Origin',(109.95996676218,-98.05036269949,1.51));
#16149=CARTESIAN_POINT('',(109.016655,-98.893934,1.51));
#16150=CARTESIAN_POINT('Origin',(109.27716050432,-98.46716050432,1.51));
#16151=CARTESIAN_POINT('',(108.860353,-98.85,1.51));
#16152=CARTESIAN_POINT('Origin',(108.8603467723,-99.15002342561,1.51));
#16153=CARTESIAN_POINT('',(107.96,-98.85,1.51));
#16154=CARTESIAN_POINT('',(107.96,-98.85,1.51));
#16155=CARTESIAN_POINT('',(107.059647,-98.85,1.51));
#16156=CARTESIAN_POINT('',(107.059647,-98.85,1.51));
#16157=CARTESIAN_POINT('',(106.903345,-98.893934,1.51));
#16158=CARTESIAN_POINT('Origin',(107.05964428203,-99.14999160006,1.51));
#16159=CARTESIAN_POINT('',(106.216066,-98.206655,1.51));
#16160=CARTESIAN_POINT('Origin',(106.64284211054,-98.46715788946,1.51));
#16161=CARTESIAN_POINT('',(106.26,-98.050353,1.51));
#16162=CARTESIAN_POINT('Origin',(105.96000839993,-98.05035571796,1.51));
#16163=CARTESIAN_POINT('',(106.26,-97.35,1.51));
#16164=CARTESIAN_POINT('',(106.26,-97.35,1.51));
#16165=CARTESIAN_POINT('',(106.26,-96.649647,1.51));
#16166=CARTESIAN_POINT('',(106.26,-96.649647,1.51));
#16167=CARTESIAN_POINT('',(106.216066,-96.493345,1.51));
#16168=CARTESIAN_POINT('Origin',(105.96000839993,-96.64964428203,1.51));
#16169=CARTESIAN_POINT('',(106.903345,-95.806066,1.51));
#16170=CARTESIAN_POINT('Origin',(106.64284211054,-96.23284211054,1.51));
#16171=CARTESIAN_POINT('',(107.059647,-95.85,1.51));
#16172=CARTESIAN_POINT('Origin',(107.05964428203,-95.55000839993,1.51));
#16173=CARTESIAN_POINT('',(107.96,-95.85,1.51));
#16174=CARTESIAN_POINT('',(107.96,-95.85,1.51));
#16175=CARTESIAN_POINT('',(108.860353,-95.85,1.51));
#16176=CARTESIAN_POINT('',(108.860353,-95.85,1.51));
#16177=CARTESIAN_POINT('Origin',(108.86036269949,-95.55003323781,1.51));
#16178=CARTESIAN_POINT('',(102.35,-89.06,1.51));
#16179=CARTESIAN_POINT('Origin',(102.35,-89.56,1.51));
#16180=CARTESIAN_POINT('',(113.7,-89.06,1.51));
#16181=CARTESIAN_POINT('Origin',(113.7,-89.56,1.51));
#16182=CARTESIAN_POINT('Origin',(101.,-79.,0.));
#16183=CARTESIAN_POINT('',(101.,-79.,0.));
#16184=CARTESIAN_POINT('Origin',(116.,-87.,0.));
#16185=CARTESIAN_POINT('',(116.,-92.,0.));
#16186=CARTESIAN_POINT('Origin',(100.,-80.,0.));
#16187=CARTESIAN_POINT('',(100.,-80.,0.));
#16188=CARTESIAN_POINT('Origin',(116.,-92.,0.));
#16189=CARTESIAN_POINT('',(115.,-93.,0.));
#16190=CARTESIAN_POINT('Origin',(100.,-81.,0.));
#16191=CARTESIAN_POINT('',(100.,-81.,0.));
#16192=CARTESIAN_POINT('Origin',(115.,-93.,0.));
#16193=CARTESIAN_POINT('',(115.,-95.,0.));
#16194=CARTESIAN_POINT('Origin',(100.,-84.,0.));
#16195=CARTESIAN_POINT('',(100.,-87.,0.));
#16196=CARTESIAN_POINT('Origin',(115.,-95.,0.));
#16197=CARTESIAN_POINT('',(116.,-96.,0.));
#16198=CARTESIAN_POINT('Origin',(100.,-92.,0.));
#16199=CARTESIAN_POINT('',(100.,-92.,0.));
#16200=CARTESIAN_POINT('Origin',(116.,-96.,0.));
#16201=CARTESIAN_POINT('',(116.,-99.,0.));
#16202=CARTESIAN_POINT('Origin',(101.,-93.,0.));
#16203=CARTESIAN_POINT('',(101.,-93.,0.));
#16204=CARTESIAN_POINT('Origin',(116.,-99.,0.));
#16205=CARTESIAN_POINT('',(115.,-100.,0.));
#16206=CARTESIAN_POINT('Origin',(101.,-95.,0.));
#16207=CARTESIAN_POINT('',(101.,-95.,0.));
#16208=CARTESIAN_POINT('Origin',(115.,-100.,0.));
#16209=CARTESIAN_POINT('',(101.,-100.,0.));
#16210=CARTESIAN_POINT('Origin',(100.,-96.,0.));
#16211=CARTESIAN_POINT('',(100.,-96.,0.));
#16212=CARTESIAN_POINT('Origin',(101.,-100.,0.));
#16213=CARTESIAN_POINT('',(100.,-99.,0.));
#16214=CARTESIAN_POINT('Origin',(100.,-99.,0.));
#16215=CARTESIAN_POINT('Origin',(109.27715788946,-96.23284211054,0.));
#16216=CARTESIAN_POINT('',(109.703934,-96.493345,0.));
#16217=CARTESIAN_POINT('',(109.016655,-95.806066,0.));
#16218=CARTESIAN_POINT('Origin',(109.95968377174,-96.6495577564,0.));
#16219=CARTESIAN_POINT('',(109.66,-96.649647,0.));
#16220=CARTESIAN_POINT('Origin',(108.86036269949,-95.55003323781,0.));
#16221=CARTESIAN_POINT('',(108.860353,-95.85,0.));
#16222=CARTESIAN_POINT('Origin',(109.66,-97.35,0.));
#16223=CARTESIAN_POINT('',(109.66,-97.35,0.));
#16224=CARTESIAN_POINT('Origin',(108.860353,-95.85,0.));
#16225=CARTESIAN_POINT('',(107.96,-95.85,0.));
#16226=CARTESIAN_POINT('Origin',(109.66,-98.050353,0.));
#16227=CARTESIAN_POINT('',(109.66,-98.050353,0.));
#16228=CARTESIAN_POINT('Origin',(107.96,-95.85,0.));
#16229=CARTESIAN_POINT('',(107.059647,-95.85,0.));
#16230=CARTESIAN_POINT('Origin',(109.95996676218,-98.05036269949,0.));
#16231=CARTESIAN_POINT('',(109.703934,-98.206655,0.));
#16232=CARTESIAN_POINT('Origin',(107.05964428203,-95.55000839993,0.));
#16233=CARTESIAN_POINT('',(106.903345,-95.806066,0.));
#16234=CARTESIAN_POINT('Origin',(109.27716050432,-98.46716050432,0.));
#16235=CARTESIAN_POINT('',(109.016655,-98.893934,0.));
#16236=CARTESIAN_POINT('Origin',(106.64284211054,-96.23284211054,0.));
#16237=CARTESIAN_POINT('',(106.216066,-96.493345,0.));
#16238=CARTESIAN_POINT('Origin',(108.8603467723,-99.15002342561,0.));
#16239=CARTESIAN_POINT('',(108.860353,-98.85,0.));
#16240=CARTESIAN_POINT('Origin',(105.96000839993,-96.64964428203,0.));
#16241=CARTESIAN_POINT('',(106.26,-96.649647,0.));
#16242=CARTESIAN_POINT('Origin',(107.96,-98.85,0.));
#16243=CARTESIAN_POINT('',(107.96,-98.85,0.));
#16244=CARTESIAN_POINT('Origin',(106.26,-96.649647,0.));
#16245=CARTESIAN_POINT('',(106.26,-97.35,0.));
#16246=CARTESIAN_POINT('Origin',(107.059647,-98.85,0.));
#16247=CARTESIAN_POINT('',(107.059647,-98.85,0.));
#16248=CARTESIAN_POINT('Origin',(106.26,-97.35,0.));
#16249=CARTESIAN_POINT('',(106.26,-98.050353,0.));
#16250=CARTESIAN_POINT('Origin',(107.05964428203,-99.14999160006,0.));
#16251=CARTESIAN_POINT('',(106.903345,-98.893934,0.));
#16252=CARTESIAN_POINT('Origin',(105.96000839993,-98.05035571796,0.));
#16253=CARTESIAN_POINT('',(106.216066,-98.206655,0.));
#16254=CARTESIAN_POINT('Origin',(106.64284211054,-98.46715788946,0.));
#16255=CARTESIAN_POINT('Origin',(102.35,-89.56,-0.046));
#16256=CARTESIAN_POINT('',(102.35,-89.06,-0.046));
#16257=CARTESIAN_POINT('Origin',(113.7,-89.56,-0.046));
#16258=CARTESIAN_POINT('',(113.7,-89.06,-0.046));
#16259=CARTESIAN_POINT('',(0.,0.,0.));
#16260=CARTESIAN_POINT('',(0.,0.,0.));
#16261=CARTESIAN_POINT('Origin',(-1.72,-0.3,1.17));
#16262=CARTESIAN_POINT('',(-1.72,-0.45,1.17));
#16263=CARTESIAN_POINT('',(-1.72,-0.45,1.37));
#16264=CARTESIAN_POINT('',(-1.72,-0.45,1.17));
#16265=CARTESIAN_POINT('',(-1.72,-0.3,1.17));
#16266=CARTESIAN_POINT('',(-1.72,-0.45,1.17));
#16267=CARTESIAN_POINT('',(-1.72,-0.3,1.37));
#16268=CARTESIAN_POINT('',(-1.72,-0.3,1.17));
#16269=CARTESIAN_POINT('',(-1.72,0.45,1.37));
#16270=CARTESIAN_POINT('Origin',(-1.72,2.434098417139E-16,1.27));
#16271=CARTESIAN_POINT('',(-1.72,-1.27,2.116666666667));
#16272=CARTESIAN_POINT('',(-1.72,1.27,2.116666666667));
#16273=CARTESIAN_POINT('',(-1.72,-1.27,2.116666666667));
#16274=CARTESIAN_POINT('',(-1.72,-1.27,0.423333333333));
#16275=CARTESIAN_POINT('',(-1.72,-1.27,0.423333333333));
#16276=CARTESIAN_POINT('',(-1.72,1.27,0.423333333333));
#16277=CARTESIAN_POINT('',(-1.72,1.27,0.423333333333));
#16278=CARTESIAN_POINT('',(-1.72,1.27,2.116666666667));
#16279=CARTESIAN_POINT('',(-1.72,0.3,1.37));
#16280=CARTESIAN_POINT('',(-1.72,2.427651227502E-16,1.37));
#16281=CARTESIAN_POINT('',(-1.72,0.45,1.37));
#16282=CARTESIAN_POINT('',(-1.72,0.45,1.37));
#16283=CARTESIAN_POINT('',(-1.72,0.45,1.17));
#16284=CARTESIAN_POINT('',(-1.72,0.45,1.17));
#16285=CARTESIAN_POINT('',(-1.72,0.3,1.17));
#16286=CARTESIAN_POINT('',(-1.72,-0.45,1.17));
#16287=CARTESIAN_POINT('',(-1.72,2.427651227502E-16,1.17));
#16288=CARTESIAN_POINT('Origin',(-1.72,-0.3,1.17));
#16289=CARTESIAN_POINT('',(-0.2,-0.3,1.17));
#16290=CARTESIAN_POINT('',(-1.72,-0.3,1.17));
#16291=CARTESIAN_POINT('',(-0.1,-0.3,1.07));
#16292=CARTESIAN_POINT('Origin',(-0.2,-0.3,1.07));
#16293=CARTESIAN_POINT('',(-0.1,-0.3,-2.7));
#16294=CARTESIAN_POINT('',(-0.1,-0.3,-2.7));
#16295=CARTESIAN_POINT('',(0.1,-0.3,-2.7));
#16296=CARTESIAN_POINT('',(-0.1,-0.3,-2.7));
#16297=CARTESIAN_POINT('',(0.1,-0.3,1.07));
#16298=CARTESIAN_POINT('',(0.1,-0.3,-2.7));
#16299=CARTESIAN_POINT('',(-0.2,-0.3,1.37));
#16300=CARTESIAN_POINT('Origin',(-0.2,-0.3,1.07));
#16301=CARTESIAN_POINT('',(-1.72,-0.3,1.37));
#16302=CARTESIAN_POINT('Origin',(-1.52,-1.27,2.116666666667));
#16303=CARTESIAN_POINT('',(-1.52,-1.27,2.116666666667));
#16304=CARTESIAN_POINT('',(-1.52,-1.27,2.116666666667));
#16305=CARTESIAN_POINT('',(-1.52,1.27,2.116666666667));
#16306=CARTESIAN_POINT('',(-1.52,1.27,2.116666666667));
#16307=CARTESIAN_POINT('',(-1.52,-1.27,2.116666666667));
#16308=CARTESIAN_POINT('Origin',(-1.52,-1.27,0.));
#16309=CARTESIAN_POINT('',(-1.52,-1.27,0.));
#16310=CARTESIAN_POINT('',(-1.52,-1.27,0.423333333333));
#16311=CARTESIAN_POINT('',(-1.52,-1.27,0.));
#16312=CARTESIAN_POINT('',(-1.52,-1.27,0.423333333333));
#16313=CARTESIAN_POINT('',(-1.52,-1.27,2.54));
#16314=CARTESIAN_POINT('',(-1.52,-1.27,0.));
#16315=CARTESIAN_POINT('',(-10.03,-1.27,2.54));
#16316=CARTESIAN_POINT('',(-1.52,-1.27,2.54));
#16317=CARTESIAN_POINT('',(-10.03,-1.27,8.881784197001E-16));
#16318=CARTESIAN_POINT('',(-10.03,-1.27,8.881784197001E-16));
#16319=CARTESIAN_POINT('',(-1.52,-1.27,0.));
#16320=CARTESIAN_POINT('Origin',(-1.52,1.27,2.54));
#16321=CARTESIAN_POINT('',(-1.52,1.27,2.54));
#16322=CARTESIAN_POINT('',(-1.52,1.27,2.54));
#16323=CARTESIAN_POINT('',(-1.52,1.27,0.423333333333));
#16324=CARTESIAN_POINT('',(-1.52,1.27,0.423333333333));
#16325=CARTESIAN_POINT('',(-1.52,1.27,0.));
#16326=CARTESIAN_POINT('',(-1.52,1.27,2.54));
#16327=CARTESIAN_POINT('',(-10.03,1.27,8.881784197001E-16));
#16328=CARTESIAN_POINT('',(-1.52,1.27,0.));
#16329=CARTESIAN_POINT('',(-10.03,1.27,2.54));
#16330=CARTESIAN_POINT('',(-10.03,1.27,2.54));
#16331=CARTESIAN_POINT('',(-1.52,1.27,2.54));
#16332=CARTESIAN_POINT('Origin',(-1.52,1.27,0.423333333333));
#16333=CARTESIAN_POINT('',(-1.52,1.27,0.423333333333));
#16334=CARTESIAN_POINT('Origin',(-5.436503861258,6.547352195741E-16,1.37));
#16335=CARTESIAN_POINT('',(-0.2,0.3,1.37));
#16336=CARTESIAN_POINT('',(-0.2,-0.3,1.37));
#16337=CARTESIAN_POINT('',(-0.2,0.3,1.37));
#16338=CARTESIAN_POINT('Origin',(-1.72,-0.3,1.17));
#16339=CARTESIAN_POINT('',(-1.72,0.3,1.17));
#16340=CARTESIAN_POINT('Origin',(-5.436503861258,6.547352195741E-16,1.17));
#16341=CARTESIAN_POINT('',(-0.2,0.3,1.17));
#16342=CARTESIAN_POINT('',(-0.2,0.3,1.17));
#16343=CARTESIAN_POINT('',(-0.2,-0.3,1.17));
#16344=CARTESIAN_POINT('Origin',(-0.2,-0.3,1.07));
#16345=CARTESIAN_POINT('',(0.1,0.3,1.07));
#16346=CARTESIAN_POINT('',(0.1,-0.3,1.07));
#16347=CARTESIAN_POINT('Origin',(-0.2,0.3,1.07));
#16348=CARTESIAN_POINT('Origin',(0.1,4.672983510835E-18,-1.054455626264));
#16349=CARTESIAN_POINT('',(0.1,0.3,-2.7));
#16350=CARTESIAN_POINT('',(0.1,0.3,1.07));
#16351=CARTESIAN_POINT('',(0.1,-0.15,-3.3));
#16352=CARTESIAN_POINT('',(0.1,-0.15,-3.3));
#16353=CARTESIAN_POINT('',(0.1,0.15,-3.3));
#16354=CARTESIAN_POINT('',(0.1,0.15,-3.3));
#16355=CARTESIAN_POINT('',(0.1,0.3,-2.7));
#16356=CARTESIAN_POINT('Origin',(-0.1,-0.15,-3.3));
#16357=CARTESIAN_POINT('',(-0.1,-0.15,-3.3));
#16358=CARTESIAN_POINT('',(-0.1,-0.15,-3.3));
#16359=CARTESIAN_POINT('',(-0.1,-0.15,-3.3));
#16360=CARTESIAN_POINT('Origin',(-0.1,2.687744400334E-17,-1.054455626264));
#16361=CARTESIAN_POINT('',(-0.1,0.3,1.07));
#16362=CARTESIAN_POINT('',(-0.1,0.3,1.07));
#16363=CARTESIAN_POINT('',(-0.1,0.3,-2.7));
#16364=CARTESIAN_POINT('',(-0.1,0.3,1.07));
#16365=CARTESIAN_POINT('',(-0.1,0.15,-3.3));
#16366=CARTESIAN_POINT('',(-0.1,0.3,-2.7));
#16367=CARTESIAN_POINT('',(-0.1,-0.15,-3.3));
#16368=CARTESIAN_POINT('Origin',(-0.2,-0.3,1.07));
#16369=CARTESIAN_POINT('Origin',(-0.2,0.3,1.07));
#16370=CARTESIAN_POINT('Origin',(-1.52,2.124634676417E-16,1.27));
#16371=CARTESIAN_POINT('',(-1.52,-1.27,2.54));
#16372=CARTESIAN_POINT('Origin',(-1.52,2.124634676417E-16,1.27));
#16373=CARTESIAN_POINT('',(-1.52,1.27,0.));
#16374=CARTESIAN_POINT('Origin',(-1.52,-1.27,2.54));
#16375=CARTESIAN_POINT('',(-10.03,-1.27,2.54));
#16376=CARTESIAN_POINT('Origin',(-10.03,1.157263261598E-15,1.27));
#16377=CARTESIAN_POINT('',(-10.03,1.27,8.881784197001E-16));
#16378=CARTESIAN_POINT('',(-10.03,-0.6,1.87));
#16379=CARTESIAN_POINT('',(-10.03,0.6,1.87));
#16380=CARTESIAN_POINT('',(-10.03,-0.6,1.87));
#16381=CARTESIAN_POINT('',(-10.03,-0.6,0.67));
#16382=CARTESIAN_POINT('',(-10.03,-0.6,0.67));
#16383=CARTESIAN_POINT('',(-10.03,0.6,0.67));
#16384=CARTESIAN_POINT('',(-10.03,0.6,0.67));
#16385=CARTESIAN_POINT('',(-10.03,0.6,1.87));
#16386=CARTESIAN_POINT('Origin',(-1.52,1.27,0.));
#16387=CARTESIAN_POINT('Origin',(-0.2,0.3,1.17));
#16388=CARTESIAN_POINT('',(-0.1,0.3,-2.7));
#16389=CARTESIAN_POINT('Origin',(-0.1,0.3,-2.7));
#16390=CARTESIAN_POINT('',(-0.1,0.15,-3.3));
#16391=CARTESIAN_POINT('Origin',(-0.1,0.15,-3.3));
#16392=CARTESIAN_POINT('Origin',(-9.88,-0.6,1.72));
#16393=CARTESIAN_POINT('',(-9.73,-0.3,1.57));
#16394=CARTESIAN_POINT('',(-9.73,-0.3,1.57));
#16395=CARTESIAN_POINT('',(-9.73,0.3,1.57));
#16396=CARTESIAN_POINT('',(-9.73,0.3,1.57));
#16397=CARTESIAN_POINT('',(-9.73,-0.6,1.57));
#16398=CARTESIAN_POINT('Origin',(-9.88,0.45,1.87));
#16399=CARTESIAN_POINT('',(-9.73,0.3,0.97));
#16400=CARTESIAN_POINT('',(-9.73,0.3,0.97));
#16401=CARTESIAN_POINT('',(-9.73,0.3,1.87));
#16402=CARTESIAN_POINT('Origin',(-9.88,0.6,0.82));
#16403=CARTESIAN_POINT('',(-9.73,-0.3,0.97));
#16404=CARTESIAN_POINT('',(-9.73,-0.3,0.97));
#16405=CARTESIAN_POINT('',(-9.73,0.6,0.97));
#16406=CARTESIAN_POINT('Origin',(-9.88,-0.45,0.67));
#16407=CARTESIAN_POINT('',(-9.73,-0.3,0.67));
#16408=CARTESIAN_POINT('Origin',(-9.73,-0.3,1.57));
#16409=CARTESIAN_POINT('',(-2.42,-0.3,1.57));
#16410=CARTESIAN_POINT('',(-9.73,-0.3,1.57));
#16411=CARTESIAN_POINT('',(-2.42,0.3,1.57));
#16412=CARTESIAN_POINT('',(-9.73,0.3,1.57));
#16413=CARTESIAN_POINT('',(-2.42,-0.3,1.57));
#16414=CARTESIAN_POINT('Origin',(-9.73,0.3,1.57));
#16415=CARTESIAN_POINT('',(-2.42,0.3,0.97));
#16416=CARTESIAN_POINT('',(-9.73,0.3,0.97));
#16417=CARTESIAN_POINT('',(-2.42,0.3,1.17));
#16418=CARTESIAN_POINT('',(-2.42,0.3,1.57));
#16419=CARTESIAN_POINT('',(-8.93,0.3,1.17));
#16420=CARTESIAN_POINT('',(-7.583251930629,0.3,1.17));
#16421=CARTESIAN_POINT('',(-8.93,0.3,1.37));
#16422=CARTESIAN_POINT('',(-8.93,0.3,1.17));
#16423=CARTESIAN_POINT('',(-2.42,0.3,1.37));
#16424=CARTESIAN_POINT('',(-7.583251930629,0.3,1.37));
#16425=CARTESIAN_POINT('',(-2.42,0.3,1.57));
#16426=CARTESIAN_POINT('Origin',(-9.73,0.3,0.97));
#16427=CARTESIAN_POINT('',(-2.42,-0.3,0.97));
#16428=CARTESIAN_POINT('',(-9.73,-0.3,0.97));
#16429=CARTESIAN_POINT('',(-2.42,0.3,0.97));
#16430=CARTESIAN_POINT('Origin',(-9.73,-0.3,0.97));
#16431=CARTESIAN_POINT('',(-2.42,-0.3,1.37));
#16432=CARTESIAN_POINT('',(-2.42,-0.3,0.97));
#16433=CARTESIAN_POINT('',(-8.93,-0.3,1.37));
#16434=CARTESIAN_POINT('',(-7.583251930629,-0.3,1.37));
#16435=CARTESIAN_POINT('',(-8.93,-0.3,1.17));
#16436=CARTESIAN_POINT('',(-8.93,-0.3,1.17));
#16437=CARTESIAN_POINT('',(-2.42,-0.3,1.17));
#16438=CARTESIAN_POINT('',(-7.583251930629,-0.3,1.17));
#16439=CARTESIAN_POINT('',(-2.42,-0.3,0.97));
#16440=CARTESIAN_POINT('Origin',(-2.42,2.802387951325E-16,1.27));
#16441=CARTESIAN_POINT('',(-2.42,3.000374053213E-16,1.37));
#16442=CARTESIAN_POINT('Origin',(-2.42,2.802387951325E-16,1.27));
#16443=CARTESIAN_POINT('',(-2.42,3.000374053213E-16,1.17));
#16444=CARTESIAN_POINT('Origin',(-5.436503861258,6.547352195741E-16,1.17));
#16445=CARTESIAN_POINT('',(-8.88,-0.25,1.17));
#16446=CARTESIAN_POINT('',(-8.93,-0.3,1.17));
#16447=CARTESIAN_POINT('',(-2.77,-0.25,1.17));
#16448=CARTESIAN_POINT('',(-8.88,-0.25,1.17));
#16449=CARTESIAN_POINT('',(-2.77,0.25,1.17));
#16450=CARTESIAN_POINT('',(-2.77,-0.25,1.17));
#16451=CARTESIAN_POINT('',(-8.88,0.25,1.17));
#16452=CARTESIAN_POINT('',(-2.77,0.25,1.17));
#16453=CARTESIAN_POINT('',(-8.88,0.25,1.17));
#16454=CARTESIAN_POINT('Origin',(-8.88,0.25,1.17));
#16455=CARTESIAN_POINT('',(-8.88,0.25,1.37));
#16456=CARTESIAN_POINT('',(-8.88,0.25,1.17));
#16457=CARTESIAN_POINT('',(-8.88,0.25,1.37));
#16458=CARTESIAN_POINT('Origin',(-5.436503861258,6.547352195741E-16,1.37));
#16459=CARTESIAN_POINT('',(-2.77,0.25,1.37));
#16460=CARTESIAN_POINT('',(-2.77,0.25,1.37));
#16461=CARTESIAN_POINT('',(-2.77,-0.25,1.37));
#16462=CARTESIAN_POINT('',(-2.77,-0.25,1.37));
#16463=CARTESIAN_POINT('',(-8.88,-0.25,1.37));
#16464=CARTESIAN_POINT('',(-8.88,-0.25,1.37));
#16465=CARTESIAN_POINT('',(-8.93,-0.3,1.37));
#16466=CARTESIAN_POINT('Origin',(-8.93,-0.3,1.17));
#16467=CARTESIAN_POINT('',(-8.88,-0.25,1.17));
#16468=CARTESIAN_POINT('Origin',(-2.77,0.25,1.17));
#16469=CARTESIAN_POINT('',(-2.77,0.25,1.17));
#16470=CARTESIAN_POINT('Origin',(-2.77,-0.25,1.17));
#16471=CARTESIAN_POINT('',(-2.77,-0.25,1.17));
#16472=CARTESIAN_POINT('Origin',(-8.88,-0.25,1.17));
#16473=CARTESIAN_POINT('',(0.,0.,0.));
#16474=CARTESIAN_POINT('Origin',(108.,-81.395,2.615));
#16475=CARTESIAN_POINT('',(99.9663948142652,-82.5,2.615));
#16476=CARTESIAN_POINT('',(100.85,-81.395,1.51));
#16477=CARTESIAN_POINT('Ctrl Pts',(99.9663948142652,-82.5,2.615));
#16478=CARTESIAN_POINT('Ctrl Pts',(100.030314369561,-82.5,2.45844687319706));
#16479=CARTESIAN_POINT('Ctrl Pts',(100.114734746292,-82.4653610488718,2.3005810928615));
#16480=CARTESIAN_POINT('Ctrl Pts',(100.303523603104,-82.3393226223519,2.02104139480958));
#16481=CARTESIAN_POINT('Ctrl Pts',(100.407643867693,-82.2483098805427,1.89902576667867));
#16482=CARTESIAN_POINT('Ctrl Pts',(100.583969225037,-82.05513343198,1.72041291989773));
#16483=CARTESIAN_POINT('Ctrl Pts',(100.671362766874,-81.9423293821484,1.64516388122941));
#16484=CARTESIAN_POINT('Ctrl Pts',(100.77177175005,-81.7504028677169,1.5664317514983));
#16485=CARTESIAN_POINT('Ctrl Pts',(100.800033414156,-81.6825776961691,1.5456580324508));
#16486=CARTESIAN_POINT('Ctrl Pts',(100.839179495239,-81.541788488559,1.51744878729175));
#16487=CARTESIAN_POINT('Ctrl Pts',(100.85,-81.4688093469161,1.51));
#16488=CARTESIAN_POINT('Ctrl Pts',(100.85,-81.395,1.51));
#16489=CARTESIAN_POINT('',(98.,-81.395,1.51));
#16490=CARTESIAN_POINT('',(108.,-81.395,1.51));
#16491=CARTESIAN_POINT('',(98.,-82.5,2.615));
#16492=CARTESIAN_POINT('Origin',(98.,-81.395,2.615));
#16493=CARTESIAN_POINT('',(108.,-82.5,2.615));
#16494=CARTESIAN_POINT('Origin',(108.,-77.,1.51));
#16495=CARTESIAN_POINT('',(100.85,-86.605,1.51));
#16496=CARTESIAN_POINT('',(100.85,-82.5,1.50999999999984));
#16497=CARTESIAN_POINT('',(98.,-86.605,1.51));
#16498=CARTESIAN_POINT('',(108.,-86.605,1.51));
#16499=CARTESIAN_POINT('',(98.,-102.,1.51));
#16500=CARTESIAN_POINT('',(98.,-64.5,1.51));
#16501=CARTESIAN_POINT('',(100.917157287525,-102.,1.51));
#16502=CARTESIAN_POINT('',(103.,-102.,1.51));
#16503=CARTESIAN_POINT('',(100.917157287525,-100.2,1.51));
#16504=CARTESIAN_POINT('',(100.917157287525,-89.5,1.51));
#16505=CARTESIAN_POINT('',(99.8,-99.0828427124746,1.51));
#16506=CARTESIAN_POINT('',(96.8878679656442,-96.1707106781189,1.51));
#16507=CARTESIAN_POINT('',(99.8,-95.9171572875254,1.51));
#16508=CARTESIAN_POINT('',(99.8,-88.0414213562373,1.51));
#16509=CARTESIAN_POINT('',(100.8,-94.9171572875254,1.51));
#16510=CARTESIAN_POINT('',(106.579289321881,-89.137867965644,1.51));
#16511=CARTESIAN_POINT('',(100.8,-93.0828427124747,1.51));
#16512=CARTESIAN_POINT('',(100.8,-85.9585786437627,1.51));
#16513=CARTESIAN_POINT('',(99.8,-92.0828427124746,1.51));
#16514=CARTESIAN_POINT('',(98.5792893218813,-90.8621320343559,1.51));
#16515=CARTESIAN_POINT('',(99.8,-86.7928480087538,1.51));
#16516=CARTESIAN_POINT('',(99.8,-84.5414213562373,1.51));
#16517=CARTESIAN_POINT('',(99.8,-81.2071519912462,1.51));
#16518=CARTESIAN_POINT('Origin',(100.,-84.,1.51));
#16519=CARTESIAN_POINT('',(99.8,-79.9171572875254,1.51));
#16520=CARTESIAN_POINT('',(99.8,-79.1035759956231,1.51));
#16521=CARTESIAN_POINT('',(100.917157287525,-78.8,1.51));
#16522=CARTESIAN_POINT('',(102.579289321881,-77.137867965644,1.51));
#16523=CARTESIAN_POINT('',(115.082842712475,-78.8,1.51));
#16524=CARTESIAN_POINT('',(104.458578643763,-78.8,1.51));
#16525=CARTESIAN_POINT('',(116.2,-79.9171572875254,1.51));
#16526=CARTESIAN_POINT('',(112.862132034356,-76.5792893218814,1.51));
#16527=CARTESIAN_POINT('',(116.2,-81.2071519912462,1.51));
#16528=CARTESIAN_POINT('',(116.2,-78.4585786437627,1.51));
#16529=CARTESIAN_POINT('',(116.2,-86.7928480087538,1.51));
#16530=CARTESIAN_POINT('Origin',(116.,-84.,1.51));
#16531=CARTESIAN_POINT('',(116.2,-92.0828427124746,1.51));
#16532=CARTESIAN_POINT('',(116.2,-81.8964240043769,1.51));
#16533=CARTESIAN_POINT('',(115.2,-93.0828427124746,1.51));
#16534=CARTESIAN_POINT('',(117.920710678119,-90.3621320343561,1.51));
#16535=CARTESIAN_POINT('',(115.2,-94.9171572875254,1.51));
#16536=CARTESIAN_POINT('',(115.2,-85.0414213562373,1.51));
#16537=CARTESIAN_POINT('',(116.2,-95.9171572875254,1.51));
#16538=CARTESIAN_POINT('',(108.920710678119,-88.6378679656441,1.51));
#16539=CARTESIAN_POINT('',(116.2,-99.0828427124746,1.51));
#16540=CARTESIAN_POINT('',(116.2,-86.4585786437627,1.51));
#16541=CARTESIAN_POINT('',(115.082842712475,-100.2,1.51));
#16542=CARTESIAN_POINT('',(119.670710678119,-95.6121320343561,1.51));
#16543=CARTESIAN_POINT('',(115.082842712475,-102.,1.51));
#16544=CARTESIAN_POINT('',(115.082842712475,-88.6,1.51));
#16545=CARTESIAN_POINT('',(118.,-102.,1.51));
#16546=CARTESIAN_POINT('',(111.541421356237,-102.,1.51));
#16547=CARTESIAN_POINT('',(118.,-86.605,1.51));
#16548=CARTESIAN_POINT('',(118.,-89.5,1.51));
#16549=CARTESIAN_POINT('',(115.15,-86.605,1.51));
#16550=CARTESIAN_POINT('',(108.,-86.605,1.51));
#16551=CARTESIAN_POINT('',(115.15,-81.395,1.51));
#16552=CARTESIAN_POINT('',(115.15,-82.5,1.50999999999982));
#16553=CARTESIAN_POINT('',(118.,-81.395,1.51));
#16554=CARTESIAN_POINT('',(108.,-81.395,1.51));
#16555=CARTESIAN_POINT('',(118.,-72.,1.51));
#16556=CARTESIAN_POINT('',(118.,-89.5,1.51));
#16557=CARTESIAN_POINT('',(118.,-68.,1.51));
#16558=CARTESIAN_POINT('Origin',(118.,-70.,1.51));
#16559=CARTESIAN_POINT('',(118.,-60.,1.51));
#16560=CARTESIAN_POINT('',(118.,-89.5,1.51));
#16561=CARTESIAN_POINT('',(118.,-56.,1.51));
#16562=CARTESIAN_POINT('Origin',(118.,-58.,1.51));
#16563=CARTESIAN_POINT('',(118.,-52.,1.51));
#16564=CARTESIAN_POINT('',(118.,-89.5,1.51));
#16565=CARTESIAN_POINT('',(115.522047269226,-52.,1.51));
#16566=CARTESIAN_POINT('',(113.,-52.,1.51));
#16567=CARTESIAN_POINT('',(115.522047269226,-55.,1.51));
#16568=CARTESIAN_POINT('',(115.522047269226,-64.5,1.51));
#16569=CARTESIAN_POINT('',(111.268446955993,-55.,1.51));
#16570=CARTESIAN_POINT('',(108.,-55.,1.51));
#16571=CARTESIAN_POINT('',(111.268446955993,-52.,1.51));
#16572=CARTESIAN_POINT('',(111.268446955993,-64.5,1.51));
#16573=CARTESIAN_POINT('',(104.731553044007,-52.,1.51));
#16574=CARTESIAN_POINT('',(113.,-52.,1.51));
#16575=CARTESIAN_POINT('',(104.731553044007,-55.,1.51));
#16576=CARTESIAN_POINT('',(104.731553044007,-64.5,1.51));
#16577=CARTESIAN_POINT('',(100.477952730774,-55.,1.51));
#16578=CARTESIAN_POINT('',(108.,-55.,1.51));
#16579=CARTESIAN_POINT('',(100.477952730774,-52.,1.51));
#16580=CARTESIAN_POINT('',(100.477952730774,-64.5,1.51));
#16581=CARTESIAN_POINT('',(98.,-52.,1.51));
#16582=CARTESIAN_POINT('',(113.,-52.,1.51));
#16583=CARTESIAN_POINT('',(98.,-56.,1.51));
#16584=CARTESIAN_POINT('',(98.,-64.5,1.51));
#16585=CARTESIAN_POINT('',(98.,-60.,1.51));
#16586=CARTESIAN_POINT('Origin',(98.,-58.,1.51));
#16587=CARTESIAN_POINT('',(98.,-68.,1.51));
#16588=CARTESIAN_POINT('',(98.,-64.5,1.51));
#16589=CARTESIAN_POINT('',(98.,-72.,1.51));
#16590=CARTESIAN_POINT('Origin',(98.,-70.,1.51));
#16591=CARTESIAN_POINT('',(98.,-64.5,1.51));
#16592=CARTESIAN_POINT('',(110.,-58.,1.51));
#16593=CARTESIAN_POINT('Origin',(108.,-58.,1.51));
#16594=CARTESIAN_POINT('',(110.,-70.,1.51));
#16595=CARTESIAN_POINT('Origin',(108.,-70.,1.51));
#16596=CARTESIAN_POINT('Origin',(108.,-86.605,2.615));
#16597=CARTESIAN_POINT('',(99.9663948142652,-85.5,2.615));
#16598=CARTESIAN_POINT('Ctrl Pts',(100.85,-86.605,1.51));
#16599=CARTESIAN_POINT('Ctrl Pts',(100.85,-86.5311906530839,1.51));
#16600=CARTESIAN_POINT('Ctrl Pts',(100.839179495239,-86.458211511441,1.51744878729175));
#16601=CARTESIAN_POINT('Ctrl Pts',(100.800033414156,-86.3174223038309,1.5456580324508));
#16602=CARTESIAN_POINT('Ctrl Pts',(100.77177175005,-86.2495971322831,1.56643175149831));
#16603=CARTESIAN_POINT('Ctrl Pts',(100.671362766874,-86.0576706178516,1.64516388122941));
#16604=CARTESIAN_POINT('Ctrl Pts',(100.583969225037,-85.94486656802,1.72041291989773));
#16605=CARTESIAN_POINT('Ctrl Pts',(100.407643867693,-85.7516901194573,1.89902576667867));
#16606=CARTESIAN_POINT('Ctrl Pts',(100.303523603104,-85.6606773776481,2.02104139480959));
#16607=CARTESIAN_POINT('Ctrl Pts',(100.114734746292,-85.5346389511282,2.30058109286152));
#16608=CARTESIAN_POINT('Ctrl Pts',(100.030314369561,-85.5,2.45844687319706));
#16609=CARTESIAN_POINT('Ctrl Pts',(99.9663948142652,-85.5,2.615));
#16610=CARTESIAN_POINT('',(98.,-85.5,2.615));
#16611=CARTESIAN_POINT('',(108.,-85.5,2.615));
#16612=CARTESIAN_POINT('Origin',(98.,-86.605,2.615));
#16613=CARTESIAN_POINT('Origin',(108.,-85.5,16.06));
#16614=CARTESIAN_POINT('',(100.85,-85.5,5.60999999999988));
#16615=CARTESIAN_POINT('Origin',(102.280908802125,-85.5,3.55999999999984));
#16616=CARTESIAN_POINT('',(115.15,-85.5,5.60999999999983));
#16617=CARTESIAN_POINT('',(111.575,-85.5,5.60999999999983));
#16618=CARTESIAN_POINT('',(116.033605185735,-85.5,2.615));
#16619=CARTESIAN_POINT('Origin',(113.719091197875,-85.5,3.55999999999984));
#16620=CARTESIAN_POINT('',(118.,-85.5,2.615));
#16621=CARTESIAN_POINT('',(108.,-85.5,2.615));
#16622=CARTESIAN_POINT('',(118.,-85.5,13.16));
#16623=CARTESIAN_POINT('',(118.,-85.5,15.7975));
#16624=CARTESIAN_POINT('',(98.,-85.5,13.16));
#16625=CARTESIAN_POINT('',(108.,-85.5,13.16));
#16626=CARTESIAN_POINT('',(98.,-85.5,8.52250000000002));
#16627=CARTESIAN_POINT('Origin',(108.,-81.395,2.615));
#16628=CARTESIAN_POINT('',(116.033605185735,-82.5,2.615));
#16629=CARTESIAN_POINT('Ctrl Pts',(115.15,-81.395,1.51));
#16630=CARTESIAN_POINT('Ctrl Pts',(115.15,-81.4688093469161,1.51));
#16631=CARTESIAN_POINT('Ctrl Pts',(115.160820504761,-81.541788488559,1.51744878729175));
#16632=CARTESIAN_POINT('Ctrl Pts',(115.199966585844,-81.6825776961691,1.5456580324508));
#16633=CARTESIAN_POINT('Ctrl Pts',(115.22822824995,-81.7504028677169,1.5664317514983));
#16634=CARTESIAN_POINT('Ctrl Pts',(115.328637233126,-81.9423293821484,1.64516388122941));
#16635=CARTESIAN_POINT('Ctrl Pts',(115.416030774963,-82.05513343198,1.72041291989773));
#16636=CARTESIAN_POINT('Ctrl Pts',(115.592356132307,-82.2483098805427,1.89902576667867));
#16637=CARTESIAN_POINT('Ctrl Pts',(115.696476396896,-82.3393226223519,2.02104139480958));
#16638=CARTESIAN_POINT('Ctrl Pts',(115.885265253708,-82.4653610488718,2.3005810928615));
#16639=CARTESIAN_POINT('Ctrl Pts',(115.969685630439,-82.5,2.45844687319706));
#16640=CARTESIAN_POINT('Ctrl Pts',(116.033605185735,-82.5,2.615));
#16641=CARTESIAN_POINT('',(118.,-82.5,2.615));
#16642=CARTESIAN_POINT('',(108.,-82.5,2.615));
#16643=CARTESIAN_POINT('Origin',(118.,-81.395,2.615));
#16644=CARTESIAN_POINT('Origin',(108.,-82.5,13.1099999999999));
#16645=CARTESIAN_POINT('',(98.,-82.5,12.2302454741587));
#16646=CARTESIAN_POINT('',(98.,-82.5,14.0225));
#16647=CARTESIAN_POINT('',(101.,-82.5,12.2302454741587));
#16648=CARTESIAN_POINT('',(108.,-82.5,12.2302454741587));
#16649=CARTESIAN_POINT('',(101.,-82.5,13.4317106130073));
#16650=CARTESIAN_POINT('',(101.,-82.4999999999999,19.06));
#16651=CARTESIAN_POINT('',(98.,-82.5,13.4317106130073));
#16652=CARTESIAN_POINT('',(108.,-82.5,13.4317106130073));
#16653=CARTESIAN_POINT('',(98.,-82.5,15.8302454741587));
#16654=CARTESIAN_POINT('',(98.,-82.5,15.8225));
#16655=CARTESIAN_POINT('',(101.,-82.5,15.8302454741587));
#16656=CARTESIAN_POINT('',(108.,-82.5,15.8302454741587));
#16657=CARTESIAN_POINT('',(101.,-82.5,17.0317106130046));
#16658=CARTESIAN_POINT('',(101.,-82.4999999999999,19.06));
#16659=CARTESIAN_POINT('',(98.,-82.5,17.0317106130046));
#16660=CARTESIAN_POINT('',(108.,-82.5,17.0317106130046));
#16661=CARTESIAN_POINT('',(98.,-82.5,19.06));
#16662=CARTESIAN_POINT('',(98.,-82.5,17.2975));
#16663=CARTESIAN_POINT('',(118.,-82.5,19.06));
#16664=CARTESIAN_POINT('',(108.,-82.5,19.06));
#16665=CARTESIAN_POINT('',(118.,-82.5,17.0317106130046));
#16666=CARTESIAN_POINT('',(118.,-82.5,16.1224999999985));
#16667=CARTESIAN_POINT('',(115.,-82.5,17.0317106130046));
#16668=CARTESIAN_POINT('',(108.,-82.5,17.0317106130046));
#16669=CARTESIAN_POINT('',(115.,-82.5,15.8302454741587));
#16670=CARTESIAN_POINT('',(115.,-82.4999999999999,19.06));
#16671=CARTESIAN_POINT('',(118.,-82.5,15.8302454741587));
#16672=CARTESIAN_POINT('',(108.,-82.5,15.8302454741587));
#16673=CARTESIAN_POINT('',(118.,-82.5,13.4317106130073));
#16674=CARTESIAN_POINT('',(118.,-82.5,14.3225));
#16675=CARTESIAN_POINT('',(115.,-82.5,13.4317106130073));
#16676=CARTESIAN_POINT('',(108.,-82.5,13.4317106130073));
#16677=CARTESIAN_POINT('',(115.,-82.5,12.2302454741587));
#16678=CARTESIAN_POINT('',(115.,-82.4999999999999,19.06));
#16679=CARTESIAN_POINT('',(118.,-82.5,12.2302454741587));
#16680=CARTESIAN_POINT('',(108.,-82.5,12.2302454741587));
#16681=CARTESIAN_POINT('',(118.,-82.5,8.52250000000002));
#16682=CARTESIAN_POINT('',(115.15,-82.5,5.60999999999983));
#16683=CARTESIAN_POINT('Origin',(113.719091197875,-82.5,3.55999999999984));
#16684=CARTESIAN_POINT('',(100.85,-82.5,5.60999999999988));
#16685=CARTESIAN_POINT('',(111.575,-82.5,5.60999999999983));
#16686=CARTESIAN_POINT('Origin',(102.280908802125,-82.5,3.55999999999984));
#16687=CARTESIAN_POINT('Origin',(108.,-86.605,2.615));
#16688=CARTESIAN_POINT('Ctrl Pts',(116.033605185735,-85.5,2.615));
#16689=CARTESIAN_POINT('Ctrl Pts',(115.969685630439,-85.5,2.45844687319707));
#16690=CARTESIAN_POINT('Ctrl Pts',(115.885265253708,-85.5346389511282,2.3005810928615));
#16691=CARTESIAN_POINT('Ctrl Pts',(115.696476396896,-85.6606773776481,2.02104139480959));
#16692=CARTESIAN_POINT('Ctrl Pts',(115.592356132307,-85.7516901194573,1.89902576667867));
#16693=CARTESIAN_POINT('Ctrl Pts',(115.416030774963,-85.94486656802,1.72041291989773));
#16694=CARTESIAN_POINT('Ctrl Pts',(115.328637233126,-86.0576706178516,1.64516388122941));
#16695=CARTESIAN_POINT('Ctrl Pts',(115.22822824995,-86.2495971322831,1.56643175149831));
#16696=CARTESIAN_POINT('Ctrl Pts',(115.199966585844,-86.3174223038309,1.5456580324508));
#16697=CARTESIAN_POINT('Ctrl Pts',(115.160820504761,-86.458211511441,1.51744878729174));
#16698=CARTESIAN_POINT('Ctrl Pts',(115.15,-86.5311906530839,1.51));
#16699=CARTESIAN_POINT('Ctrl Pts',(115.15,-86.605,1.51));
#16700=CARTESIAN_POINT('Origin',(118.,-86.605,2.615));
#16701=CARTESIAN_POINT('Origin',(108.,-88.4,13.16));
#16702=CARTESIAN_POINT('',(98.,-88.4,16.06));
#16703=CARTESIAN_POINT('Origin',(98.,-88.4,13.16));
#16704=CARTESIAN_POINT('',(118.,-88.4,16.06));
#16705=CARTESIAN_POINT('Origin',(118.,-88.4,13.16));
#16706=CARTESIAN_POINT('',(108.,-88.4,16.06));
#16707=CARTESIAN_POINT('Origin',(111.268446955993,-64.5,2.31));
#16708=CARTESIAN_POINT('',(112.041187617024,-55.,2.51705523608202));
#16709=CARTESIAN_POINT('Origin',(111.268446955993,-55.,2.31));
#16710=CARTESIAN_POINT('',(112.041187617024,-52.,2.51705523608202));
#16711=CARTESIAN_POINT('',(112.041187617024,-64.5,2.51705523608202));
#16712=CARTESIAN_POINT('Origin',(111.268446955993,-52.,2.31));
#16713=CARTESIAN_POINT('Origin',(111.4,-52.,4.91));
#16714=CARTESIAN_POINT('',(111.558879070648,-55.,4.31705523608202));
#16715=CARTESIAN_POINT('',(111.438899511479,-55.,4.7648250467689));
#16716=CARTESIAN_POINT('',(111.558879070648,-52.,4.31705523608202));
#16717=CARTESIAN_POINT('',(111.558879070648,-52.,4.31705523608202));
#16718=CARTESIAN_POINT('',(111.4,-52.,4.91));
#16719=CARTESIAN_POINT('Origin',(104.731553044007,-64.5,2.31));
#16720=CARTESIAN_POINT('',(103.958812382976,-55.,2.51705523608201));
#16721=CARTESIAN_POINT('Origin',(104.731553044007,-55.,2.31));
#16722=CARTESIAN_POINT('',(103.958812382976,-52.,2.51705523608201));
#16723=CARTESIAN_POINT('Origin',(104.731553044007,-52.,2.31));
#16724=CARTESIAN_POINT('',(103.958812382976,-64.5,2.51705523608201));
#16725=CARTESIAN_POINT('Origin',(105.213861590383,-52.,4.11));
#16726=CARTESIAN_POINT('',(104.441120929352,-52.,4.31705523608201));
#16727=CARTESIAN_POINT('',(105.213861590383,-52.,4.91));
#16728=CARTESIAN_POINT('Origin',(105.213861590383,-52.,4.11));
#16729=CARTESIAN_POINT('',(105.213861590383,-55.,4.91));
#16730=CARTESIAN_POINT('',(105.213861590383,-52.,4.91));
#16731=CARTESIAN_POINT('',(104.441120929352,-55.,4.31705523608201));
#16732=CARTESIAN_POINT('Origin',(105.213861590383,-55.,4.11));
#16733=CARTESIAN_POINT('',(104.441120929352,-52.,4.31705523608201));
#16734=CARTESIAN_POINT('Origin',(104.6,-52.,4.91));
#16735=CARTESIAN_POINT('',(110.786138409617,-52.,4.91));
#16736=CARTESIAN_POINT('',(111.4,-52.,4.91));
#16737=CARTESIAN_POINT('',(110.786138409617,-55.,4.91));
#16738=CARTESIAN_POINT('',(110.786138409617,-52.,4.91));
#16739=CARTESIAN_POINT('',(106.3,-55.,4.91));
#16740=CARTESIAN_POINT('Origin',(110.786138409617,-52.,4.11));
#16741=CARTESIAN_POINT('Origin',(110.786138409617,-52.,4.11));
#16742=CARTESIAN_POINT('Origin',(110.786138409617,-55.,4.11));
#16743=CARTESIAN_POINT('Origin',(100.477952730774,-64.5,2.51));
#16744=CARTESIAN_POINT('',(101.297104775063,-55.,1.93642356364896));
#16745=CARTESIAN_POINT('Origin',(100.477952730774,-55.,2.51));
#16746=CARTESIAN_POINT('',(101.297104775063,-52.,1.93642356364897));
#16747=CARTESIAN_POINT('',(101.297104775063,-64.5,1.93642356364896));
#16748=CARTESIAN_POINT('Origin',(100.477952730774,-52.,2.51));
#16749=CARTESIAN_POINT('Origin',(104.048311040519,-52.,5.86555330779631));
#16750=CARTESIAN_POINT('',(103.749726046781,-55.,5.43912974414736));
#16751=CARTESIAN_POINT('',(104.186733811467,-55.,6.06324151221378));
#16752=CARTESIAN_POINT('',(103.749726046781,-52.,5.43912974414736));
#16753=CARTESIAN_POINT('',(103.749726046781,-52.,5.43912974414736));
#16754=CARTESIAN_POINT('',(104.048311040519,-52.,5.86555330779631));
#16755=CARTESIAN_POINT('Origin',(104.56887809107,-52.,4.86555330779631));
#16756=CARTESIAN_POINT('',(104.56887809107,-55.,5.86555330779631));
#16757=CARTESIAN_POINT('Origin',(104.56887809107,-55.,4.86555330779631));
#16758=CARTESIAN_POINT('',(104.56887809107,-52.,5.86555330779631));
#16759=CARTESIAN_POINT('',(104.56887809107,-52.,5.86555330779631));
#16760=CARTESIAN_POINT('Origin',(104.56887809107,-52.,4.86555330779631));
#16761=CARTESIAN_POINT('Origin',(111.951688959481,-52.,5.86555330779632));
#16762=CARTESIAN_POINT('',(111.431121908929,-55.,5.86555330779632));
#16763=CARTESIAN_POINT('',(109.97584447974,-55.,5.86555330779632));
#16764=CARTESIAN_POINT('',(111.431121908929,-52.,5.86555330779632));
#16765=CARTESIAN_POINT('',(111.431121908929,-52.,5.86555330779632));
#16766=CARTESIAN_POINT('',(111.951688959481,-52.,5.86555330779632));
#16767=CARTESIAN_POINT('Origin',(108.,-55.,3.68777665389816));
#16768=CARTESIAN_POINT('',(104.105586861387,-55.,3.06482504676886));
#16769=CARTESIAN_POINT('',(114.702895224937,-55.,1.93642356364897));
#16770=CARTESIAN_POINT('Origin',(115.522047269226,-55.,2.51));
#16771=CARTESIAN_POINT('',(112.250273953218,-55.,5.43912974414734));
#16772=CARTESIAN_POINT('',(113.338161818129,-55.,3.88546485831562));
#16773=CARTESIAN_POINT('Origin',(111.431121908929,-55.,4.86555330779632));
#16774=CARTESIAN_POINT('Origin',(111.431121908929,-52.,4.86555330779632));
#16775=CARTESIAN_POINT('',(112.250273953218,-52.,5.43912974414734));
#16776=CARTESIAN_POINT('',(112.250273953218,-52.,5.43912974414735));
#16777=CARTESIAN_POINT('Origin',(111.431121908929,-52.,4.86555330779632));
#16778=CARTESIAN_POINT('Origin',(115.522047269226,-64.5,2.51));
#16779=CARTESIAN_POINT('',(114.702895224937,-52.,1.93642356364897));
#16780=CARTESIAN_POINT('Origin',(115.522047269226,-52.,2.51));
#16781=CARTESIAN_POINT('',(114.702895224937,-64.5,1.93642356364897));
#16782=CARTESIAN_POINT('Origin',(100.233797813021,-53.5,13.5100000000001));
#16783=CARTESIAN_POINT('',(101.05294985731,-55.,12.936423563649));
#16784=CARTESIAN_POINT('',(100.233797813021,-55.,12.5100000000001));
#16785=CARTESIAN_POINT('Origin',(100.233797813021,-55.,13.5100000000001));
#16786=CARTESIAN_POINT('',(100.233797813021,-52.,12.5100000000001));
#16787=CARTESIAN_POINT('',(100.233797813021,-53.5,12.5100000000001));
#16788=CARTESIAN_POINT('',(101.05294985731,-52.,12.936423563649));
#16789=CARTESIAN_POINT('Origin',(100.233797813021,-52.,13.5100000000001));
#16790=CARTESIAN_POINT('',(101.05294985731,-53.5,12.936423563649));
#16791=CARTESIAN_POINT('Origin',(108.,-55.,12.5100000000001));
#16792=CARTESIAN_POINT('',(98.,-55.,12.5100000000001));
#16793=CARTESIAN_POINT('',(108.,-55.,12.5100000000001));
#16794=CARTESIAN_POINT('',(98.,-52.,12.5100000000001));
#16795=CARTESIAN_POINT('',(98.,-64.5,12.5100000000001));
#16796=CARTESIAN_POINT('',(108.,-52.,12.5100000000001));
#16797=CARTESIAN_POINT('Origin',(108.,-55.,18.0329873284578));
#16798=CARTESIAN_POINT('',(103.645612636671,-55.,16.6391297441474));
#16799=CARTESIAN_POINT('',(104.838629348447,-55.,18.3429341830807));
#16800=CARTESIAN_POINT('',(104.46476468096,-55.,17.0655533077963));
#16801=CARTESIAN_POINT('Origin',(104.46476468096,-55.,16.0655533077963));
#16802=CARTESIAN_POINT('',(111.53523531904,-55.,17.0655533077964));
#16803=CARTESIAN_POINT('',(110.027901184796,-55.,17.0655533077963));
#16804=CARTESIAN_POINT('',(112.354387363329,-55.,16.6391297441474));
#16805=CARTESIAN_POINT('Origin',(111.53523531904,-55.,16.0655533077964));
#16806=CARTESIAN_POINT('',(114.947050142689,-55.,12.936423563649));
#16807=CARTESIAN_POINT('',(112.75628703497,-55.,16.0651575291826));
#16808=CARTESIAN_POINT('',(115.766202186978,-55.,12.5100000000001));
#16809=CARTESIAN_POINT('Origin',(115.766202186978,-55.,13.5100000000001));
#16810=CARTESIAN_POINT('',(118.,-55.,12.5100000000001));
#16811=CARTESIAN_POINT('',(108.,-55.,12.5100000000001));
#16812=CARTESIAN_POINT('',(118.,-55.,14.1112767154385));
#16813=CARTESIAN_POINT('',(118.,-55.,14.983993664223));
#16814=CARTESIAN_POINT('',(115.,-55.,14.1112767154385));
#16815=CARTESIAN_POINT('',(108.,-55.,14.1112767154385));
#16816=CARTESIAN_POINT('',(115.,-55.,15.3127418542873));
#16817=CARTESIAN_POINT('',(115.,-54.9999999999999,19.06));
#16818=CARTESIAN_POINT('',(118.,-55.,15.3127418542873));
#16819=CARTESIAN_POINT('',(108.,-55.,15.3127418542873));
#16820=CARTESIAN_POINT('',(118.,-55.,17.7112767154503));
#16821=CARTESIAN_POINT('',(118.,-55.,16.7839936642289));
#16822=CARTESIAN_POINT('',(115.,-55.,17.7112767154503));
#16823=CARTESIAN_POINT('',(108.,-55.,17.7112767154503));
#16824=CARTESIAN_POINT('',(115.,-55.,18.9127418543019));
#16825=CARTESIAN_POINT('',(115.,-54.9999999999999,19.06));
#16826=CARTESIAN_POINT('',(118.,-55.,18.9127418543019));
#16827=CARTESIAN_POINT('',(108.,-55.,18.9127418543019));
#16828=CARTESIAN_POINT('',(118.,-55.,22.5600000000001));
#16829=CARTESIAN_POINT('',(118.,-55.,21.0475));
#16830=CARTESIAN_POINT('',(98.,-55.,22.5600000000001));
#16831=CARTESIAN_POINT('',(108.,-55.,22.5600000000001));
#16832=CARTESIAN_POINT('',(98.,-55.,18.9127418543019));
#16833=CARTESIAN_POINT('',(98.,-55.,17.0839936642304));
#16834=CARTESIAN_POINT('',(101.,-55.,18.9127418543019));
#16835=CARTESIAN_POINT('',(108.,-55.,18.9127418543019));
#16836=CARTESIAN_POINT('',(101.,-55.,17.7112767154503));
#16837=CARTESIAN_POINT('',(101.,-54.9999999999999,19.06));
#16838=CARTESIAN_POINT('',(98.,-55.,17.7112767154503));
#16839=CARTESIAN_POINT('',(108.,-55.,17.7112767154503));
#16840=CARTESIAN_POINT('',(98.,-55.,15.3127418542873));
#16841=CARTESIAN_POINT('',(98.,-55.,15.283993664223));
#16842=CARTESIAN_POINT('',(101.,-55.,15.3127418542873));
#16843=CARTESIAN_POINT('',(108.,-55.,15.3127418542873));
#16844=CARTESIAN_POINT('',(101.,-55.,14.1112767154385));
#16845=CARTESIAN_POINT('',(101.,-54.9999999999999,19.06));
#16846=CARTESIAN_POINT('',(98.,-55.,14.1112767154385));
#16847=CARTESIAN_POINT('',(108.,-55.,14.1112767154385));
#16848=CARTESIAN_POINT('',(98.,-55.,14.0225));
#16849=CARTESIAN_POINT('Origin',(115.766202186978,-53.5,13.5100000000001));
#16850=CARTESIAN_POINT('',(114.947050142689,-52.,12.9364235636491));
#16851=CARTESIAN_POINT('',(115.766202186978,-52.,12.5100000000001));
#16852=CARTESIAN_POINT('Origin',(115.766202186978,-52.,13.5100000000001));
#16853=CARTESIAN_POINT('',(115.766202186978,-53.5,12.5100000000001));
#16854=CARTESIAN_POINT('',(114.947050142689,-53.5,12.936423563649));
#16855=CARTESIAN_POINT('Origin',(108.,-55.,12.5100000000001));
#16856=CARTESIAN_POINT('',(118.,-52.,12.5100000000001));
#16857=CARTESIAN_POINT('',(108.,-52.,12.5100000000001));
#16858=CARTESIAN_POINT('',(118.,-66.,12.5100000000001));
#16859=CARTESIAN_POINT('Origin',(104.46476468096,-52.,16.0655533077963));
#16860=CARTESIAN_POINT('',(103.645612636671,-52.,16.6391297441474));
#16861=CARTESIAN_POINT('',(104.46476468096,-52.,17.0655533077963));
#16862=CARTESIAN_POINT('Origin',(104.46476468096,-52.,16.0655533077963));
#16863=CARTESIAN_POINT('',(104.46476468096,-52.,17.0655533077963));
#16864=CARTESIAN_POINT('',(103.645612636671,-52.,16.6391297441474));
#16865=CARTESIAN_POINT('Origin',(112.055802369591,-52.,17.0655533077964));
#16866=CARTESIAN_POINT('',(111.53523531904,-52.,17.0655533077964));
#16867=CARTESIAN_POINT('',(110.027901184796,-52.,17.0655533077963));
#16868=CARTESIAN_POINT('',(111.53523531904,-52.,17.0655533077964));
#16869=CARTESIAN_POINT('Origin',(111.53523531904,-52.,16.0655533077964));
#16870=CARTESIAN_POINT('',(112.354387363329,-52.,16.6391297441474));
#16871=CARTESIAN_POINT('Origin',(111.53523531904,-52.,16.0655533077964));
#16872=CARTESIAN_POINT('',(112.354387363329,-52.,16.6391297441474));
#16873=CARTESIAN_POINT('Origin',(115.245635136426,-52.,12.5100000000001));
#16874=CARTESIAN_POINT('',(114.053764644281,-52.,14.2121674676518));
#16875=CARTESIAN_POINT('Origin',(103.944197630408,-52.,17.0655533077963));
#16876=CARTESIAN_POINT('',(103.541151739136,-52.,16.48994412155));
#16877=CARTESIAN_POINT('Origin',(115.001480218674,-52.,1.51));
#16878=CARTESIAN_POINT('',(115.001480218674,-52.,1.51));
#16879=CARTESIAN_POINT('Origin',(103.688972745734,-52.,1.51));
#16880=CARTESIAN_POINT('',(104.6,-52.,4.91));
#16881=CARTESIAN_POINT('Origin',(108.,-59.,22.5600000000001));
#16882=CARTESIAN_POINT('',(98.,-59.,26.5600000000001));
#16883=CARTESIAN_POINT('Origin',(98.,-59.,22.5600000000001));
#16884=CARTESIAN_POINT('',(118.,-59.,26.5600000000001));
#16885=CARTESIAN_POINT('Origin',(118.,-59.,22.5600000000001));
#16886=CARTESIAN_POINT('',(108.,-59.,26.5600000000001));
#16887=CARTESIAN_POINT('Origin',(108.,-95.,19.51));
#16888=CARTESIAN_POINT('',(98.,-95.,15.51));
#16889=CARTESIAN_POINT('',(98.,-99.,19.51));
#16890=CARTESIAN_POINT('Origin',(98.,-95.,19.51));
#16891=CARTESIAN_POINT('',(118.,-99.,19.51));
#16892=CARTESIAN_POINT('',(108.,-99.,19.51));
#16893=CARTESIAN_POINT('',(118.,-95.,15.51));
#16894=CARTESIAN_POINT('Origin',(118.,-95.,19.51));
#16895=CARTESIAN_POINT('',(108.,-95.,15.51));
#16896=CARTESIAN_POINT('Origin',(108.,-99.,15.51));
#16897=CARTESIAN_POINT('',(98.,-99.,22.5600000000001));
#16898=CARTESIAN_POINT('',(98.,-99.,21.0475));
#16899=CARTESIAN_POINT('',(118.,-99.,22.5600000000001));
#16900=CARTESIAN_POINT('',(108.,-99.,22.5600000000001));
#16901=CARTESIAN_POINT('',(118.,-99.,15.5225));
#16902=CARTESIAN_POINT('Origin',(108.,-95.,22.5600000000001));
#16903=CARTESIAN_POINT('',(98.,-95.,26.5600000000001));
#16904=CARTESIAN_POINT('Origin',(98.,-95.,22.5600000000001));
#16905=CARTESIAN_POINT('',(118.,-95.,26.5600000000001));
#16906=CARTESIAN_POINT('',(108.,-95.,26.5600000000001));
#16907=CARTESIAN_POINT('Origin',(118.,-95.,22.5600000000001));
#16908=CARTESIAN_POINT('Origin',(108.,-99.,26.5600000000001));
#16909=CARTESIAN_POINT('',(118.,-88.,26.5600000000001));
#16910=CARTESIAN_POINT('',(98.,-66.,26.5600000000001));
#16911=CARTESIAN_POINT('Origin',(108.,-82.2,15.8302454741587));
#16912=CARTESIAN_POINT('',(115.,-82.2209269421234,16.1295146892367));
#16913=CARTESIAN_POINT('Origin',(115.,-82.2,15.8302454741587));
#16914=CARTESIAN_POINT('',(118.,-82.2209269421234,16.1295146892367));
#16915=CARTESIAN_POINT('',(108.,-82.2209269421234,16.1295146892367));
#16916=CARTESIAN_POINT('Origin',(118.,-82.2,15.8302454741587));
#16917=CARTESIAN_POINT('Origin',(108.,-82.5,16.1099999999999));
#16918=CARTESIAN_POINT('',(115.,-55.3209269421234,18.0105459305283));
#16919=CARTESIAN_POINT('',(115.,-68.7142668654438,17.0739923684092));
#16920=CARTESIAN_POINT('',(118.,-55.3209269421234,18.0105459305282));
#16921=CARTESIAN_POINT('',(108.,-55.3209269421234,18.0105459305282));
#16922=CARTESIAN_POINT('',(118.,-79.7833875387436,16.2999640487027));
#16923=CARTESIAN_POINT('Origin',(108.,-82.2,17.0317106130046));
#16924=CARTESIAN_POINT('',(115.,-82.1790730578766,16.7324413979266));
#16925=CARTESIAN_POINT('Origin',(115.,-82.2,17.0317106130046));
#16926=CARTESIAN_POINT('',(118.,-82.1790730578766,16.7324413979266));
#16927=CARTESIAN_POINT('Origin',(118.,-82.2,17.0317106130046));
#16928=CARTESIAN_POINT('',(108.,-82.1790730578766,16.7324413979266));
#16929=CARTESIAN_POINT('Origin',(108.,-82.2,13.4317106130073));
#16930=CARTESIAN_POINT('',(115.,-82.1790730578768,13.1324413979293));
#16931=CARTESIAN_POINT('Origin',(115.,-82.2,13.4317106130073));
#16932=CARTESIAN_POINT('',(118.,-82.1790730578768,13.1324413979293));
#16933=CARTESIAN_POINT('Origin',(118.,-82.2,13.4317106130073));
#16934=CARTESIAN_POINT('',(108.,-82.1790730578768,13.1324413979293));
#16935=CARTESIAN_POINT('Origin',(108.,-82.2,12.2302454741587));
#16936=CARTESIAN_POINT('',(115.,-82.2209269421232,12.5295146892366));
#16937=CARTESIAN_POINT('Origin',(115.,-82.2,12.2302454741587));
#16938=CARTESIAN_POINT('',(118.,-82.2209269421232,12.5295146892366));
#16939=CARTESIAN_POINT('',(108.,-82.2209269421232,12.5295146892366));
#16940=CARTESIAN_POINT('Origin',(118.,-82.2,12.2302454741587));
#16941=CARTESIAN_POINT('Origin',(108.,-82.5,12.51));
#16942=CARTESIAN_POINT('',(115.,-55.3209269421232,14.4105459305164));
#16943=CARTESIAN_POINT('',(115.,-68.5890110745796,13.4827511065358));
#16944=CARTESIAN_POINT('',(118.,-55.3209269421232,14.4105459305164));
#16945=CARTESIAN_POINT('',(108.,-55.3209269421232,14.4105459305164));
#16946=CARTESIAN_POINT('',(118.,-79.6581317478793,12.7087227868342));
#16947=CARTESIAN_POINT('Origin',(108.,-82.2,17.0317106130046));
#16948=CARTESIAN_POINT('',(101.,-82.1790730578766,16.7324413979266));
#16949=CARTESIAN_POINT('Origin',(101.,-82.2,17.0317106130046));
#16950=CARTESIAN_POINT('',(98.,-82.1790730578766,16.7324413979266));
#16951=CARTESIAN_POINT('',(108.,-82.1790730578766,16.7324413979266));
#16952=CARTESIAN_POINT('Origin',(98.,-82.2,17.0317106130046));
#16953=CARTESIAN_POINT('Origin',(108.,-55.,18.6329873284608));
#16954=CARTESIAN_POINT('',(101.,-55.2790730578766,18.613472639224));
#16955=CARTESIAN_POINT('',(101.,-68.6682358031851,17.6772111738433));
#16956=CARTESIAN_POINT('',(98.,-55.2790730578766,18.613472639224));
#16957=CARTESIAN_POINT('',(108.,-55.2790730578766,18.613472639224));
#16958=CARTESIAN_POINT('',(98.,-79.8042635038878,16.8985042590115));
#16959=CARTESIAN_POINT('Origin',(108.,-82.2,15.8302454741587));
#16960=CARTESIAN_POINT('',(101.,-82.2209269421234,16.1295146892367));
#16961=CARTESIAN_POINT('Origin',(101.,-82.2,15.8302454741587));
#16962=CARTESIAN_POINT('',(98.,-82.2209269421234,16.1295146892367));
#16963=CARTESIAN_POINT('Origin',(98.,-82.2,15.8302454741587));
#16964=CARTESIAN_POINT('',(108.,-82.2209269421234,16.1295146892367));
#16965=CARTESIAN_POINT('Origin',(108.,-82.2,13.4317106130073));
#16966=CARTESIAN_POINT('',(101.,-82.1790730578768,13.1324413979293));
#16967=CARTESIAN_POINT('Origin',(101.,-82.2,13.4317106130073));
#16968=CARTESIAN_POINT('',(98.,-82.1790730578768,13.1324413979293));
#16969=CARTESIAN_POINT('',(108.,-82.1790730578768,13.1324413979293));
#16970=CARTESIAN_POINT('Origin',(98.,-82.2,13.4317106130073));
#16971=CARTESIAN_POINT('Origin',(108.,-55.,15.032987328446));
#16972=CARTESIAN_POINT('',(101.,-55.2790730578768,15.0134726392093));
#16973=CARTESIAN_POINT('',(101.,-68.5429800123219,14.0859699119698));
#16974=CARTESIAN_POINT('',(98.,-55.2790730578768,15.0134726392093));
#16975=CARTESIAN_POINT('',(108.,-55.2790730578768,15.0134726392093));
#16976=CARTESIAN_POINT('',(98.,-79.6790077130233,13.3072629971454));
#16977=CARTESIAN_POINT('Origin',(108.,-82.2,12.2302454741587));
#16978=CARTESIAN_POINT('',(101.,-82.2209269421232,12.5295146892366));
#16979=CARTESIAN_POINT('Origin',(101.,-82.2,12.2302454741587));
#16980=CARTESIAN_POINT('',(98.,-82.2209269421232,12.5295146892366));
#16981=CARTESIAN_POINT('Origin',(98.,-82.2,12.2302454741587));
#16982=CARTESIAN_POINT('',(108.,-82.2209269421232,12.5295146892366));
#16983=CARTESIAN_POINT('Origin',(108.,-55.3,18.9127418543019));
#16984=CARTESIAN_POINT('',(115.,-55.2790730578766,18.613472639224));
#16985=CARTESIAN_POINT('Origin',(115.,-55.3,18.9127418543019));
#16986=CARTESIAN_POINT('',(118.,-55.2790730578766,18.613472639224));
#16987=CARTESIAN_POINT('',(108.,-55.2790730578766,18.613472639224));
#16988=CARTESIAN_POINT('Origin',(118.,-55.3,18.9127418543019));
#16989=CARTESIAN_POINT('Origin',(108.,-55.,18.6329873284608));
#16990=CARTESIAN_POINT('',(118.,-66.0542635038879,17.8599979232435));
#16991=CARTESIAN_POINT('',(115.,-54.985142830588,18.6340262429523));
#16992=CARTESIAN_POINT('Origin',(108.,-55.3,17.7112767154503));
#16993=CARTESIAN_POINT('Origin',(115.,-55.3,17.7112767154503));
#16994=CARTESIAN_POINT('Origin',(118.,-55.3,17.7112767154503));
#16995=CARTESIAN_POINT('Origin',(108.,-55.3,18.9127418543019));
#16996=CARTESIAN_POINT('Origin',(101.,-55.3,18.9127418543019));
#16997=CARTESIAN_POINT('Origin',(98.,-55.3,18.9127418543019));
#16998=CARTESIAN_POINT('Origin',(108.,-55.3,17.7112767154503));
#16999=CARTESIAN_POINT('',(101.,-55.3209269421234,18.0105459305282));
#17000=CARTESIAN_POINT('Origin',(101.,-55.3,17.7112767154503));
#17001=CARTESIAN_POINT('',(98.,-55.3209269421234,18.0105459305283));
#17002=CARTESIAN_POINT('',(108.,-55.3209269421234,18.0105459305282));
#17003=CARTESIAN_POINT('Origin',(98.,-55.3,17.7112767154503));
#17004=CARTESIAN_POINT('Origin',(108.,-82.5,16.1099999999999));
#17005=CARTESIAN_POINT('',(98.,-66.0333875387436,17.2614577129317));
#17006=CARTESIAN_POINT('',(101.,-82.3973598380413,16.1171772993031));
#17007=CARTESIAN_POINT('Origin',(108.,-55.3,15.3127418542873));
#17008=CARTESIAN_POINT('',(115.,-55.2790730578768,15.0134726392093));
#17009=CARTESIAN_POINT('Origin',(115.,-55.3,15.3127418542873));
#17010=CARTESIAN_POINT('',(118.,-55.2790730578768,15.0134726392093));
#17011=CARTESIAN_POINT('',(108.,-55.2790730578768,15.0134726392093));
#17012=CARTESIAN_POINT('Origin',(118.,-55.3,15.3127418542873));
#17013=CARTESIAN_POINT('Origin',(108.,-55.,15.032987328446));
#17014=CARTESIAN_POINT('',(118.,-65.9290077130233,14.2687566613684));
#17015=CARTESIAN_POINT('',(115.,-54.8598870397236,15.0427849810701));
#17016=CARTESIAN_POINT('Origin',(108.,-55.3,14.1112767154385));
#17017=CARTESIAN_POINT('Origin',(115.,-55.3,14.1112767154385));
#17018=CARTESIAN_POINT('Origin',(118.,-55.3,14.1112767154385));
#17019=CARTESIAN_POINT('Origin',(108.,-55.3,15.3127418542873));
#17020=CARTESIAN_POINT('Origin',(101.,-55.3,15.3127418542873));
#17021=CARTESIAN_POINT('Origin',(98.,-55.3,15.3127418542873));
#17022=CARTESIAN_POINT('Origin',(108.,-55.3,14.1112767154385));
#17023=CARTESIAN_POINT('',(101.,-55.3209269421232,14.4105459305164));
#17024=CARTESIAN_POINT('Origin',(101.,-55.3,14.1112767154385));
#17025=CARTESIAN_POINT('',(98.,-55.3209269421232,14.4105459305164));
#17026=CARTESIAN_POINT('',(108.,-55.3209269421232,14.4105459305164));
#17027=CARTESIAN_POINT('Origin',(98.,-55.3,14.1112767154385));
#17028=CARTESIAN_POINT('Origin',(108.,-82.5,12.51));
#17029=CARTESIAN_POINT('',(98.,-65.9081317478793,13.6702164510571));
#17030=CARTESIAN_POINT('',(101.,-82.2721040471779,12.5259360374357));
#17031=CARTESIAN_POINT('Origin',(118.,-58.,1.51));
#17032=CARTESIAN_POINT('',(118.,-60.,-2.2));
#17033=CARTESIAN_POINT('',(118.,-60.,1.51));
#17034=CARTESIAN_POINT('',(118.,-56.,-2.2));
#17035=CARTESIAN_POINT('Origin',(118.,-58.,-2.2));
#17036=CARTESIAN_POINT('',(118.,-56.,1.51));
#17037=CARTESIAN_POINT('Origin',(108.,-70.,1.51));
#17038=CARTESIAN_POINT('',(110.,-70.,-2.2));
#17039=CARTESIAN_POINT('',(110.,-70.,1.51));
#17040=CARTESIAN_POINT('Origin',(108.,-70.,-2.2));
#17041=CARTESIAN_POINT('Origin',(98.,-58.,1.51));
#17042=CARTESIAN_POINT('',(98.,-60.,-2.2));
#17043=CARTESIAN_POINT('',(98.,-56.,-2.2));
#17044=CARTESIAN_POINT('Origin',(98.,-58.,-2.2));
#17045=CARTESIAN_POINT('',(98.,-60.,1.51));
#17046=CARTESIAN_POINT('',(98.,-56.,1.51));
#17047=CARTESIAN_POINT('Origin',(118.,-70.,1.51));
#17048=CARTESIAN_POINT('',(118.,-72.,-2.2));
#17049=CARTESIAN_POINT('',(118.,-72.,1.51));
#17050=CARTESIAN_POINT('',(118.,-68.,-2.2));
#17051=CARTESIAN_POINT('Origin',(118.,-70.,-2.2));
#17052=CARTESIAN_POINT('',(118.,-68.,1.51));
#17053=CARTESIAN_POINT('Origin',(108.,-58.,1.51));
#17054=CARTESIAN_POINT('',(110.,-58.,-2.2));
#17055=CARTESIAN_POINT('',(110.,-58.,1.51));
#17056=CARTESIAN_POINT('Origin',(108.,-58.,-2.2));
#17057=CARTESIAN_POINT('Origin',(98.,-70.,1.51));
#17058=CARTESIAN_POINT('',(98.,-72.,-2.2));
#17059=CARTESIAN_POINT('',(98.,-68.,-2.2));
#17060=CARTESIAN_POINT('Origin',(98.,-70.,-2.2));
#17061=CARTESIAN_POINT('',(98.,-72.,1.51));
#17062=CARTESIAN_POINT('',(98.,-68.,1.51));
#17063=CARTESIAN_POINT('Origin',(118.,-102.,0.));
#17064=CARTESIAN_POINT('',(118.,-52.,-2.2));
#17065=CARTESIAN_POINT('',(118.,-52.,-2.2));
#17066=CARTESIAN_POINT('',(118.,-52.,0.));
#17067=CARTESIAN_POINT('Origin',(118.,-102.,0.));
#17068=CARTESIAN_POINT('',(118.,-52.,29.5600000000001));
#17069=CARTESIAN_POINT('',(118.,-52.,14.0225000000001));
#17070=CARTESIAN_POINT('',(118.,-102.,29.5600000000001));
#17071=CARTESIAN_POINT('',(118.,-64.5,29.5600000000001));
#17072=CARTESIAN_POINT('',(118.,-102.,12.51));
#17073=CARTESIAN_POINT('',(118.,-102.,22.5475));
#17074=CARTESIAN_POINT('',(118.,-88.5,12.51));
#17075=CARTESIAN_POINT('',(118.,-89.5,12.51));
#17076=CARTESIAN_POINT('',(118.,-88.5,15.51));
#17077=CARTESIAN_POINT('',(118.,-88.5,14.0225));
#17078=CARTESIAN_POINT('',(118.,-82.75,15.51));
#17079=CARTESIAN_POINT('',(118.,-90.5,19.06));
#17080=CARTESIAN_POINT('',(118.,-79.75,19.0600000000001));
#17081=CARTESIAN_POINT('',(118.,-90.5,16.06));
#17082=CARTESIAN_POINT('',(118.,-90.5,17.2975));
#17083=CARTESIAN_POINT('',(118.,-83.75,16.06));
#17084=CARTESIAN_POINT('',(118.,-102.,-2.2));
#17085=CARTESIAN_POINT('',(118.,-102.,0.));
#17086=CARTESIAN_POINT('',(118.,-52.,-2.2));
#17087=CARTESIAN_POINT('Origin',(98.,-52.,0.));
#17088=CARTESIAN_POINT('',(98.,-102.,-2.2));
#17089=CARTESIAN_POINT('',(98.,-102.,-2.2));
#17090=CARTESIAN_POINT('',(98.,-102.,0.));
#17091=CARTESIAN_POINT('',(98.,-90.5,16.06));
#17092=CARTESIAN_POINT('',(98.,-81.25,16.06));
#17093=CARTESIAN_POINT('',(98.,-90.5,19.06));
#17094=CARTESIAN_POINT('',(98.,-90.5,15.7975));
#17095=CARTESIAN_POINT('',(98.,-83.75,19.06));
#17096=CARTESIAN_POINT('',(98.,-88.5,15.51));
#17097=CARTESIAN_POINT('',(98.,-88.,15.51));
#17098=CARTESIAN_POINT('',(98.,-88.5,12.51));
#17099=CARTESIAN_POINT('',(98.,-88.5,15.5225));
#17100=CARTESIAN_POINT('',(98.,-102.,12.51));
#17101=CARTESIAN_POINT('',(98.,-82.75,12.51));
#17102=CARTESIAN_POINT('',(98.,-102.,29.5600000000001));
#17103=CARTESIAN_POINT('',(98.,-102.,14.0225));
#17104=CARTESIAN_POINT('',(98.,-52.,29.5600000000001));
#17105=CARTESIAN_POINT('',(98.,-89.5,29.5600000000001));
#17106=CARTESIAN_POINT('',(98.,-52.,22.5475));
#17107=CARTESIAN_POINT('Origin',(98.,-52.,0.));
#17108=CARTESIAN_POINT('',(98.,-102.,-2.2));
#17109=CARTESIAN_POINT('Origin',(108.,-77.,-2.2));
#17110=CARTESIAN_POINT('',(118.,-52.,-2.2));
#17111=CARTESIAN_POINT('',(118.,-102.,-2.2));
#17112=CARTESIAN_POINT('',(98.,-52.,-2.2));
#17113=CARTESIAN_POINT('',(98.,-102.,-2.2));
#17114=CARTESIAN_POINT('',(98.,-52.,-2.2));
#17115=CARTESIAN_POINT('',(104.335,-97.35,-2.2));
#17116=CARTESIAN_POINT('Origin',(107.96,-97.35,-2.2));
#17117=CARTESIAN_POINT('',(112.2,-89.56,-2.2));
#17118=CARTESIAN_POINT('Origin',(113.7,-89.56,-2.2));
#17119=CARTESIAN_POINT('',(100.85,-89.56,-2.2));
#17120=CARTESIAN_POINT('Origin',(102.35,-89.56,-2.2));
#17121=CARTESIAN_POINT('Origin',(115.15,-82.5,5.60999999999983));
#17122=CARTESIAN_POINT('',(100.85,-82.5,5.60999999999988));
#17123=CARTESIAN_POINT('',(115.15,-82.5,5.60999999999983));
#17124=CARTESIAN_POINT('Origin',(113.719091197875,-82.5,3.55999999999984));
#17125=CARTESIAN_POINT('Origin',(102.280908802125,-82.5,3.55999999999984));
#17126=CARTESIAN_POINT('Origin',(110.825,-94.741351542557,12.51));
#17127=CARTESIAN_POINT('',(110.825,-90.5,17.81));
#17128=CARTESIAN_POINT('',(110.825,-90.5,16.06));
#17129=CARTESIAN_POINT('',(110.825,-90.5,15.785));
#17130=CARTESIAN_POINT('',(110.825,-89.391351542557,17.81));
#17131=CARTESIAN_POINT('',(110.825,-93.478851542557,17.81));
#17132=CARTESIAN_POINT('',(110.825,-89.391351542557,16.06));
#17133=CARTESIAN_POINT('',(110.825,-89.391351542557,12.51));
#17134=CARTESIAN_POINT('',(110.825,-92.6206757712785,16.06));
#17135=CARTESIAN_POINT('Origin',(105.175,-89.691351542557,12.51));
#17136=CARTESIAN_POINT('',(105.175,-90.5,16.06));
#17137=CARTESIAN_POINT('',(105.175,-90.5,17.81));
#17138=CARTESIAN_POINT('',(105.175,-90.5,15.785));
#17139=CARTESIAN_POINT('',(105.175,-89.391351542557,16.06));
#17140=CARTESIAN_POINT('',(105.175,-90.0956757712785,16.06));
#17141=CARTESIAN_POINT('',(105.175,-89.391351542557,17.81));
#17142=CARTESIAN_POINT('',(105.175,-89.391351542557,12.51));
#17143=CARTESIAN_POINT('',(105.175,-90.953851542557,17.81));
#17144=CARTESIAN_POINT('Origin',(105.475,-89.691351542557,12.51));
#17145=CARTESIAN_POINT('',(105.475,-94.741351542557,15.51));
#17146=CARTESIAN_POINT('',(105.475,-89.691351542557,15.51));
#17147=CARTESIAN_POINT('',(105.475,-89.0956757712785,15.51));
#17148=CARTESIAN_POINT('',(105.475,-94.741351542557,12.51));
#17149=CARTESIAN_POINT('',(105.475,-94.741351542557,12.51));
#17150=CARTESIAN_POINT('',(105.475,-89.691351542557,12.51));
#17151=CARTESIAN_POINT('',(105.475,-95.8456757712785,12.51));
#17152=CARTESIAN_POINT('',(105.475,-89.691351542557,12.51));
#17153=CARTESIAN_POINT('Origin',(110.525,-89.391351542557,12.51));
#17154=CARTESIAN_POINT('',(109.2625,-89.391351542557,16.06));
#17155=CARTESIAN_POINT('',(109.2625,-89.391351542557,17.81));
#17156=CARTESIAN_POINT('Origin',(110.525,-89.691351542557,12.51));
#17157=CARTESIAN_POINT('',(110.525,-89.691351542557,15.51));
#17158=CARTESIAN_POINT('',(109.2625,-89.691351542557,15.51));
#17159=CARTESIAN_POINT('',(110.525,-89.691351542557,12.51));
#17160=CARTESIAN_POINT('',(109.2625,-89.691351542557,12.51));
#17161=CARTESIAN_POINT('',(110.525,-89.691351542557,12.51));
#17162=CARTESIAN_POINT('Origin',(110.525,-94.741351542557,12.51));
#17163=CARTESIAN_POINT('',(110.525,-94.741351542557,15.51));
#17164=CARTESIAN_POINT('',(110.525,-91.6206757712785,15.51));
#17165=CARTESIAN_POINT('',(110.525,-94.741351542557,12.51));
#17166=CARTESIAN_POINT('',(110.525,-98.3706757712785,12.51));
#17167=CARTESIAN_POINT('',(110.525,-94.741351542557,12.51));
#17168=CARTESIAN_POINT('Origin',(105.475,-94.741351542557,12.51));
#17169=CARTESIAN_POINT('',(106.7375,-94.741351542557,15.51));
#17170=CARTESIAN_POINT('',(106.7375,-94.741351542557,12.51));
#17171=CARTESIAN_POINT('Origin',(108.,-92.216351542557,17.81));
#17172=CARTESIAN_POINT('',(108.,-90.5,17.81));
#17173=CARTESIAN_POINT('Origin',(108.,-90.5,16.06));
#17174=CARTESIAN_POINT('',(108.,-90.5,16.06));
#17175=CARTESIAN_POINT('',(108.,-90.5,16.06));
#17176=CARTESIAN_POINT('Origin',(101.,-82.4999999999999,19.06));
#17177=CARTESIAN_POINT('Origin',(101.,-82.4999999999999,19.06));
#17178=CARTESIAN_POINT('Origin',(115.,-54.9999999999999,19.06));
#17179=CARTESIAN_POINT('Origin',(115.,-54.9999999999999,19.06));
#17180=CARTESIAN_POINT('Origin',(108.,-90.5,19.06));
#17181=CARTESIAN_POINT('',(108.,-90.5,19.06));
#17182=CARTESIAN_POINT('Origin',(108.,-82.5,19.06));
#17183=CARTESIAN_POINT('Origin',(108.,-88.5,15.51));
#17184=CARTESIAN_POINT('',(108.,-88.5,15.51));
#17185=CARTESIAN_POINT('Origin',(108.,-88.5,12.51));
#17186=CARTESIAN_POINT('',(108.,-88.5,12.51));
#17187=CARTESIAN_POINT('Origin',(108.,-102.,12.51));
#17188=CARTESIAN_POINT('',(108.,-102.,12.51));
#17189=CARTESIAN_POINT('Origin',(108.,-102.,29.5600000000001));
#17190=CARTESIAN_POINT('',(108.,-102.,29.5600000000001));
#17191=CARTESIAN_POINT('Origin',(108.,-52.,29.5600000000001));
#17192=CARTESIAN_POINT('',(108.,-52.,29.5600000000001));
#17193=CARTESIAN_POINT('Origin',(108.,-52.,12.5100000000001));
#17194=CARTESIAN_POINT('Origin',(114.227842712475,-88.6,0.655));
#17195=CARTESIAN_POINT('',(113.372842712475,-101.91,-0.2));
#17196=CARTESIAN_POINT('',(116.85189514165,-98.4309475708249,3.27905242917512));
#17197=CARTESIAN_POINT('',(113.372842712475,-102.,-0.2));
#17198=CARTESIAN_POINT('',(113.372842712475,-88.6,-0.2));
#17199=CARTESIAN_POINT('',(110.007132034356,-102.,-3.56571067811864));
#17200=CARTESIAN_POINT('Origin',(108.,-77.,-0.2));
#17201=CARTESIAN_POINT('',(116.2,-99.0828427124746,-0.2));
#17202=CARTESIAN_POINT('',(116.2,-99.0828427124746,-0.2));
#17203=CARTESIAN_POINT('',(116.2,-95.9171572875254,-0.2));
#17204=CARTESIAN_POINT('',(116.2,-95.9171572875254,-0.2));
#17205=CARTESIAN_POINT('',(115.2,-94.9171572875254,-0.2));
#17206=CARTESIAN_POINT('',(115.2,-94.9171572875254,-0.2));
#17207=CARTESIAN_POINT('',(115.2,-93.0828427124746,-0.2));
#17208=CARTESIAN_POINT('',(115.2,-93.0828427124746,-0.2));
#17209=CARTESIAN_POINT('',(116.2,-92.0828427124746,-0.2));
#17210=CARTESIAN_POINT('',(116.2,-92.0828427124746,-0.2));
#17211=CARTESIAN_POINT('',(116.2,-86.7928480087538,-0.2));
#17212=CARTESIAN_POINT('',(116.2,-86.7928480087538,-0.2));
#17213=CARTESIAN_POINT('',(116.2,-81.2071519912462,-0.2));
#17214=CARTESIAN_POINT('Origin',(116.,-84.,-0.2));
#17215=CARTESIAN_POINT('',(116.2,-79.9171572875254,-0.2));
#17216=CARTESIAN_POINT('',(116.2,-79.9171572875254,-0.2));
#17217=CARTESIAN_POINT('',(115.082842712475,-78.8,-0.2));
#17218=CARTESIAN_POINT('',(115.082842712475,-78.8,-0.2));
#17219=CARTESIAN_POINT('',(100.917157287525,-78.8,-0.2));
#17220=CARTESIAN_POINT('',(100.917157287525,-78.8,-0.2));
#17221=CARTESIAN_POINT('',(99.8,-79.9171572875254,-0.2));
#17222=CARTESIAN_POINT('',(99.8,-79.9171572875254,-0.2));
#17223=CARTESIAN_POINT('',(99.8,-81.2071519912462,-0.2));
#17224=CARTESIAN_POINT('',(99.8,-81.2071519912462,-0.2));
#17225=CARTESIAN_POINT('',(99.8,-86.7928480087538,-0.2));
#17226=CARTESIAN_POINT('Origin',(100.,-84.,-0.2));
#17227=CARTESIAN_POINT('',(99.8,-92.0828427124746,-0.2));
#17228=CARTESIAN_POINT('',(99.8,-92.0828427124746,-0.2));
#17229=CARTESIAN_POINT('',(100.8,-93.0828427124747,-0.2));
#17230=CARTESIAN_POINT('',(100.8,-93.0828427124747,-0.2));
#17231=CARTESIAN_POINT('',(100.8,-94.9171572875254,-0.2));
#17232=CARTESIAN_POINT('',(100.8,-94.9171572875254,-0.2));
#17233=CARTESIAN_POINT('',(99.8,-95.9171572875254,-0.2));
#17234=CARTESIAN_POINT('',(99.8,-95.9171572875254,-0.2));
#17235=CARTESIAN_POINT('',(99.8,-99.0828427124746,-0.2));
#17236=CARTESIAN_POINT('',(99.8,-99.0828427124746,-0.2));
#17237=CARTESIAN_POINT('',(102.627157287525,-101.91,-0.2));
#17238=CARTESIAN_POINT('',(100.917157287525,-100.2,-0.2));
#17239=CARTESIAN_POINT('',(102.627157287525,-102.,-0.2));
#17240=CARTESIAN_POINT('',(102.627157287525,-89.5,-0.2));
#17241=CARTESIAN_POINT('',(118.,-102.,-0.2));
#17242=CARTESIAN_POINT('',(104.335,-97.35,-0.2));
#17243=CARTESIAN_POINT('Origin',(107.96,-97.35,-0.2));
#17244=CARTESIAN_POINT('',(112.2,-89.56,-0.2));
#17245=CARTESIAN_POINT('Origin',(113.7,-89.56,-0.2));
#17246=CARTESIAN_POINT('',(100.85,-89.56,-0.2));
#17247=CARTESIAN_POINT('Origin',(102.35,-89.56,-0.2));
#17248=CARTESIAN_POINT('Origin',(101.772157287525,-89.5,0.655));
#17249=CARTESIAN_POINT('',(99.6704906208588,-98.9533333333334,2.75666666666663));
#17250=CARTESIAN_POINT('',(100.992867965644,-102.,1.43428932188135));
#17251=CARTESIAN_POINT('Origin',(107.96,-97.35,-0.2));
#17252=CARTESIAN_POINT('',(104.335,-97.35,-0.2));
#17253=CARTESIAN_POINT('Origin',(113.7,-89.56,-0.2));
#17254=CARTESIAN_POINT('',(112.2,-89.56,-0.2));
#17255=CARTESIAN_POINT('Origin',(102.35,-89.56,-0.2));
#17256=CARTESIAN_POINT('',(100.85,-89.56,-0.2));
#17257=CARTESIAN_POINT('Origin',(98.,-102.,0.));
#17258=CARTESIAN_POINT('Origin',(98.,-52.,0.));
#17259=CARTESIAN_POINT('',(98.,-52.,0.));
#17260=CARTESIAN_POINT('Origin',(118.,-52.,0.));
#17261=CARTESIAN_POINT('Origin',(118.,-102.,0.));
#17262=CARTESIAN_POINT('Origin',(116.2,-99.0828427124746,0.));
#17263=CARTESIAN_POINT('',(116.2,-99.0828427124746,0.));
#17264=CARTESIAN_POINT('Origin',(116.2,-95.9171572875254,0.));
#17265=CARTESIAN_POINT('',(116.2,-95.9171572875254,0.));
#17266=CARTESIAN_POINT('Origin',(115.2,-94.9171572875254,0.));
#17267=CARTESIAN_POINT('',(115.2,-94.9171572875254,0.));
#17268=CARTESIAN_POINT('Origin',(115.2,-93.0828427124746,0.));
#17269=CARTESIAN_POINT('',(115.2,-93.0828427124746,0.));
#17270=CARTESIAN_POINT('Origin',(116.2,-92.0828427124746,0.));
#17271=CARTESIAN_POINT('',(116.2,-92.0828427124746,0.));
#17272=CARTESIAN_POINT('Origin',(116.2,-86.7928480087538,0.));
#17273=CARTESIAN_POINT('',(116.2,-86.7928480087538,0.));
#17274=CARTESIAN_POINT('Origin',(116.,-84.,0.));
#17275=CARTESIAN_POINT('',(116.2,-81.2071519912462,0.));
#17276=CARTESIAN_POINT('Origin',(116.2,-79.9171572875254,0.));
#17277=CARTESIAN_POINT('',(116.2,-79.9171572875254,0.));
#17278=CARTESIAN_POINT('Origin',(115.082842712475,-78.8,0.));
#17279=CARTESIAN_POINT('',(115.082842712475,-78.8,0.));
#17280=CARTESIAN_POINT('Origin',(100.917157287525,-78.8,0.));
#17281=CARTESIAN_POINT('',(100.917157287525,-78.8,0.));
#17282=CARTESIAN_POINT('Origin',(99.8,-79.9171572875254,0.));
#17283=CARTESIAN_POINT('',(99.8,-79.9171572875254,0.));
#17284=CARTESIAN_POINT('Origin',(99.8,-81.2071519912462,0.));
#17285=CARTESIAN_POINT('',(99.8,-81.2071519912462,0.));
#17286=CARTESIAN_POINT('Origin',(100.,-84.,0.));
#17287=CARTESIAN_POINT('',(99.8,-86.7928480087538,0.));
#17288=CARTESIAN_POINT('Origin',(99.8,-92.0828427124746,0.));
#17289=CARTESIAN_POINT('',(99.8,-92.0828427124746,0.));
#17290=CARTESIAN_POINT('Origin',(100.8,-93.0828427124747,0.));
#17291=CARTESIAN_POINT('',(100.8,-93.0828427124747,0.));
#17292=CARTESIAN_POINT('Origin',(100.8,-94.9171572875254,0.));
#17293=CARTESIAN_POINT('',(100.8,-94.9171572875254,0.));
#17294=CARTESIAN_POINT('Origin',(99.8,-95.9171572875254,0.));
#17295=CARTESIAN_POINT('',(99.8,-95.9171572875254,0.));
#17296=CARTESIAN_POINT('Origin',(99.8,-99.0828427124746,0.));
#17297=CARTESIAN_POINT('',(99.8,-99.0828427124746,0.));
#17298=CARTESIAN_POINT('Origin',(100.917157287525,-100.2,0.));
#17299=CARTESIAN_POINT('Origin',(100.88,-85.5,4.3349999999999));
#17300=CARTESIAN_POINT('',(100.88,-82.5,1.73586882924265));
#17301=CARTESIAN_POINT('',(100.88,-82.5,4.3349999999999));
#17302=CARTESIAN_POINT('',(100.88,-82.5,3.94749999999986));
#17303=CARTESIAN_POINT('',(100.88,-85.5,4.3349999999999));
#17304=CARTESIAN_POINT('',(100.88,-85.5,4.3349999999999));
#17305=CARTESIAN_POINT('',(100.88,-85.5,1.73586882924265));
#17306=CARTESIAN_POINT('',(100.88,-85.5,1.5949999999999));
#17307=CARTESIAN_POINT('',(100.88,-85.5,1.73586882924265));
#17308=CARTESIAN_POINT('Origin',(103.82,-85.5,4.3349999999999));
#17309=CARTESIAN_POINT('',(103.82,-82.5,4.3349999999999));
#17310=CARTESIAN_POINT('',(105.909999990411,-82.5,4.3349999999999));
#17311=CARTESIAN_POINT('',(103.82,-85.5,4.3349999999999));
#17312=CARTESIAN_POINT('',(103.82,-85.5,4.3349999999999));
#17313=CARTESIAN_POINT('',(100.88,-85.5,4.3349999999999));
#17314=CARTESIAN_POINT('Origin',(103.82,-85.5,1.7099999999999));
#17315=CARTESIAN_POINT('',(103.82,-82.5,1.7099999999999));
#17316=CARTESIAN_POINT('',(103.82,-82.5,2.63499999999985));
#17317=CARTESIAN_POINT('',(103.82,-85.5,1.7099999999999));
#17318=CARTESIAN_POINT('',(103.82,-85.5,1.7099999999999));
#17319=CARTESIAN_POINT('',(103.82,-85.5,4.3349999999999));
#17320=CARTESIAN_POINT('Origin',(104.8,-85.5,1.7099999999999));
#17321=CARTESIAN_POINT('',(104.8,-82.5,1.7099999999999));
#17322=CARTESIAN_POINT('',(106.399999990411,-82.5,1.7099999999999));
#17323=CARTESIAN_POINT('',(104.8,-85.5,1.7099999999999));
#17324=CARTESIAN_POINT('',(104.8,-85.5,1.7099999999999));
#17325=CARTESIAN_POINT('',(100.914343765254,-85.5,1.7099999999999));
#17326=CARTESIAN_POINT('Origin',(104.8,-85.5,4.7549999999999));
#17327=CARTESIAN_POINT('',(104.8,-82.5,4.7549999999999));
#17328=CARTESIAN_POINT('',(104.8,-82.5,4.15749999999986));
#17329=CARTESIAN_POINT('',(104.8,-85.5,4.7549999999999));
#17330=CARTESIAN_POINT('',(104.8,-85.5,4.7549999999999));
#17331=CARTESIAN_POINT('',(104.8,-85.5,2.8549999999999));
#17332=CARTESIAN_POINT('Origin',(111.2,-85.5,4.7549999999999));
#17333=CARTESIAN_POINT('',(111.2,-82.5,4.7549999999999));
#17334=CARTESIAN_POINT('',(109.599999990411,-82.5,4.7549999999999));
#17335=CARTESIAN_POINT('',(111.2,-85.5,4.7549999999999));
#17336=CARTESIAN_POINT('',(111.2,-85.5,4.7549999999999));
#17337=CARTESIAN_POINT('',(111.2,-85.5,4.7549999999999));
#17338=CARTESIAN_POINT('Origin',(111.2,-85.5,1.7099999999999));
#17339=CARTESIAN_POINT('',(111.2,-82.5,1.7099999999999));
#17340=CARTESIAN_POINT('',(111.2,-82.5,2.63499999999985));
#17341=CARTESIAN_POINT('',(111.2,-85.5,1.7099999999999));
#17342=CARTESIAN_POINT('',(111.2,-85.5,1.7099999999999));
#17343=CARTESIAN_POINT('',(111.2,-85.5,2.8549999999999));
#17344=CARTESIAN_POINT('Origin',(112.23,-85.5,1.7099999999999));
#17345=CARTESIAN_POINT('',(112.23,-82.5,1.7099999999999));
#17346=CARTESIAN_POINT('',(110.114999990411,-82.5,1.7099999999999));
#17347=CARTESIAN_POINT('',(112.23,-85.5,1.7099999999999));
#17348=CARTESIAN_POINT('',(112.23,-85.5,1.7099999999999));
#17349=CARTESIAN_POINT('',(100.914343765254,-85.5,1.7099999999999));
#17350=CARTESIAN_POINT('Origin',(112.23,-85.5,4.3349999999999));
#17351=CARTESIAN_POINT('',(112.23,-82.5,4.3349999999999));
#17352=CARTESIAN_POINT('',(112.23,-82.5,3.94749999999986));
#17353=CARTESIAN_POINT('',(112.23,-85.5,4.3349999999999));
#17354=CARTESIAN_POINT('',(112.23,-85.5,4.3349999999999));
#17355=CARTESIAN_POINT('',(112.23,-85.5,1.5949999999999));
#17356=CARTESIAN_POINT('Origin',(115.17,-85.5,4.3349999999999));
#17357=CARTESIAN_POINT('',(115.17,-82.5,4.3349999999999));
#17358=CARTESIAN_POINT('',(111.584999990411,-82.5,4.3349999999999));
#17359=CARTESIAN_POINT('',(115.17,-85.5,4.3349999999999));
#17360=CARTESIAN_POINT('',(115.17,-85.5,4.3349999999999));
#17361=CARTESIAN_POINT('',(112.23,-85.5,4.3349999999999));
#17362=CARTESIAN_POINT('Origin',(115.17,-85.5,1.77538137861521));
#17363=CARTESIAN_POINT('',(115.17,-82.5,1.77538137861521));
#17364=CARTESIAN_POINT('',(115.17,-82.5,2.66769068930751));
#17365=CARTESIAN_POINT('',(115.17,-85.5,1.77538137861521));
#17366=CARTESIAN_POINT('',(115.17,-85.5,1.77538137861521));
#17367=CARTESIAN_POINT('',(115.17,-85.5,4.3349999999999));
#17368=CARTESIAN_POINT('Origin',(113.719091108183,-85.5,3.55999999999981));
#17369=CARTESIAN_POINT('',(115.085656231456,-82.5,5.40999999999973));
#17370=CARTESIAN_POINT('Origin',(113.719091108183,-82.5,3.55999999999981));
#17371=CARTESIAN_POINT('',(115.085656231456,-85.5,5.40999999999973));
#17372=CARTESIAN_POINT('',(115.085656231456,-85.5,5.40999999999973));
#17373=CARTESIAN_POINT('Origin',(113.719091108183,-85.5,3.55999999999981));
#17374=CARTESIAN_POINT('Origin',(100.914343765254,-85.5,5.40999999999973));
#17375=CARTESIAN_POINT('',(100.914343765254,-82.5,5.40999999999973));
#17376=CARTESIAN_POINT('',(104.457171873038,-82.5,5.40999999999973));
#17377=CARTESIAN_POINT('',(100.914343765254,-85.5,5.40999999999973));
#17378=CARTESIAN_POINT('',(100.914343765254,-85.5,5.40999999999973));
#17379=CARTESIAN_POINT('',(115.085656231456,-85.5,5.40999999999973));
#17380=CARTESIAN_POINT('Origin',(102.280908802126,-85.5,3.55999999999981));
#17381=CARTESIAN_POINT('Origin',(102.280908802126,-82.5,3.55999999999981));
#17382=CARTESIAN_POINT('Origin',(102.280908802126,-85.5,3.55999999999981));
#17383=CARTESIAN_POINT('Origin',(107.999999980822,-85.5,3.55999999999981));
#17384=CARTESIAN_POINT('Origin',(107.999999980822,-82.5,3.55999999999981));
#17385=CARTESIAN_POINT('Origin',(105.7,-94.516351542557,12.71));
#17386=CARTESIAN_POINT('',(105.7,-94.516351542557,12.51));
#17387=CARTESIAN_POINT('',(105.5,-94.516351542557,12.71));
#17388=CARTESIAN_POINT('Origin',(105.7,-94.516351542557,12.71));
#17389=CARTESIAN_POINT('',(105.7,-94.716351542557,12.71));
#17390=CARTESIAN_POINT('Origin',(105.7,-94.516351542557,12.71));
#17391=CARTESIAN_POINT('Origin',(105.7,-94.516351542557,12.71));
#17392=CARTESIAN_POINT('Origin',(110.3,-94.516351542557,12.71));
#17393=CARTESIAN_POINT('',(110.3,-94.516351542557,12.51));
#17394=CARTESIAN_POINT('',(110.3,-94.716351542557,12.71));
#17395=CARTESIAN_POINT('Origin',(110.3,-94.516351542557,12.71));
#17396=CARTESIAN_POINT('',(110.5,-94.516351542557,12.71));
#17397=CARTESIAN_POINT('Origin',(110.3,-94.516351542557,12.71));
#17398=CARTESIAN_POINT('Origin',(110.3,-94.516351542557,12.71));
#17399=CARTESIAN_POINT('Origin',(105.7,-89.916351542557,12.71));
#17400=CARTESIAN_POINT('',(105.7,-89.716351542557,12.71));
#17401=CARTESIAN_POINT('',(105.5,-89.916351542557,12.71));
#17402=CARTESIAN_POINT('Origin',(105.7,-89.916351542557,12.71));
#17403=CARTESIAN_POINT('',(105.7,-89.916351542557,12.51));
#17404=CARTESIAN_POINT('Origin',(105.7,-89.916351542557,12.71));
#17405=CARTESIAN_POINT('Origin',(105.7,-89.916351542557,12.71));
#17406=CARTESIAN_POINT('Origin',(105.7,-94.516351542557,17.31));
#17407=CARTESIAN_POINT('',(105.5,-94.516351542557,17.31));
#17408=CARTESIAN_POINT('',(105.7,-94.516351542557,17.51));
#17409=CARTESIAN_POINT('Origin',(105.7,-94.516351542557,17.31));
#17410=CARTESIAN_POINT('',(105.7,-94.716351542557,17.31));
#17411=CARTESIAN_POINT('Origin',(105.7,-94.516351542557,17.31));
#17412=CARTESIAN_POINT('Origin',(105.7,-94.516351542557,17.31));
#17413=CARTESIAN_POINT('Origin',(105.7,-94.516351542557,12.51));
#17414=CARTESIAN_POINT('',(105.5,-94.516351542557,12.51));
#17415=CARTESIAN_POINT('',(105.7,-94.716351542557,12.51));
#17416=CARTESIAN_POINT('Origin',(110.3,-89.916351542557,12.71));
#17417=CARTESIAN_POINT('',(110.3,-89.916351542557,12.51));
#17418=CARTESIAN_POINT('',(110.5,-89.916351542557,12.71));
#17419=CARTESIAN_POINT('Origin',(110.3,-89.916351542557,12.71));
#17420=CARTESIAN_POINT('',(110.3,-89.716351542557,12.71));
#17421=CARTESIAN_POINT('Origin',(110.3,-89.916351542557,12.71));
#17422=CARTESIAN_POINT('Origin',(110.3,-89.916351542557,12.71));
#17423=CARTESIAN_POINT('Origin',(109.25,-89.916351542557,12.71));
#17424=CARTESIAN_POINT('',(109.25,-89.716351542557,12.71));
#17425=CARTESIAN_POINT('',(109.25,-89.916351542557,12.51));
#17426=CARTESIAN_POINT('Origin',(110.3,-94.516351542557,17.31));
#17427=CARTESIAN_POINT('',(110.3,-94.716351542557,17.31));
#17428=CARTESIAN_POINT('',(110.3,-94.516351542557,17.51));
#17429=CARTESIAN_POINT('Origin',(110.3,-94.516351542557,17.31));
#17430=CARTESIAN_POINT('',(110.5,-94.516351542557,17.31));
#17431=CARTESIAN_POINT('Origin',(110.3,-94.516351542557,17.31));
#17432=CARTESIAN_POINT('Origin',(110.3,-94.516351542557,17.31));
#17433=CARTESIAN_POINT('Origin',(110.3,-94.516351542557,12.51));
#17434=CARTESIAN_POINT('',(110.3,-94.716351542557,12.51));
#17435=CARTESIAN_POINT('',(110.5,-94.516351542557,12.51));
#17436=CARTESIAN_POINT('Origin',(105.7,-89.916351542557,17.31));
#17437=CARTESIAN_POINT('',(105.7,-89.716351542557,17.31));
#17438=CARTESIAN_POINT('',(105.7,-89.916351542557,17.51));
#17439=CARTESIAN_POINT('Origin',(105.7,-89.916351542557,17.31));
#17440=CARTESIAN_POINT('',(105.5,-89.916351542557,17.31));
#17441=CARTESIAN_POINT('Origin',(105.7,-89.916351542557,17.31));
#17442=CARTESIAN_POINT('Origin',(105.7,-89.916351542557,17.31));
#17443=CARTESIAN_POINT('Origin',(105.7,-89.916351542557,12.51));
#17444=CARTESIAN_POINT('',(105.7,-89.716351542557,12.51));
#17445=CARTESIAN_POINT('',(105.5,-89.916351542557,12.51));
#17446=CARTESIAN_POINT('Origin',(105.7,-90.966351542557,17.31));
#17447=CARTESIAN_POINT('',(105.7,-90.966351542557,17.51));
#17448=CARTESIAN_POINT('',(105.5,-90.966351542557,17.31));
#17449=CARTESIAN_POINT('Origin',(110.3,-89.916351542557,17.31));
#17450=CARTESIAN_POINT('',(110.5,-89.916351542557,17.31));
#17451=CARTESIAN_POINT('',(110.3,-89.916351542557,17.51));
#17452=CARTESIAN_POINT('Origin',(110.3,-89.916351542557,17.31));
#17453=CARTESIAN_POINT('',(110.3,-89.716351542557,17.31));
#17454=CARTESIAN_POINT('Origin',(110.3,-89.916351542557,17.31));
#17455=CARTESIAN_POINT('Origin',(110.3,-89.916351542557,17.31));
#17456=CARTESIAN_POINT('Origin',(110.3,-89.916351542557,12.51));
#17457=CARTESIAN_POINT('',(110.5,-89.916351542557,12.51));
#17458=CARTESIAN_POINT('',(110.3,-89.716351542557,12.51));
#17459=CARTESIAN_POINT('Origin',(109.25,-89.916351542557,17.31));
#17460=CARTESIAN_POINT('',(109.25,-89.916351542557,17.51));
#17461=CARTESIAN_POINT('',(109.25,-89.716351542557,17.31));
#17462=CARTESIAN_POINT('Origin',(110.3,-93.466351542557,17.31));
#17463=CARTESIAN_POINT('',(110.3,-93.466351542557,17.51));
#17464=CARTESIAN_POINT('',(110.5,-93.466351542557,17.31));
#17465=CARTESIAN_POINT('Origin',(106.75,-94.516351542557,17.31));
#17466=CARTESIAN_POINT('',(106.75,-94.516351542557,17.51));
#17467=CARTESIAN_POINT('',(106.75,-94.716351542557,17.31));
#17468=CARTESIAN_POINT('Origin',(110.3,-93.466351542557,12.71));
#17469=CARTESIAN_POINT('',(110.5,-93.466351542557,12.71));
#17470=CARTESIAN_POINT('',(110.3,-93.466351542557,12.51));
#17471=CARTESIAN_POINT('Origin',(105.7,-90.966351542557,12.71));
#17472=CARTESIAN_POINT('',(105.5,-90.966351542557,12.71));
#17473=CARTESIAN_POINT('',(105.7,-90.966351542557,12.51));
#17474=CARTESIAN_POINT('Origin',(106.75,-94.516351542557,12.71));
#17475=CARTESIAN_POINT('',(106.75,-94.716351542557,12.71));
#17476=CARTESIAN_POINT('',(106.75,-94.516351542557,12.51));
#17477=CARTESIAN_POINT('Origin',(110.5,-89.716351542557,12.51));
#17478=CARTESIAN_POINT('Origin',(108.,-92.216351542557,12.51));
#17479=CARTESIAN_POINT('Origin',(105.5,-94.716351542557,12.51));
#17480=CARTESIAN_POINT('Origin',(105.5,-89.716351542557,12.51));
#17481=CARTESIAN_POINT('Origin',(108.,-92.216351542557,17.51));
#17482=CARTESIAN_POINT('Origin',(110.5,-94.716351542557,12.51));
#17483=CARTESIAN_POINT('',(102.35,-89.56,1.595));
#17484=CARTESIAN_POINT('',(108.,-82.3,1.595));
#17485=CARTESIAN_POINT('',(107.96,-94.15,1.595));
#17486=CARTESIAN_POINT('',(108.,-91.7,1.595));
#17487=CARTESIAN_POINT('',(107.96,-97.35,-0.085));
#17488=CARTESIAN_POINT('',(0.,0.,0.));
#17489=CARTESIAN_POINT('',(113.7,-89.56,1.595));
#17490=UNCERTAINTY_MEASURE_WITH_UNIT(LENGTH_MEASURE(0.01),#17526,
'DISTANCE_ACCURACY_VALUE',
'Maximum model space distance between geometric entities at asserted c
onnectivities');
#17491=UNCERTAINTY_MEASURE_WITH_UNIT(LENGTH_MEASURE(0.01),#17526,
'DISTANCE_ACCURACY_VALUE',
'Maximum model space distance between geometric entities at asserted c
onnectivities');
#17492=UNCERTAINTY_MEASURE_WITH_UNIT(LENGTH_MEASURE(0.01),#17526,
'DISTANCE_ACCURACY_VALUE',
'Maximum model space distance between geometric entities at asserted c
onnectivities');
#17493=UNCERTAINTY_MEASURE_WITH_UNIT(LENGTH_MEASURE(0.01),#17526,
'DISTANCE_ACCURACY_VALUE',
'Maximum model space distance between geometric entities at asserted c
onnectivities');
#17494=UNCERTAINTY_MEASURE_WITH_UNIT(LENGTH_MEASURE(0.01),#17526,
'DISTANCE_ACCURACY_VALUE',
'Maximum model space distance between geometric entities at asserted c
onnectivities');
#17495=UNCERTAINTY_MEASURE_WITH_UNIT(LENGTH_MEASURE(0.01),#17526,
'DISTANCE_ACCURACY_VALUE',
'Maximum model space distance between geometric entities at asserted c
onnectivities');
#17496=UNCERTAINTY_MEASURE_WITH_UNIT(LENGTH_MEASURE(0.01),#17526,
'DISTANCE_ACCURACY_VALUE',
'Maximum model space distance between geometric entities at asserted c
onnectivities');
#17497=UNCERTAINTY_MEASURE_WITH_UNIT(LENGTH_MEASURE(0.01),#17526,
'DISTANCE_ACCURACY_VALUE',
'Maximum model space distance between geometric entities at asserted c
onnectivities');
#17498=UNCERTAINTY_MEASURE_WITH_UNIT(LENGTH_MEASURE(0.01),#17526,
'DISTANCE_ACCURACY_VALUE',
'Maximum model space distance between geometric entities at asserted c
onnectivities');
#17499=UNCERTAINTY_MEASURE_WITH_UNIT(LENGTH_MEASURE(0.01),#17526,
'DISTANCE_ACCURACY_VALUE',
'Maximum model space distance between geometric entities at asserted c
onnectivities');
#17500=UNCERTAINTY_MEASURE_WITH_UNIT(LENGTH_MEASURE(0.01),#17526,
'DISTANCE_ACCURACY_VALUE',
'Maximum model space distance between geometric entities at asserted c
onnectivities');
#17501=UNCERTAINTY_MEASURE_WITH_UNIT(LENGTH_MEASURE(0.01),#17526,
'DISTANCE_ACCURACY_VALUE',
'Maximum model space distance between geometric entities at asserted c
onnectivities');
#17502=UNCERTAINTY_MEASURE_WITH_UNIT(LENGTH_MEASURE(0.01),#17526,
'DISTANCE_ACCURACY_VALUE',
'Maximum model space distance between geometric entities at asserted c
onnectivities');
#17503=UNCERTAINTY_MEASURE_WITH_UNIT(LENGTH_MEASURE(0.01),#17526,
'DISTANCE_ACCURACY_VALUE',
'Maximum model space distance between geometric entities at asserted c
onnectivities');
#17504=UNCERTAINTY_MEASURE_WITH_UNIT(LENGTH_MEASURE(0.01),#17526,
'DISTANCE_ACCURACY_VALUE',
'Maximum model space distance between geometric entities at asserted c
onnectivities');
#17505=UNCERTAINTY_MEASURE_WITH_UNIT(LENGTH_MEASURE(0.01),#17526,
'DISTANCE_ACCURACY_VALUE',
'Maximum model space distance between geometric entities at asserted c
onnectivities');
#17506=UNCERTAINTY_MEASURE_WITH_UNIT(LENGTH_MEASURE(0.01),#17526,
'DISTANCE_ACCURACY_VALUE',
'Maximum model space distance between geometric entities at asserted c
onnectivities');
#17507=UNCERTAINTY_MEASURE_WITH_UNIT(LENGTH_MEASURE(0.01),#17526,
'DISTANCE_ACCURACY_VALUE',
'Maximum model space distance between geometric entities at asserted c
onnectivities');
#17508=(
GEOMETRIC_REPRESENTATION_CONTEXT(3)
GLOBAL_UNCERTAINTY_ASSIGNED_CONTEXT((#17490))
GLOBAL_UNIT_ASSIGNED_CONTEXT((#17526,#17528,#17529))
REPRESENTATION_CONTEXT('','3D')
);
#17509=(
GEOMETRIC_REPRESENTATION_CONTEXT(3)
GLOBAL_UNCERTAINTY_ASSIGNED_CONTEXT((#17491))
GLOBAL_UNIT_ASSIGNED_CONTEXT((#17526,#17528,#17529))
REPRESENTATION_CONTEXT('','3D')
);
#17510=(
GEOMETRIC_REPRESENTATION_CONTEXT(3)
GLOBAL_UNCERTAINTY_ASSIGNED_CONTEXT((#17492))
GLOBAL_UNIT_ASSIGNED_CONTEXT((#17526,#17528,#17529))
REPRESENTATION_CONTEXT('','3D')
);
#17511=(
GEOMETRIC_REPRESENTATION_CONTEXT(3)
GLOBAL_UNCERTAINTY_ASSIGNED_CONTEXT((#17493))
GLOBAL_UNIT_ASSIGNED_CONTEXT((#17526,#17528,#17529))
REPRESENTATION_CONTEXT('','3D')
);
#17512=(
GEOMETRIC_REPRESENTATION_CONTEXT(3)
GLOBAL_UNCERTAINTY_ASSIGNED_CONTEXT((#17494))
GLOBAL_UNIT_ASSIGNED_CONTEXT((#17526,#17528,#17529))
REPRESENTATION_CONTEXT('','3D')
);
#17513=(
GEOMETRIC_REPRESENTATION_CONTEXT(3)
GLOBAL_UNCERTAINTY_ASSIGNED_CONTEXT((#17495))
GLOBAL_UNIT_ASSIGNED_CONTEXT((#17526,#17528,#17529))
REPRESENTATION_CONTEXT('','3D')
);
#17514=(
GEOMETRIC_REPRESENTATION_CONTEXT(3)
GLOBAL_UNCERTAINTY_ASSIGNED_CONTEXT((#17496))
GLOBAL_UNIT_ASSIGNED_CONTEXT((#17526,#17528,#17529))
REPRESENTATION_CONTEXT('','3D')
);
#17515=(
GEOMETRIC_REPRESENTATION_CONTEXT(3)
GLOBAL_UNCERTAINTY_ASSIGNED_CONTEXT((#17497))
GLOBAL_UNIT_ASSIGNED_CONTEXT((#17526,#17528,#17529))
REPRESENTATION_CONTEXT('','3D')
);
#17516=(
GEOMETRIC_REPRESENTATION_CONTEXT(3)
GLOBAL_UNCERTAINTY_ASSIGNED_CONTEXT((#17498))
GLOBAL_UNIT_ASSIGNED_CONTEXT((#17526,#17528,#17529))
REPRESENTATION_CONTEXT('','3D')
);
#17517=(
GEOMETRIC_REPRESENTATION_CONTEXT(3)
GLOBAL_UNCERTAINTY_ASSIGNED_CONTEXT((#17499))
GLOBAL_UNIT_ASSIGNED_CONTEXT((#17526,#17528,#17529))
REPRESENTATION_CONTEXT('','3D')
);
#17518=(
GEOMETRIC_REPRESENTATION_CONTEXT(3)
GLOBAL_UNCERTAINTY_ASSIGNED_CONTEXT((#17500))
GLOBAL_UNIT_ASSIGNED_CONTEXT((#17526,#17528,#17529))
REPRESENTATION_CONTEXT('','3D')
);
#17519=(
GEOMETRIC_REPRESENTATION_CONTEXT(3)
GLOBAL_UNCERTAINTY_ASSIGNED_CONTEXT((#17501))
GLOBAL_UNIT_ASSIGNED_CONTEXT((#17526,#17528,#17529))
REPRESENTATION_CONTEXT('','3D')
);
#17520=(
GEOMETRIC_REPRESENTATION_CONTEXT(3)
GLOBAL_UNCERTAINTY_ASSIGNED_CONTEXT((#17502))
GLOBAL_UNIT_ASSIGNED_CONTEXT((#17526,#17528,#17529))
REPRESENTATION_CONTEXT('','3D')
);
#17521=(
GEOMETRIC_REPRESENTATION_CONTEXT(3)
GLOBAL_UNCERTAINTY_ASSIGNED_CONTEXT((#17503))
GLOBAL_UNIT_ASSIGNED_CONTEXT((#17526,#17528,#17529))
REPRESENTATION_CONTEXT('','3D')
);
#17522=(
GEOMETRIC_REPRESENTATION_CONTEXT(3)
GLOBAL_UNCERTAINTY_ASSIGNED_CONTEXT((#17504))
GLOBAL_UNIT_ASSIGNED_CONTEXT((#17526,#17528,#17529))
REPRESENTATION_CONTEXT('','3D')
);
#17523=(
GEOMETRIC_REPRESENTATION_CONTEXT(3)
GLOBAL_UNCERTAINTY_ASSIGNED_CONTEXT((#17505))
GLOBAL_UNIT_ASSIGNED_CONTEXT((#17526,#17528,#17529))
REPRESENTATION_CONTEXT('','3D')
);
#17524=(
GEOMETRIC_REPRESENTATION_CONTEXT(3)
GLOBAL_UNCERTAINTY_ASSIGNED_CONTEXT((#17506))
GLOBAL_UNIT_ASSIGNED_CONTEXT((#17526,#17528,#17529))
REPRESENTATION_CONTEXT('','3D')
);
#17525=(
GEOMETRIC_REPRESENTATION_CONTEXT(3)
GLOBAL_UNCERTAINTY_ASSIGNED_CONTEXT((#17507))
GLOBAL_UNIT_ASSIGNED_CONTEXT((#17526,#17528,#17529))
REPRESENTATION_CONTEXT('','3D')
);
#17526=(
LENGTH_UNIT()
NAMED_UNIT(*)
SI_UNIT(.MILLI.,.METRE.)
);
#17527=(
LENGTH_UNIT()
NAMED_UNIT(*)
SI_UNIT($,.METRE.)
);
#17528=(
NAMED_UNIT(*)
PLANE_ANGLE_UNIT()
SI_UNIT($,.RADIAN.)
);
#17529=(
NAMED_UNIT(*)
SI_UNIT($,.STERADIAN.)
SOLID_ANGLE_UNIT()
);
#17530=SHAPE_DEFINITION_REPRESENTATION(#17547,#17581);
#17531=SHAPE_DEFINITION_REPRESENTATION(#17548,#17582);
#17532=SHAPE_DEFINITION_REPRESENTATION(#17549,#17583);
#17533=SHAPE_DEFINITION_REPRESENTATION(#17551,#17584);
#17534=SHAPE_DEFINITION_REPRESENTATION(#17552,#17585);
#17535=SHAPE_DEFINITION_REPRESENTATION(#17554,#17586);
#17536=SHAPE_DEFINITION_REPRESENTATION(#17555,#17587);
#17537=SHAPE_DEFINITION_REPRESENTATION(#17557,#17588);
#17538=SHAPE_DEFINITION_REPRESENTATION(#17558,#17589);
#17539=SHAPE_DEFINITION_REPRESENTATION(#17559,#17590);
#17540=SHAPE_DEFINITION_REPRESENTATION(#17560,#17591);
#17541=SHAPE_DEFINITION_REPRESENTATION(#17561,#17592);
#17542=SHAPE_DEFINITION_REPRESENTATION(#17562,#17593);
#17543=SHAPE_DEFINITION_REPRESENTATION(#17563,#17594);
#17544=SHAPE_DEFINITION_REPRESENTATION(#17570,#17595);
#17545=SHAPE_DEFINITION_REPRESENTATION(#17571,#17596);
#17546=SHAPE_DEFINITION_REPRESENTATION(#17572,#17597);
#17547=PRODUCT_DEFINITION_SHAPE('',$,#17599);
#17548=PRODUCT_DEFINITION_SHAPE('',$,#17600);
#17549=PRODUCT_DEFINITION_SHAPE('',$,#17601);
#17550=PRODUCT_DEFINITION_SHAPE($,$,#449);
#17551=PRODUCT_DEFINITION_SHAPE('',$,#17602);
#17552=PRODUCT_DEFINITION_SHAPE('',$,#17603);
#17553=PRODUCT_DEFINITION_SHAPE($,$,#450);
#17554=PRODUCT_DEFINITION_SHAPE('',$,#17604);
#17555=PRODUCT_DEFINITION_SHAPE('',$,#17605);
#17556=PRODUCT_DEFINITION_SHAPE($,$,#451);
#17557=PRODUCT_DEFINITION_SHAPE('',$,#17606);
#17558=PRODUCT_DEFINITION_SHAPE('',$,#17607);
#17559=PRODUCT_DEFINITION_SHAPE('',$,#17608);
#17560=PRODUCT_DEFINITION_SHAPE('',$,#17609);
#17561=PRODUCT_DEFINITION_SHAPE('',$,#17610);
#17562=PRODUCT_DEFINITION_SHAPE('',$,#17611);
#17563=PRODUCT_DEFINITION_SHAPE('',$,#17612);
#17564=PRODUCT_DEFINITION_SHAPE($,$,#452);
#17565=PRODUCT_DEFINITION_SHAPE($,$,#453);
#17566=PRODUCT_DEFINITION_SHAPE($,$,#454);
#17567=PRODUCT_DEFINITION_SHAPE($,$,#455);
#17568=PRODUCT_DEFINITION_SHAPE($,$,#456);
#17569=PRODUCT_DEFINITION_SHAPE($,$,#457);
#17570=PRODUCT_DEFINITION_SHAPE('',$,#17613);
#17571=PRODUCT_DEFINITION_SHAPE('',$,#17614);
#17572=PRODUCT_DEFINITION_SHAPE('',$,#17615);
#17573=PRODUCT_DEFINITION_SHAPE($,$,#458);
#17574=PRODUCT_DEFINITION_SHAPE($,$,#459);
#17575=PRODUCT_DEFINITION_SHAPE($,$,#460);
#17576=PRODUCT_DEFINITION_SHAPE($,$,#461);
#17577=PRODUCT_DEFINITION_SHAPE($,$,#462);
#17578=PRODUCT_DEFINITION_SHAPE($,$,#463);
#17579=PRODUCT_DEFINITION_SHAPE($,$,#464);
#17580=PRODUCT_DEFINITION_SHAPE($,$,#465);
#17581=SHAPE_REPRESENTATION('',(#10760,#11578,#11579,#11580,#11581,#11582,
#11583,#11584),#17508);
#17582=SHAPE_REPRESENTATION('',(#10761,#10854),#17509);
#17583=SHAPE_REPRESENTATION('',(#10762),#17510);
#17584=SHAPE_REPRESENTATION('',(#10855,#10909),#17511);
#17585=SHAPE_REPRESENTATION('',(#10856),#17512);
#17586=SHAPE_REPRESENTATION('',(#10910,#11078),#17513);
#17587=SHAPE_REPRESENTATION('',(#10911),#17514);
#17588=SHAPE_REPRESENTATION('',(#11079,#11163),#17515);
#17589=SHAPE_REPRESENTATION('',(#11080,#11158,#11159,#11160,#11161,#11162),
#17516);
#17590=SHAPE_REPRESENTATION('',(#11081),#17517);
#17591=SHAPE_REPRESENTATION('',(#11129),#17518);
#17592=SHAPE_REPRESENTATION('',(#11136),#17519);
#17593=SHAPE_REPRESENTATION('',(#11144),#17520);
#17594=SHAPE_REPRESENTATION('',(#11151),#17521);
#17595=SHAPE_REPRESENTATION('',(#11164),#17522);
#17596=SHAPE_REPRESENTATION('',(#11241,#11287),#17523);
#17597=SHAPE_REPRESENTATION('',(#11242),#17524);
#17598=PRODUCT_DEFINITION_CONTEXT('part definition',#17651,'design');
#17599=PRODUCT_DEFINITION('.step 1','mpe32sensor key v16',#17616,#17598);
#17600=PRODUCT_DEFINITION(
'JST_SH_SM04B-SRSS-TB_1x04-1MP_P1.00mm_Horizontal',
'JST_SH_SM04B-SRSS-TB_1x04-1MP_P1.00mm_Horizontal (1)',#17617,#17598);
#17601=PRODUCT_DEFINITION(
'JST_SH_SM04B-SRSS-TB_1x04-1MP_P1.00mm_Horizontal_1',
'JST_SH_SM04B-SRSS-TB_1x04-1MP_P1.00mm_Horizontal',#17618,#17598);
#17602=PRODUCT_DEFINITION('C_0603_1608Metric','C_0603_1608Metric (1)',#17619,
#17598);
#17603=PRODUCT_DEFINITION('C_0603_1608Metric_1','C_0603_1608Metric',#17620,
#17598);
#17604=PRODUCT_DEFINITION('SOT-23-6','SOT-23-6 (1)',#17621,#17598);
#17605=PRODUCT_DEFINITION('SOT-23-6_1','SOT-23-6',#17622,#17598);
#17606=PRODUCT_DEFINITION(
'LED_SK6812MINI-E_3.2x2.8mm_P1.5mm_ReverseMount',
'LED_SK6812MINI-E_3.2x2.8mm_P1.5mm_ReverseMount',#17623,#17598);
#17607=PRODUCT_DEFINITION('LED_SK6812MINI_E_3_2x2_8mm_P1_5mm',
'LED_SK6812MINI_E_3_2x2_8mm_P1_5mm',#17624,#17598);
#17608=PRODUCT_DEFINITION('Body','Body',#17625,#17598);
#17609=PRODUCT_DEFINITION('Pin1','Pin1',#17626,#17598);
#17610=PRODUCT_DEFINITION('Pin2','Pin2',#17627,#17598);
#17611=PRODUCT_DEFINITION('Pin3','Pin3',#17628,#17598);
#17612=PRODUCT_DEFINITION('Pin4','Pin4',#17629,#17598);
#17613=PRODUCT_DEFINITION('mpe32sensor_PCB','mpe32sensor_PCB',#17630,#17598);
#17614=PRODUCT_DEFINITION('PinSocket_1x01_P2.54mm_Horizontal',
'PinSocket_1x01_P2.54mm_Horizontal (1)',#17631,#17598);
#17615=PRODUCT_DEFINITION('PinSocket_1x01_P2.54mm_Horizontal_1',
'PinSocket_1x01_P2.54mm_Horizontal',#17632,#17598);
#17616=PRODUCT_DEFINITION_FORMATION('',$,#17653);
#17617=PRODUCT_DEFINITION_FORMATION('',$,#17654);
#17618=PRODUCT_DEFINITION_FORMATION('',$,#17655);
#17619=PRODUCT_DEFINITION_FORMATION('',$,#17656);
#17620=PRODUCT_DEFINITION_FORMATION('',$,#17657);
#17621=PRODUCT_DEFINITION_FORMATION('',$,#17658);
#17622=PRODUCT_DEFINITION_FORMATION('',$,#17659);
#17623=PRODUCT_DEFINITION_FORMATION('',$,#17660);
#17624=PRODUCT_DEFINITION_FORMATION('',$,#17661);
#17625=PRODUCT_DEFINITION_FORMATION('',$,#17662);
#17626=PRODUCT_DEFINITION_FORMATION('',$,#17663);
#17627=PRODUCT_DEFINITION_FORMATION('',$,#17664);
#17628=PRODUCT_DEFINITION_FORMATION('',$,#17665);
#17629=PRODUCT_DEFINITION_FORMATION('',$,#17666);
#17630=PRODUCT_DEFINITION_FORMATION('',$,#17667);
#17631=PRODUCT_DEFINITION_FORMATION('',$,#17668);
#17632=PRODUCT_DEFINITION_FORMATION('',$,#17669);
#17633=PRODUCT_RELATED_PRODUCT_CATEGORY('mpe32sensor key v16',
'mpe32sensor key v16',(#17653));
#17634=PRODUCT_RELATED_PRODUCT_CATEGORY(
'JST_SH_SM04B-SRSS-TB_1x04-1MP_P1.00mm_Horizontal (1)',
'JST_SH_SM04B-SRSS-TB_1x04-1MP_P1.00mm_Horizontal (1)',(#17654));
#17635=PRODUCT_RELATED_PRODUCT_CATEGORY(
'JST_SH_SM04B-SRSS-TB_1x04-1MP_P1.00mm_Horizontal',
'JST_SH_SM04B-SRSS-TB_1x04-1MP_P1.00mm_Horizontal',(#17655));
#17636=PRODUCT_RELATED_PRODUCT_CATEGORY('C_0603_1608Metric (1)',
'C_0603_1608Metric (1)',(#17656));
#17637=PRODUCT_RELATED_PRODUCT_CATEGORY('C_0603_1608Metric',
'C_0603_1608Metric',(#17657));
#17638=PRODUCT_RELATED_PRODUCT_CATEGORY('SOT-23-6 (1)','SOT-23-6 (1)',(#17658));
#17639=PRODUCT_RELATED_PRODUCT_CATEGORY('SOT-23-6','SOT-23-6',(#17659));
#17640=PRODUCT_RELATED_PRODUCT_CATEGORY(
'LED_SK6812MINI-E_3.2x2.8mm_P1.5mm_ReverseMount',
'LED_SK6812MINI-E_3.2x2.8mm_P1.5mm_ReverseMount',(#17660));
#17641=PRODUCT_RELATED_PRODUCT_CATEGORY(
'LED_SK6812MINI_E_3_2x2_8mm_P1_5mm','LED_SK6812MINI_E_3_2x2_8mm_P1_5mm',
(#17661));
#17642=PRODUCT_RELATED_PRODUCT_CATEGORY('Body','Body',(#17662));
#17643=PRODUCT_RELATED_PRODUCT_CATEGORY('Pin1','Pin1',(#17663));
#17644=PRODUCT_RELATED_PRODUCT_CATEGORY('Pin2','Pin2',(#17664));
#17645=PRODUCT_RELATED_PRODUCT_CATEGORY('Pin3','Pin3',(#17665));
#17646=PRODUCT_RELATED_PRODUCT_CATEGORY('Pin4','Pin4',(#17666));
#17647=PRODUCT_RELATED_PRODUCT_CATEGORY('mpe32sensor_PCB',
'mpe32sensor_PCB',(#17667));
#17648=PRODUCT_RELATED_PRODUCT_CATEGORY(
'PinSocket_1x01_P2.54mm_Horizontal (1)',
'PinSocket_1x01_P2.54mm_Horizontal (1)',(#17668));
#17649=PRODUCT_RELATED_PRODUCT_CATEGORY(
'PinSocket_1x01_P2.54mm_Horizontal','PinSocket_1x01_P2.54mm_Horizontal',
(#17669));
#17650=APPLICATION_PROTOCOL_DEFINITION('international standard',
'automotive_design',2009,#17651);
#17651=APPLICATION_CONTEXT(
'Core Data for Automotive Mechanical Design Process');
#17652=PRODUCT_CONTEXT('part definition',#17651,'mechanical');
#17653=PRODUCT('.step 1','mpe32sensor key v16',
'KiCad electronic assembly',(#17652));
#17654=PRODUCT('JST_SH_SM04B-SRSS-TB_1x04-1MP_P1.00mm_Horizontal',
'JST_SH_SM04B-SRSS-TB_1x04-1MP_P1.00mm_Horizontal (1)',$,(#17652));
#17655=PRODUCT('JST_SH_SM04B-SRSS-TB_1x04-1MP_P1.00mm_Horizontal_1',
'JST_SH_SM04B-SRSS-TB_1x04-1MP_P1.00mm_Horizontal',$,(#17652));
#17656=PRODUCT('C_0603_1608Metric','C_0603_1608Metric (1)',$,(#17652));
#17657=PRODUCT('C_0603_1608Metric_1','C_0603_1608Metric',$,(#17652));
#17658=PRODUCT('SOT-23-6','SOT-23-6 (1)',$,(#17652));
#17659=PRODUCT('SOT-23-6_1','SOT-23-6',$,(#17652));
#17660=PRODUCT('LED_SK6812MINI-E_3.2x2.8mm_P1.5mm_ReverseMount',
'LED_SK6812MINI-E_3.2x2.8mm_P1.5mm_ReverseMount',$,(#17652));
#17661=PRODUCT('LED_SK6812MINI_E_3_2x2_8mm_P1_5mm',
'LED_SK6812MINI_E_3_2x2_8mm_P1_5mm',$,(#17652));
#17662=PRODUCT('Body','Body',$,(#17652));
#17663=PRODUCT('Pin1','Pin1',$,(#17652));
#17664=PRODUCT('Pin2','Pin2',$,(#17652));
#17665=PRODUCT('Pin3','Pin3',$,(#17652));
#17666=PRODUCT('Pin4','Pin4',$,(#17652));
#17667=PRODUCT('mpe32sensor_PCB','mpe32sensor_PCB',$,(#17652));
#17668=PRODUCT('PinSocket_1x01_P2.54mm_Horizontal',
'PinSocket_1x01_P2.54mm_Horizontal (1)',$,(#17652));
#17669=PRODUCT('PinSocket_1x01_P2.54mm_Horizontal_1',
'PinSocket_1x01_P2.54mm_Horizontal',$,(#17652));
#17670=PRESENTATION_STYLE_ASSIGNMENT((#17681));
#17671=PRESENTATION_STYLE_ASSIGNMENT((#17682));
#17672=PRESENTATION_STYLE_ASSIGNMENT((#17683));
#17673=PRESENTATION_STYLE_ASSIGNMENT((#17684));
#17674=PRESENTATION_STYLE_ASSIGNMENT((#17685));
#17675=PRESENTATION_STYLE_ASSIGNMENT((#17686));
#17676=PRESENTATION_STYLE_ASSIGNMENT((#17687));
#17677=PRESENTATION_STYLE_ASSIGNMENT((#17688));
#17678=PRESENTATION_STYLE_ASSIGNMENT((#17689));
#17679=PRESENTATION_STYLE_ASSIGNMENT((#17690));
#17680=PRESENTATION_STYLE_ASSIGNMENT((#17691));
#17681=SURFACE_STYLE_USAGE(.BOTH.,#17692);
#17682=SURFACE_STYLE_USAGE(.BOTH.,#17693);
#17683=SURFACE_STYLE_USAGE(.BOTH.,#17694);
#17684=SURFACE_STYLE_USAGE(.BOTH.,#17695);
#17685=SURFACE_STYLE_USAGE(.BOTH.,#17696);
#17686=SURFACE_STYLE_USAGE(.BOTH.,#17697);
#17687=SURFACE_STYLE_USAGE(.BOTH.,#17698);
#17688=SURFACE_STYLE_USAGE(.BOTH.,#17699);
#17689=SURFACE_STYLE_USAGE(.BOTH.,#17700);
#17690=SURFACE_STYLE_USAGE(.BOTH.,#17701);
#17691=SURFACE_STYLE_USAGE(.BOTH.,#17702);
#17692=SURFACE_SIDE_STYLE('',(#17703));
#17693=SURFACE_SIDE_STYLE('',(#17704));
#17694=SURFACE_SIDE_STYLE('',(#17705));
#17695=SURFACE_SIDE_STYLE('',(#17706));
#17696=SURFACE_SIDE_STYLE('',(#17707));
#17697=SURFACE_SIDE_STYLE('',(#17708));
#17698=SURFACE_SIDE_STYLE('',(#17709));
#17699=SURFACE_SIDE_STYLE('',(#17710));
#17700=SURFACE_SIDE_STYLE('',(#17711));
#17701=SURFACE_SIDE_STYLE('',(#17712));
#17702=SURFACE_SIDE_STYLE('',(#17713));
#17703=SURFACE_STYLE_FILL_AREA(#17714);
#17704=SURFACE_STYLE_FILL_AREA(#17715);
#17705=SURFACE_STYLE_FILL_AREA(#17716);
#17706=SURFACE_STYLE_FILL_AREA(#17717);
#17707=SURFACE_STYLE_FILL_AREA(#17718);
#17708=SURFACE_STYLE_FILL_AREA(#17719);
#17709=SURFACE_STYLE_FILL_AREA(#17720);
#17710=SURFACE_STYLE_FILL_AREA(#17721);
#17711=SURFACE_STYLE_FILL_AREA(#17722);
#17712=SURFACE_STYLE_FILL_AREA(#17723);
#17713=SURFACE_STYLE_FILL_AREA(#17724);
#17714=FILL_AREA_STYLE('Steel - Satin',(#17725));
#17715=FILL_AREA_STYLE('ABS (White)',(#17726));
#17716=FILL_AREA_STYLE('Aluminum - Polished',(#17727));
#17717=FILL_AREA_STYLE('Opaque(210,209,199)',(#17728));
#17718=FILL_AREA_STYLE('Opaque(97,69,55)',(#17729));
#17719=FILL_AREA_STYLE('Opaque(38,37,37)',(#17730));
#17720=FILL_AREA_STYLE('Opaque(176,169,152)',(#17731));
#17721=FILL_AREA_STYLE('Opaque(226,226,226)',(#17732));
#17722=FILL_AREA_STYLE('Opaque(120,120,120)',(#17733));
#17723=FILL_AREA_STYLE('Opaque(80,124,105)',(#17734));
#17724=FILL_AREA_STYLE('Opaque(219,188,126)',(#17735));
#17725=FILL_AREA_STYLE_COLOUR('Steel - Satin',#17736);
#17726=FILL_AREA_STYLE_COLOUR('ABS (White)',#17737);
#17727=FILL_AREA_STYLE_COLOUR('Aluminum - Polished',#17738);
#17728=FILL_AREA_STYLE_COLOUR('Opaque(210,209,199)',#17739);
#17729=FILL_AREA_STYLE_COLOUR('Opaque(97,69,55)',#17740);
#17730=FILL_AREA_STYLE_COLOUR('Opaque(38,37,37)',#17741);
#17731=FILL_AREA_STYLE_COLOUR('Opaque(176,169,152)',#17742);
#17732=FILL_AREA_STYLE_COLOUR('Opaque(226,226,226)',#17743);
#17733=FILL_AREA_STYLE_COLOUR('Opaque(120,120,120)',#17744);
#17734=FILL_AREA_STYLE_COLOUR('Opaque(80,124,105)',#17745);
#17735=FILL_AREA_STYLE_COLOUR('Opaque(219,188,126)',#17746);
#17736=COLOUR_RGB('Steel - Satin',0.627450980392157,0.627450980392157,0.627450980392157);
#17737=COLOUR_RGB('ABS (White)',1.,1.,1.);
#17738=COLOUR_RGB('Aluminum - Polished',0.96078431372549,0.96078431372549,
0.964705882352941);
#17739=COLOUR_RGB('Opaque(210,209,199)',0.823529411764706,0.819607843137255,
0.780392156862745);
#17740=COLOUR_RGB('Opaque(97,69,55)',0.380392156862745,0.270588235294118,
0.215686274509804);
#17741=COLOUR_RGB('Opaque(38,37,37)',0.149019607843137,0.145098039215686,
0.145098039215686);
#17742=COLOUR_RGB('Opaque(176,169,152)',0.690196078431373,0.662745098039216,
0.596078431372549);
#17743=COLOUR_RGB('Opaque(226,226,226)',0.886274509803922,0.886274509803922,
0.886274509803922);
#17744=COLOUR_RGB('Opaque(120,120,120)',0.470588235294118,0.470588235294118,
0.470588235294118);
#17745=COLOUR_RGB('Opaque(80,124,105)',0.313725490196078,0.486274509803922,
0.411764705882353);
#17746=COLOUR_RGB('Opaque(219,188,126)',0.858823529411765,0.737254901960784,
0.494117647058824);
ENDSEC;
END-ISO-10303-21;
